timestamp,date_GMT,status,attendance,home_team_name,away_team_name,referee,Game Week,Pre-Match PPG (Home),Pre-Match PPG (Away),home_ppg,away_ppg,home_team_goal_count,away_team_goal_count,total_goal_count,total_goals_at_half_time,home_team_goal_count_half_time,away_team_goal_count_half_time,home_team_goal_timings,away_team_goal_timings,home_team_corner_count,away_team_corner_count,home_team_yellow_cards,home_team_red_cards,away_team_yellow_cards,away_team_red_cards,home_team_first_half_cards,home_team_second_half_cards,away_team_first_half_cards,away_team_second_half_cards,home_team_shots,away_team_shots,home_team_shots_on_target,away_team_shots_on_target,home_team_shots_off_target,away_team_shots_off_target,home_team_fouls,away_team_fouls,home_team_possession,away_team_possession,Home Team Pre-Match xG,Away Team Pre-Match xG,team_a_xg,team_b_xg,average_goals_per_match_pre_match,btts_percentage_pre_match,over_15_percentage_pre_match,over_25_percentage_pre_match,over_35_percentage_pre_match,over_45_percentage_pre_match,over_15_HT_FHG_percentage_pre_match,over_05_HT_FHG_percentage_pre_match,over_15_2HG_percentage_pre_match,over_05_2HG_percentage_pre_match,average_corners_per_match_pre_match,average_cards_per_match_pre_match,odds_ft_home_team_win,odds_ft_draw,odds_ft_away_team_win,odds_ft_over15,odds_ft_over25,odds_ft_over35,odds_ft_over45,odds_btts_yes,odds_btts_no,stadium_name
1787338800,Aug 21 2026 - 7:00pm,incomplete,N/A,Arsenal,Coventry City,N/A,1,0.00,0.00,0.00,0.00,0,0,0,0,0,0,"","",-1,-1,-1,-1,-1,-1,-1,-1,-1,-1,-1,-1,-1,-1,-1,-1,-1,-1,-1,-1,0.00,0.00,0.00,0.00,0.00,0,0,0,0,0,0,0,0,0,0.00,0.00,0.00,0.00,0.00,0.00,0.00,0.00,0.00,0.00,0.00,Emirates Stadium
1787398200,Aug 22 2026 - 11:30am,incomplete,N/A,Hull City,Manchester United,N/A,1,0.00,0.00,0.00,0.00,0,0,0,0,0,0,"","",-1,-1,-1,-1,-1,-1,-1,-1,-1,-1,-1,-1,-1,-1,-1,-1,-1,-1,-1,-1,0.00,0.00,0.00,0.00,0.00,0,0,0,0,0,0,0,0,0,0.00,0.00,0.00,0.00,0.00,0.00,0.00,0.00,0.00,0.00,0.00,KCOM Stadium
1787407200,Aug 22 2026 - 2:00pm,incomplete,N/A,Everton,Crystal Palace,N/A,1,0.00,0.00,0.00,0.00,0,0,0,0,0,0,"","",-1,-1,-1,-1,-1,-1,-1,-1,-1,-1,-1,-1,-1,-1,-1,-1,-1,-1,-1,-1,0.00,0.00,0.00,0.00,0.00,0,0,0,0,0,0,0,0,0,0.00,0.00,0.00,0.00,0.00,0.00,0.00,0.00,0.00,0.00,0.00,N/A
1787407200,Aug 22 2026 - 2:00pm,incomplete,N/A,Nottingham Forest,Leeds United,N/A,1,0.00,0.00,0.00,0.00,0,0,0,0,0,0,"","",-1,-1,-1,-1,-1,-1,-1,-1,-1,-1,-1,-1,-1,-1,-1,-1,-1,-1,-1,-1,0.00,0.00,0.00,0.00,0.00,0,0,0,0,0,0,0,0,0,0.00,0.00,0.00,0.00,0.00,0.00,0.00,0.00,0.00,0.00,0.00,The City Ground
1787407200,Aug 22 2026 - 2:00pm,incomplete,N/A,Ipswich Town,Sunderland,N/A,1,0.00,0.00,0.00,0.00,0,0,0,0,0,0,"","",-1,-1,-1,-1,-1,-1,-1,-1,-1,-1,-1,-1,-1,-1,-1,-1,-1,-1,-1,-1,0.00,0.00,0.00,0.00,0.00,0,0,0,0,0,0,0,0,0,0.00,0.00,0.00,0.00,0.00,0.00,0.00,0.00,0.00,0.00,0.00,Portman Road Stadium
1787416200,Aug 22 2026 - 4:30pm,incomplete,N/A,Brentford,Tottenham Hotspur,N/A,1,0.00,0.00,0.00,0.00,0,0,0,0,0,0,"","",-1,-1,-1,-1,-1,-1,-1,-1,-1,-1,-1,-1,-1,-1,-1,-1,-1,-1,-1,-1,0.00,0.00,0.00,0.00,0.00,0,0,0,0,0,0,0,0,0,0.00,0.00,0.00,0.00,0.00,0.00,0.00,0.00,0.00,0.00,0.00,N/A
1787490000,Aug 23 2026 - 1:00pm,incomplete,N/A,Brighton & Hove Albion,Aston Villa,N/A,1,0.00,0.00,0.00,0.00,0,0,0,0,0,0,"","",-1,-1,-1,-1,-1,-1,-1,-1,-1,-1,-1,-1,-1,-1,-1,-1,-1,-1,-1,-1,0.00,0.00,0.00,0.00,0.00,0,0,0,0,0,0,0,0,0,0.00,0.00,0.00,0.00,0.00,0.00,0.00,0.00,0.00,0.00,0.00,The American Express Community Stadium
1787490000,Aug 23 2026 - 1:00pm,incomplete,N/A,Manchester City,AFC Bournemouth,N/A,1,0.00,0.00,0.00,0.00,0,0,0,0,0,0,"","",-1,-1,-1,-1,-1,-1,-1,-1,-1,-1,-1,-1,-1,-1,-1,-1,-1,-1,-1,-1,0.00,0.00,0.00,0.00,0.00,0,0,0,0,0,0,0,0,0,0.00,0.00,0.00,0.00,0.00,0.00,0.00,0.00,0.00,0.00,0.00,Etihad Stadium
1787499000,Aug 23 2026 - 3:30pm,incomplete,N/A,Newcastle United,Liverpool,N/A,1,0.00,0.00,0.00,0.00,0,0,0,0,0,0,"","",-1,-1,-1,-1,-1,-1,-1,-1,-1,-1,-1,-1,-1,-1,-1,-1,-1,-1,-1,-1,0.00,0.00,0.00,0.00,0.00,0,0,0,0,0,0,0,0,0,0.00,0.00,0.00,0.00,0.00,0.00,0.00,0.00,0.00,0.00,0.00,N/A
1787598000,Aug 24 2026 - 7:00pm,incomplete,N/A,Fulham,Chelsea,N/A,1,0.00,0.00,0.00,0.00,0,0,0,0,0,0,"","",-1,-1,-1,-1,-1,-1,-1,-1,-1,-1,-1,-1,-1,-1,-1,-1,-1,-1,-1,-1,0.00,0.00,0.00,0.00,0.00,0,0,0,0,0,0,0,0,0,0.00,0.00,0.00,0.00,0.00,0.00,0.00,0.00,0.00,0.00,0.00,Craven Cottage
1787943600,Aug 28 2026 - 7:00pm,incomplete,N/A,Crystal Palace,Manchester City,N/A,2,0.00,0.00,0.00,0.00,0,0,0,0,0,0,"","",-1,-1,-1,-1,-1,-1,-1,-1,-1,-1,-1,-1,-1,-1,-1,-1,-1,-1,-1,-1,0.00,0.00,0.00,0.00,0.00,0,0,0,0,0,0,0,0,0,0.00,0.00,0.00,0.00,0.00,0.00,0.00,0.00,0.00,0.00,0.00,Selhurst Park
1788003000,Aug 29 2026 - 11:30am,incomplete,N/A,Liverpool,Nottingham Forest,N/A,2,0.00,0.00,0.00,0.00,0,0,0,0,0,0,"","",-1,-1,-1,-1,-1,-1,-1,-1,-1,-1,-1,-1,-1,-1,-1,-1,-1,-1,-1,-1,0.00,0.00,0.00,0.00,0.00,0,0,0,0,0,0,0,0,0,0.00,0.00,0.00,0.00,0.00,0.00,0.00,0.00,0.00,0.00,0.00,Anfield
1788012000,Aug 29 2026 - 2:00pm,incomplete,N/A,AFC Bournemouth,Everton,N/A,2,0.00,0.00,0.00,0.00,0,0,0,0,0,0,"","",-1,-1,-1,-1,-1,-1,-1,-1,-1,-1,-1,-1,-1,-1,-1,-1,-1,-1,-1,-1,0.00,0.00,0.00,0.00,0.00,0,0,0,0,0,0,0,0,0,0.00,0.00,0.00,0.00,0.00,0.00,0.00,0.00,0.00,0.00,0.00,Vitality Stadium
1788012000,Aug 29 2026 - 2:00pm,incomplete,N/A,Coventry City,Hull City,N/A,2,0.00,0.00,0.00,0.00,0,0,0,0,0,0,"","",-1,-1,-1,-1,-1,-1,-1,-1,-1,-1,-1,-1,-1,-1,-1,-1,-1,-1,-1,-1,0.00,0.00,0.00,0.00,0.00,0,0,0,0,0,0,0,0,0,0.00,0.00,0.00,0.00,0.00,0.00,0.00,0.00,0.00,0.00,0.00,N/A
1788021000,Aug 29 2026 - 4:30pm,incomplete,N/A,Tottenham Hotspur,Newcastle United,N/A,2,0.00,0.00,0.00,0.00,0,0,0,0,0,0,"","",-1,-1,-1,-1,-1,-1,-1,-1,-1,-1,-1,-1,-1,-1,-1,-1,-1,-1,-1,-1,0.00,0.00,0.00,0.00,0.00,0,0,0,0,0,0,0,0,0,0.00,0.00,0.00,0.00,0.00,0.00,0.00,0.00,0.00,0.00,0.00,N/A
1788094800,Aug 30 2026 - 1:00pm,incomplete,N/A,Leeds United,Brentford,N/A,2,0.00,0.00,0.00,0.00,0,0,0,0,0,0,"","",-1,-1,-1,-1,-1,-1,-1,-1,-1,-1,-1,-1,-1,-1,-1,-1,-1,-1,-1,-1,0.00,0.00,0.00,0.00,0.00,0,0,0,0,0,0,0,0,0,0.00,0.00,0.00,0.00,0.00,0.00,0.00,0.00,0.00,0.00,0.00,Elland Road
1788094800,Aug 30 2026 - 1:00pm,incomplete,N/A,Chelsea,Brighton & Hove Albion,N/A,2,0.00,0.00,0.00,0.00,0,0,0,0,0,0,"","",-1,-1,-1,-1,-1,-1,-1,-1,-1,-1,-1,-1,-1,-1,-1,-1,-1,-1,-1,-1,0.00,0.00,0.00,0.00,0.00,0,0,0,0,0,0,0,0,0,0.00,0.00,0.00,0.00,0.00,0.00,0.00,0.00,0.00,0.00,0.00,N/A
1788094800,Aug 30 2026 - 1:00pm,incomplete,N/A,Sunderland,Fulham,N/A,2,0.00,0.00,0.00,0.00,0,0,0,0,0,0,"","",-1,-1,-1,-1,-1,-1,-1,-1,-1,-1,-1,-1,-1,-1,-1,-1,-1,-1,-1,-1,0.00,0.00,0.00,0.00,0.00,0,0,0,0,0,0,0,0,0,0.00,0.00,0.00,0.00,0.00,0.00,0.00,0.00,0.00,0.00,0.00,Stadium of Light
1788103800,Aug 30 2026 - 3:30pm,incomplete,N/A,Manchester United,Ipswich Town,N/A,2,0.00,0.00,0.00,0.00,0,0,0,0,0,0,"","",-1,-1,-1,-1,-1,-1,-1,-1,-1,-1,-1,-1,-1,-1,-1,-1,-1,-1,-1,-1,0.00,0.00,0.00,0.00,0.00,0,0,0,0,0,0,0,0,0,0.00,0.00,0.00,0.00,0.00,0.00,0.00,0.00,0.00,0.00,0.00,Old Trafford
1788202800,Aug 31 2026 - 7:00pm,incomplete,N/A,Aston Villa,Arsenal,N/A,2,0.00,0.00,0.00,0.00,0,0,0,0,0,0,"","",-1,-1,-1,-1,-1,-1,-1,-1,-1,-1,-1,-1,-1,-1,-1,-1,-1,-1,-1,-1,0.00,0.00,0.00,0.00,0.00,0,0,0,0,0,0,0,0,0,0.00,0.00,0.00,0.00,0.00,0.00,0.00,0.00,0.00,0.00,0.00,N/A
1788548400,Sep 04 2026 - 7:00pm,incomplete,N/A,Ipswich Town,Liverpool,N/A,3,0.00,0.00,0.00,0.00,0,0,0,0,0,0,"","",-1,-1,-1,-1,-1,-1,-1,-1,-1,-1,-1,-1,-1,-1,-1,-1,-1,-1,-1,-1,0.00,0.00,0.00,0.00,0.00,0,0,0,0,0,0,0,0,0,0.00,0.00,0.00,0.00,0.00,0.00,0.00,0.00,0.00,0.00,0.00,Portman Road Stadium
1788607800,Sep 05 2026 - 11:30am,incomplete,N/A,Newcastle United,AFC Bournemouth,N/A,3,0.00,0.00,0.00,0.00,0,0,0,0,0,0,"","",-1,-1,-1,-1,-1,-1,-1,-1,-1,-1,-1,-1,-1,-1,-1,-1,-1,-1,-1,-1,0.00,0.00,0.00,0.00,0.00,0,0,0,0,0,0,0,0,0,0.00,0.00,0.00,0.00,0.00,0.00,0.00,0.00,0.00,0.00,0.00,N/A
1788616800,Sep 05 2026 - 2:00pm,incomplete,N/A,Fulham,Crystal Palace,N/A,3,0.00,0.00,0.00,0.00,0,0,0,0,0,0,"","",-1,-1,-1,-1,-1,-1,-1,-1,-1,-1,-1,-1,-1,-1,-1,-1,-1,-1,-1,-1,0.00,0.00,0.00,0.00,0.00,0,0,0,0,0,0,0,0,0,0.00,0.00,0.00,0.00,0.00,0.00,0.00,0.00,0.00,0.00,0.00,Craven Cottage
1788616800,Sep 05 2026 - 2:00pm,incomplete,N/A,Nottingham Forest,Tottenham Hotspur,N/A,3,0.00,0.00,0.00,0.00,0,0,0,0,0,0,"","",-1,-1,-1,-1,-1,-1,-1,-1,-1,-1,-1,-1,-1,-1,-1,-1,-1,-1,-1,-1,0.00,0.00,0.00,0.00,0.00,0,0,0,0,0,0,0,0,0,0.00,0.00,0.00,0.00,0.00,0.00,0.00,0.00,0.00,0.00,0.00,The City Ground
1788616800,Sep 05 2026 - 2:00pm,incomplete,N/A,Brighton & Hove Albion,Leeds United,N/A,3,0.00,0.00,0.00,0.00,0,0,0,0,0,0,"","",-1,-1,-1,-1,-1,-1,-1,-1,-1,-1,-1,-1,-1,-1,-1,-1,-1,-1,-1,-1,0.00,0.00,0.00,0.00,0.00,0,0,0,0,0,0,0,0,0,0.00,0.00,0.00,0.00,0.00,0.00,0.00,0.00,0.00,0.00,0.00,The American Express Community Stadium
1788616800,Sep 05 2026 - 2:00pm,incomplete,N/A,Manchester City,Coventry City,N/A,3,0.00,0.00,0.00,0.00,0,0,0,0,0,0,"","",-1,-1,-1,-1,-1,-1,-1,-1,-1,-1,-1,-1,-1,-1,-1,-1,-1,-1,-1,-1,0.00,0.00,0.00,0.00,0.00,0,0,0,0,0,0,0,0,0,0.00,0.00,0.00,0.00,0.00,0.00,0.00,0.00,0.00,0.00,0.00,Etihad Stadium
1788616800,Sep 05 2026 - 2:00pm,incomplete,N/A,Brentford,Sunderland,N/A,3,0.00,0.00,0.00,0.00,0,0,0,0,0,0,"","",-1,-1,-1,-1,-1,-1,-1,-1,-1,-1,-1,-1,-1,-1,-1,-1,-1,-1,-1,-1,0.00,0.00,0.00,0.00,0.00,0,0,0,0,0,0,0,0,0,0.00,0.00,0.00,0.00,0.00,0.00,0.00,0.00,0.00,0.00,0.00,N/A
1788625800,Sep 05 2026 - 4:30pm,incomplete,N/A,Hull City,Aston Villa,N/A,3,0.00,0.00,0.00,0.00,0,0,0,0,0,0,"","",-1,-1,-1,-1,-1,-1,-1,-1,-1,-1,-1,-1,-1,-1,-1,-1,-1,-1,-1,-1,0.00,0.00,0.00,0.00,0.00,0,0,0,0,0,0,0,0,0,0.00,0.00,0.00,0.00,0.00,0.00,0.00,0.00,0.00,0.00,0.00,KCOM Stadium
1788699600,Sep 06 2026 - 1:00pm,incomplete,N/A,Everton,Manchester United,N/A,3,0.00,0.00,0.00,0.00,0,0,0,0,0,0,"","",-1,-1,-1,-1,-1,-1,-1,-1,-1,-1,-1,-1,-1,-1,-1,-1,-1,-1,-1,-1,0.00,0.00,0.00,0.00,0.00,0,0,0,0,0,0,0,0,0,0.00,0.00,0.00,0.00,0.00,0.00,0.00,0.00,0.00,0.00,0.00,N/A
1788708600,Sep 06 2026 - 3:30pm,incomplete,N/A,Arsenal,Chelsea,N/A,3,0.00,0.00,0.00,0.00,0,0,0,0,0,0,"","",-1,-1,-1,-1,-1,-1,-1,-1,-1,-1,-1,-1,-1,-1,-1,-1,-1,-1,-1,-1,0.00,0.00,0.00,0.00,0.00,0,0,0,0,0,0,0,0,0,0.00,0.00,0.00,0.00,0.00,0.00,0.00,0.00,0.00,0.00,0.00,Emirates Stadium
1789221600,Sep 12 2026 - 2:00pm,incomplete,N/A,Liverpool,Fulham,N/A,4,0.00,0.00,0.00,0.00,0,0,0,0,0,0,"","",-1,-1,-1,-1,-1,-1,-1,-1,-1,-1,-1,-1,-1,-1,-1,-1,-1,-1,-1,-1,0.00,0.00,0.00,0.00,0.00,0,0,0,0,0,0,0,0,0,0.00,0.00,0.00,0.00,0.00,0.00,0.00,0.00,0.00,0.00,0.00,Anfield
1789221600,Sep 12 2026 - 2:00pm,incomplete,N/A,Aston Villa,Nottingham Forest,N/A,4,0.00,0.00,0.00,0.00,0,0,0,0,0,0,"","",-1,-1,-1,-1,-1,-1,-1,-1,-1,-1,-1,-1,-1,-1,-1,-1,-1,-1,-1,-1,0.00,0.00,0.00,0.00,0.00,0,0,0,0,0,0,0,0,0,0.00,0.00,0.00,0.00,0.00,0.00,0.00,0.00,0.00,0.00,0.00,N/A
1789221600,Sep 12 2026 - 2:00pm,incomplete,N/A,Chelsea,Hull City,N/A,4,0.00,0.00,0.00,0.00,0,0,0,0,0,0,"","",-1,-1,-1,-1,-1,-1,-1,-1,-1,-1,-1,-1,-1,-1,-1,-1,-1,-1,-1,-1,0.00,0.00,0.00,0.00,0.00,0,0,0,0,0,0,0,0,0,0.00,0.00,0.00,0.00,0.00,0.00,0.00,0.00,0.00,0.00,0.00,N/A
1789221600,Sep 12 2026 - 2:00pm,incomplete,N/A,Crystal Palace,Ipswich Town,N/A,4,0.00,0.00,0.00,0.00,0,0,0,0,0,0,"","",-1,-1,-1,-1,-1,-1,-1,-1,-1,-1,-1,-1,-1,-1,-1,-1,-1,-1,-1,-1,0.00,0.00,0.00,0.00,0.00,0,0,0,0,0,0,0,0,0,0.00,0.00,0.00,0.00,0.00,0.00,0.00,0.00,0.00,0.00,0.00,Selhurst Park
1789221600,Sep 12 2026 - 2:00pm,incomplete,N/A,AFC Bournemouth,Brentford,N/A,4,0.00,0.00,0.00,0.00,0,0,0,0,0,0,"","",-1,-1,-1,-1,-1,-1,-1,-1,-1,-1,-1,-1,-1,-1,-1,-1,-1,-1,-1,-1,0.00,0.00,0.00,0.00,0.00,0,0,0,0,0,0,0,0,0,0.00,0.00,0.00,0.00,0.00,0.00,0.00,0.00,0.00,0.00,0.00,Vitality Stadium
1789230600,Sep 12 2026 - 4:30pm,incomplete,N/A,Tottenham Hotspur,Everton,N/A,4,0.00,0.00,0.00,0.00,0,0,0,0,0,0,"","",-1,-1,-1,-1,-1,-1,-1,-1,-1,-1,-1,-1,-1,-1,-1,-1,-1,-1,-1,-1,0.00,0.00,0.00,0.00,0.00,0,0,0,0,0,0,0,0,0,0.00,0.00,0.00,0.00,0.00,0.00,0.00,0.00,0.00,0.00,0.00,N/A
1789239600,Sep 12 2026 - 7:00pm,incomplete,N/A,Sunderland,Arsenal,N/A,4,0.00,0.00,0.00,0.00,0,0,0,0,0,0,"","",-1,-1,-1,-1,-1,-1,-1,-1,-1,-1,-1,-1,-1,-1,-1,-1,-1,-1,-1,-1,0.00,0.00,0.00,0.00,0.00,0,0,0,0,0,0,0,0,0,0.00,0.00,0.00,0.00,0.00,0.00,0.00,0.00,0.00,0.00,0.00,Stadium of Light
1789304400,Sep 13 2026 - 1:00pm,incomplete,N/A,Coventry City,Brighton & Hove Albion,N/A,4,0.00,0.00,0.00,0.00,0,0,0,0,0,0,"","",-1,-1,-1,-1,-1,-1,-1,-1,-1,-1,-1,-1,-1,-1,-1,-1,-1,-1,-1,-1,0.00,0.00,0.00,0.00,0.00,0,0,0,0,0,0,0,0,0,0.00,0.00,0.00,0.00,0.00,0.00,0.00,0.00,0.00,0.00,0.00,N/A
1789313400,Sep 13 2026 - 3:30pm,incomplete,N/A,Manchester United,Manchester City,N/A,4,0.00,0.00,0.00,0.00,0,0,0,0,0,0,"","",-1,-1,-1,-1,-1,-1,-1,-1,-1,-1,-1,-1,-1,-1,-1,-1,-1,-1,-1,-1,0.00,0.00,0.00,0.00,0.00,0,0,0,0,0,0,0,0,0,0.00,0.00,0.00,0.00,0.00,0.00,0.00,0.00,0.00,0.00,0.00,Old Trafford
1789412400,Sep 14 2026 - 7:00pm,incomplete,N/A,Leeds United,Newcastle United,N/A,4,0.00,0.00,0.00,0.00,0,0,0,0,0,0,"","",-1,-1,-1,-1,-1,-1,-1,-1,-1,-1,-1,-1,-1,-1,-1,-1,-1,-1,-1,-1,0.00,0.00,0.00,0.00,0.00,0,0,0,0,0,0,0,0,0,0.00,0.00,0.00,0.00,0.00,0.00,0.00,0.00,0.00,0.00,0.00,Elland Road
1789758000,Sep 18 2026 - 7:00pm,incomplete,N/A,Brentford,Chelsea,N/A,5,0.00,0.00,0.00,0.00,0,0,0,0,0,0,"","",-1,-1,-1,-1,-1,-1,-1,-1,-1,-1,-1,-1,-1,-1,-1,-1,-1,-1,-1,-1,0.00,0.00,0.00,0.00,0.00,0,0,0,0,0,0,0,0,0,0.00,0.00,0.00,0.00,0.00,0.00,0.00,0.00,0.00,0.00,0.00,N/A
1789817400,Sep 19 2026 - 11:30am,incomplete,N/A,Tottenham Hotspur,Aston Villa,N/A,5,0.00,0.00,0.00,0.00,0,0,0,0,0,0,"","",-1,-1,-1,-1,-1,-1,-1,-1,-1,-1,-1,-1,-1,-1,-1,-1,-1,-1,-1,-1,0.00,0.00,0.00,0.00,0.00,0,0,0,0,0,0,0,0,0,0.00,0.00,0.00,0.00,0.00,0.00,0.00,0.00,0.00,0.00,0.00,N/A
1789826400,Sep 19 2026 - 2:00pm,incomplete,N/A,Brighton & Hove Albion,Arsenal,N/A,5,0.00,0.00,0.00,0.00,0,0,0,0,0,0,"","",-1,-1,-1,-1,-1,-1,-1,-1,-1,-1,-1,-1,-1,-1,-1,-1,-1,-1,-1,-1,0.00,0.00,0.00,0.00,0.00,0,0,0,0,0,0,0,0,0,0.00,0.00,0.00,0.00,0.00,0.00,0.00,0.00,0.00,0.00,0.00,The American Express Community Stadium
1789826400,Sep 19 2026 - 2:00pm,incomplete,N/A,Everton,Ipswich Town,N/A,5,0.00,0.00,0.00,0.00,0,0,0,0,0,0,"","",-1,-1,-1,-1,-1,-1,-1,-1,-1,-1,-1,-1,-1,-1,-1,-1,-1,-1,-1,-1,0.00,0.00,0.00,0.00,0.00,0,0,0,0,0,0,0,0,0,0.00,0.00,0.00,0.00,0.00,0.00,0.00,0.00,0.00,0.00,0.00,N/A
1789826400,Sep 19 2026 - 2:00pm,incomplete,N/A,Newcastle United,Hull City,N/A,5,0.00,0.00,0.00,0.00,0,0,0,0,0,0,"","",-1,-1,-1,-1,-1,-1,-1,-1,-1,-1,-1,-1,-1,-1,-1,-1,-1,-1,-1,-1,0.00,0.00,0.00,0.00,0.00,0,0,0,0,0,0,0,0,0,0.00,0.00,0.00,0.00,0.00,0.00,0.00,0.00,0.00,0.00,0.00,N/A
1789826400,Sep 19 2026 - 2:00pm,incomplete,N/A,Leeds United,Crystal Palace,N/A,5,0.00,0.00,0.00,0.00,0,0,0,0,0,0,"","",-1,-1,-1,-1,-1,-1,-1,-1,-1,-1,-1,-1,-1,-1,-1,-1,-1,-1,-1,-1,0.00,0.00,0.00,0.00,0.00,0,0,0,0,0,0,0,0,0,0.00,0.00,0.00,0.00,0.00,0.00,0.00,0.00,0.00,0.00,0.00,Elland Road
1789826400,Sep 19 2026 - 2:00pm,incomplete,N/A,Manchester City,Sunderland,N/A,5,0.00,0.00,0.00,0.00,0,0,0,0,0,0,"","",-1,-1,-1,-1,-1,-1,-1,-1,-1,-1,-1,-1,-1,-1,-1,-1,-1,-1,-1,-1,0.00,0.00,0.00,0.00,0.00,0,0,0,0,0,0,0,0,0,0.00,0.00,0.00,0.00,0.00,0.00,0.00,0.00,0.00,0.00,0.00,Etihad Stadium
1789835400,Sep 19 2026 - 4:30pm,incomplete,N/A,Nottingham Forest,Coventry City,N/A,5,0.00,0.00,0.00,0.00,0,0,0,0,0,0,"","",-1,-1,-1,-1,-1,-1,-1,-1,-1,-1,-1,-1,-1,-1,-1,-1,-1,-1,-1,-1,0.00,0.00,0.00,0.00,0.00,0,0,0,0,0,0,0,0,0,0.00,0.00,0.00,0.00,0.00,0.00,0.00,0.00,0.00,0.00,0.00,The City Ground
1789909200,Sep 20 2026 - 1:00pm,incomplete,N/A,AFC Bournemouth,Liverpool,N/A,5,0.00,0.00,0.00,0.00,0,0,0,0,0,0,"","",-1,-1,-1,-1,-1,-1,-1,-1,-1,-1,-1,-1,-1,-1,-1,-1,-1,-1,-1,-1,0.00,0.00,0.00,0.00,0.00,0,0,0,0,0,0,0,0,0,0.00,0.00,0.00,0.00,0.00,0.00,0.00,0.00,0.00,0.00,0.00,Vitality Stadium
1789918200,Sep 20 2026 - 3:30pm,incomplete,N/A,Fulham,Manchester United,N/A,5,0.00,0.00,0.00,0.00,0,0,0,0,0,0,"","",-1,-1,-1,-1,-1,-1,-1,-1,-1,-1,-1,-1,-1,-1,-1,-1,-1,-1,-1,-1,0.00,0.00,0.00,0.00,0.00,0,0,0,0,0,0,0,0,0,0.00,0.00,0.00,0.00,0.00,0.00,0.00,0.00,0.00,0.00,0.00,Craven Cottage
1791640800,Oct 10 2026 - 2:00pm,incomplete,N/A,Aston Villa,Brentford,N/A,6,0.00,0.00,0.00,0.00,0,0,0,0,0,0,"","",-1,-1,-1,-1,-1,-1,-1,-1,-1,-1,-1,-1,-1,-1,-1,-1,-1,-1,-1,-1,0.00,0.00,0.00,0.00,0.00,0,0,0,0,0,0,0,0,0,0.00,0.00,0.00,0.00,0.00,0.00,0.00,0.00,0.00,0.00,0.00,N/A
1791640800,Oct 10 2026 - 2:00pm,incomplete,N/A,Chelsea,AFC Bournemouth,N/A,6,0.00,0.00,0.00,0.00,0,0,0,0,0,0,"","",-1,-1,-1,-1,-1,-1,-1,-1,-1,-1,-1,-1,-1,-1,-1,-1,-1,-1,-1,-1,0.00,0.00,0.00,0.00,0.00,0,0,0,0,0,0,0,0,0,0.00,0.00,0.00,0.00,0.00,0.00,0.00,0.00,0.00,0.00,0.00,N/A
1791640800,Oct 10 2026 - 2:00pm,incomplete,N/A,Sunderland,Brighton & Hove Albion,N/A,6,0.00,0.00,0.00,0.00,0,0,0,0,0,0,"","",-1,-1,-1,-1,-1,-1,-1,-1,-1,-1,-1,-1,-1,-1,-1,-1,-1,-1,-1,-1,0.00,0.00,0.00,0.00,0.00,0,0,0,0,0,0,0,0,0,0.00,0.00,0.00,0.00,0.00,0.00,0.00,0.00,0.00,0.00,0.00,Stadium of Light
1791640800,Oct 10 2026 - 2:00pm,incomplete,N/A,Manchester United,Tottenham Hotspur,N/A,6,0.00,0.00,0.00,0.00,0,0,0,0,0,0,"","",-1,-1,-1,-1,-1,-1,-1,-1,-1,-1,-1,-1,-1,-1,-1,-1,-1,-1,-1,-1,0.00,0.00,0.00,0.00,0.00,0,0,0,0,0,0,0,0,0,0.00,0.00,0.00,0.00,0.00,0.00,0.00,0.00,0.00,0.00,0.00,Old Trafford
1791640800,Oct 10 2026 - 2:00pm,incomplete,N/A,Crystal Palace,Nottingham Forest,N/A,6,0.00,0.00,0.00,0.00,0,0,0,0,0,0,"","",-1,-1,-1,-1,-1,-1,-1,-1,-1,-1,-1,-1,-1,-1,-1,-1,-1,-1,-1,-1,0.00,0.00,0.00,0.00,0.00,0,0,0,0,0,0,0,0,0,0.00,0.00,0.00,0.00,0.00,0.00,0.00,0.00,0.00,0.00,0.00,Selhurst Park
1791640800,Oct 10 2026 - 2:00pm,incomplete,N/A,Ipswich Town,Fulham,N/A,6,0.00,0.00,0.00,0.00,0,0,0,0,0,0,"","",-1,-1,-1,-1,-1,-1,-1,-1,-1,-1,-1,-1,-1,-1,-1,-1,-1,-1,-1,-1,0.00,0.00,0.00,0.00,0.00,0,0,0,0,0,0,0,0,0,0.00,0.00,0.00,0.00,0.00,0.00,0.00,0.00,0.00,0.00,0.00,Portman Road Stadium
1791640800,Oct 10 2026 - 2:00pm,incomplete,N/A,Arsenal,Leeds United,N/A,6,0.00,0.00,0.00,0.00,0,0,0,0,0,0,"","",-1,-1,-1,-1,-1,-1,-1,-1,-1,-1,-1,-1,-1,-1,-1,-1,-1,-1,-1,-1,0.00,0.00,0.00,0.00,0.00,0,0,0,0,0,0,0,0,0,0.00,0.00,0.00,0.00,0.00,0.00,0.00,0.00,0.00,0.00,0.00,Emirates Stadium
1791640800,Oct 10 2026 - 2:00pm,incomplete,N/A,Liverpool,Manchester City,N/A,6,0.00,0.00,0.00,0.00,0,0,0,0,0,0,"","",-1,-1,-1,-1,-1,-1,-1,-1,-1,-1,-1,-1,-1,-1,-1,-1,-1,-1,-1,-1,0.00,0.00,0.00,0.00,0.00,0,0,0,0,0,0,0,0,0,0.00,0.00,0.00,0.00,0.00,0.00,0.00,0.00,0.00,0.00,0.00,Anfield
1791640800,Oct 10 2026 - 2:00pm,incomplete,N/A,Coventry City,Newcastle United,N/A,6,0.00,0.00,0.00,0.00,0,0,0,0,0,0,"","",-1,-1,-1,-1,-1,-1,-1,-1,-1,-1,-1,-1,-1,-1,-1,-1,-1,-1,-1,-1,0.00,0.00,0.00,0.00,0.00,0,0,0,0,0,0,0,0,0,0.00,0.00,0.00,0.00,0.00,0.00,0.00,0.00,0.00,0.00,0.00,N/A
1791640800,Oct 10 2026 - 2:00pm,incomplete,N/A,Hull City,Everton,N/A,6,0.00,0.00,0.00,0.00,0,0,0,0,0,0,"","",-1,-1,-1,-1,-1,-1,-1,-1,-1,-1,-1,-1,-1,-1,-1,-1,-1,-1,-1,-1,0.00,0.00,0.00,0.00,0.00,0,0,0,0,0,0,0,0,0,0.00,0.00,0.00,0.00,0.00,0.00,0.00,0.00,0.00,0.00,0.00,KCOM Stadium
1792245600,Oct 17 2026 - 2:00pm,incomplete,N/A,Leeds United,Manchester United,N/A,7,0.00,0.00,0.00,0.00,0,0,0,0,0,0,"","",-1,-1,-1,-1,-1,-1,-1,-1,-1,-1,-1,-1,-1,-1,-1,-1,-1,-1,-1,-1,0.00,0.00,0.00,0.00,0.00,0,0,0,0,0,0,0,0,0,0.00,0.00,0.00,0.00,0.00,0.00,0.00,0.00,0.00,0.00,0.00,Elland Road
1792245600,Oct 17 2026 - 2:00pm,incomplete,N/A,Everton,Chelsea,N/A,7,0.00,0.00,0.00,0.00,0,0,0,0,0,0,"","",-1,-1,-1,-1,-1,-1,-1,-1,-1,-1,-1,-1,-1,-1,-1,-1,-1,-1,-1,-1,0.00,0.00,0.00,0.00,0.00,0,0,0,0,0,0,0,0,0,0.00,0.00,0.00,0.00,0.00,0.00,0.00,0.00,0.00,0.00,0.00,N/A
1792245600,Oct 17 2026 - 2:00pm,incomplete,N/A,Brentford,Liverpool,N/A,7,0.00,0.00,0.00,0.00,0,0,0,0,0,0,"","",-1,-1,-1,-1,-1,-1,-1,-1,-1,-1,-1,-1,-1,-1,-1,-1,-1,-1,-1,-1,0.00,0.00,0.00,0.00,0.00,0,0,0,0,0,0,0,0,0,0.00,0.00,0.00,0.00,0.00,0.00,0.00,0.00,0.00,0.00,0.00,N/A
1792245600,Oct 17 2026 - 2:00pm,incomplete,N/A,Manchester City,Ipswich Town,N/A,7,0.00,0.00,0.00,0.00,0,0,0,0,0,0,"","",-1,-1,-1,-1,-1,-1,-1,-1,-1,-1,-1,-1,-1,-1,-1,-1,-1,-1,-1,-1,0.00,0.00,0.00,0.00,0.00,0,0,0,0,0,0,0,0,0,0.00,0.00,0.00,0.00,0.00,0.00,0.00,0.00,0.00,0.00,0.00,Etihad Stadium
1792245600,Oct 17 2026 - 2:00pm,incomplete,N/A,AFC Bournemouth,Sunderland,N/A,7,0.00,0.00,0.00,0.00,0,0,0,0,0,0,"","",-1,-1,-1,-1,-1,-1,-1,-1,-1,-1,-1,-1,-1,-1,-1,-1,-1,-1,-1,-1,0.00,0.00,0.00,0.00,0.00,0,0,0,0,0,0,0,0,0,0.00,0.00,0.00,0.00,0.00,0.00,0.00,0.00,0.00,0.00,0.00,Vitality Stadium
1792245600,Oct 17 2026 - 2:00pm,incomplete,N/A,Newcastle United,Aston Villa,N/A,7,0.00,0.00,0.00,0.00,0,0,0,0,0,0,"","",-1,-1,-1,-1,-1,-1,-1,-1,-1,-1,-1,-1,-1,-1,-1,-1,-1,-1,-1,-1,0.00,0.00,0.00,0.00,0.00,0,0,0,0,0,0,0,0,0,0.00,0.00,0.00,0.00,0.00,0.00,0.00,0.00,0.00,0.00,0.00,N/A
1792245600,Oct 17 2026 - 2:00pm,incomplete,N/A,Nottingham Forest,Arsenal,N/A,7,0.00,0.00,0.00,0.00,0,0,0,0,0,0,"","",-1,-1,-1,-1,-1,-1,-1,-1,-1,-1,-1,-1,-1,-1,-1,-1,-1,-1,-1,-1,0.00,0.00,0.00,0.00,0.00,0,0,0,0,0,0,0,0,0,0.00,0.00,0.00,0.00,0.00,0.00,0.00,0.00,0.00,0.00,0.00,The City Ground
1792245600,Oct 17 2026 - 2:00pm,incomplete,N/A,Fulham,Hull City,N/A,7,0.00,0.00,0.00,0.00,0,0,0,0,0,0,"","",-1,-1,-1,-1,-1,-1,-1,-1,-1,-1,-1,-1,-1,-1,-1,-1,-1,-1,-1,-1,0.00,0.00,0.00,0.00,0.00,0,0,0,0,0,0,0,0,0,0.00,0.00,0.00,0.00,0.00,0.00,0.00,0.00,0.00,0.00,0.00,Craven Cottage
1792245600,Oct 17 2026 - 2:00pm,incomplete,N/A,Tottenham Hotspur,Coventry City,N/A,7,0.00,0.00,0.00,0.00,0,0,0,0,0,0,"","",-1,-1,-1,-1,-1,-1,-1,-1,-1,-1,-1,-1,-1,-1,-1,-1,-1,-1,-1,-1,0.00,0.00,0.00,0.00,0.00,0,0,0,0,0,0,0,0,0,0.00,0.00,0.00,0.00,0.00,0.00,0.00,0.00,0.00,0.00,0.00,N/A
1792245600,Oct 17 2026 - 2:00pm,incomplete,N/A,Brighton & Hove Albion,Crystal Palace,N/A,7,0.00,0.00,0.00,0.00,0,0,0,0,0,0,"","",-1,-1,-1,-1,-1,-1,-1,-1,-1,-1,-1,-1,-1,-1,-1,-1,-1,-1,-1,-1,0.00,0.00,0.00,0.00,0.00,0,0,0,0,0,0,0,0,0,0.00,0.00,0.00,0.00,0.00,0.00,0.00,0.00,0.00,0.00,0.00,The American Express Community Stadium
1792850400,Oct 24 2026 - 2:00pm,incomplete,N/A,Crystal Palace,Newcastle United,N/A,8,0.00,0.00,0.00,0.00,0,0,0,0,0,0,"","",-1,-1,-1,-1,-1,-1,-1,-1,-1,-1,-1,-1,-1,-1,-1,-1,-1,-1,-1,-1,0.00,0.00,0.00,0.00,0.00,0,0,0,0,0,0,0,0,0,0.00,0.00,0.00,0.00,0.00,0.00,0.00,0.00,0.00,0.00,0.00,Selhurst Park
1792850400,Oct 24 2026 - 2:00pm,incomplete,N/A,Sunderland,Leeds United,N/A,8,0.00,0.00,0.00,0.00,0,0,0,0,0,0,"","",-1,-1,-1,-1,-1,-1,-1,-1,-1,-1,-1,-1,-1,-1,-1,-1,-1,-1,-1,-1,0.00,0.00,0.00,0.00,0.00,0,0,0,0,0,0,0,0,0,0.00,0.00,0.00,0.00,0.00,0.00,0.00,0.00,0.00,0.00,0.00,Stadium of Light
1792850400,Oct 24 2026 - 2:00pm,incomplete,N/A,Liverpool,Brighton & Hove Albion,N/A,8,0.00,0.00,0.00,0.00,0,0,0,0,0,0,"","",-1,-1,-1,-1,-1,-1,-1,-1,-1,-1,-1,-1,-1,-1,-1,-1,-1,-1,-1,-1,0.00,0.00,0.00,0.00,0.00,0,0,0,0,0,0,0,0,0,0.00,0.00,0.00,0.00,0.00,0.00,0.00,0.00,0.00,0.00,0.00,Anfield
1792850400,Oct 24 2026 - 2:00pm,incomplete,N/A,Manchester United,AFC Bournemouth,N/A,8,0.00,0.00,0.00,0.00,0,0,0,0,0,0,"","",-1,-1,-1,-1,-1,-1,-1,-1,-1,-1,-1,-1,-1,-1,-1,-1,-1,-1,-1,-1,0.00,0.00,0.00,0.00,0.00,0,0,0,0,0,0,0,0,0,0.00,0.00,0.00,0.00,0.00,0.00,0.00,0.00,0.00,0.00,0.00,Old Trafford
1792850400,Oct 24 2026 - 2:00pm,incomplete,N/A,Arsenal,Everton,N/A,8,0.00,0.00,0.00,0.00,0,0,0,0,0,0,"","",-1,-1,-1,-1,-1,-1,-1,-1,-1,-1,-1,-1,-1,-1,-1,-1,-1,-1,-1,-1,0.00,0.00,0.00,0.00,0.00,0,0,0,0,0,0,0,0,0,0.00,0.00,0.00,0.00,0.00,0.00,0.00,0.00,0.00,0.00,0.00,Emirates Stadium
1792850400,Oct 24 2026 - 2:00pm,incomplete,N/A,Chelsea,Tottenham Hotspur,N/A,8,0.00,0.00,0.00,0.00,0,0,0,0,0,0,"","",-1,-1,-1,-1,-1,-1,-1,-1,-1,-1,-1,-1,-1,-1,-1,-1,-1,-1,-1,-1,0.00,0.00,0.00,0.00,0.00,0,0,0,0,0,0,0,0,0,0.00,0.00,0.00,0.00,0.00,0.00,0.00,0.00,0.00,0.00,0.00,N/A
1792850400,Oct 24 2026 - 2:00pm,incomplete,N/A,Hull City,Brentford,N/A,8,0.00,0.00,0.00,0.00,0,0,0,0,0,0,"","",-1,-1,-1,-1,-1,-1,-1,-1,-1,-1,-1,-1,-1,-1,-1,-1,-1,-1,-1,-1,0.00,0.00,0.00,0.00,0.00,0,0,0,0,0,0,0,0,0,0.00,0.00,0.00,0.00,0.00,0.00,0.00,0.00,0.00,0.00,0.00,KCOM Stadium
1792850400,Oct 24 2026 - 2:00pm,incomplete,N/A,Aston Villa,Manchester City,N/A,8,0.00,0.00,0.00,0.00,0,0,0,0,0,0,"","",-1,-1,-1,-1,-1,-1,-1,-1,-1,-1,-1,-1,-1,-1,-1,-1,-1,-1,-1,-1,0.00,0.00,0.00,0.00,0.00,0,0,0,0,0,0,0,0,0,0.00,0.00,0.00,0.00,0.00,0.00,0.00,0.00,0.00,0.00,0.00,N/A
1792850400,Oct 24 2026 - 2:00pm,incomplete,N/A,Coventry City,Fulham,N/A,8,0.00,0.00,0.00,0.00,0,0,0,0,0,0,"","",-1,-1,-1,-1,-1,-1,-1,-1,-1,-1,-1,-1,-1,-1,-1,-1,-1,-1,-1,-1,0.00,0.00,0.00,0.00,0.00,0,0,0,0,0,0,0,0,0,0.00,0.00,0.00,0.00,0.00,0.00,0.00,0.00,0.00,0.00,0.00,N/A
1792850400,Oct 24 2026 - 2:00pm,incomplete,N/A,Ipswich Town,Nottingham Forest,N/A,8,0.00,0.00,0.00,0.00,0,0,0,0,0,0,"","",-1,-1,-1,-1,-1,-1,-1,-1,-1,-1,-1,-1,-1,-1,-1,-1,-1,-1,-1,-1,0.00,0.00,0.00,0.00,0.00,0,0,0,0,0,0,0,0,0,0.00,0.00,0.00,0.00,0.00,0.00,0.00,0.00,0.00,0.00,0.00,Portman Road Stadium
1793458800,Oct 31 2026 - 3:00pm,incomplete,N/A,Brentford,Nottingham Forest,N/A,9,0.00,0.00,0.00,0.00,0,0,0,0,0,0,"","",-1,-1,-1,-1,-1,-1,-1,-1,-1,-1,-1,-1,-1,-1,-1,-1,-1,-1,-1,-1,0.00,0.00,0.00,0.00,0.00,0,0,0,0,0,0,0,0,0,0.00,0.00,0.00,0.00,0.00,0.00,0.00,0.00,0.00,0.00,0.00,N/A
1793458800,Oct 31 2026 - 3:00pm,incomplete,N/A,Coventry City,Sunderland,N/A,9,0.00,0.00,0.00,0.00,0,0,0,0,0,0,"","",-1,-1,-1,-1,-1,-1,-1,-1,-1,-1,-1,-1,-1,-1,-1,-1,-1,-1,-1,-1,0.00,0.00,0.00,0.00,0.00,0,0,0,0,0,0,0,0,0,0.00,0.00,0.00,0.00,0.00,0.00,0.00,0.00,0.00,0.00,0.00,N/A
1793458800,Oct 31 2026 - 3:00pm,incomplete,N/A,Aston Villa,Fulham,N/A,9,0.00,0.00,0.00,0.00,0,0,0,0,0,0,"","",-1,-1,-1,-1,-1,-1,-1,-1,-1,-1,-1,-1,-1,-1,-1,-1,-1,-1,-1,-1,0.00,0.00,0.00,0.00,0.00,0,0,0,0,0,0,0,0,0,0.00,0.00,0.00,0.00,0.00,0.00,0.00,0.00,0.00,0.00,0.00,N/A
1793458800,Oct 31 2026 - 3:00pm,incomplete,N/A,Liverpool,Arsenal,N/A,9,0.00,0.00,0.00,0.00,0,0,0,0,0,0,"","",-1,-1,-1,-1,-1,-1,-1,-1,-1,-1,-1,-1,-1,-1,-1,-1,-1,-1,-1,-1,0.00,0.00,0.00,0.00,0.00,0,0,0,0,0,0,0,0,0,0.00,0.00,0.00,0.00,0.00,0.00,0.00,0.00,0.00,0.00,0.00,Anfield
1793458800,Oct 31 2026 - 3:00pm,incomplete,N/A,AFC Bournemouth,Leeds United,N/A,9,0.00,0.00,0.00,0.00,0,0,0,0,0,0,"","",-1,-1,-1,-1,-1,-1,-1,-1,-1,-1,-1,-1,-1,-1,-1,-1,-1,-1,-1,-1,0.00,0.00,0.00,0.00,0.00,0,0,0,0,0,0,0,0,0,0.00,0.00,0.00,0.00,0.00,0.00,0.00,0.00,0.00,0.00,0.00,Vitality Stadium
1793458800,Oct 31 2026 - 3:00pm,incomplete,N/A,Manchester City,Brighton & Hove Albion,N/A,9,0.00,0.00,0.00,0.00,0,0,0,0,0,0,"","",-1,-1,-1,-1,-1,-1,-1,-1,-1,-1,-1,-1,-1,-1,-1,-1,-1,-1,-1,-1,0.00,0.00,0.00,0.00,0.00,0,0,0,0,0,0,0,0,0,0.00,0.00,0.00,0.00,0.00,0.00,0.00,0.00,0.00,0.00,0.00,Etihad Stadium
1793458800,Oct 31 2026 - 3:00pm,incomplete,N/A,Chelsea,Manchester United,N/A,9,0.00,0.00,0.00,0.00,0,0,0,0,0,0,"","",-1,-1,-1,-1,-1,-1,-1,-1,-1,-1,-1,-1,-1,-1,-1,-1,-1,-1,-1,-1,0.00,0.00,0.00,0.00,0.00,0,0,0,0,0,0,0,0,0,0.00,0.00,0.00,0.00,0.00,0.00,0.00,0.00,0.00,0.00,0.00,N/A
1793458800,Oct 31 2026 - 3:00pm,incomplete,N/A,Tottenham Hotspur,Crystal Palace,N/A,9,0.00,0.00,0.00,0.00,0,0,0,0,0,0,"","",-1,-1,-1,-1,-1,-1,-1,-1,-1,-1,-1,-1,-1,-1,-1,-1,-1,-1,-1,-1,0.00,0.00,0.00,0.00,0.00,0,0,0,0,0,0,0,0,0,0.00,0.00,0.00,0.00,0.00,0.00,0.00,0.00,0.00,0.00,0.00,N/A
1793458800,Oct 31 2026 - 3:00pm,incomplete,N/A,Newcastle United,Everton,N/A,9,0.00,0.00,0.00,0.00,0,0,0,0,0,0,"","",-1,-1,-1,-1,-1,-1,-1,-1,-1,-1,-1,-1,-1,-1,-1,-1,-1,-1,-1,-1,0.00,0.00,0.00,0.00,0.00,0,0,0,0,0,0,0,0,0,0.00,0.00,0.00,0.00,0.00,0.00,0.00,0.00,0.00,0.00,0.00,N/A
1793458800,Oct 31 2026 - 3:00pm,incomplete,N/A,Hull City,Ipswich Town,N/A,9,0.00,0.00,0.00,0.00,0,0,0,0,0,0,"","",-1,-1,-1,-1,-1,-1,-1,-1,-1,-1,-1,-1,-1,-1,-1,-1,-1,-1,-1,-1,0.00,0.00,0.00,0.00,0.00,0,0,0,0,0,0,0,0,0,0.00,0.00,0.00,0.00,0.00,0.00,0.00,0.00,0.00,0.00,0.00,KCOM Stadium
1794063600,Nov 07 2026 - 3:00pm,incomplete,N/A,Brighton & Hove Albion,Brentford,N/A,10,0.00,0.00,0.00,0.00,0,0,0,0,0,0,"","",-1,-1,-1,-1,-1,-1,-1,-1,-1,-1,-1,-1,-1,-1,-1,-1,-1,-1,-1,-1,0.00,0.00,0.00,0.00,0.00,0,0,0,0,0,0,0,0,0,0.00,0.00,0.00,0.00,0.00,0.00,0.00,0.00,0.00,0.00,0.00,The American Express Community Stadium
1794063600,Nov 07 2026 - 3:00pm,incomplete,N/A,Fulham,Newcastle United,N/A,10,0.00,0.00,0.00,0.00,0,0,0,0,0,0,"","",-1,-1,-1,-1,-1,-1,-1,-1,-1,-1,-1,-1,-1,-1,-1,-1,-1,-1,-1,-1,0.00,0.00,0.00,0.00,0.00,0,0,0,0,0,0,0,0,0,0.00,0.00,0.00,0.00,0.00,0.00,0.00,0.00,0.00,0.00,0.00,Craven Cottage
1794063600,Nov 07 2026 - 3:00pm,incomplete,N/A,Sunderland,Chelsea,N/A,10,0.00,0.00,0.00,0.00,0,0,0,0,0,0,"","",-1,-1,-1,-1,-1,-1,-1,-1,-1,-1,-1,-1,-1,-1,-1,-1,-1,-1,-1,-1,0.00,0.00,0.00,0.00,0.00,0,0,0,0,0,0,0,0,0,0.00,0.00,0.00,0.00,0.00,0.00,0.00,0.00,0.00,0.00,0.00,Stadium of Light
1794063600,Nov 07 2026 - 3:00pm,incomplete,N/A,Nottingham Forest,Manchester City,N/A,10,0.00,0.00,0.00,0.00,0,0,0,0,0,0,"","",-1,-1,-1,-1,-1,-1,-1,-1,-1,-1,-1,-1,-1,-1,-1,-1,-1,-1,-1,-1,0.00,0.00,0.00,0.00,0.00,0,0,0,0,0,0,0,0,0,0.00,0.00,0.00,0.00,0.00,0.00,0.00,0.00,0.00,0.00,0.00,The City Ground
1794063600,Nov 07 2026 - 3:00pm,incomplete,N/A,Arsenal,Hull City,N/A,10,0.00,0.00,0.00,0.00,0,0,0,0,0,0,"","",-1,-1,-1,-1,-1,-1,-1,-1,-1,-1,-1,-1,-1,-1,-1,-1,-1,-1,-1,-1,0.00,0.00,0.00,0.00,0.00,0,0,0,0,0,0,0,0,0,0.00,0.00,0.00,0.00,0.00,0.00,0.00,0.00,0.00,0.00,0.00,Emirates Stadium
1794063600,Nov 07 2026 - 3:00pm,incomplete,N/A,Leeds United,Tottenham Hotspur,N/A,10,0.00,0.00,0.00,0.00,0,0,0,0,0,0,"","",-1,-1,-1,-1,-1,-1,-1,-1,-1,-1,-1,-1,-1,-1,-1,-1,-1,-1,-1,-1,0.00,0.00,0.00,0.00,0.00,0,0,0,0,0,0,0,0,0,0.00,0.00,0.00,0.00,0.00,0.00,0.00,0.00,0.00,0.00,0.00,Elland Road
1794063600,Nov 07 2026 - 3:00pm,incomplete,N/A,Crystal Palace,Liverpool,N/A,10,0.00,0.00,0.00,0.00,0,0,0,0,0,0,"","",-1,-1,-1,-1,-1,-1,-1,-1,-1,-1,-1,-1,-1,-1,-1,-1,-1,-1,-1,-1,0.00,0.00,0.00,0.00,0.00,0,0,0,0,0,0,0,0,0,0.00,0.00,0.00,0.00,0.00,0.00,0.00,0.00,0.00,0.00,0.00,Selhurst Park
1794063600,Nov 07 2026 - 3:00pm,incomplete,N/A,Manchester United,Aston Villa,N/A,10,0.00,0.00,0.00,0.00,0,0,0,0,0,0,"","",-1,-1,-1,-1,-1,-1,-1,-1,-1,-1,-1,-1,-1,-1,-1,-1,-1,-1,-1,-1,0.00,0.00,0.00,0.00,0.00,0,0,0,0,0,0,0,0,0,0.00,0.00,0.00,0.00,0.00,0.00,0.00,0.00,0.00,0.00,0.00,Old Trafford
1794063600,Nov 07 2026 - 3:00pm,incomplete,N/A,Ipswich Town,AFC Bournemouth,N/A,10,0.00,0.00,0.00,0.00,0,0,0,0,0,0,"","",-1,-1,-1,-1,-1,-1,-1,-1,-1,-1,-1,-1,-1,-1,-1,-1,-1,-1,-1,-1,0.00,0.00,0.00,0.00,0.00,0,0,0,0,0,0,0,0,0,0.00,0.00,0.00,0.00,0.00,0.00,0.00,0.00,0.00,0.00,0.00,Portman Road Stadium
1794063600,Nov 07 2026 - 3:00pm,incomplete,N/A,Everton,Coventry City,N/A,10,0.00,0.00,0.00,0.00,0,0,0,0,0,0,"","",-1,-1,-1,-1,-1,-1,-1,-1,-1,-1,-1,-1,-1,-1,-1,-1,-1,-1,-1,-1,0.00,0.00,0.00,0.00,0.00,0,0,0,0,0,0,0,0,0,0.00,0.00,0.00,0.00,0.00,0.00,0.00,0.00,0.00,0.00,0.00,N/A
1795273200,Nov 21 2026 - 3:00pm,incomplete,N/A,Coventry City,Crystal Palace,N/A,11,0.00,0.00,0.00,0.00,0,0,0,0,0,0,"","",-1,-1,-1,-1,-1,-1,-1,-1,-1,-1,-1,-1,-1,-1,-1,-1,-1,-1,-1,-1,0.00,0.00,0.00,0.00,0.00,0,0,0,0,0,0,0,0,0,0.00,0.00,0.00,0.00,0.00,0.00,0.00,0.00,0.00,0.00,0.00,N/A
1795273200,Nov 21 2026 - 3:00pm,incomplete,N/A,Tottenham Hotspur,Ipswich Town,N/A,11,0.00,0.00,0.00,0.00,0,0,0,0,0,0,"","",-1,-1,-1,-1,-1,-1,-1,-1,-1,-1,-1,-1,-1,-1,-1,-1,-1,-1,-1,-1,0.00,0.00,0.00,0.00,0.00,0,0,0,0,0,0,0,0,0,0.00,0.00,0.00,0.00,0.00,0.00,0.00,0.00,0.00,0.00,0.00,N/A
1795273200,Nov 21 2026 - 3:00pm,incomplete,N/A,Newcastle United,Arsenal,N/A,11,0.00,0.00,0.00,0.00,0,0,0,0,0,0,"","",-1,-1,-1,-1,-1,-1,-1,-1,-1,-1,-1,-1,-1,-1,-1,-1,-1,-1,-1,-1,0.00,0.00,0.00,0.00,0.00,0,0,0,0,0,0,0,0,0,0.00,0.00,0.00,0.00,0.00,0.00,0.00,0.00,0.00,0.00,0.00,N/A
1795273200,Nov 21 2026 - 3:00pm,incomplete,N/A,AFC Bournemouth,Nottingham Forest,N/A,11,0.00,0.00,0.00,0.00,0,0,0,0,0,0,"","",-1,-1,-1,-1,-1,-1,-1,-1,-1,-1,-1,-1,-1,-1,-1,-1,-1,-1,-1,-1,0.00,0.00,0.00,0.00,0.00,0,0,0,0,0,0,0,0,0,0.00,0.00,0.00,0.00,0.00,0.00,0.00,0.00,0.00,0.00,0.00,Vitality Stadium
1795273200,Nov 21 2026 - 3:00pm,incomplete,N/A,Manchester City,Fulham,N/A,11,0.00,0.00,0.00,0.00,0,0,0,0,0,0,"","",-1,-1,-1,-1,-1,-1,-1,-1,-1,-1,-1,-1,-1,-1,-1,-1,-1,-1,-1,-1,0.00,0.00,0.00,0.00,0.00,0,0,0,0,0,0,0,0,0,0.00,0.00,0.00,0.00,0.00,0.00,0.00,0.00,0.00,0.00,0.00,Etihad Stadium
1795273200,Nov 21 2026 - 3:00pm,incomplete,N/A,Chelsea,Leeds United,N/A,11,0.00,0.00,0.00,0.00,0,0,0,0,0,0,"","",-1,-1,-1,-1,-1,-1,-1,-1,-1,-1,-1,-1,-1,-1,-1,-1,-1,-1,-1,-1,0.00,0.00,0.00,0.00,0.00,0,0,0,0,0,0,0,0,0,0.00,0.00,0.00,0.00,0.00,0.00,0.00,0.00,0.00,0.00,0.00,N/A
1795273200,Nov 21 2026 - 3:00pm,incomplete,N/A,Aston Villa,Sunderland,N/A,11,0.00,0.00,0.00,0.00,0,0,0,0,0,0,"","",-1,-1,-1,-1,-1,-1,-1,-1,-1,-1,-1,-1,-1,-1,-1,-1,-1,-1,-1,-1,0.00,0.00,0.00,0.00,0.00,0,0,0,0,0,0,0,0,0,0.00,0.00,0.00,0.00,0.00,0.00,0.00,0.00,0.00,0.00,0.00,N/A
1795273200,Nov 21 2026 - 3:00pm,incomplete,N/A,Hull City,Brighton & Hove Albion,N/A,11,0.00,0.00,0.00,0.00,0,0,0,0,0,0,"","",-1,-1,-1,-1,-1,-1,-1,-1,-1,-1,-1,-1,-1,-1,-1,-1,-1,-1,-1,-1,0.00,0.00,0.00,0.00,0.00,0,0,0,0,0,0,0,0,0,0.00,0.00,0.00,0.00,0.00,0.00,0.00,0.00,0.00,0.00,0.00,KCOM Stadium
1795273200,Nov 21 2026 - 3:00pm,incomplete,N/A,Brentford,Everton,N/A,11,0.00,0.00,0.00,0.00,0,0,0,0,0,0,"","",-1,-1,-1,-1,-1,-1,-1,-1,-1,-1,-1,-1,-1,-1,-1,-1,-1,-1,-1,-1,0.00,0.00,0.00,0.00,0.00,0,0,0,0,0,0,0,0,0,0.00,0.00,0.00,0.00,0.00,0.00,0.00,0.00,0.00,0.00,0.00,N/A
1795273200,Nov 21 2026 - 3:00pm,incomplete,N/A,Liverpool,Manchester United,N/A,11,0.00,0.00,0.00,0.00,0,0,0,0,0,0,"","",-1,-1,-1,-1,-1,-1,-1,-1,-1,-1,-1,-1,-1,-1,-1,-1,-1,-1,-1,-1,0.00,0.00,0.00,0.00,0.00,0,0,0,0,0,0,0,0,0,0.00,0.00,0.00,0.00,0.00,0.00,0.00,0.00,0.00,0.00,0.00,Anfield
1795878000,Nov 28 2026 - 3:00pm,incomplete,N/A,Brighton & Hove Albion,Newcastle United,N/A,12,0.00,0.00,0.00,0.00,0,0,0,0,0,0,"","",-1,-1,-1,-1,-1,-1,-1,-1,-1,-1,-1,-1,-1,-1,-1,-1,-1,-1,-1,-1,0.00,0.00,0.00,0.00,0.00,0,0,0,0,0,0,0,0,0,0.00,0.00,0.00,0.00,0.00,0.00,0.00,0.00,0.00,0.00,0.00,The American Express Community Stadium
1795878000,Nov 28 2026 - 3:00pm,incomplete,N/A,Sunderland,Tottenham Hotspur,N/A,12,0.00,0.00,0.00,0.00,0,0,0,0,0,0,"","",-1,-1,-1,-1,-1,-1,-1,-1,-1,-1,-1,-1,-1,-1,-1,-1,-1,-1,-1,-1,0.00,0.00,0.00,0.00,0.00,0,0,0,0,0,0,0,0,0,0.00,0.00,0.00,0.00,0.00,0.00,0.00,0.00,0.00,0.00,0.00,Stadium of Light
1795878000,Nov 28 2026 - 3:00pm,incomplete,N/A,Leeds United,Coventry City,N/A,12,0.00,0.00,0.00,0.00,0,0,0,0,0,0,"","",-1,-1,-1,-1,-1,-1,-1,-1,-1,-1,-1,-1,-1,-1,-1,-1,-1,-1,-1,-1,0.00,0.00,0.00,0.00,0.00,0,0,0,0,0,0,0,0,0,0.00,0.00,0.00,0.00,0.00,0.00,0.00,0.00,0.00,0.00,0.00,Elland Road
1795878000,Nov 28 2026 - 3:00pm,incomplete,N/A,Fulham,AFC Bournemouth,N/A,12,0.00,0.00,0.00,0.00,0,0,0,0,0,0,"","",-1,-1,-1,-1,-1,-1,-1,-1,-1,-1,-1,-1,-1,-1,-1,-1,-1,-1,-1,-1,0.00,0.00,0.00,0.00,0.00,0,0,0,0,0,0,0,0,0,0.00,0.00,0.00,0.00,0.00,0.00,0.00,0.00,0.00,0.00,0.00,Craven Cottage
1795878000,Nov 28 2026 - 3:00pm,incomplete,N/A,Arsenal,Manchester City,N/A,12,0.00,0.00,0.00,0.00,0,0,0,0,0,0,"","",-1,-1,-1,-1,-1,-1,-1,-1,-1,-1,-1,-1,-1,-1,-1,-1,-1,-1,-1,-1,0.00,0.00,0.00,0.00,0.00,0,0,0,0,0,0,0,0,0,0.00,0.00,0.00,0.00,0.00,0.00,0.00,0.00,0.00,0.00,0.00,Emirates Stadium
1795878000,Nov 28 2026 - 3:00pm,incomplete,N/A,Manchester United,Brentford,N/A,12,0.00,0.00,0.00,0.00,0,0,0,0,0,0,"","",-1,-1,-1,-1,-1,-1,-1,-1,-1,-1,-1,-1,-1,-1,-1,-1,-1,-1,-1,-1,0.00,0.00,0.00,0.00,0.00,0,0,0,0,0,0,0,0,0,0.00,0.00,0.00,0.00,0.00,0.00,0.00,0.00,0.00,0.00,0.00,Old Trafford
1795878000,Nov 28 2026 - 3:00pm,incomplete,N/A,Nottingham Forest,Chelsea,N/A,12,0.00,0.00,0.00,0.00,0,0,0,0,0,0,"","",-1,-1,-1,-1,-1,-1,-1,-1,-1,-1,-1,-1,-1,-1,-1,-1,-1,-1,-1,-1,0.00,0.00,0.00,0.00,0.00,0,0,0,0,0,0,0,0,0,0.00,0.00,0.00,0.00,0.00,0.00,0.00,0.00,0.00,0.00,0.00,The City Ground
1795878000,Nov 28 2026 - 3:00pm,incomplete,N/A,Everton,Liverpool,N/A,12,0.00,0.00,0.00,0.00,0,0,0,0,0,0,"","",-1,-1,-1,-1,-1,-1,-1,-1,-1,-1,-1,-1,-1,-1,-1,-1,-1,-1,-1,-1,0.00,0.00,0.00,0.00,0.00,0,0,0,0,0,0,0,0,0,0.00,0.00,0.00,0.00,0.00,0.00,0.00,0.00,0.00,0.00,0.00,N/A
1795878000,Nov 28 2026 - 3:00pm,incomplete,N/A,Ipswich Town,Aston Villa,N/A,12,0.00,0.00,0.00,0.00,0,0,0,0,0,0,"","",-1,-1,-1,-1,-1,-1,-1,-1,-1,-1,-1,-1,-1,-1,-1,-1,-1,-1,-1,-1,0.00,0.00,0.00,0.00,0.00,0,0,0,0,0,0,0,0,0,0.00,0.00,0.00,0.00,0.00,0.00,0.00,0.00,0.00,0.00,0.00,Portman Road Stadium
1795878000,Nov 28 2026 - 3:00pm,incomplete,N/A,Crystal Palace,Hull City,N/A,12,0.00,0.00,0.00,0.00,0,0,0,0,0,0,"","",-1,-1,-1,-1,-1,-1,-1,-1,-1,-1,-1,-1,-1,-1,-1,-1,-1,-1,-1,-1,0.00,0.00,0.00,0.00,0.00,0,0,0,0,0,0,0,0,0,0.00,0.00,0.00,0.00,0.00,0.00,0.00,0.00,0.00,0.00,0.00,Selhurst Park
1796241600,Dec 02 2026 - 8:00pm,incomplete,N/A,Manchester City,Leeds United,N/A,13,0.00,0.00,0.00,0.00,0,0,0,0,0,0,"","",-1,-1,-1,-1,-1,-1,-1,-1,-1,-1,-1,-1,-1,-1,-1,-1,-1,-1,-1,-1,0.00,0.00,0.00,0.00,0.00,0,0,0,0,0,0,0,0,0,0.00,0.00,0.00,0.00,0.00,0.00,0.00,0.00,0.00,0.00,0.00,Etihad Stadium
1796241600,Dec 02 2026 - 8:00pm,incomplete,N/A,Brentford,Arsenal,N/A,13,0.00,0.00,0.00,0.00,0,0,0,0,0,0,"","",-1,-1,-1,-1,-1,-1,-1,-1,-1,-1,-1,-1,-1,-1,-1,-1,-1,-1,-1,-1,0.00,0.00,0.00,0.00,0.00,0,0,0,0,0,0,0,0,0,0.00,0.00,0.00,0.00,0.00,0.00,0.00,0.00,0.00,0.00,0.00,N/A
1796241600,Dec 02 2026 - 8:00pm,incomplete,N/A,AFC Bournemouth,Brighton & Hove Albion,N/A,13,0.00,0.00,0.00,0.00,0,0,0,0,0,0,"","",-1,-1,-1,-1,-1,-1,-1,-1,-1,-1,-1,-1,-1,-1,-1,-1,-1,-1,-1,-1,0.00,0.00,0.00,0.00,0.00,0,0,0,0,0,0,0,0,0,0.00,0.00,0.00,0.00,0.00,0.00,0.00,0.00,0.00,0.00,0.00,Vitality Stadium
1796241600,Dec 02 2026 - 8:00pm,incomplete,N/A,Coventry City,Ipswich Town,N/A,13,0.00,0.00,0.00,0.00,0,0,0,0,0,0,"","",-1,-1,-1,-1,-1,-1,-1,-1,-1,-1,-1,-1,-1,-1,-1,-1,-1,-1,-1,-1,0.00,0.00,0.00,0.00,0.00,0,0,0,0,0,0,0,0,0,0.00,0.00,0.00,0.00,0.00,0.00,0.00,0.00,0.00,0.00,0.00,N/A
1796241600,Dec 02 2026 - 8:00pm,incomplete,N/A,Newcastle United,Manchester United,N/A,13,0.00,0.00,0.00,0.00,0,0,0,0,0,0,"","",-1,-1,-1,-1,-1,-1,-1,-1,-1,-1,-1,-1,-1,-1,-1,-1,-1,-1,-1,-1,0.00,0.00,0.00,0.00,0.00,0,0,0,0,0,0,0,0,0,0.00,0.00,0.00,0.00,0.00,0.00,0.00,0.00,0.00,0.00,0.00,N/A
1796241600,Dec 02 2026 - 8:00pm,incomplete,N/A,Aston Villa,Everton,N/A,13,0.00,0.00,0.00,0.00,0,0,0,0,0,0,"","",-1,-1,-1,-1,-1,-1,-1,-1,-1,-1,-1,-1,-1,-1,-1,-1,-1,-1,-1,-1,0.00,0.00,0.00,0.00,0.00,0,0,0,0,0,0,0,0,0,0.00,0.00,0.00,0.00,0.00,0.00,0.00,0.00,0.00,0.00,0.00,N/A
1796241600,Dec 02 2026 - 8:00pm,incomplete,N/A,Hull City,Nottingham Forest,N/A,13,0.00,0.00,0.00,0.00,0,0,0,0,0,0,"","",-1,-1,-1,-1,-1,-1,-1,-1,-1,-1,-1,-1,-1,-1,-1,-1,-1,-1,-1,-1,0.00,0.00,0.00,0.00,0.00,0,0,0,0,0,0,0,0,0,0.00,0.00,0.00,0.00,0.00,0.00,0.00,0.00,0.00,0.00,0.00,KCOM Stadium
1796241600,Dec 02 2026 - 8:00pm,incomplete,N/A,Tottenham Hotspur,Fulham,N/A,13,0.00,0.00,0.00,0.00,0,0,0,0,0,0,"","",-1,-1,-1,-1,-1,-1,-1,-1,-1,-1,-1,-1,-1,-1,-1,-1,-1,-1,-1,-1,0.00,0.00,0.00,0.00,0.00,0,0,0,0,0,0,0,0,0,0.00,0.00,0.00,0.00,0.00,0.00,0.00,0.00,0.00,0.00,0.00,N/A
1796241600,Dec 02 2026 - 8:00pm,incomplete,N/A,Liverpool,Sunderland,N/A,13,0.00,0.00,0.00,0.00,0,0,0,0,0,0,"","",-1,-1,-1,-1,-1,-1,-1,-1,-1,-1,-1,-1,-1,-1,-1,-1,-1,-1,-1,-1,0.00,0.00,0.00,0.00,0.00,0,0,0,0,0,0,0,0,0,0.00,0.00,0.00,0.00,0.00,0.00,0.00,0.00,0.00,0.00,0.00,Anfield
1796241600,Dec 02 2026 - 8:00pm,incomplete,N/A,Chelsea,Crystal Palace,N/A,13,0.00,0.00,0.00,0.00,0,0,0,0,0,0,"","",-1,-1,-1,-1,-1,-1,-1,-1,-1,-1,-1,-1,-1,-1,-1,-1,-1,-1,-1,-1,0.00,0.00,0.00,0.00,0.00,0,0,0,0,0,0,0,0,0,0.00,0.00,0.00,0.00,0.00,0.00,0.00,0.00,0.00,0.00,0.00,N/A
1796482800,Dec 05 2026 - 3:00pm,incomplete,N/A,Leeds United,Ipswich Town,N/A,14,0.00,0.00,0.00,0.00,0,0,0,0,0,0,"","",-1,-1,-1,-1,-1,-1,-1,-1,-1,-1,-1,-1,-1,-1,-1,-1,-1,-1,-1,-1,0.00,0.00,0.00,0.00,0.00,0,0,0,0,0,0,0,0,0,0.00,0.00,0.00,0.00,0.00,0.00,0.00,0.00,0.00,0.00,0.00,Elland Road
1796482800,Dec 05 2026 - 3:00pm,incomplete,N/A,Aston Villa,Crystal Palace,N/A,14,0.00,0.00,0.00,0.00,0,0,0,0,0,0,"","",-1,-1,-1,-1,-1,-1,-1,-1,-1,-1,-1,-1,-1,-1,-1,-1,-1,-1,-1,-1,0.00,0.00,0.00,0.00,0.00,0,0,0,0,0,0,0,0,0,0.00,0.00,0.00,0.00,0.00,0.00,0.00,0.00,0.00,0.00,0.00,N/A
1796482800,Dec 05 2026 - 3:00pm,incomplete,N/A,Newcastle United,Sunderland,N/A,14,0.00,0.00,0.00,0.00,0,0,0,0,0,0,"","",-1,-1,-1,-1,-1,-1,-1,-1,-1,-1,-1,-1,-1,-1,-1,-1,-1,-1,-1,-1,0.00,0.00,0.00,0.00,0.00,0,0,0,0,0,0,0,0,0,0.00,0.00,0.00,0.00,0.00,0.00,0.00,0.00,0.00,0.00,0.00,N/A
1796482800,Dec 05 2026 - 3:00pm,incomplete,N/A,Brentford,Manchester City,N/A,14,0.00,0.00,0.00,0.00,0,0,0,0,0,0,"","",-1,-1,-1,-1,-1,-1,-1,-1,-1,-1,-1,-1,-1,-1,-1,-1,-1,-1,-1,-1,0.00,0.00,0.00,0.00,0.00,0,0,0,0,0,0,0,0,0,0.00,0.00,0.00,0.00,0.00,0.00,0.00,0.00,0.00,0.00,0.00,N/A
1796482800,Dec 05 2026 - 3:00pm,incomplete,N/A,Everton,Fulham,N/A,14,0.00,0.00,0.00,0.00,0,0,0,0,0,0,"","",-1,-1,-1,-1,-1,-1,-1,-1,-1,-1,-1,-1,-1,-1,-1,-1,-1,-1,-1,-1,0.00,0.00,0.00,0.00,0.00,0,0,0,0,0,0,0,0,0,0.00,0.00,0.00,0.00,0.00,0.00,0.00,0.00,0.00,0.00,0.00,N/A
1796482800,Dec 05 2026 - 3:00pm,incomplete,N/A,Nottingham Forest,Brighton & Hove Albion,N/A,14,0.00,0.00,0.00,0.00,0,0,0,0,0,0,"","",-1,-1,-1,-1,-1,-1,-1,-1,-1,-1,-1,-1,-1,-1,-1,-1,-1,-1,-1,-1,0.00,0.00,0.00,0.00,0.00,0,0,0,0,0,0,0,0,0,0.00,0.00,0.00,0.00,0.00,0.00,0.00,0.00,0.00,0.00,0.00,The City Ground
1796482800,Dec 05 2026 - 3:00pm,incomplete,N/A,Tottenham Hotspur,Arsenal,N/A,14,0.00,0.00,0.00,0.00,0,0,0,0,0,0,"","",-1,-1,-1,-1,-1,-1,-1,-1,-1,-1,-1,-1,-1,-1,-1,-1,-1,-1,-1,-1,0.00,0.00,0.00,0.00,0.00,0,0,0,0,0,0,0,0,0,0.00,0.00,0.00,0.00,0.00,0.00,0.00,0.00,0.00,0.00,0.00,N/A
1796482800,Dec 05 2026 - 3:00pm,incomplete,N/A,AFC Bournemouth,Hull City,N/A,14,0.00,0.00,0.00,0.00,0,0,0,0,0,0,"","",-1,-1,-1,-1,-1,-1,-1,-1,-1,-1,-1,-1,-1,-1,-1,-1,-1,-1,-1,-1,0.00,0.00,0.00,0.00,0.00,0,0,0,0,0,0,0,0,0,0.00,0.00,0.00,0.00,0.00,0.00,0.00,0.00,0.00,0.00,0.00,Vitality Stadium
1796482800,Dec 05 2026 - 3:00pm,incomplete,N/A,Manchester United,Coventry City,N/A,14,0.00,0.00,0.00,0.00,0,0,0,0,0,0,"","",-1,-1,-1,-1,-1,-1,-1,-1,-1,-1,-1,-1,-1,-1,-1,-1,-1,-1,-1,-1,0.00,0.00,0.00,0.00,0.00,0,0,0,0,0,0,0,0,0,0.00,0.00,0.00,0.00,0.00,0.00,0.00,0.00,0.00,0.00,0.00,Old Trafford
1796482800,Dec 05 2026 - 3:00pm,incomplete,N/A,Chelsea,Liverpool,N/A,14,0.00,0.00,0.00,0.00,0,0,0,0,0,0,"","",-1,-1,-1,-1,-1,-1,-1,-1,-1,-1,-1,-1,-1,-1,-1,-1,-1,-1,-1,-1,0.00,0.00,0.00,0.00,0.00,0,0,0,0,0,0,0,0,0,0.00,0.00,0.00,0.00,0.00,0.00,0.00,0.00,0.00,0.00,0.00,N/A
1797087600,Dec 12 2026 - 3:00pm,incomplete,N/A,Liverpool,Leeds United,N/A,15,0.00,0.00,0.00,0.00,0,0,0,0,0,0,"","",-1,-1,-1,-1,-1,-1,-1,-1,-1,-1,-1,-1,-1,-1,-1,-1,-1,-1,-1,-1,0.00,0.00,0.00,0.00,0.00,0,0,0,0,0,0,0,0,0,0.00,0.00,0.00,0.00,0.00,0.00,0.00,0.00,0.00,0.00,0.00,Anfield
1797087600,Dec 12 2026 - 3:00pm,incomplete,N/A,Sunderland,Nottingham Forest,N/A,15,0.00,0.00,0.00,0.00,0,0,0,0,0,0,"","",-1,-1,-1,-1,-1,-1,-1,-1,-1,-1,-1,-1,-1,-1,-1,-1,-1,-1,-1,-1,0.00,0.00,0.00,0.00,0.00,0,0,0,0,0,0,0,0,0,0.00,0.00,0.00,0.00,0.00,0.00,0.00,0.00,0.00,0.00,0.00,Stadium of Light
1797087600,Dec 12 2026 - 3:00pm,incomplete,N/A,Manchester City,Chelsea,N/A,15,0.00,0.00,0.00,0.00,0,0,0,0,0,0,"","",-1,-1,-1,-1,-1,-1,-1,-1,-1,-1,-1,-1,-1,-1,-1,-1,-1,-1,-1,-1,0.00,0.00,0.00,0.00,0.00,0,0,0,0,0,0,0,0,0,0.00,0.00,0.00,0.00,0.00,0.00,0.00,0.00,0.00,0.00,0.00,Etihad Stadium
1797087600,Dec 12 2026 - 3:00pm,incomplete,N/A,Hull City,Tottenham Hotspur,N/A,15,0.00,0.00,0.00,0.00,0,0,0,0,0,0,"","",-1,-1,-1,-1,-1,-1,-1,-1,-1,-1,-1,-1,-1,-1,-1,-1,-1,-1,-1,-1,0.00,0.00,0.00,0.00,0.00,0,0,0,0,0,0,0,0,0,0.00,0.00,0.00,0.00,0.00,0.00,0.00,0.00,0.00,0.00,0.00,KCOM Stadium
1797087600,Dec 12 2026 - 3:00pm,incomplete,N/A,Fulham,Brentford,N/A,15,0.00,0.00,0.00,0.00,0,0,0,0,0,0,"","",-1,-1,-1,-1,-1,-1,-1,-1,-1,-1,-1,-1,-1,-1,-1,-1,-1,-1,-1,-1,0.00,0.00,0.00,0.00,0.00,0,0,0,0,0,0,0,0,0,0.00,0.00,0.00,0.00,0.00,0.00,0.00,0.00,0.00,0.00,0.00,Craven Cottage
1797087600,Dec 12 2026 - 3:00pm,incomplete,N/A,Crystal Palace,Manchester United,N/A,15,0.00,0.00,0.00,0.00,0,0,0,0,0,0,"","",-1,-1,-1,-1,-1,-1,-1,-1,-1,-1,-1,-1,-1,-1,-1,-1,-1,-1,-1,-1,0.00,0.00,0.00,0.00,0.00,0,0,0,0,0,0,0,0,0,0.00,0.00,0.00,0.00,0.00,0.00,0.00,0.00,0.00,0.00,0.00,Selhurst Park
1797087600,Dec 12 2026 - 3:00pm,incomplete,N/A,Arsenal,AFC Bournemouth,N/A,15,0.00,0.00,0.00,0.00,0,0,0,0,0,0,"","",-1,-1,-1,-1,-1,-1,-1,-1,-1,-1,-1,-1,-1,-1,-1,-1,-1,-1,-1,-1,0.00,0.00,0.00,0.00,0.00,0,0,0,0,0,0,0,0,0,0.00,0.00,0.00,0.00,0.00,0.00,0.00,0.00,0.00,0.00,0.00,Emirates Stadium
1797087600,Dec 12 2026 - 3:00pm,incomplete,N/A,Coventry City,Aston Villa,N/A,15,0.00,0.00,0.00,0.00,0,0,0,0,0,0,"","",-1,-1,-1,-1,-1,-1,-1,-1,-1,-1,-1,-1,-1,-1,-1,-1,-1,-1,-1,-1,0.00,0.00,0.00,0.00,0.00,0,0,0,0,0,0,0,0,0,0.00,0.00,0.00,0.00,0.00,0.00,0.00,0.00,0.00,0.00,0.00,N/A
1797087600,Dec 12 2026 - 3:00pm,incomplete,N/A,Brighton & Hove Albion,Everton,N/A,15,0.00,0.00,0.00,0.00,0,0,0,0,0,0,"","",-1,-1,-1,-1,-1,-1,-1,-1,-1,-1,-1,-1,-1,-1,-1,-1,-1,-1,-1,-1,0.00,0.00,0.00,0.00,0.00,0,0,0,0,0,0,0,0,0,0.00,0.00,0.00,0.00,0.00,0.00,0.00,0.00,0.00,0.00,0.00,The American Express Community Stadium
1797087600,Dec 12 2026 - 3:00pm,incomplete,N/A,Ipswich Town,Newcastle United,N/A,15,0.00,0.00,0.00,0.00,0,0,0,0,0,0,"","",-1,-1,-1,-1,-1,-1,-1,-1,-1,-1,-1,-1,-1,-1,-1,-1,-1,-1,-1,-1,0.00,0.00,0.00,0.00,0.00,0,0,0,0,0,0,0,0,0,0.00,0.00,0.00,0.00,0.00,0.00,0.00,0.00,0.00,0.00,0.00,Portman Road Stadium
1797692400,Dec 19 2026 - 3:00pm,incomplete,N/A,Sunderland,Crystal Palace,N/A,16,0.00,0.00,0.00,0.00,0,0,0,0,0,0,"","",-1,-1,-1,-1,-1,-1,-1,-1,-1,-1,-1,-1,-1,-1,-1,-1,-1,-1,-1,-1,0.00,0.00,0.00,0.00,0.00,0,0,0,0,0,0,0,0,0,0.00,0.00,0.00,0.00,0.00,0.00,0.00,0.00,0.00,0.00,0.00,Stadium of Light
1797692400,Dec 19 2026 - 3:00pm,incomplete,N/A,Manchester City,Hull City,N/A,16,0.00,0.00,0.00,0.00,0,0,0,0,0,0,"","",-1,-1,-1,-1,-1,-1,-1,-1,-1,-1,-1,-1,-1,-1,-1,-1,-1,-1,-1,-1,0.00,0.00,0.00,0.00,0.00,0,0,0,0,0,0,0,0,0,0.00,0.00,0.00,0.00,0.00,0.00,0.00,0.00,0.00,0.00,0.00,Etihad Stadium
1797692400,Dec 19 2026 - 3:00pm,incomplete,N/A,Liverpool,Tottenham Hotspur,N/A,16,0.00,0.00,0.00,0.00,0,0,0,0,0,0,"","",-1,-1,-1,-1,-1,-1,-1,-1,-1,-1,-1,-1,-1,-1,-1,-1,-1,-1,-1,-1,0.00,0.00,0.00,0.00,0.00,0,0,0,0,0,0,0,0,0,0.00,0.00,0.00,0.00,0.00,0.00,0.00,0.00,0.00,0.00,0.00,Anfield
1797692400,Dec 19 2026 - 3:00pm,incomplete,N/A,Chelsea,Aston Villa,N/A,16,0.00,0.00,0.00,0.00,0,0,0,0,0,0,"","",-1,-1,-1,-1,-1,-1,-1,-1,-1,-1,-1,-1,-1,-1,-1,-1,-1,-1,-1,-1,0.00,0.00,0.00,0.00,0.00,0,0,0,0,0,0,0,0,0,0.00,0.00,0.00,0.00,0.00,0.00,0.00,0.00,0.00,0.00,0.00,N/A
1797692400,Dec 19 2026 - 3:00pm,incomplete,N/A,Leeds United,Fulham,N/A,16,0.00,0.00,0.00,0.00,0,0,0,0,0,0,"","",-1,-1,-1,-1,-1,-1,-1,-1,-1,-1,-1,-1,-1,-1,-1,-1,-1,-1,-1,-1,0.00,0.00,0.00,0.00,0.00,0,0,0,0,0,0,0,0,0,0.00,0.00,0.00,0.00,0.00,0.00,0.00,0.00,0.00,0.00,0.00,Elland Road
1797692400,Dec 19 2026 - 3:00pm,incomplete,N/A,Brighton & Hove Albion,Ipswich Town,N/A,16,0.00,0.00,0.00,0.00,0,0,0,0,0,0,"","",-1,-1,-1,-1,-1,-1,-1,-1,-1,-1,-1,-1,-1,-1,-1,-1,-1,-1,-1,-1,0.00,0.00,0.00,0.00,0.00,0,0,0,0,0,0,0,0,0,0.00,0.00,0.00,0.00,0.00,0.00,0.00,0.00,0.00,0.00,0.00,The American Express Community Stadium
1797692400,Dec 19 2026 - 3:00pm,incomplete,N/A,Brentford,Newcastle United,N/A,16,0.00,0.00,0.00,0.00,0,0,0,0,0,0,"","",-1,-1,-1,-1,-1,-1,-1,-1,-1,-1,-1,-1,-1,-1,-1,-1,-1,-1,-1,-1,0.00,0.00,0.00,0.00,0.00,0,0,0,0,0,0,0,0,0,0.00,0.00,0.00,0.00,0.00,0.00,0.00,0.00,0.00,0.00,0.00,N/A
1797692400,Dec 19 2026 - 3:00pm,incomplete,N/A,AFC Bournemouth,Coventry City,N/A,16,0.00,0.00,0.00,0.00,0,0,0,0,0,0,"","",-1,-1,-1,-1,-1,-1,-1,-1,-1,-1,-1,-1,-1,-1,-1,-1,-1,-1,-1,-1,0.00,0.00,0.00,0.00,0.00,0,0,0,0,0,0,0,0,0,0.00,0.00,0.00,0.00,0.00,0.00,0.00,0.00,0.00,0.00,0.00,Vitality Stadium
1797692400,Dec 19 2026 - 3:00pm,incomplete,N/A,Arsenal,Manchester United,N/A,16,0.00,0.00,0.00,0.00,0,0,0,0,0,0,"","",-1,-1,-1,-1,-1,-1,-1,-1,-1,-1,-1,-1,-1,-1,-1,-1,-1,-1,-1,-1,0.00,0.00,0.00,0.00,0.00,0,0,0,0,0,0,0,0,0,0.00,0.00,0.00,0.00,0.00,0.00,0.00,0.00,0.00,0.00,0.00,Emirates Stadium
1797692400,Dec 19 2026 - 3:00pm,incomplete,N/A,Nottingham Forest,Everton,N/A,16,0.00,0.00,0.00,0.00,0,0,0,0,0,0,"","",-1,-1,-1,-1,-1,-1,-1,-1,-1,-1,-1,-1,-1,-1,-1,-1,-1,-1,-1,-1,0.00,0.00,0.00,0.00,0.00,0,0,0,0,0,0,0,0,0,0.00,0.00,0.00,0.00,0.00,0.00,0.00,0.00,0.00,0.00,0.00,The City Ground
1798297200,Dec 26 2026 - 3:00pm,incomplete,N/A,Crystal Palace,Arsenal,N/A,17,0.00,0.00,0.00,0.00,0,0,0,0,0,0,"","",-1,-1,-1,-1,-1,-1,-1,-1,-1,-1,-1,-1,-1,-1,-1,-1,-1,-1,-1,-1,0.00,0.00,0.00,0.00,0.00,0,0,0,0,0,0,0,0,0,0.00,0.00,0.00,0.00,0.00,0.00,0.00,0.00,0.00,0.00,0.00,Selhurst Park
1798297200,Dec 26 2026 - 3:00pm,incomplete,N/A,Coventry City,Chelsea,N/A,17,0.00,0.00,0.00,0.00,0,0,0,0,0,0,"","",-1,-1,-1,-1,-1,-1,-1,-1,-1,-1,-1,-1,-1,-1,-1,-1,-1,-1,-1,-1,0.00,0.00,0.00,0.00,0.00,0,0,0,0,0,0,0,0,0,0.00,0.00,0.00,0.00,0.00,0.00,0.00,0.00,0.00,0.00,0.00,N/A
1798297200,Dec 26 2026 - 3:00pm,incomplete,N/A,Everton,Sunderland,N/A,17,0.00,0.00,0.00,0.00,0,0,0,0,0,0,"","",-1,-1,-1,-1,-1,-1,-1,-1,-1,-1,-1,-1,-1,-1,-1,-1,-1,-1,-1,-1,0.00,0.00,0.00,0.00,0.00,0,0,0,0,0,0,0,0,0,0.00,0.00,0.00,0.00,0.00,0.00,0.00,0.00,0.00,0.00,0.00,N/A
1798297200,Dec 26 2026 - 3:00pm,incomplete,N/A,Manchester United,Nottingham Forest,N/A,17,0.00,0.00,0.00,0.00,0,0,0,0,0,0,"","",-1,-1,-1,-1,-1,-1,-1,-1,-1,-1,-1,-1,-1,-1,-1,-1,-1,-1,-1,-1,0.00,0.00,0.00,0.00,0.00,0,0,0,0,0,0,0,0,0,0.00,0.00,0.00,0.00,0.00,0.00,0.00,0.00,0.00,0.00,0.00,Old Trafford
1798297200,Dec 26 2026 - 3:00pm,incomplete,N/A,Hull City,Liverpool,N/A,17,0.00,0.00,0.00,0.00,0,0,0,0,0,0,"","",-1,-1,-1,-1,-1,-1,-1,-1,-1,-1,-1,-1,-1,-1,-1,-1,-1,-1,-1,-1,0.00,0.00,0.00,0.00,0.00,0,0,0,0,0,0,0,0,0,0.00,0.00,0.00,0.00,0.00,0.00,0.00,0.00,0.00,0.00,0.00,KCOM Stadium
1798297200,Dec 26 2026 - 3:00pm,incomplete,N/A,Fulham,Brighton & Hove Albion,N/A,17,0.00,0.00,0.00,0.00,0,0,0,0,0,0,"","",-1,-1,-1,-1,-1,-1,-1,-1,-1,-1,-1,-1,-1,-1,-1,-1,-1,-1,-1,-1,0.00,0.00,0.00,0.00,0.00,0,0,0,0,0,0,0,0,0,0.00,0.00,0.00,0.00,0.00,0.00,0.00,0.00,0.00,0.00,0.00,Craven Cottage
1798297200,Dec 26 2026 - 3:00pm,incomplete,N/A,Newcastle United,Manchester City,N/A,17,0.00,0.00,0.00,0.00,0,0,0,0,0,0,"","",-1,-1,-1,-1,-1,-1,-1,-1,-1,-1,-1,-1,-1,-1,-1,-1,-1,-1,-1,-1,0.00,0.00,0.00,0.00,0.00,0,0,0,0,0,0,0,0,0,0.00,0.00,0.00,0.00,0.00,0.00,0.00,0.00,0.00,0.00,0.00,N/A
1798297200,Dec 26 2026 - 3:00pm,incomplete,N/A,Tottenham Hotspur,AFC Bournemouth,N/A,17,0.00,0.00,0.00,0.00,0,0,0,0,0,0,"","",-1,-1,-1,-1,-1,-1,-1,-1,-1,-1,-1,-1,-1,-1,-1,-1,-1,-1,-1,-1,0.00,0.00,0.00,0.00,0.00,0,0,0,0,0,0,0,0,0,0.00,0.00,0.00,0.00,0.00,0.00,0.00,0.00,0.00,0.00,0.00,N/A
1798297200,Dec 26 2026 - 3:00pm,incomplete,N/A,Ipswich Town,Brentford,N/A,17,0.00,0.00,0.00,0.00,0,0,0,0,0,0,"","",-1,-1,-1,-1,-1,-1,-1,-1,-1,-1,-1,-1,-1,-1,-1,-1,-1,-1,-1,-1,0.00,0.00,0.00,0.00,0.00,0,0,0,0,0,0,0,0,0,0.00,0.00,0.00,0.00,0.00,0.00,0.00,0.00,0.00,0.00,0.00,Portman Road Stadium
1798297200,Dec 26 2026 - 3:00pm,incomplete,N/A,Aston Villa,Leeds United,N/A,17,0.00,0.00,0.00,0.00,0,0,0,0,0,0,"","",-1,-1,-1,-1,-1,-1,-1,-1,-1,-1,-1,-1,-1,-1,-1,-1,-1,-1,-1,-1,0.00,0.00,0.00,0.00,0.00,0,0,0,0,0,0,0,0,0,0.00,0.00,0.00,0.00,0.00,0.00,0.00,0.00,0.00,0.00,0.00,N/A
1798660800,Dec 30 2026 - 8:00pm,incomplete,N/A,Ipswich Town,Chelsea,N/A,18,0.00,0.00,0.00,0.00,0,0,0,0,0,0,"","",-1,-1,-1,-1,-1,-1,-1,-1,-1,-1,-1,-1,-1,-1,-1,-1,-1,-1,-1,-1,0.00,0.00,0.00,0.00,0.00,0,0,0,0,0,0,0,0,0,0.00,0.00,0.00,0.00,0.00,0.00,0.00,0.00,0.00,0.00,0.00,Portman Road Stadium
1798660800,Dec 30 2026 - 8:00pm,incomplete,N/A,Fulham,Arsenal,N/A,18,0.00,0.00,0.00,0.00,0,0,0,0,0,0,"","",-1,-1,-1,-1,-1,-1,-1,-1,-1,-1,-1,-1,-1,-1,-1,-1,-1,-1,-1,-1,0.00,0.00,0.00,0.00,0.00,0,0,0,0,0,0,0,0,0,0.00,0.00,0.00,0.00,0.00,0.00,0.00,0.00,0.00,0.00,0.00,Craven Cottage
1798660800,Dec 30 2026 - 8:00pm,incomplete,N/A,Tottenham Hotspur,Brighton & Hove Albion,N/A,18,0.00,0.00,0.00,0.00,0,0,0,0,0,0,"","",-1,-1,-1,-1,-1,-1,-1,-1,-1,-1,-1,-1,-1,-1,-1,-1,-1,-1,-1,-1,0.00,0.00,0.00,0.00,0.00,0,0,0,0,0,0,0,0,0,0.00,0.00,0.00,0.00,0.00,0.00,0.00,0.00,0.00,0.00,0.00,N/A
1798660800,Dec 30 2026 - 8:00pm,incomplete,N/A,Manchester United,Sunderland,N/A,18,0.00,0.00,0.00,0.00,0,0,0,0,0,0,"","",-1,-1,-1,-1,-1,-1,-1,-1,-1,-1,-1,-1,-1,-1,-1,-1,-1,-1,-1,-1,0.00,0.00,0.00,0.00,0.00,0,0,0,0,0,0,0,0,0,0.00,0.00,0.00,0.00,0.00,0.00,0.00,0.00,0.00,0.00,0.00,Old Trafford
1798660800,Dec 30 2026 - 8:00pm,incomplete,N/A,Hull City,Leeds United,N/A,18,0.00,0.00,0.00,0.00,0,0,0,0,0,0,"","",-1,-1,-1,-1,-1,-1,-1,-1,-1,-1,-1,-1,-1,-1,-1,-1,-1,-1,-1,-1,0.00,0.00,0.00,0.00,0.00,0,0,0,0,0,0,0,0,0,0.00,0.00,0.00,0.00,0.00,0.00,0.00,0.00,0.00,0.00,0.00,KCOM Stadium
1798660800,Dec 30 2026 - 8:00pm,incomplete,N/A,Aston Villa,Liverpool,N/A,18,0.00,0.00,0.00,0.00,0,0,0,0,0,0,"","",-1,-1,-1,-1,-1,-1,-1,-1,-1,-1,-1,-1,-1,-1,-1,-1,-1,-1,-1,-1,0.00,0.00,0.00,0.00,0.00,0,0,0,0,0,0,0,0,0,0.00,0.00,0.00,0.00,0.00,0.00,0.00,0.00,0.00,0.00,0.00,N/A
1798660800,Dec 30 2026 - 8:00pm,incomplete,N/A,Coventry City,Brentford,N/A,18,0.00,0.00,0.00,0.00,0,0,0,0,0,0,"","",-1,-1,-1,-1,-1,-1,-1,-1,-1,-1,-1,-1,-1,-1,-1,-1,-1,-1,-1,-1,0.00,0.00,0.00,0.00,0.00,0,0,0,0,0,0,0,0,0,0.00,0.00,0.00,0.00,0.00,0.00,0.00,0.00,0.00,0.00,0.00,N/A
1798660800,Dec 30 2026 - 8:00pm,incomplete,N/A,Newcastle United,Nottingham Forest,N/A,18,0.00,0.00,0.00,0.00,0,0,0,0,0,0,"","",-1,-1,-1,-1,-1,-1,-1,-1,-1,-1,-1,-1,-1,-1,-1,-1,-1,-1,-1,-1,0.00,0.00,0.00,0.00,0.00,0,0,0,0,0,0,0,0,0,0.00,0.00,0.00,0.00,0.00,0.00,0.00,0.00,0.00,0.00,0.00,N/A
1798660800,Dec 30 2026 - 8:00pm,incomplete,N/A,Crystal Palace,AFC Bournemouth,N/A,18,0.00,0.00,0.00,0.00,0,0,0,0,0,0,"","",-1,-1,-1,-1,-1,-1,-1,-1,-1,-1,-1,-1,-1,-1,-1,-1,-1,-1,-1,-1,0.00,0.00,0.00,0.00,0.00,0,0,0,0,0,0,0,0,0,0.00,0.00,0.00,0.00,0.00,0.00,0.00,0.00,0.00,0.00,0.00,Selhurst Park
1798660800,Dec 30 2026 - 8:00pm,incomplete,N/A,Everton,Manchester City,N/A,18,0.00,0.00,0.00,0.00,0,0,0,0,0,0,"","",-1,-1,-1,-1,-1,-1,-1,-1,-1,-1,-1,-1,-1,-1,-1,-1,-1,-1,-1,-1,0.00,0.00,0.00,0.00,0.00,0,0,0,0,0,0,0,0,0,0.00,0.00,0.00,0.00,0.00,0.00,0.00,0.00,0.00,0.00,0.00,N/A
1798902000,Jan 02 2027 - 3:00pm,incomplete,N/A,Liverpool,Coventry City,N/A,19,0.00,0.00,0.00,0.00,0,0,0,0,0,0,"","",-1,-1,-1,-1,-1,-1,-1,-1,-1,-1,-1,-1,-1,-1,-1,-1,-1,-1,-1,-1,0.00,0.00,0.00,0.00,0.00,0,0,0,0,0,0,0,0,0,0.00,0.00,0.00,0.00,0.00,0.00,0.00,0.00,0.00,0.00,0.00,Anfield
1798902000,Jan 02 2027 - 3:00pm,incomplete,N/A,AFC Bournemouth,Aston Villa,N/A,19,0.00,0.00,0.00,0.00,0,0,0,0,0,0,"","",-1,-1,-1,-1,-1,-1,-1,-1,-1,-1,-1,-1,-1,-1,-1,-1,-1,-1,-1,-1,0.00,0.00,0.00,0.00,0.00,0,0,0,0,0,0,0,0,0,0.00,0.00,0.00,0.00,0.00,0.00,0.00,0.00,0.00,0.00,0.00,Vitality Stadium
1798902000,Jan 02 2027 - 3:00pm,incomplete,N/A,Brighton & Hove Albion,Manchester United,N/A,19,0.00,0.00,0.00,0.00,0,0,0,0,0,0,"","",-1,-1,-1,-1,-1,-1,-1,-1,-1,-1,-1,-1,-1,-1,-1,-1,-1,-1,-1,-1,0.00,0.00,0.00,0.00,0.00,0,0,0,0,0,0,0,0,0,0.00,0.00,0.00,0.00,0.00,0.00,0.00,0.00,0.00,0.00,0.00,The American Express Community Stadium
1798902000,Jan 02 2027 - 3:00pm,incomplete,N/A,Brentford,Crystal Palace,N/A,19,0.00,0.00,0.00,0.00,0,0,0,0,0,0,"","",-1,-1,-1,-1,-1,-1,-1,-1,-1,-1,-1,-1,-1,-1,-1,-1,-1,-1,-1,-1,0.00,0.00,0.00,0.00,0.00,0,0,0,0,0,0,0,0,0,0.00,0.00,0.00,0.00,0.00,0.00,0.00,0.00,0.00,0.00,0.00,N/A
1798902000,Jan 02 2027 - 3:00pm,incomplete,N/A,Nottingham Forest,Fulham,N/A,19,0.00,0.00,0.00,0.00,0,0,0,0,0,0,"","",-1,-1,-1,-1,-1,-1,-1,-1,-1,-1,-1,-1,-1,-1,-1,-1,-1,-1,-1,-1,0.00,0.00,0.00,0.00,0.00,0,0,0,0,0,0,0,0,0,0.00,0.00,0.00,0.00,0.00,0.00,0.00,0.00,0.00,0.00,0.00,The City Ground
1798902000,Jan 02 2027 - 3:00pm,incomplete,N/A,Sunderland,Hull City,N/A,19,0.00,0.00,0.00,0.00,0,0,0,0,0,0,"","",-1,-1,-1,-1,-1,-1,-1,-1,-1,-1,-1,-1,-1,-1,-1,-1,-1,-1,-1,-1,0.00,0.00,0.00,0.00,0.00,0,0,0,0,0,0,0,0,0,0.00,0.00,0.00,0.00,0.00,0.00,0.00,0.00,0.00,0.00,0.00,Stadium of Light
1798902000,Jan 02 2027 - 3:00pm,incomplete,N/A,Manchester City,Tottenham Hotspur,N/A,19,0.00,0.00,0.00,0.00,0,0,0,0,0,0,"","",-1,-1,-1,-1,-1,-1,-1,-1,-1,-1,-1,-1,-1,-1,-1,-1,-1,-1,-1,-1,0.00,0.00,0.00,0.00,0.00,0,0,0,0,0,0,0,0,0,0.00,0.00,0.00,0.00,0.00,0.00,0.00,0.00,0.00,0.00,0.00,Etihad Stadium
1798902000,Jan 02 2027 - 3:00pm,incomplete,N/A,Chelsea,Newcastle United,N/A,19,0.00,0.00,0.00,0.00,0,0,0,0,0,0,"","",-1,-1,-1,-1,-1,-1,-1,-1,-1,-1,-1,-1,-1,-1,-1,-1,-1,-1,-1,-1,0.00,0.00,0.00,0.00,0.00,0,0,0,0,0,0,0,0,0,0.00,0.00,0.00,0.00,0.00,0.00,0.00,0.00,0.00,0.00,0.00,N/A
1798902000,Jan 02 2027 - 3:00pm,incomplete,N/A,Leeds United,Everton,N/A,19,0.00,0.00,0.00,0.00,0,0,0,0,0,0,"","",-1,-1,-1,-1,-1,-1,-1,-1,-1,-1,-1,-1,-1,-1,-1,-1,-1,-1,-1,-1,0.00,0.00,0.00,0.00,0.00,0,0,0,0,0,0,0,0,0,0.00,0.00,0.00,0.00,0.00,0.00,0.00,0.00,0.00,0.00,0.00,Elland Road
1798902000,Jan 02 2027 - 3:00pm,incomplete,N/A,Arsenal,Ipswich Town,N/A,19,0.00,0.00,0.00,0.00,0,0,0,0,0,0,"","",-1,-1,-1,-1,-1,-1,-1,-1,-1,-1,-1,-1,-1,-1,-1,-1,-1,-1,-1,-1,0.00,0.00,0.00,0.00,0.00,0,0,0,0,0,0,0,0,0,0.00,0.00,0.00,0.00,0.00,0.00,0.00,0.00,0.00,0.00,0.00,Emirates Stadium
1799265600,Jan 06 2027 - 8:00pm,incomplete,N/A,Sunderland,Liverpool,N/A,20,0.00,0.00,0.00,0.00,0,0,0,0,0,0,"","",-1,-1,-1,-1,-1,-1,-1,-1,-1,-1,-1,-1,-1,-1,-1,-1,-1,-1,-1,-1,0.00,0.00,0.00,0.00,0.00,0,0,0,0,0,0,0,0,0,0.00,0.00,0.00,0.00,0.00,0.00,0.00,0.00,0.00,0.00,0.00,Stadium of Light
1799265600,Jan 06 2027 - 8:00pm,incomplete,N/A,Everton,Aston Villa,N/A,20,0.00,0.00,0.00,0.00,0,0,0,0,0,0,"","",-1,-1,-1,-1,-1,-1,-1,-1,-1,-1,-1,-1,-1,-1,-1,-1,-1,-1,-1,-1,0.00,0.00,0.00,0.00,0.00,0,0,0,0,0,0,0,0,0,0.00,0.00,0.00,0.00,0.00,0.00,0.00,0.00,0.00,0.00,0.00,N/A
1799265600,Jan 06 2027 - 8:00pm,incomplete,N/A,Brighton & Hove Albion,AFC Bournemouth,N/A,20,0.00,0.00,0.00,0.00,0,0,0,0,0,0,"","",-1,-1,-1,-1,-1,-1,-1,-1,-1,-1,-1,-1,-1,-1,-1,-1,-1,-1,-1,-1,0.00,0.00,0.00,0.00,0.00,0,0,0,0,0,0,0,0,0,0.00,0.00,0.00,0.00,0.00,0.00,0.00,0.00,0.00,0.00,0.00,The American Express Community Stadium
1799265600,Jan 06 2027 - 8:00pm,incomplete,N/A,Crystal Palace,Chelsea,N/A,20,0.00,0.00,0.00,0.00,0,0,0,0,0,0,"","",-1,-1,-1,-1,-1,-1,-1,-1,-1,-1,-1,-1,-1,-1,-1,-1,-1,-1,-1,-1,0.00,0.00,0.00,0.00,0.00,0,0,0,0,0,0,0,0,0,0.00,0.00,0.00,0.00,0.00,0.00,0.00,0.00,0.00,0.00,0.00,Selhurst Park
1799265600,Jan 06 2027 - 8:00pm,incomplete,N/A,Fulham,Tottenham Hotspur,N/A,20,0.00,0.00,0.00,0.00,0,0,0,0,0,0,"","",-1,-1,-1,-1,-1,-1,-1,-1,-1,-1,-1,-1,-1,-1,-1,-1,-1,-1,-1,-1,0.00,0.00,0.00,0.00,0.00,0,0,0,0,0,0,0,0,0,0.00,0.00,0.00,0.00,0.00,0.00,0.00,0.00,0.00,0.00,0.00,Craven Cottage
1799265600,Jan 06 2027 - 8:00pm,incomplete,N/A,Ipswich Town,Coventry City,N/A,20,0.00,0.00,0.00,0.00,0,0,0,0,0,0,"","",-1,-1,-1,-1,-1,-1,-1,-1,-1,-1,-1,-1,-1,-1,-1,-1,-1,-1,-1,-1,0.00,0.00,0.00,0.00,0.00,0,0,0,0,0,0,0,0,0,0.00,0.00,0.00,0.00,0.00,0.00,0.00,0.00,0.00,0.00,0.00,Portman Road Stadium
1799265600,Jan 06 2027 - 8:00pm,incomplete,N/A,Leeds United,Manchester City,N/A,20,0.00,0.00,0.00,0.00,0,0,0,0,0,0,"","",-1,-1,-1,-1,-1,-1,-1,-1,-1,-1,-1,-1,-1,-1,-1,-1,-1,-1,-1,-1,0.00,0.00,0.00,0.00,0.00,0,0,0,0,0,0,0,0,0,0.00,0.00,0.00,0.00,0.00,0.00,0.00,0.00,0.00,0.00,0.00,Elland Road
1799265600,Jan 06 2027 - 8:00pm,incomplete,N/A,Nottingham Forest,Hull City,N/A,20,0.00,0.00,0.00,0.00,0,0,0,0,0,0,"","",-1,-1,-1,-1,-1,-1,-1,-1,-1,-1,-1,-1,-1,-1,-1,-1,-1,-1,-1,-1,0.00,0.00,0.00,0.00,0.00,0,0,0,0,0,0,0,0,0,0.00,0.00,0.00,0.00,0.00,0.00,0.00,0.00,0.00,0.00,0.00,The City Ground
1799265600,Jan 06 2027 - 8:00pm,incomplete,N/A,Manchester United,Newcastle United,N/A,20,0.00,0.00,0.00,0.00,0,0,0,0,0,0,"","",-1,-1,-1,-1,-1,-1,-1,-1,-1,-1,-1,-1,-1,-1,-1,-1,-1,-1,-1,-1,0.00,0.00,0.00,0.00,0.00,0,0,0,0,0,0,0,0,0,0.00,0.00,0.00,0.00,0.00,0.00,0.00,0.00,0.00,0.00,0.00,Old Trafford
1799265600,Jan 06 2027 - 8:00pm,incomplete,N/A,Arsenal,Brentford,N/A,20,0.00,0.00,0.00,0.00,0,0,0,0,0,0,"","",-1,-1,-1,-1,-1,-1,-1,-1,-1,-1,-1,-1,-1,-1,-1,-1,-1,-1,-1,-1,0.00,0.00,0.00,0.00,0.00,0,0,0,0,0,0,0,0,0,0.00,0.00,0.00,0.00,0.00,0.00,0.00,0.00,0.00,0.00,0.00,Emirates Stadium
1800111600,Jan 16 2027 - 3:00pm,incomplete,N/A,Brentford,Brighton & Hove Albion,N/A,21,0.00,0.00,0.00,0.00,0,0,0,0,0,0,"","",-1,-1,-1,-1,-1,-1,-1,-1,-1,-1,-1,-1,-1,-1,-1,-1,-1,-1,-1,-1,0.00,0.00,0.00,0.00,0.00,0,0,0,0,0,0,0,0,0,0.00,0.00,0.00,0.00,0.00,0.00,0.00,0.00,0.00,0.00,0.00,N/A
1800111600,Jan 16 2027 - 3:00pm,incomplete,N/A,Liverpool,Crystal Palace,N/A,21,0.00,0.00,0.00,0.00,0,0,0,0,0,0,"","",-1,-1,-1,-1,-1,-1,-1,-1,-1,-1,-1,-1,-1,-1,-1,-1,-1,-1,-1,-1,0.00,0.00,0.00,0.00,0.00,0,0,0,0,0,0,0,0,0,0.00,0.00,0.00,0.00,0.00,0.00,0.00,0.00,0.00,0.00,0.00,Anfield
1800111600,Jan 16 2027 - 3:00pm,incomplete,N/A,Newcastle United,Fulham,N/A,21,0.00,0.00,0.00,0.00,0,0,0,0,0,0,"","",-1,-1,-1,-1,-1,-1,-1,-1,-1,-1,-1,-1,-1,-1,-1,-1,-1,-1,-1,-1,0.00,0.00,0.00,0.00,0.00,0,0,0,0,0,0,0,0,0,0.00,0.00,0.00,0.00,0.00,0.00,0.00,0.00,0.00,0.00,0.00,N/A
1800111600,Jan 16 2027 - 3:00pm,incomplete,N/A,Hull City,Arsenal,N/A,21,0.00,0.00,0.00,0.00,0,0,0,0,0,0,"","",-1,-1,-1,-1,-1,-1,-1,-1,-1,-1,-1,-1,-1,-1,-1,-1,-1,-1,-1,-1,0.00,0.00,0.00,0.00,0.00,0,0,0,0,0,0,0,0,0,0.00,0.00,0.00,0.00,0.00,0.00,0.00,0.00,0.00,0.00,0.00,KCOM Stadium
1800111600,Jan 16 2027 - 3:00pm,incomplete,N/A,Tottenham Hotspur,Leeds United,N/A,21,0.00,0.00,0.00,0.00,0,0,0,0,0,0,"","",-1,-1,-1,-1,-1,-1,-1,-1,-1,-1,-1,-1,-1,-1,-1,-1,-1,-1,-1,-1,0.00,0.00,0.00,0.00,0.00,0,0,0,0,0,0,0,0,0,0.00,0.00,0.00,0.00,0.00,0.00,0.00,0.00,0.00,0.00,0.00,N/A
1800111600,Jan 16 2027 - 3:00pm,incomplete,N/A,AFC Bournemouth,Ipswich Town,N/A,21,0.00,0.00,0.00,0.00,0,0,0,0,0,0,"","",-1,-1,-1,-1,-1,-1,-1,-1,-1,-1,-1,-1,-1,-1,-1,-1,-1,-1,-1,-1,0.00,0.00,0.00,0.00,0.00,0,0,0,0,0,0,0,0,0,0.00,0.00,0.00,0.00,0.00,0.00,0.00,0.00,0.00,0.00,0.00,Vitality Stadium
1800111600,Jan 16 2027 - 3:00pm,incomplete,N/A,Manchester City,Nottingham Forest,N/A,21,0.00,0.00,0.00,0.00,0,0,0,0,0,0,"","",-1,-1,-1,-1,-1,-1,-1,-1,-1,-1,-1,-1,-1,-1,-1,-1,-1,-1,-1,-1,0.00,0.00,0.00,0.00,0.00,0,0,0,0,0,0,0,0,0,0.00,0.00,0.00,0.00,0.00,0.00,0.00,0.00,0.00,0.00,0.00,Etihad Stadium
1800111600,Jan 16 2027 - 3:00pm,incomplete,N/A,Coventry City,Everton,N/A,21,0.00,0.00,0.00,0.00,0,0,0,0,0,0,"","",-1,-1,-1,-1,-1,-1,-1,-1,-1,-1,-1,-1,-1,-1,-1,-1,-1,-1,-1,-1,0.00,0.00,0.00,0.00,0.00,0,0,0,0,0,0,0,0,0,0.00,0.00,0.00,0.00,0.00,0.00,0.00,0.00,0.00,0.00,0.00,N/A
1800111600,Jan 16 2027 - 3:00pm,incomplete,N/A,Chelsea,Sunderland,N/A,21,0.00,0.00,0.00,0.00,0,0,0,0,0,0,"","",-1,-1,-1,-1,-1,-1,-1,-1,-1,-1,-1,-1,-1,-1,-1,-1,-1,-1,-1,-1,0.00,0.00,0.00,0.00,0.00,0,0,0,0,0,0,0,0,0,0.00,0.00,0.00,0.00,0.00,0.00,0.00,0.00,0.00,0.00,0.00,N/A
1800111600,Jan 16 2027 - 3:00pm,incomplete,N/A,Aston Villa,Manchester United,N/A,21,0.00,0.00,0.00,0.00,0,0,0,0,0,0,"","",-1,-1,-1,-1,-1,-1,-1,-1,-1,-1,-1,-1,-1,-1,-1,-1,-1,-1,-1,-1,0.00,0.00,0.00,0.00,0.00,0,0,0,0,0,0,0,0,0,0.00,0.00,0.00,0.00,0.00,0.00,0.00,0.00,0.00,0.00,0.00,N/A
1800716400,Jan 23 2027 - 3:00pm,incomplete,N/A,Arsenal,Newcastle United,N/A,22,0.00,0.00,0.00,0.00,0,0,0,0,0,0,"","",-1,-1,-1,-1,-1,-1,-1,-1,-1,-1,-1,-1,-1,-1,-1,-1,-1,-1,-1,-1,0.00,0.00,0.00,0.00,0.00,0,0,0,0,0,0,0,0,0,0.00,0.00,0.00,0.00,0.00,0.00,0.00,0.00,0.00,0.00,0.00,Emirates Stadium
1800716400,Jan 23 2027 - 3:00pm,incomplete,N/A,Fulham,Aston Villa,N/A,22,0.00,0.00,0.00,0.00,0,0,0,0,0,0,"","",-1,-1,-1,-1,-1,-1,-1,-1,-1,-1,-1,-1,-1,-1,-1,-1,-1,-1,-1,-1,0.00,0.00,0.00,0.00,0.00,0,0,0,0,0,0,0,0,0,0.00,0.00,0.00,0.00,0.00,0.00,0.00,0.00,0.00,0.00,0.00,Craven Cottage
1800716400,Jan 23 2027 - 3:00pm,incomplete,N/A,Ipswich Town,Hull City,N/A,22,0.00,0.00,0.00,0.00,0,0,0,0,0,0,"","",-1,-1,-1,-1,-1,-1,-1,-1,-1,-1,-1,-1,-1,-1,-1,-1,-1,-1,-1,-1,0.00,0.00,0.00,0.00,0.00,0,0,0,0,0,0,0,0,0,0.00,0.00,0.00,0.00,0.00,0.00,0.00,0.00,0.00,0.00,0.00,Portman Road Stadium
1800716400,Jan 23 2027 - 3:00pm,incomplete,N/A,Brighton & Hove Albion,Manchester City,N/A,22,0.00,0.00,0.00,0.00,0,0,0,0,0,0,"","",-1,-1,-1,-1,-1,-1,-1,-1,-1,-1,-1,-1,-1,-1,-1,-1,-1,-1,-1,-1,0.00,0.00,0.00,0.00,0.00,0,0,0,0,0,0,0,0,0,0.00,0.00,0.00,0.00,0.00,0.00,0.00,0.00,0.00,0.00,0.00,The American Express Community Stadium
1800716400,Jan 23 2027 - 3:00pm,incomplete,N/A,Sunderland,Coventry City,N/A,22,0.00,0.00,0.00,0.00,0,0,0,0,0,0,"","",-1,-1,-1,-1,-1,-1,-1,-1,-1,-1,-1,-1,-1,-1,-1,-1,-1,-1,-1,-1,0.00,0.00,0.00,0.00,0.00,0,0,0,0,0,0,0,0,0,0.00,0.00,0.00,0.00,0.00,0.00,0.00,0.00,0.00,0.00,0.00,Stadium of Light
1800716400,Jan 23 2027 - 3:00pm,incomplete,N/A,Manchester United,Liverpool,N/A,22,0.00,0.00,0.00,0.00,0,0,0,0,0,0,"","",-1,-1,-1,-1,-1,-1,-1,-1,-1,-1,-1,-1,-1,-1,-1,-1,-1,-1,-1,-1,0.00,0.00,0.00,0.00,0.00,0,0,0,0,0,0,0,0,0,0.00,0.00,0.00,0.00,0.00,0.00,0.00,0.00,0.00,0.00,0.00,Old Trafford
1800716400,Jan 23 2027 - 3:00pm,incomplete,N/A,Leeds United,Chelsea,N/A,22,0.00,0.00,0.00,0.00,0,0,0,0,0,0,"","",-1,-1,-1,-1,-1,-1,-1,-1,-1,-1,-1,-1,-1,-1,-1,-1,-1,-1,-1,-1,0.00,0.00,0.00,0.00,0.00,0,0,0,0,0,0,0,0,0,0.00,0.00,0.00,0.00,0.00,0.00,0.00,0.00,0.00,0.00,0.00,Elland Road
1800716400,Jan 23 2027 - 3:00pm,incomplete,N/A,Crystal Palace,Tottenham Hotspur,N/A,22,0.00,0.00,0.00,0.00,0,0,0,0,0,0,"","",-1,-1,-1,-1,-1,-1,-1,-1,-1,-1,-1,-1,-1,-1,-1,-1,-1,-1,-1,-1,0.00,0.00,0.00,0.00,0.00,0,0,0,0,0,0,0,0,0,0.00,0.00,0.00,0.00,0.00,0.00,0.00,0.00,0.00,0.00,0.00,Selhurst Park
1800716400,Jan 23 2027 - 3:00pm,incomplete,N/A,Everton,Brentford,N/A,22,0.00,0.00,0.00,0.00,0,0,0,0,0,0,"","",-1,-1,-1,-1,-1,-1,-1,-1,-1,-1,-1,-1,-1,-1,-1,-1,-1,-1,-1,-1,0.00,0.00,0.00,0.00,0.00,0,0,0,0,0,0,0,0,0,0.00,0.00,0.00,0.00,0.00,0.00,0.00,0.00,0.00,0.00,0.00,N/A
1800716400,Jan 23 2027 - 3:00pm,incomplete,N/A,Nottingham Forest,AFC Bournemouth,N/A,22,0.00,0.00,0.00,0.00,0,0,0,0,0,0,"","",-1,-1,-1,-1,-1,-1,-1,-1,-1,-1,-1,-1,-1,-1,-1,-1,-1,-1,-1,-1,0.00,0.00,0.00,0.00,0.00,0,0,0,0,0,0,0,0,0,0.00,0.00,0.00,0.00,0.00,0.00,0.00,0.00,0.00,0.00,0.00,The City Ground
1801321200,Jan 30 2027 - 3:00pm,incomplete,N/A,Newcastle United,Brighton & Hove Albion,N/A,23,0.00,0.00,0.00,0.00,0,0,0,0,0,0,"","",-1,-1,-1,-1,-1,-1,-1,-1,-1,-1,-1,-1,-1,-1,-1,-1,-1,-1,-1,-1,0.00,0.00,0.00,0.00,0.00,0,0,0,0,0,0,0,0,0,0.00,0.00,0.00,0.00,0.00,0.00,0.00,0.00,0.00,0.00,0.00,N/A
1801321200,Jan 30 2027 - 3:00pm,incomplete,N/A,Brentford,Manchester United,N/A,23,0.00,0.00,0.00,0.00,0,0,0,0,0,0,"","",-1,-1,-1,-1,-1,-1,-1,-1,-1,-1,-1,-1,-1,-1,-1,-1,-1,-1,-1,-1,0.00,0.00,0.00,0.00,0.00,0,0,0,0,0,0,0,0,0,0.00,0.00,0.00,0.00,0.00,0.00,0.00,0.00,0.00,0.00,0.00,N/A
1801321200,Jan 30 2027 - 3:00pm,incomplete,N/A,Tottenham Hotspur,Sunderland,N/A,23,0.00,0.00,0.00,0.00,0,0,0,0,0,0,"","",-1,-1,-1,-1,-1,-1,-1,-1,-1,-1,-1,-1,-1,-1,-1,-1,-1,-1,-1,-1,0.00,0.00,0.00,0.00,0.00,0,0,0,0,0,0,0,0,0,0.00,0.00,0.00,0.00,0.00,0.00,0.00,0.00,0.00,0.00,0.00,N/A
1801321200,Jan 30 2027 - 3:00pm,incomplete,N/A,Coventry City,Leeds United,N/A,23,0.00,0.00,0.00,0.00,0,0,0,0,0,0,"","",-1,-1,-1,-1,-1,-1,-1,-1,-1,-1,-1,-1,-1,-1,-1,-1,-1,-1,-1,-1,0.00,0.00,0.00,0.00,0.00,0,0,0,0,0,0,0,0,0,0.00,0.00,0.00,0.00,0.00,0.00,0.00,0.00,0.00,0.00,0.00,N/A
1801321200,Jan 30 2027 - 3:00pm,incomplete,N/A,Manchester City,Arsenal,N/A,23,0.00,0.00,0.00,0.00,0,0,0,0,0,0,"","",-1,-1,-1,-1,-1,-1,-1,-1,-1,-1,-1,-1,-1,-1,-1,-1,-1,-1,-1,-1,0.00,0.00,0.00,0.00,0.00,0,0,0,0,0,0,0,0,0,0.00,0.00,0.00,0.00,0.00,0.00,0.00,0.00,0.00,0.00,0.00,Etihad Stadium
1801321200,Jan 30 2027 - 3:00pm,incomplete,N/A,AFC Bournemouth,Fulham,N/A,23,0.00,0.00,0.00,0.00,0,0,0,0,0,0,"","",-1,-1,-1,-1,-1,-1,-1,-1,-1,-1,-1,-1,-1,-1,-1,-1,-1,-1,-1,-1,0.00,0.00,0.00,0.00,0.00,0,0,0,0,0,0,0,0,0,0.00,0.00,0.00,0.00,0.00,0.00,0.00,0.00,0.00,0.00,0.00,Vitality Stadium
1801321200,Jan 30 2027 - 3:00pm,incomplete,N/A,Hull City,Crystal Palace,N/A,23,0.00,0.00,0.00,0.00,0,0,0,0,0,0,"","",-1,-1,-1,-1,-1,-1,-1,-1,-1,-1,-1,-1,-1,-1,-1,-1,-1,-1,-1,-1,0.00,0.00,0.00,0.00,0.00,0,0,0,0,0,0,0,0,0,0.00,0.00,0.00,0.00,0.00,0.00,0.00,0.00,0.00,0.00,0.00,KCOM Stadium
1801321200,Jan 30 2027 - 3:00pm,incomplete,N/A,Chelsea,Nottingham Forest,N/A,23,0.00,0.00,0.00,0.00,0,0,0,0,0,0,"","",-1,-1,-1,-1,-1,-1,-1,-1,-1,-1,-1,-1,-1,-1,-1,-1,-1,-1,-1,-1,0.00,0.00,0.00,0.00,0.00,0,0,0,0,0,0,0,0,0,0.00,0.00,0.00,0.00,0.00,0.00,0.00,0.00,0.00,0.00,0.00,N/A
1801321200,Jan 30 2027 - 3:00pm,incomplete,N/A,Liverpool,Everton,N/A,23,0.00,0.00,0.00,0.00,0,0,0,0,0,0,"","",-1,-1,-1,-1,-1,-1,-1,-1,-1,-1,-1,-1,-1,-1,-1,-1,-1,-1,-1,-1,0.00,0.00,0.00,0.00,0.00,0,0,0,0,0,0,0,0,0,0.00,0.00,0.00,0.00,0.00,0.00,0.00,0.00,0.00,0.00,0.00,Anfield
1801321200,Jan 30 2027 - 3:00pm,incomplete,N/A,Aston Villa,Ipswich Town,N/A,23,0.00,0.00,0.00,0.00,0,0,0,0,0,0,"","",-1,-1,-1,-1,-1,-1,-1,-1,-1,-1,-1,-1,-1,-1,-1,-1,-1,-1,-1,-1,0.00,0.00,0.00,0.00,0.00,0,0,0,0,0,0,0,0,0,0.00,0.00,0.00,0.00,0.00,0.00,0.00,0.00,0.00,0.00,0.00,N/A
1801926000,Feb 06 2027 - 3:00pm,incomplete,N/A,Leeds United,AFC Bournemouth,N/A,24,0.00,0.00,0.00,0.00,0,0,0,0,0,0,"","",-1,-1,-1,-1,-1,-1,-1,-1,-1,-1,-1,-1,-1,-1,-1,-1,-1,-1,-1,-1,0.00,0.00,0.00,0.00,0.00,0,0,0,0,0,0,0,0,0,0.00,0.00,0.00,0.00,0.00,0.00,0.00,0.00,0.00,0.00,0.00,Elland Road
1801926000,Feb 06 2027 - 3:00pm,incomplete,N/A,Ipswich Town,Tottenham Hotspur,N/A,24,0.00,0.00,0.00,0.00,0,0,0,0,0,0,"","",-1,-1,-1,-1,-1,-1,-1,-1,-1,-1,-1,-1,-1,-1,-1,-1,-1,-1,-1,-1,0.00,0.00,0.00,0.00,0.00,0,0,0,0,0,0,0,0,0,0.00,0.00,0.00,0.00,0.00,0.00,0.00,0.00,0.00,0.00,0.00,Portman Road Stadium
1801926000,Feb 06 2027 - 3:00pm,incomplete,N/A,Brighton & Hove Albion,Hull City,N/A,24,0.00,0.00,0.00,0.00,0,0,0,0,0,0,"","",-1,-1,-1,-1,-1,-1,-1,-1,-1,-1,-1,-1,-1,-1,-1,-1,-1,-1,-1,-1,0.00,0.00,0.00,0.00,0.00,0,0,0,0,0,0,0,0,0,0.00,0.00,0.00,0.00,0.00,0.00,0.00,0.00,0.00,0.00,0.00,The American Express Community Stadium
1801926000,Feb 06 2027 - 3:00pm,incomplete,N/A,Nottingham Forest,Brentford,N/A,24,0.00,0.00,0.00,0.00,0,0,0,0,0,0,"","",-1,-1,-1,-1,-1,-1,-1,-1,-1,-1,-1,-1,-1,-1,-1,-1,-1,-1,-1,-1,0.00,0.00,0.00,0.00,0.00,0,0,0,0,0,0,0,0,0,0.00,0.00,0.00,0.00,0.00,0.00,0.00,0.00,0.00,0.00,0.00,The City Ground
1801926000,Feb 06 2027 - 3:00pm,incomplete,N/A,Everton,Newcastle United,N/A,24,0.00,0.00,0.00,0.00,0,0,0,0,0,0,"","",-1,-1,-1,-1,-1,-1,-1,-1,-1,-1,-1,-1,-1,-1,-1,-1,-1,-1,-1,-1,0.00,0.00,0.00,0.00,0.00,0,0,0,0,0,0,0,0,0,0.00,0.00,0.00,0.00,0.00,0.00,0.00,0.00,0.00,0.00,0.00,N/A
1801926000,Feb 06 2027 - 3:00pm,incomplete,N/A,Sunderland,Aston Villa,N/A,24,0.00,0.00,0.00,0.00,0,0,0,0,0,0,"","",-1,-1,-1,-1,-1,-1,-1,-1,-1,-1,-1,-1,-1,-1,-1,-1,-1,-1,-1,-1,0.00,0.00,0.00,0.00,0.00,0,0,0,0,0,0,0,0,0,0.00,0.00,0.00,0.00,0.00,0.00,0.00,0.00,0.00,0.00,0.00,Stadium of Light
1801926000,Feb 06 2027 - 3:00pm,incomplete,N/A,Crystal Palace,Coventry City,N/A,24,0.00,0.00,0.00,0.00,0,0,0,0,0,0,"","",-1,-1,-1,-1,-1,-1,-1,-1,-1,-1,-1,-1,-1,-1,-1,-1,-1,-1,-1,-1,0.00,0.00,0.00,0.00,0.00,0,0,0,0,0,0,0,0,0,0.00,0.00,0.00,0.00,0.00,0.00,0.00,0.00,0.00,0.00,0.00,Selhurst Park
1801926000,Feb 06 2027 - 3:00pm,incomplete,N/A,Fulham,Manchester City,N/A,24,0.00,0.00,0.00,0.00,0,0,0,0,0,0,"","",-1,-1,-1,-1,-1,-1,-1,-1,-1,-1,-1,-1,-1,-1,-1,-1,-1,-1,-1,-1,0.00,0.00,0.00,0.00,0.00,0,0,0,0,0,0,0,0,0,0.00,0.00,0.00,0.00,0.00,0.00,0.00,0.00,0.00,0.00,0.00,Craven Cottage
1801926000,Feb 06 2027 - 3:00pm,incomplete,N/A,Manchester United,Chelsea,N/A,24,0.00,0.00,0.00,0.00,0,0,0,0,0,0,"","",-1,-1,-1,-1,-1,-1,-1,-1,-1,-1,-1,-1,-1,-1,-1,-1,-1,-1,-1,-1,0.00,0.00,0.00,0.00,0.00,0,0,0,0,0,0,0,0,0,0.00,0.00,0.00,0.00,0.00,0.00,0.00,0.00,0.00,0.00,0.00,Old Trafford
1801926000,Feb 06 2027 - 3:00pm,incomplete,N/A,Arsenal,Liverpool,N/A,24,0.00,0.00,0.00,0.00,0,0,0,0,0,0,"","",-1,-1,-1,-1,-1,-1,-1,-1,-1,-1,-1,-1,-1,-1,-1,-1,-1,-1,-1,-1,0.00,0.00,0.00,0.00,0.00,0,0,0,0,0,0,0,0,0,0.00,0.00,0.00,0.00,0.00,0.00,0.00,0.00,0.00,0.00,0.00,Emirates Stadium
1802289600,Feb 10 2027 - 8:00pm,incomplete,N/A,Everton,Leeds United,N/A,25,0.00,0.00,0.00,0.00,0,0,0,0,0,0,"","",-1,-1,-1,-1,-1,-1,-1,-1,-1,-1,-1,-1,-1,-1,-1,-1,-1,-1,-1,-1,0.00,0.00,0.00,0.00,0.00,0,0,0,0,0,0,0,0,0,0.00,0.00,0.00,0.00,0.00,0.00,0.00,0.00,0.00,0.00,0.00,N/A
1802289600,Feb 10 2027 - 8:00pm,incomplete,N/A,Hull City,Sunderland,N/A,25,0.00,0.00,0.00,0.00,0,0,0,0,0,0,"","",-1,-1,-1,-1,-1,-1,-1,-1,-1,-1,-1,-1,-1,-1,-1,-1,-1,-1,-1,-1,0.00,0.00,0.00,0.00,0.00,0,0,0,0,0,0,0,0,0,0.00,0.00,0.00,0.00,0.00,0.00,0.00,0.00,0.00,0.00,0.00,KCOM Stadium
1802289600,Feb 10 2027 - 8:00pm,incomplete,N/A,Crystal Palace,Brentford,N/A,25,0.00,0.00,0.00,0.00,0,0,0,0,0,0,"","",-1,-1,-1,-1,-1,-1,-1,-1,-1,-1,-1,-1,-1,-1,-1,-1,-1,-1,-1,-1,0.00,0.00,0.00,0.00,0.00,0,0,0,0,0,0,0,0,0,0.00,0.00,0.00,0.00,0.00,0.00,0.00,0.00,0.00,0.00,0.00,Selhurst Park
1802289600,Feb 10 2027 - 8:00pm,incomplete,N/A,Manchester United,Brighton & Hove Albion,N/A,25,0.00,0.00,0.00,0.00,0,0,0,0,0,0,"","",-1,-1,-1,-1,-1,-1,-1,-1,-1,-1,-1,-1,-1,-1,-1,-1,-1,-1,-1,-1,0.00,0.00,0.00,0.00,0.00,0,0,0,0,0,0,0,0,0,0.00,0.00,0.00,0.00,0.00,0.00,0.00,0.00,0.00,0.00,0.00,Old Trafford
1802289600,Feb 10 2027 - 8:00pm,incomplete,N/A,Coventry City,Liverpool,N/A,25,0.00,0.00,0.00,0.00,0,0,0,0,0,0,"","",-1,-1,-1,-1,-1,-1,-1,-1,-1,-1,-1,-1,-1,-1,-1,-1,-1,-1,-1,-1,0.00,0.00,0.00,0.00,0.00,0,0,0,0,0,0,0,0,0,0.00,0.00,0.00,0.00,0.00,0.00,0.00,0.00,0.00,0.00,0.00,N/A
1802289600,Feb 10 2027 - 8:00pm,incomplete,N/A,Fulham,Nottingham Forest,N/A,25,0.00,0.00,0.00,0.00,0,0,0,0,0,0,"","",-1,-1,-1,-1,-1,-1,-1,-1,-1,-1,-1,-1,-1,-1,-1,-1,-1,-1,-1,-1,0.00,0.00,0.00,0.00,0.00,0,0,0,0,0,0,0,0,0,0.00,0.00,0.00,0.00,0.00,0.00,0.00,0.00,0.00,0.00,0.00,Craven Cottage
1802289600,Feb 10 2027 - 8:00pm,incomplete,N/A,Ipswich Town,Arsenal,N/A,25,0.00,0.00,0.00,0.00,0,0,0,0,0,0,"","",-1,-1,-1,-1,-1,-1,-1,-1,-1,-1,-1,-1,-1,-1,-1,-1,-1,-1,-1,-1,0.00,0.00,0.00,0.00,0.00,0,0,0,0,0,0,0,0,0,0.00,0.00,0.00,0.00,0.00,0.00,0.00,0.00,0.00,0.00,0.00,Portman Road Stadium
1802289600,Feb 10 2027 - 8:00pm,incomplete,N/A,Newcastle United,Chelsea,N/A,25,0.00,0.00,0.00,0.00,0,0,0,0,0,0,"","",-1,-1,-1,-1,-1,-1,-1,-1,-1,-1,-1,-1,-1,-1,-1,-1,-1,-1,-1,-1,0.00,0.00,0.00,0.00,0.00,0,0,0,0,0,0,0,0,0,0.00,0.00,0.00,0.00,0.00,0.00,0.00,0.00,0.00,0.00,0.00,N/A
1802289600,Feb 10 2027 - 8:00pm,incomplete,N/A,Tottenham Hotspur,Manchester City,N/A,25,0.00,0.00,0.00,0.00,0,0,0,0,0,0,"","",-1,-1,-1,-1,-1,-1,-1,-1,-1,-1,-1,-1,-1,-1,-1,-1,-1,-1,-1,-1,0.00,0.00,0.00,0.00,0.00,0,0,0,0,0,0,0,0,0,0.00,0.00,0.00,0.00,0.00,0.00,0.00,0.00,0.00,0.00,0.00,N/A
1802289600,Feb 10 2027 - 8:00pm,incomplete,N/A,Aston Villa,AFC Bournemouth,N/A,25,0.00,0.00,0.00,0.00,0,0,0,0,0,0,"","",-1,-1,-1,-1,-1,-1,-1,-1,-1,-1,-1,-1,-1,-1,-1,-1,-1,-1,-1,-1,0.00,0.00,0.00,0.00,0.00,0,0,0,0,0,0,0,0,0,0.00,0.00,0.00,0.00,0.00,0.00,0.00,0.00,0.00,0.00,0.00,N/A
1803135600,Feb 20 2027 - 3:00pm,incomplete,N/A,Sunderland,Everton,N/A,26,0.00,0.00,0.00,0.00,0,0,0,0,0,0,"","",-1,-1,-1,-1,-1,-1,-1,-1,-1,-1,-1,-1,-1,-1,-1,-1,-1,-1,-1,-1,0.00,0.00,0.00,0.00,0.00,0,0,0,0,0,0,0,0,0,0.00,0.00,0.00,0.00,0.00,0.00,0.00,0.00,0.00,0.00,0.00,Stadium of Light
1803135600,Feb 20 2027 - 3:00pm,incomplete,N/A,AFC Bournemouth,Crystal Palace,N/A,26,0.00,0.00,0.00,0.00,0,0,0,0,0,0,"","",-1,-1,-1,-1,-1,-1,-1,-1,-1,-1,-1,-1,-1,-1,-1,-1,-1,-1,-1,-1,0.00,0.00,0.00,0.00,0.00,0,0,0,0,0,0,0,0,0,0.00,0.00,0.00,0.00,0.00,0.00,0.00,0.00,0.00,0.00,0.00,Vitality Stadium
1803135600,Feb 20 2027 - 3:00pm,incomplete,N/A,Arsenal,Fulham,N/A,26,0.00,0.00,0.00,0.00,0,0,0,0,0,0,"","",-1,-1,-1,-1,-1,-1,-1,-1,-1,-1,-1,-1,-1,-1,-1,-1,-1,-1,-1,-1,0.00,0.00,0.00,0.00,0.00,0,0,0,0,0,0,0,0,0,0.00,0.00,0.00,0.00,0.00,0.00,0.00,0.00,0.00,0.00,0.00,Emirates Stadium
1803135600,Feb 20 2027 - 3:00pm,incomplete,N/A,Chelsea,Ipswich Town,N/A,26,0.00,0.00,0.00,0.00,0,0,0,0,0,0,"","",-1,-1,-1,-1,-1,-1,-1,-1,-1,-1,-1,-1,-1,-1,-1,-1,-1,-1,-1,-1,0.00,0.00,0.00,0.00,0.00,0,0,0,0,0,0,0,0,0,0.00,0.00,0.00,0.00,0.00,0.00,0.00,0.00,0.00,0.00,0.00,N/A
1803135600,Feb 20 2027 - 3:00pm,incomplete,N/A,Brentford,Coventry City,N/A,26,0.00,0.00,0.00,0.00,0,0,0,0,0,0,"","",-1,-1,-1,-1,-1,-1,-1,-1,-1,-1,-1,-1,-1,-1,-1,-1,-1,-1,-1,-1,0.00,0.00,0.00,0.00,0.00,0,0,0,0,0,0,0,0,0,0.00,0.00,0.00,0.00,0.00,0.00,0.00,0.00,0.00,0.00,0.00,N/A
1803135600,Feb 20 2027 - 3:00pm,incomplete,N/A,Leeds United,Aston Villa,N/A,26,0.00,0.00,0.00,0.00,0,0,0,0,0,0,"","",-1,-1,-1,-1,-1,-1,-1,-1,-1,-1,-1,-1,-1,-1,-1,-1,-1,-1,-1,-1,0.00,0.00,0.00,0.00,0.00,0,0,0,0,0,0,0,0,0,0.00,0.00,0.00,0.00,0.00,0.00,0.00,0.00,0.00,0.00,0.00,Elland Road
1803135600,Feb 20 2027 - 3:00pm,incomplete,N/A,Nottingham Forest,Manchester United,N/A,26,0.00,0.00,0.00,0.00,0,0,0,0,0,0,"","",-1,-1,-1,-1,-1,-1,-1,-1,-1,-1,-1,-1,-1,-1,-1,-1,-1,-1,-1,-1,0.00,0.00,0.00,0.00,0.00,0,0,0,0,0,0,0,0,0,0.00,0.00,0.00,0.00,0.00,0.00,0.00,0.00,0.00,0.00,0.00,The City Ground
1803135600,Feb 20 2027 - 3:00pm,incomplete,N/A,Manchester City,Newcastle United,N/A,26,0.00,0.00,0.00,0.00,0,0,0,0,0,0,"","",-1,-1,-1,-1,-1,-1,-1,-1,-1,-1,-1,-1,-1,-1,-1,-1,-1,-1,-1,-1,0.00,0.00,0.00,0.00,0.00,0,0,0,0,0,0,0,0,0,0.00,0.00,0.00,0.00,0.00,0.00,0.00,0.00,0.00,0.00,0.00,Etihad Stadium
1803135600,Feb 20 2027 - 3:00pm,incomplete,N/A,Brighton & Hove Albion,Tottenham Hotspur,N/A,26,0.00,0.00,0.00,0.00,0,0,0,0,0,0,"","",-1,-1,-1,-1,-1,-1,-1,-1,-1,-1,-1,-1,-1,-1,-1,-1,-1,-1,-1,-1,0.00,0.00,0.00,0.00,0.00,0,0,0,0,0,0,0,0,0,0.00,0.00,0.00,0.00,0.00,0.00,0.00,0.00,0.00,0.00,0.00,The American Express Community Stadium
1803135600,Feb 20 2027 - 3:00pm,incomplete,N/A,Liverpool,Hull City,N/A,26,0.00,0.00,0.00,0.00,0,0,0,0,0,0,"","",-1,-1,-1,-1,-1,-1,-1,-1,-1,-1,-1,-1,-1,-1,-1,-1,-1,-1,-1,-1,0.00,0.00,0.00,0.00,0.00,0,0,0,0,0,0,0,0,0,0.00,0.00,0.00,0.00,0.00,0.00,0.00,0.00,0.00,0.00,0.00,Anfield
1803740400,Feb 27 2027 - 3:00pm,incomplete,N/A,Hull City,Manchester City,N/A,27,0.00,0.00,0.00,0.00,0,0,0,0,0,0,"","",-1,-1,-1,-1,-1,-1,-1,-1,-1,-1,-1,-1,-1,-1,-1,-1,-1,-1,-1,-1,0.00,0.00,0.00,0.00,0.00,0,0,0,0,0,0,0,0,0,0.00,0.00,0.00,0.00,0.00,0.00,0.00,0.00,0.00,0.00,0.00,KCOM Stadium
1803740400,Feb 27 2027 - 3:00pm,incomplete,N/A,Fulham,Leeds United,N/A,27,0.00,0.00,0.00,0.00,0,0,0,0,0,0,"","",-1,-1,-1,-1,-1,-1,-1,-1,-1,-1,-1,-1,-1,-1,-1,-1,-1,-1,-1,-1,0.00,0.00,0.00,0.00,0.00,0,0,0,0,0,0,0,0,0,0.00,0.00,0.00,0.00,0.00,0.00,0.00,0.00,0.00,0.00,0.00,Craven Cottage
1803740400,Feb 27 2027 - 3:00pm,incomplete,N/A,Aston Villa,Chelsea,N/A,27,0.00,0.00,0.00,0.00,0,0,0,0,0,0,"","",-1,-1,-1,-1,-1,-1,-1,-1,-1,-1,-1,-1,-1,-1,-1,-1,-1,-1,-1,-1,0.00,0.00,0.00,0.00,0.00,0,0,0,0,0,0,0,0,0,0.00,0.00,0.00,0.00,0.00,0.00,0.00,0.00,0.00,0.00,0.00,N/A
1803740400,Feb 27 2027 - 3:00pm,incomplete,N/A,Manchester United,Arsenal,N/A,27,0.00,0.00,0.00,0.00,0,0,0,0,0,0,"","",-1,-1,-1,-1,-1,-1,-1,-1,-1,-1,-1,-1,-1,-1,-1,-1,-1,-1,-1,-1,0.00,0.00,0.00,0.00,0.00,0,0,0,0,0,0,0,0,0,0.00,0.00,0.00,0.00,0.00,0.00,0.00,0.00,0.00,0.00,0.00,Old Trafford
1803740400,Feb 27 2027 - 3:00pm,incomplete,N/A,Everton,Nottingham Forest,N/A,27,0.00,0.00,0.00,0.00,0,0,0,0,0,0,"","",-1,-1,-1,-1,-1,-1,-1,-1,-1,-1,-1,-1,-1,-1,-1,-1,-1,-1,-1,-1,0.00,0.00,0.00,0.00,0.00,0,0,0,0,0,0,0,0,0,0.00,0.00,0.00,0.00,0.00,0.00,0.00,0.00,0.00,0.00,0.00,N/A
1803740400,Feb 27 2027 - 3:00pm,incomplete,N/A,Newcastle United,Brentford,N/A,27,0.00,0.00,0.00,0.00,0,0,0,0,0,0,"","",-1,-1,-1,-1,-1,-1,-1,-1,-1,-1,-1,-1,-1,-1,-1,-1,-1,-1,-1,-1,0.00,0.00,0.00,0.00,0.00,0,0,0,0,0,0,0,0,0,0.00,0.00,0.00,0.00,0.00,0.00,0.00,0.00,0.00,0.00,0.00,N/A
1803740400,Feb 27 2027 - 3:00pm,incomplete,N/A,Tottenham Hotspur,Liverpool,N/A,27,0.00,0.00,0.00,0.00,0,0,0,0,0,0,"","",-1,-1,-1,-1,-1,-1,-1,-1,-1,-1,-1,-1,-1,-1,-1,-1,-1,-1,-1,-1,0.00,0.00,0.00,0.00,0.00,0,0,0,0,0,0,0,0,0,0.00,0.00,0.00,0.00,0.00,0.00,0.00,0.00,0.00,0.00,0.00,N/A
1803740400,Feb 27 2027 - 3:00pm,incomplete,N/A,Coventry City,AFC Bournemouth,N/A,27,0.00,0.00,0.00,0.00,0,0,0,0,0,0,"","",-1,-1,-1,-1,-1,-1,-1,-1,-1,-1,-1,-1,-1,-1,-1,-1,-1,-1,-1,-1,0.00,0.00,0.00,0.00,0.00,0,0,0,0,0,0,0,0,0,0.00,0.00,0.00,0.00,0.00,0.00,0.00,0.00,0.00,0.00,0.00,N/A
1803740400,Feb 27 2027 - 3:00pm,incomplete,N/A,Crystal Palace,Sunderland,N/A,27,0.00,0.00,0.00,0.00,0,0,0,0,0,0,"","",-1,-1,-1,-1,-1,-1,-1,-1,-1,-1,-1,-1,-1,-1,-1,-1,-1,-1,-1,-1,0.00,0.00,0.00,0.00,0.00,0,0,0,0,0,0,0,0,0,0.00,0.00,0.00,0.00,0.00,0.00,0.00,0.00,0.00,0.00,0.00,Selhurst Park
1803740400,Feb 27 2027 - 3:00pm,incomplete,N/A,Ipswich Town,Brighton & Hove Albion,N/A,27,0.00,0.00,0.00,0.00,0,0,0,0,0,0,"","",-1,-1,-1,-1,-1,-1,-1,-1,-1,-1,-1,-1,-1,-1,-1,-1,-1,-1,-1,-1,0.00,0.00,0.00,0.00,0.00,0,0,0,0,0,0,0,0,0,0.00,0.00,0.00,0.00,0.00,0.00,0.00,0.00,0.00,0.00,0.00,Portman Road Stadium
1804104000,Mar 03 2027 - 8:00pm,incomplete,N/A,Nottingham Forest,Newcastle United,N/A,28,0.00,0.00,0.00,0.00,0,0,0,0,0,0,"","",-1,-1,-1,-1,-1,-1,-1,-1,-1,-1,-1,-1,-1,-1,-1,-1,-1,-1,-1,-1,0.00,0.00,0.00,0.00,0.00,0,0,0,0,0,0,0,0,0,0.00,0.00,0.00,0.00,0.00,0.00,0.00,0.00,0.00,0.00,0.00,The City Ground
1804104000,Mar 03 2027 - 8:00pm,incomplete,N/A,Arsenal,Crystal Palace,N/A,28,0.00,0.00,0.00,0.00,0,0,0,0,0,0,"","",-1,-1,-1,-1,-1,-1,-1,-1,-1,-1,-1,-1,-1,-1,-1,-1,-1,-1,-1,-1,0.00,0.00,0.00,0.00,0.00,0,0,0,0,0,0,0,0,0,0.00,0.00,0.00,0.00,0.00,0.00,0.00,0.00,0.00,0.00,0.00,Emirates Stadium
1804104000,Mar 03 2027 - 8:00pm,incomplete,N/A,AFC Bournemouth,Tottenham Hotspur,N/A,28,0.00,0.00,0.00,0.00,0,0,0,0,0,0,"","",-1,-1,-1,-1,-1,-1,-1,-1,-1,-1,-1,-1,-1,-1,-1,-1,-1,-1,-1,-1,0.00,0.00,0.00,0.00,0.00,0,0,0,0,0,0,0,0,0,0.00,0.00,0.00,0.00,0.00,0.00,0.00,0.00,0.00,0.00,0.00,Vitality Stadium
1804104000,Mar 03 2027 - 8:00pm,incomplete,N/A,Manchester City,Everton,N/A,28,0.00,0.00,0.00,0.00,0,0,0,0,0,0,"","",-1,-1,-1,-1,-1,-1,-1,-1,-1,-1,-1,-1,-1,-1,-1,-1,-1,-1,-1,-1,0.00,0.00,0.00,0.00,0.00,0,0,0,0,0,0,0,0,0,0.00,0.00,0.00,0.00,0.00,0.00,0.00,0.00,0.00,0.00,0.00,Etihad Stadium
1804104000,Mar 03 2027 - 8:00pm,incomplete,N/A,Liverpool,Aston Villa,N/A,28,0.00,0.00,0.00,0.00,0,0,0,0,0,0,"","",-1,-1,-1,-1,-1,-1,-1,-1,-1,-1,-1,-1,-1,-1,-1,-1,-1,-1,-1,-1,0.00,0.00,0.00,0.00,0.00,0,0,0,0,0,0,0,0,0,0.00,0.00,0.00,0.00,0.00,0.00,0.00,0.00,0.00,0.00,0.00,Anfield
1804104000,Mar 03 2027 - 8:00pm,incomplete,N/A,Brighton & Hove Albion,Fulham,N/A,28,0.00,0.00,0.00,0.00,0,0,0,0,0,0,"","",-1,-1,-1,-1,-1,-1,-1,-1,-1,-1,-1,-1,-1,-1,-1,-1,-1,-1,-1,-1,0.00,0.00,0.00,0.00,0.00,0,0,0,0,0,0,0,0,0,0.00,0.00,0.00,0.00,0.00,0.00,0.00,0.00,0.00,0.00,0.00,The American Express Community Stadium
1804104000,Mar 03 2027 - 8:00pm,incomplete,N/A,Leeds United,Hull City,N/A,28,0.00,0.00,0.00,0.00,0,0,0,0,0,0,"","",-1,-1,-1,-1,-1,-1,-1,-1,-1,-1,-1,-1,-1,-1,-1,-1,-1,-1,-1,-1,0.00,0.00,0.00,0.00,0.00,0,0,0,0,0,0,0,0,0,0.00,0.00,0.00,0.00,0.00,0.00,0.00,0.00,0.00,0.00,0.00,Elland Road
1804104000,Mar 03 2027 - 8:00pm,incomplete,N/A,Chelsea,Coventry City,N/A,28,0.00,0.00,0.00,0.00,0,0,0,0,0,0,"","",-1,-1,-1,-1,-1,-1,-1,-1,-1,-1,-1,-1,-1,-1,-1,-1,-1,-1,-1,-1,0.00,0.00,0.00,0.00,0.00,0,0,0,0,0,0,0,0,0,0.00,0.00,0.00,0.00,0.00,0.00,0.00,0.00,0.00,0.00,0.00,N/A
1804104000,Mar 03 2027 - 8:00pm,incomplete,N/A,Brentford,Ipswich Town,N/A,28,0.00,0.00,0.00,0.00,0,0,0,0,0,0,"","",-1,-1,-1,-1,-1,-1,-1,-1,-1,-1,-1,-1,-1,-1,-1,-1,-1,-1,-1,-1,0.00,0.00,0.00,0.00,0.00,0,0,0,0,0,0,0,0,0,0.00,0.00,0.00,0.00,0.00,0.00,0.00,0.00,0.00,0.00,0.00,N/A
1804104000,Mar 03 2027 - 8:00pm,incomplete,N/A,Sunderland,Manchester United,N/A,28,0.00,0.00,0.00,0.00,0,0,0,0,0,0,"","",-1,-1,-1,-1,-1,-1,-1,-1,-1,-1,-1,-1,-1,-1,-1,-1,-1,-1,-1,-1,0.00,0.00,0.00,0.00,0.00,0,0,0,0,0,0,0,0,0,0.00,0.00,0.00,0.00,0.00,0.00,0.00,0.00,0.00,0.00,0.00,Stadium of Light
1804950000,Mar 13 2027 - 3:00pm,incomplete,N/A,Tottenham Hotspur,Nottingham Forest,N/A,29,0.00,0.00,0.00,0.00,0,0,0,0,0,0,"","",-1,-1,-1,-1,-1,-1,-1,-1,-1,-1,-1,-1,-1,-1,-1,-1,-1,-1,-1,-1,0.00,0.00,0.00,0.00,0.00,0,0,0,0,0,0,0,0,0,0.00,0.00,0.00,0.00,0.00,0.00,0.00,0.00,0.00,0.00,0.00,N/A
1804950000,Mar 13 2027 - 3:00pm,incomplete,N/A,Leeds United,Brighton & Hove Albion,N/A,29,0.00,0.00,0.00,0.00,0,0,0,0,0,0,"","",-1,-1,-1,-1,-1,-1,-1,-1,-1,-1,-1,-1,-1,-1,-1,-1,-1,-1,-1,-1,0.00,0.00,0.00,0.00,0.00,0,0,0,0,0,0,0,0,0,0.00,0.00,0.00,0.00,0.00,0.00,0.00,0.00,0.00,0.00,0.00,Elland Road
1804950000,Mar 13 2027 - 3:00pm,incomplete,N/A,Sunderland,Brentford,N/A,29,0.00,0.00,0.00,0.00,0,0,0,0,0,0,"","",-1,-1,-1,-1,-1,-1,-1,-1,-1,-1,-1,-1,-1,-1,-1,-1,-1,-1,-1,-1,0.00,0.00,0.00,0.00,0.00,0,0,0,0,0,0,0,0,0,0.00,0.00,0.00,0.00,0.00,0.00,0.00,0.00,0.00,0.00,0.00,Stadium of Light
1804950000,Mar 13 2027 - 3:00pm,incomplete,N/A,Manchester United,Everton,N/A,29,0.00,0.00,0.00,0.00,0,0,0,0,0,0,"","",-1,-1,-1,-1,-1,-1,-1,-1,-1,-1,-1,-1,-1,-1,-1,-1,-1,-1,-1,-1,0.00,0.00,0.00,0.00,0.00,0,0,0,0,0,0,0,0,0,0.00,0.00,0.00,0.00,0.00,0.00,0.00,0.00,0.00,0.00,0.00,Old Trafford
1804950000,Mar 13 2027 - 3:00pm,incomplete,N/A,AFC Bournemouth,Newcastle United,N/A,29,0.00,0.00,0.00,0.00,0,0,0,0,0,0,"","",-1,-1,-1,-1,-1,-1,-1,-1,-1,-1,-1,-1,-1,-1,-1,-1,-1,-1,-1,-1,0.00,0.00,0.00,0.00,0.00,0,0,0,0,0,0,0,0,0,0.00,0.00,0.00,0.00,0.00,0.00,0.00,0.00,0.00,0.00,0.00,Vitality Stadium
1804950000,Mar 13 2027 - 3:00pm,incomplete,N/A,Crystal Palace,Fulham,N/A,29,0.00,0.00,0.00,0.00,0,0,0,0,0,0,"","",-1,-1,-1,-1,-1,-1,-1,-1,-1,-1,-1,-1,-1,-1,-1,-1,-1,-1,-1,-1,0.00,0.00,0.00,0.00,0.00,0,0,0,0,0,0,0,0,0,0.00,0.00,0.00,0.00,0.00,0.00,0.00,0.00,0.00,0.00,0.00,Selhurst Park
1804950000,Mar 13 2027 - 3:00pm,incomplete,N/A,Aston Villa,Hull City,N/A,29,0.00,0.00,0.00,0.00,0,0,0,0,0,0,"","",-1,-1,-1,-1,-1,-1,-1,-1,-1,-1,-1,-1,-1,-1,-1,-1,-1,-1,-1,-1,0.00,0.00,0.00,0.00,0.00,0,0,0,0,0,0,0,0,0,0.00,0.00,0.00,0.00,0.00,0.00,0.00,0.00,0.00,0.00,0.00,N/A
1804950000,Mar 13 2027 - 3:00pm,incomplete,N/A,Chelsea,Arsenal,N/A,29,0.00,0.00,0.00,0.00,0,0,0,0,0,0,"","",-1,-1,-1,-1,-1,-1,-1,-1,-1,-1,-1,-1,-1,-1,-1,-1,-1,-1,-1,-1,0.00,0.00,0.00,0.00,0.00,0,0,0,0,0,0,0,0,0,0.00,0.00,0.00,0.00,0.00,0.00,0.00,0.00,0.00,0.00,0.00,N/A
1804950000,Mar 13 2027 - 3:00pm,incomplete,N/A,Coventry City,Manchester City,N/A,29,0.00,0.00,0.00,0.00,0,0,0,0,0,0,"","",-1,-1,-1,-1,-1,-1,-1,-1,-1,-1,-1,-1,-1,-1,-1,-1,-1,-1,-1,-1,0.00,0.00,0.00,0.00,0.00,0,0,0,0,0,0,0,0,0,0.00,0.00,0.00,0.00,0.00,0.00,0.00,0.00,0.00,0.00,0.00,N/A
1804950000,Mar 13 2027 - 3:00pm,incomplete,N/A,Liverpool,Ipswich Town,N/A,29,0.00,0.00,0.00,0.00,0,0,0,0,0,0,"","",-1,-1,-1,-1,-1,-1,-1,-1,-1,-1,-1,-1,-1,-1,-1,-1,-1,-1,-1,-1,0.00,0.00,0.00,0.00,0.00,0,0,0,0,0,0,0,0,0,0.00,0.00,0.00,0.00,0.00,0.00,0.00,0.00,0.00,0.00,0.00,Anfield
1805554800,Mar 20 2027 - 3:00pm,incomplete,N/A,Nottingham Forest,Aston Villa,N/A,30,0.00,0.00,0.00,0.00,0,0,0,0,0,0,"","",-1,-1,-1,-1,-1,-1,-1,-1,-1,-1,-1,-1,-1,-1,-1,-1,-1,-1,-1,-1,0.00,0.00,0.00,0.00,0.00,0,0,0,0,0,0,0,0,0,0.00,0.00,0.00,0.00,0.00,0.00,0.00,0.00,0.00,0.00,0.00,The City Ground
1805554800,Mar 20 2027 - 3:00pm,incomplete,N/A,Manchester City,Manchester United,N/A,30,0.00,0.00,0.00,0.00,0,0,0,0,0,0,"","",-1,-1,-1,-1,-1,-1,-1,-1,-1,-1,-1,-1,-1,-1,-1,-1,-1,-1,-1,-1,0.00,0.00,0.00,0.00,0.00,0,0,0,0,0,0,0,0,0,0.00,0.00,0.00,0.00,0.00,0.00,0.00,0.00,0.00,0.00,0.00,Etihad Stadium
1805554800,Mar 20 2027 - 3:00pm,incomplete,N/A,Ipswich Town,Crystal Palace,N/A,30,0.00,0.00,0.00,0.00,0,0,0,0,0,0,"","",-1,-1,-1,-1,-1,-1,-1,-1,-1,-1,-1,-1,-1,-1,-1,-1,-1,-1,-1,-1,0.00,0.00,0.00,0.00,0.00,0,0,0,0,0,0,0,0,0,0.00,0.00,0.00,0.00,0.00,0.00,0.00,0.00,0.00,0.00,0.00,Portman Road Stadium
1805554800,Mar 20 2027 - 3:00pm,incomplete,N/A,Arsenal,Sunderland,N/A,30,0.00,0.00,0.00,0.00,0,0,0,0,0,0,"","",-1,-1,-1,-1,-1,-1,-1,-1,-1,-1,-1,-1,-1,-1,-1,-1,-1,-1,-1,-1,0.00,0.00,0.00,0.00,0.00,0,0,0,0,0,0,0,0,0,0.00,0.00,0.00,0.00,0.00,0.00,0.00,0.00,0.00,0.00,0.00,Emirates Stadium
1805554800,Mar 20 2027 - 3:00pm,incomplete,N/A,Everton,Tottenham Hotspur,N/A,30,0.00,0.00,0.00,0.00,0,0,0,0,0,0,"","",-1,-1,-1,-1,-1,-1,-1,-1,-1,-1,-1,-1,-1,-1,-1,-1,-1,-1,-1,-1,0.00,0.00,0.00,0.00,0.00,0,0,0,0,0,0,0,0,0,0.00,0.00,0.00,0.00,0.00,0.00,0.00,0.00,0.00,0.00,0.00,N/A
1805554800,Mar 20 2027 - 3:00pm,incomplete,N/A,Brighton & Hove Albion,Coventry City,N/A,30,0.00,0.00,0.00,0.00,0,0,0,0,0,0,"","",-1,-1,-1,-1,-1,-1,-1,-1,-1,-1,-1,-1,-1,-1,-1,-1,-1,-1,-1,-1,0.00,0.00,0.00,0.00,0.00,0,0,0,0,0,0,0,0,0,0.00,0.00,0.00,0.00,0.00,0.00,0.00,0.00,0.00,0.00,0.00,The American Express Community Stadium
1805554800,Mar 20 2027 - 3:00pm,incomplete,N/A,Brentford,AFC Bournemouth,N/A,30,0.00,0.00,0.00,0.00,0,0,0,0,0,0,"","",-1,-1,-1,-1,-1,-1,-1,-1,-1,-1,-1,-1,-1,-1,-1,-1,-1,-1,-1,-1,0.00,0.00,0.00,0.00,0.00,0,0,0,0,0,0,0,0,0,0.00,0.00,0.00,0.00,0.00,0.00,0.00,0.00,0.00,0.00,0.00,N/A
1805554800,Mar 20 2027 - 3:00pm,incomplete,N/A,Newcastle United,Leeds United,N/A,30,0.00,0.00,0.00,0.00,0,0,0,0,0,0,"","",-1,-1,-1,-1,-1,-1,-1,-1,-1,-1,-1,-1,-1,-1,-1,-1,-1,-1,-1,-1,0.00,0.00,0.00,0.00,0.00,0,0,0,0,0,0,0,0,0,0.00,0.00,0.00,0.00,0.00,0.00,0.00,0.00,0.00,0.00,0.00,N/A
1805554800,Mar 20 2027 - 3:00pm,incomplete,N/A,Hull City,Chelsea,N/A,30,0.00,0.00,0.00,0.00,0,0,0,0,0,0,"","",-1,-1,-1,-1,-1,-1,-1,-1,-1,-1,-1,-1,-1,-1,-1,-1,-1,-1,-1,-1,0.00,0.00,0.00,0.00,0.00,0,0,0,0,0,0,0,0,0,0.00,0.00,0.00,0.00,0.00,0.00,0.00,0.00,0.00,0.00,0.00,KCOM Stadium
1805554800,Mar 20 2027 - 3:00pm,incomplete,N/A,Fulham,Liverpool,N/A,30,0.00,0.00,0.00,0.00,0,0,0,0,0,0,"","",-1,-1,-1,-1,-1,-1,-1,-1,-1,-1,-1,-1,-1,-1,-1,-1,-1,-1,-1,-1,0.00,0.00,0.00,0.00,0.00,0,0,0,0,0,0,0,0,0,0.00,0.00,0.00,0.00,0.00,0.00,0.00,0.00,0.00,0.00,0.00,Craven Cottage
1807365600,Apr 10 2027 - 2:00pm,incomplete,N/A,Tottenham Hotspur,Brentford,N/A,31,0.00,0.00,0.00,0.00,0,0,0,0,0,0,"","",-1,-1,-1,-1,-1,-1,-1,-1,-1,-1,-1,-1,-1,-1,-1,-1,-1,-1,-1,-1,0.00,0.00,0.00,0.00,0.00,0,0,0,0,0,0,0,0,0,0.00,0.00,0.00,0.00,0.00,0.00,0.00,0.00,0.00,0.00,0.00,N/A
1807365600,Apr 10 2027 - 2:00pm,incomplete,N/A,AFC Bournemouth,Manchester City,N/A,31,0.00,0.00,0.00,0.00,0,0,0,0,0,0,"","",-1,-1,-1,-1,-1,-1,-1,-1,-1,-1,-1,-1,-1,-1,-1,-1,-1,-1,-1,-1,0.00,0.00,0.00,0.00,0.00,0,0,0,0,0,0,0,0,0,0.00,0.00,0.00,0.00,0.00,0.00,0.00,0.00,0.00,0.00,0.00,Vitality Stadium
1807365600,Apr 10 2027 - 2:00pm,incomplete,N/A,Crystal Palace,Everton,N/A,31,0.00,0.00,0.00,0.00,0,0,0,0,0,0,"","",-1,-1,-1,-1,-1,-1,-1,-1,-1,-1,-1,-1,-1,-1,-1,-1,-1,-1,-1,-1,0.00,0.00,0.00,0.00,0.00,0,0,0,0,0,0,0,0,0,0.00,0.00,0.00,0.00,0.00,0.00,0.00,0.00,0.00,0.00,0.00,Selhurst Park
1807365600,Apr 10 2027 - 2:00pm,incomplete,N/A,Sunderland,Ipswich Town,N/A,31,0.00,0.00,0.00,0.00,0,0,0,0,0,0,"","",-1,-1,-1,-1,-1,-1,-1,-1,-1,-1,-1,-1,-1,-1,-1,-1,-1,-1,-1,-1,0.00,0.00,0.00,0.00,0.00,0,0,0,0,0,0,0,0,0,0.00,0.00,0.00,0.00,0.00,0.00,0.00,0.00,0.00,0.00,0.00,Stadium of Light
1807365600,Apr 10 2027 - 2:00pm,incomplete,N/A,Chelsea,Fulham,N/A,31,0.00,0.00,0.00,0.00,0,0,0,0,0,0,"","",-1,-1,-1,-1,-1,-1,-1,-1,-1,-1,-1,-1,-1,-1,-1,-1,-1,-1,-1,-1,0.00,0.00,0.00,0.00,0.00,0,0,0,0,0,0,0,0,0,0.00,0.00,0.00,0.00,0.00,0.00,0.00,0.00,0.00,0.00,0.00,N/A
1807365600,Apr 10 2027 - 2:00pm,incomplete,N/A,Liverpool,Newcastle United,N/A,31,0.00,0.00,0.00,0.00,0,0,0,0,0,0,"","",-1,-1,-1,-1,-1,-1,-1,-1,-1,-1,-1,-1,-1,-1,-1,-1,-1,-1,-1,-1,0.00,0.00,0.00,0.00,0.00,0,0,0,0,0,0,0,0,0,0.00,0.00,0.00,0.00,0.00,0.00,0.00,0.00,0.00,0.00,0.00,Anfield
1807365600,Apr 10 2027 - 2:00pm,incomplete,N/A,Coventry City,Arsenal,N/A,31,0.00,0.00,0.00,0.00,0,0,0,0,0,0,"","",-1,-1,-1,-1,-1,-1,-1,-1,-1,-1,-1,-1,-1,-1,-1,-1,-1,-1,-1,-1,0.00,0.00,0.00,0.00,0.00,0,0,0,0,0,0,0,0,0,0.00,0.00,0.00,0.00,0.00,0.00,0.00,0.00,0.00,0.00,0.00,N/A
1807365600,Apr 10 2027 - 2:00pm,incomplete,N/A,Manchester United,Hull City,N/A,31,0.00,0.00,0.00,0.00,0,0,0,0,0,0,"","",-1,-1,-1,-1,-1,-1,-1,-1,-1,-1,-1,-1,-1,-1,-1,-1,-1,-1,-1,-1,0.00,0.00,0.00,0.00,0.00,0,0,0,0,0,0,0,0,0,0.00,0.00,0.00,0.00,0.00,0.00,0.00,0.00,0.00,0.00,0.00,Old Trafford
1807365600,Apr 10 2027 - 2:00pm,incomplete,N/A,Aston Villa,Brighton & Hove Albion,N/A,31,0.00,0.00,0.00,0.00,0,0,0,0,0,0,"","",-1,-1,-1,-1,-1,-1,-1,-1,-1,-1,-1,-1,-1,-1,-1,-1,-1,-1,-1,-1,0.00,0.00,0.00,0.00,0.00,0,0,0,0,0,0,0,0,0,0.00,0.00,0.00,0.00,0.00,0.00,0.00,0.00,0.00,0.00,0.00,N/A
1807365600,Apr 10 2027 - 2:00pm,incomplete,N/A,Leeds United,Nottingham Forest,N/A,31,0.00,0.00,0.00,0.00,0,0,0,0,0,0,"","",-1,-1,-1,-1,-1,-1,-1,-1,-1,-1,-1,-1,-1,-1,-1,-1,-1,-1,-1,-1,0.00,0.00,0.00,0.00,0.00,0,0,0,0,0,0,0,0,0,0.00,0.00,0.00,0.00,0.00,0.00,0.00,0.00,0.00,0.00,0.00,Elland Road
1807970400,Apr 17 2027 - 2:00pm,incomplete,N/A,Fulham,Sunderland,N/A,32,0.00,0.00,0.00,0.00,0,0,0,0,0,0,"","",-1,-1,-1,-1,-1,-1,-1,-1,-1,-1,-1,-1,-1,-1,-1,-1,-1,-1,-1,-1,0.00,0.00,0.00,0.00,0.00,0,0,0,0,0,0,0,0,0,0.00,0.00,0.00,0.00,0.00,0.00,0.00,0.00,0.00,0.00,0.00,Craven Cottage
1807970400,Apr 17 2027 - 2:00pm,incomplete,N/A,Arsenal,Aston Villa,N/A,32,0.00,0.00,0.00,0.00,0,0,0,0,0,0,"","",-1,-1,-1,-1,-1,-1,-1,-1,-1,-1,-1,-1,-1,-1,-1,-1,-1,-1,-1,-1,0.00,0.00,0.00,0.00,0.00,0,0,0,0,0,0,0,0,0,0.00,0.00,0.00,0.00,0.00,0.00,0.00,0.00,0.00,0.00,0.00,Emirates Stadium
1807970400,Apr 17 2027 - 2:00pm,incomplete,N/A,Everton,AFC Bournemouth,N/A,32,0.00,0.00,0.00,0.00,0,0,0,0,0,0,"","",-1,-1,-1,-1,-1,-1,-1,-1,-1,-1,-1,-1,-1,-1,-1,-1,-1,-1,-1,-1,0.00,0.00,0.00,0.00,0.00,0,0,0,0,0,0,0,0,0,0.00,0.00,0.00,0.00,0.00,0.00,0.00,0.00,0.00,0.00,0.00,N/A
1807970400,Apr 17 2027 - 2:00pm,incomplete,N/A,Brighton & Hove Albion,Chelsea,N/A,32,0.00,0.00,0.00,0.00,0,0,0,0,0,0,"","",-1,-1,-1,-1,-1,-1,-1,-1,-1,-1,-1,-1,-1,-1,-1,-1,-1,-1,-1,-1,0.00,0.00,0.00,0.00,0.00,0,0,0,0,0,0,0,0,0,0.00,0.00,0.00,0.00,0.00,0.00,0.00,0.00,0.00,0.00,0.00,The American Express Community Stadium
1807970400,Apr 17 2027 - 2:00pm,incomplete,N/A,Brentford,Leeds United,N/A,32,0.00,0.00,0.00,0.00,0,0,0,0,0,0,"","",-1,-1,-1,-1,-1,-1,-1,-1,-1,-1,-1,-1,-1,-1,-1,-1,-1,-1,-1,-1,0.00,0.00,0.00,0.00,0.00,0,0,0,0,0,0,0,0,0,0.00,0.00,0.00,0.00,0.00,0.00,0.00,0.00,0.00,0.00,0.00,N/A
1807970400,Apr 17 2027 - 2:00pm,incomplete,N/A,Hull City,Coventry City,N/A,32,0.00,0.00,0.00,0.00,0,0,0,0,0,0,"","",-1,-1,-1,-1,-1,-1,-1,-1,-1,-1,-1,-1,-1,-1,-1,-1,-1,-1,-1,-1,0.00,0.00,0.00,0.00,0.00,0,0,0,0,0,0,0,0,0,0.00,0.00,0.00,0.00,0.00,0.00,0.00,0.00,0.00,0.00,0.00,KCOM Stadium
1807970400,Apr 17 2027 - 2:00pm,incomplete,N/A,Ipswich Town,Manchester United,N/A,32,0.00,0.00,0.00,0.00,0,0,0,0,0,0,"","",-1,-1,-1,-1,-1,-1,-1,-1,-1,-1,-1,-1,-1,-1,-1,-1,-1,-1,-1,-1,0.00,0.00,0.00,0.00,0.00,0,0,0,0,0,0,0,0,0,0.00,0.00,0.00,0.00,0.00,0.00,0.00,0.00,0.00,0.00,0.00,Portman Road Stadium
1807970400,Apr 17 2027 - 2:00pm,incomplete,N/A,Newcastle United,Tottenham Hotspur,N/A,32,0.00,0.00,0.00,0.00,0,0,0,0,0,0,"","",-1,-1,-1,-1,-1,-1,-1,-1,-1,-1,-1,-1,-1,-1,-1,-1,-1,-1,-1,-1,0.00,0.00,0.00,0.00,0.00,0,0,0,0,0,0,0,0,0,0.00,0.00,0.00,0.00,0.00,0.00,0.00,0.00,0.00,0.00,0.00,N/A
1807970400,Apr 17 2027 - 2:00pm,incomplete,N/A,Manchester City,Crystal Palace,N/A,32,0.00,0.00,0.00,0.00,0,0,0,0,0,0,"","",-1,-1,-1,-1,-1,-1,-1,-1,-1,-1,-1,-1,-1,-1,-1,-1,-1,-1,-1,-1,0.00,0.00,0.00,0.00,0.00,0,0,0,0,0,0,0,0,0,0.00,0.00,0.00,0.00,0.00,0.00,0.00,0.00,0.00,0.00,0.00,Etihad Stadium
1807970400,Apr 17 2027 - 2:00pm,incomplete,N/A,Nottingham Forest,Liverpool,N/A,32,0.00,0.00,0.00,0.00,0,0,0,0,0,0,"","",-1,-1,-1,-1,-1,-1,-1,-1,-1,-1,-1,-1,-1,-1,-1,-1,-1,-1,-1,-1,0.00,0.00,0.00,0.00,0.00,0,0,0,0,0,0,0,0,0,0.00,0.00,0.00,0.00,0.00,0.00,0.00,0.00,0.00,0.00,0.00,The City Ground
1808575200,Apr 24 2027 - 2:00pm,incomplete,N/A,Nottingham Forest,Sunderland,N/A,33,0.00,0.00,0.00,0.00,0,0,0,0,0,0,"","",-1,-1,-1,-1,-1,-1,-1,-1,-1,-1,-1,-1,-1,-1,-1,-1,-1,-1,-1,-1,0.00,0.00,0.00,0.00,0.00,0,0,0,0,0,0,0,0,0,0.00,0.00,0.00,0.00,0.00,0.00,0.00,0.00,0.00,0.00,0.00,The City Ground
1808575200,Apr 24 2027 - 2:00pm,incomplete,N/A,Chelsea,Manchester City,N/A,33,0.00,0.00,0.00,0.00,0,0,0,0,0,0,"","",-1,-1,-1,-1,-1,-1,-1,-1,-1,-1,-1,-1,-1,-1,-1,-1,-1,-1,-1,-1,0.00,0.00,0.00,0.00,0.00,0,0,0,0,0,0,0,0,0,0.00,0.00,0.00,0.00,0.00,0.00,0.00,0.00,0.00,0.00,0.00,N/A
1808575200,Apr 24 2027 - 2:00pm,incomplete,N/A,Leeds United,Liverpool,N/A,33,0.00,0.00,0.00,0.00,0,0,0,0,0,0,"","",-1,-1,-1,-1,-1,-1,-1,-1,-1,-1,-1,-1,-1,-1,-1,-1,-1,-1,-1,-1,0.00,0.00,0.00,0.00,0.00,0,0,0,0,0,0,0,0,0,0.00,0.00,0.00,0.00,0.00,0.00,0.00,0.00,0.00,0.00,0.00,Elland Road
1808575200,Apr 24 2027 - 2:00pm,incomplete,N/A,Newcastle United,Ipswich Town,N/A,33,0.00,0.00,0.00,0.00,0,0,0,0,0,0,"","",-1,-1,-1,-1,-1,-1,-1,-1,-1,-1,-1,-1,-1,-1,-1,-1,-1,-1,-1,-1,0.00,0.00,0.00,0.00,0.00,0,0,0,0,0,0,0,0,0,0.00,0.00,0.00,0.00,0.00,0.00,0.00,0.00,0.00,0.00,0.00,N/A
1808575200,Apr 24 2027 - 2:00pm,incomplete,N/A,AFC Bournemouth,Arsenal,N/A,33,0.00,0.00,0.00,0.00,0,0,0,0,0,0,"","",-1,-1,-1,-1,-1,-1,-1,-1,-1,-1,-1,-1,-1,-1,-1,-1,-1,-1,-1,-1,0.00,0.00,0.00,0.00,0.00,0,0,0,0,0,0,0,0,0,0.00,0.00,0.00,0.00,0.00,0.00,0.00,0.00,0.00,0.00,0.00,Vitality Stadium
1808575200,Apr 24 2027 - 2:00pm,incomplete,N/A,Brentford,Fulham,N/A,33,0.00,0.00,0.00,0.00,0,0,0,0,0,0,"","",-1,-1,-1,-1,-1,-1,-1,-1,-1,-1,-1,-1,-1,-1,-1,-1,-1,-1,-1,-1,0.00,0.00,0.00,0.00,0.00,0,0,0,0,0,0,0,0,0,0.00,0.00,0.00,0.00,0.00,0.00,0.00,0.00,0.00,0.00,0.00,N/A
1808575200,Apr 24 2027 - 2:00pm,incomplete,N/A,Aston Villa,Coventry City,N/A,33,0.00,0.00,0.00,0.00,0,0,0,0,0,0,"","",-1,-1,-1,-1,-1,-1,-1,-1,-1,-1,-1,-1,-1,-1,-1,-1,-1,-1,-1,-1,0.00,0.00,0.00,0.00,0.00,0,0,0,0,0,0,0,0,0,0.00,0.00,0.00,0.00,0.00,0.00,0.00,0.00,0.00,0.00,0.00,N/A
1808575200,Apr 24 2027 - 2:00pm,incomplete,N/A,Manchester United,Crystal Palace,N/A,33,0.00,0.00,0.00,0.00,0,0,0,0,0,0,"","",-1,-1,-1,-1,-1,-1,-1,-1,-1,-1,-1,-1,-1,-1,-1,-1,-1,-1,-1,-1,0.00,0.00,0.00,0.00,0.00,0,0,0,0,0,0,0,0,0,0.00,0.00,0.00,0.00,0.00,0.00,0.00,0.00,0.00,0.00,0.00,Old Trafford
1808575200,Apr 24 2027 - 2:00pm,incomplete,N/A,Everton,Brighton & Hove Albion,N/A,33,0.00,0.00,0.00,0.00,0,0,0,0,0,0,"","",-1,-1,-1,-1,-1,-1,-1,-1,-1,-1,-1,-1,-1,-1,-1,-1,-1,-1,-1,-1,0.00,0.00,0.00,0.00,0.00,0,0,0,0,0,0,0,0,0,0.00,0.00,0.00,0.00,0.00,0.00,0.00,0.00,0.00,0.00,0.00,N/A
1808575200,Apr 24 2027 - 2:00pm,incomplete,N/A,Tottenham Hotspur,Hull City,N/A,33,0.00,0.00,0.00,0.00,0,0,0,0,0,0,"","",-1,-1,-1,-1,-1,-1,-1,-1,-1,-1,-1,-1,-1,-1,-1,-1,-1,-1,-1,-1,0.00,0.00,0.00,0.00,0.00,0,0,0,0,0,0,0,0,0,0.00,0.00,0.00,0.00,0.00,0.00,0.00,0.00,0.00,0.00,0.00,N/A
1809180000,May 01 2027 - 2:00pm,incomplete,N/A,Liverpool,Chelsea,N/A,34,0.00,0.00,0.00,0.00,0,0,0,0,0,0,"","",-1,-1,-1,-1,-1,-1,-1,-1,-1,-1,-1,-1,-1,-1,-1,-1,-1,-1,-1,-1,0.00,0.00,0.00,0.00,0.00,0,0,0,0,0,0,0,0,0,0.00,0.00,0.00,0.00,0.00,0.00,0.00,0.00,0.00,0.00,0.00,Anfield
1809180000,May 01 2027 - 2:00pm,incomplete,N/A,Arsenal,Tottenham Hotspur,N/A,34,0.00,0.00,0.00,0.00,0,0,0,0,0,0,"","",-1,-1,-1,-1,-1,-1,-1,-1,-1,-1,-1,-1,-1,-1,-1,-1,-1,-1,-1,-1,0.00,0.00,0.00,0.00,0.00,0,0,0,0,0,0,0,0,0,0.00,0.00,0.00,0.00,0.00,0.00,0.00,0.00,0.00,0.00,0.00,Emirates Stadium
1809180000,May 01 2027 - 2:00pm,incomplete,N/A,Brighton & Hove Albion,Nottingham Forest,N/A,34,0.00,0.00,0.00,0.00,0,0,0,0,0,0,"","",-1,-1,-1,-1,-1,-1,-1,-1,-1,-1,-1,-1,-1,-1,-1,-1,-1,-1,-1,-1,0.00,0.00,0.00,0.00,0.00,0,0,0,0,0,0,0,0,0,0.00,0.00,0.00,0.00,0.00,0.00,0.00,0.00,0.00,0.00,0.00,The American Express Community Stadium
1809180000,May 01 2027 - 2:00pm,incomplete,N/A,Hull City,AFC Bournemouth,N/A,34,0.00,0.00,0.00,0.00,0,0,0,0,0,0,"","",-1,-1,-1,-1,-1,-1,-1,-1,-1,-1,-1,-1,-1,-1,-1,-1,-1,-1,-1,-1,0.00,0.00,0.00,0.00,0.00,0,0,0,0,0,0,0,0,0,0.00,0.00,0.00,0.00,0.00,0.00,0.00,0.00,0.00,0.00,0.00,KCOM Stadium
1809180000,May 01 2027 - 2:00pm,incomplete,N/A,Ipswich Town,Leeds United,N/A,34,0.00,0.00,0.00,0.00,0,0,0,0,0,0,"","",-1,-1,-1,-1,-1,-1,-1,-1,-1,-1,-1,-1,-1,-1,-1,-1,-1,-1,-1,-1,0.00,0.00,0.00,0.00,0.00,0,0,0,0,0,0,0,0,0,0.00,0.00,0.00,0.00,0.00,0.00,0.00,0.00,0.00,0.00,0.00,Portman Road Stadium
1809180000,May 01 2027 - 2:00pm,incomplete,N/A,Manchester City,Brentford,N/A,34,0.00,0.00,0.00,0.00,0,0,0,0,0,0,"","",-1,-1,-1,-1,-1,-1,-1,-1,-1,-1,-1,-1,-1,-1,-1,-1,-1,-1,-1,-1,0.00,0.00,0.00,0.00,0.00,0,0,0,0,0,0,0,0,0,0.00,0.00,0.00,0.00,0.00,0.00,0.00,0.00,0.00,0.00,0.00,Etihad Stadium
1809180000,May 01 2027 - 2:00pm,incomplete,N/A,Coventry City,Manchester United,N/A,34,0.00,0.00,0.00,0.00,0,0,0,0,0,0,"","",-1,-1,-1,-1,-1,-1,-1,-1,-1,-1,-1,-1,-1,-1,-1,-1,-1,-1,-1,-1,0.00,0.00,0.00,0.00,0.00,0,0,0,0,0,0,0,0,0,0.00,0.00,0.00,0.00,0.00,0.00,0.00,0.00,0.00,0.00,0.00,N/A
1809180000,May 01 2027 - 2:00pm,incomplete,N/A,Fulham,Everton,N/A,34,0.00,0.00,0.00,0.00,0,0,0,0,0,0,"","",-1,-1,-1,-1,-1,-1,-1,-1,-1,-1,-1,-1,-1,-1,-1,-1,-1,-1,-1,-1,0.00,0.00,0.00,0.00,0.00,0,0,0,0,0,0,0,0,0,0.00,0.00,0.00,0.00,0.00,0.00,0.00,0.00,0.00,0.00,0.00,Craven Cottage
1809180000,May 01 2027 - 2:00pm,incomplete,N/A,Crystal Palace,Aston Villa,N/A,34,0.00,0.00,0.00,0.00,0,0,0,0,0,0,"","",-1,-1,-1,-1,-1,-1,-1,-1,-1,-1,-1,-1,-1,-1,-1,-1,-1,-1,-1,-1,0.00,0.00,0.00,0.00,0.00,0,0,0,0,0,0,0,0,0,0.00,0.00,0.00,0.00,0.00,0.00,0.00,0.00,0.00,0.00,0.00,Selhurst Park
1809180000,May 01 2027 - 2:00pm,incomplete,N/A,Sunderland,Newcastle United,N/A,34,0.00,0.00,0.00,0.00,0,0,0,0,0,0,"","",-1,-1,-1,-1,-1,-1,-1,-1,-1,-1,-1,-1,-1,-1,-1,-1,-1,-1,-1,-1,0.00,0.00,0.00,0.00,0.00,0,0,0,0,0,0,0,0,0,0.00,0.00,0.00,0.00,0.00,0.00,0.00,0.00,0.00,0.00,0.00,Stadium of Light
1809784800,May 08 2027 - 2:00pm,incomplete,N/A,Brentford,Aston Villa,N/A,35,0.00,0.00,0.00,0.00,0,0,0,0,0,0,"","",-1,-1,-1,-1,-1,-1,-1,-1,-1,-1,-1,-1,-1,-1,-1,-1,-1,-1,-1,-1,0.00,0.00,0.00,0.00,0.00,0,0,0,0,0,0,0,0,0,0.00,0.00,0.00,0.00,0.00,0.00,0.00,0.00,0.00,0.00,0.00,N/A
1809784800,May 08 2027 - 2:00pm,incomplete,N/A,Newcastle United,Coventry City,N/A,35,0.00,0.00,0.00,0.00,0,0,0,0,0,0,"","",-1,-1,-1,-1,-1,-1,-1,-1,-1,-1,-1,-1,-1,-1,-1,-1,-1,-1,-1,-1,0.00,0.00,0.00,0.00,0.00,0,0,0,0,0,0,0,0,0,0.00,0.00,0.00,0.00,0.00,0.00,0.00,0.00,0.00,0.00,0.00,N/A
1809784800,May 08 2027 - 2:00pm,incomplete,N/A,Everton,Hull City,N/A,35,0.00,0.00,0.00,0.00,0,0,0,0,0,0,"","",-1,-1,-1,-1,-1,-1,-1,-1,-1,-1,-1,-1,-1,-1,-1,-1,-1,-1,-1,-1,0.00,0.00,0.00,0.00,0.00,0,0,0,0,0,0,0,0,0,0.00,0.00,0.00,0.00,0.00,0.00,0.00,0.00,0.00,0.00,0.00,N/A
1809784800,May 08 2027 - 2:00pm,incomplete,N/A,Leeds United,Arsenal,N/A,35,0.00,0.00,0.00,0.00,0,0,0,0,0,0,"","",-1,-1,-1,-1,-1,-1,-1,-1,-1,-1,-1,-1,-1,-1,-1,-1,-1,-1,-1,-1,0.00,0.00,0.00,0.00,0.00,0,0,0,0,0,0,0,0,0,0.00,0.00,0.00,0.00,0.00,0.00,0.00,0.00,0.00,0.00,0.00,Elland Road
1809784800,May 08 2027 - 2:00pm,incomplete,N/A,Brighton & Hove Albion,Sunderland,N/A,35,0.00,0.00,0.00,0.00,0,0,0,0,0,0,"","",-1,-1,-1,-1,-1,-1,-1,-1,-1,-1,-1,-1,-1,-1,-1,-1,-1,-1,-1,-1,0.00,0.00,0.00,0.00,0.00,0,0,0,0,0,0,0,0,0,0.00,0.00,0.00,0.00,0.00,0.00,0.00,0.00,0.00,0.00,0.00,The American Express Community Stadium
1809784800,May 08 2027 - 2:00pm,incomplete,N/A,AFC Bournemouth,Manchester United,N/A,35,0.00,0.00,0.00,0.00,0,0,0,0,0,0,"","",-1,-1,-1,-1,-1,-1,-1,-1,-1,-1,-1,-1,-1,-1,-1,-1,-1,-1,-1,-1,0.00,0.00,0.00,0.00,0.00,0,0,0,0,0,0,0,0,0,0.00,0.00,0.00,0.00,0.00,0.00,0.00,0.00,0.00,0.00,0.00,Vitality Stadium
1809784800,May 08 2027 - 2:00pm,incomplete,N/A,Nottingham Forest,Crystal Palace,N/A,35,0.00,0.00,0.00,0.00,0,0,0,0,0,0,"","",-1,-1,-1,-1,-1,-1,-1,-1,-1,-1,-1,-1,-1,-1,-1,-1,-1,-1,-1,-1,0.00,0.00,0.00,0.00,0.00,0,0,0,0,0,0,0,0,0,0.00,0.00,0.00,0.00,0.00,0.00,0.00,0.00,0.00,0.00,0.00,The City Ground
1809784800,May 08 2027 - 2:00pm,incomplete,N/A,Fulham,Ipswich Town,N/A,35,0.00,0.00,0.00,0.00,0,0,0,0,0,0,"","",-1,-1,-1,-1,-1,-1,-1,-1,-1,-1,-1,-1,-1,-1,-1,-1,-1,-1,-1,-1,0.00,0.00,0.00,0.00,0.00,0,0,0,0,0,0,0,0,0,0.00,0.00,0.00,0.00,0.00,0.00,0.00,0.00,0.00,0.00,0.00,Craven Cottage
1809784800,May 08 2027 - 2:00pm,incomplete,N/A,Tottenham Hotspur,Chelsea,N/A,35,0.00,0.00,0.00,0.00,0,0,0,0,0,0,"","",-1,-1,-1,-1,-1,-1,-1,-1,-1,-1,-1,-1,-1,-1,-1,-1,-1,-1,-1,-1,0.00,0.00,0.00,0.00,0.00,0,0,0,0,0,0,0,0,0,0.00,0.00,0.00,0.00,0.00,0.00,0.00,0.00,0.00,0.00,0.00,N/A
1809784800,May 08 2027 - 2:00pm,incomplete,N/A,Manchester City,Liverpool,N/A,35,0.00,0.00,0.00,0.00,0,0,0,0,0,0,"","",-1,-1,-1,-1,-1,-1,-1,-1,-1,-1,-1,-1,-1,-1,-1,-1,-1,-1,-1,-1,0.00,0.00,0.00,0.00,0.00,0,0,0,0,0,0,0,0,0,0.00,0.00,0.00,0.00,0.00,0.00,0.00,0.00,0.00,0.00,0.00,Etihad Stadium
1810389600,May 15 2027 - 2:00pm,incomplete,N/A,Coventry City,Tottenham Hotspur,N/A,36,0.00,0.00,0.00,0.00,0,0,0,0,0,0,"","",-1,-1,-1,-1,-1,-1,-1,-1,-1,-1,-1,-1,-1,-1,-1,-1,-1,-1,-1,-1,0.00,0.00,0.00,0.00,0.00,0,0,0,0,0,0,0,0,0,0.00,0.00,0.00,0.00,0.00,0.00,0.00,0.00,0.00,0.00,0.00,N/A
1810389600,May 15 2027 - 2:00pm,incomplete,N/A,Aston Villa,Newcastle United,N/A,36,0.00,0.00,0.00,0.00,0,0,0,0,0,0,"","",-1,-1,-1,-1,-1,-1,-1,-1,-1,-1,-1,-1,-1,-1,-1,-1,-1,-1,-1,-1,0.00,0.00,0.00,0.00,0.00,0,0,0,0,0,0,0,0,0,0.00,0.00,0.00,0.00,0.00,0.00,0.00,0.00,0.00,0.00,0.00,N/A
1810389600,May 15 2027 - 2:00pm,incomplete,N/A,Hull City,Fulham,N/A,36,0.00,0.00,0.00,0.00,0,0,0,0,0,0,"","",-1,-1,-1,-1,-1,-1,-1,-1,-1,-1,-1,-1,-1,-1,-1,-1,-1,-1,-1,-1,0.00,0.00,0.00,0.00,0.00,0,0,0,0,0,0,0,0,0,0.00,0.00,0.00,0.00,0.00,0.00,0.00,0.00,0.00,0.00,0.00,KCOM Stadium
1810389600,May 15 2027 - 2:00pm,incomplete,N/A,Sunderland,AFC Bournemouth,N/A,36,0.00,0.00,0.00,0.00,0,0,0,0,0,0,"","",-1,-1,-1,-1,-1,-1,-1,-1,-1,-1,-1,-1,-1,-1,-1,-1,-1,-1,-1,-1,0.00,0.00,0.00,0.00,0.00,0,0,0,0,0,0,0,0,0,0.00,0.00,0.00,0.00,0.00,0.00,0.00,0.00,0.00,0.00,0.00,Stadium of Light
1810389600,May 15 2027 - 2:00pm,incomplete,N/A,Liverpool,Brentford,N/A,36,0.00,0.00,0.00,0.00,0,0,0,0,0,0,"","",-1,-1,-1,-1,-1,-1,-1,-1,-1,-1,-1,-1,-1,-1,-1,-1,-1,-1,-1,-1,0.00,0.00,0.00,0.00,0.00,0,0,0,0,0,0,0,0,0,0.00,0.00,0.00,0.00,0.00,0.00,0.00,0.00,0.00,0.00,0.00,Anfield
1810389600,May 15 2027 - 2:00pm,incomplete,N/A,Arsenal,Nottingham Forest,N/A,36,0.00,0.00,0.00,0.00,0,0,0,0,0,0,"","",-1,-1,-1,-1,-1,-1,-1,-1,-1,-1,-1,-1,-1,-1,-1,-1,-1,-1,-1,-1,0.00,0.00,0.00,0.00,0.00,0,0,0,0,0,0,0,0,0,0.00,0.00,0.00,0.00,0.00,0.00,0.00,0.00,0.00,0.00,0.00,Emirates Stadium
1810389600,May 15 2027 - 2:00pm,incomplete,N/A,Ipswich Town,Manchester City,N/A,36,0.00,0.00,0.00,0.00,0,0,0,0,0,0,"","",-1,-1,-1,-1,-1,-1,-1,-1,-1,-1,-1,-1,-1,-1,-1,-1,-1,-1,-1,-1,0.00,0.00,0.00,0.00,0.00,0,0,0,0,0,0,0,0,0,0.00,0.00,0.00,0.00,0.00,0.00,0.00,0.00,0.00,0.00,0.00,Portman Road Stadium
1810389600,May 15 2027 - 2:00pm,incomplete,N/A,Chelsea,Everton,N/A,36,0.00,0.00,0.00,0.00,0,0,0,0,0,0,"","",-1,-1,-1,-1,-1,-1,-1,-1,-1,-1,-1,-1,-1,-1,-1,-1,-1,-1,-1,-1,0.00,0.00,0.00,0.00,0.00,0,0,0,0,0,0,0,0,0,0.00,0.00,0.00,0.00,0.00,0.00,0.00,0.00,0.00,0.00,0.00,N/A
1810389600,May 15 2027 - 2:00pm,incomplete,N/A,Crystal Palace,Brighton & Hove Albion,N/A,36,0.00,0.00,0.00,0.00,0,0,0,0,0,0,"","",-1,-1,-1,-1,-1,-1,-1,-1,-1,-1,-1,-1,-1,-1,-1,-1,-1,-1,-1,-1,0.00,0.00,0.00,0.00,0.00,0,0,0,0,0,0,0,0,0,0.00,0.00,0.00,0.00,0.00,0.00,0.00,0.00,0.00,0.00,0.00,Selhurst Park
1810389600,May 15 2027 - 2:00pm,incomplete,N/A,Manchester United,Leeds United,N/A,36,0.00,0.00,0.00,0.00,0,0,0,0,0,0,"","",-1,-1,-1,-1,-1,-1,-1,-1,-1,-1,-1,-1,-1,-1,-1,-1,-1,-1,-1,-1,0.00,0.00,0.00,0.00,0.00,0,0,0,0,0,0,0,0,0,0.00,0.00,0.00,0.00,0.00,0.00,0.00,0.00,0.00,0.00,0.00,Old Trafford
1811080800,May 23 2027 - 2:00pm,incomplete,N/A,Everton,Arsenal,N/A,37,0.00,0.00,0.00,0.00,0,0,0,0,0,0,"","",-1,-1,-1,-1,-1,-1,-1,-1,-1,-1,-1,-1,-1,-1,-1,-1,-1,-1,-1,-1,0.00,0.00,0.00,0.00,0.00,0,0,0,0,0,0,0,0,0,0.00,0.00,0.00,0.00,0.00,0.00,0.00,0.00,0.00,0.00,0.00,N/A
1811080800,May 23 2027 - 2:00pm,incomplete,N/A,Manchester City,Aston Villa,N/A,37,0.00,0.00,0.00,0.00,0,0,0,0,0,0,"","",-1,-1,-1,-1,-1,-1,-1,-1,-1,-1,-1,-1,-1,-1,-1,-1,-1,-1,-1,-1,0.00,0.00,0.00,0.00,0.00,0,0,0,0,0,0,0,0,0,0.00,0.00,0.00,0.00,0.00,0.00,0.00,0.00,0.00,0.00,0.00,Etihad Stadium
1811080800,May 23 2027 - 2:00pm,incomplete,N/A,Nottingham Forest,Ipswich Town,N/A,37,0.00,0.00,0.00,0.00,0,0,0,0,0,0,"","",-1,-1,-1,-1,-1,-1,-1,-1,-1,-1,-1,-1,-1,-1,-1,-1,-1,-1,-1,-1,0.00,0.00,0.00,0.00,0.00,0,0,0,0,0,0,0,0,0,0.00,0.00,0.00,0.00,0.00,0.00,0.00,0.00,0.00,0.00,0.00,The City Ground
1811080800,May 23 2027 - 2:00pm,incomplete,N/A,Leeds United,Sunderland,N/A,37,0.00,0.00,0.00,0.00,0,0,0,0,0,0,"","",-1,-1,-1,-1,-1,-1,-1,-1,-1,-1,-1,-1,-1,-1,-1,-1,-1,-1,-1,-1,0.00,0.00,0.00,0.00,0.00,0,0,0,0,0,0,0,0,0,0.00,0.00,0.00,0.00,0.00,0.00,0.00,0.00,0.00,0.00,0.00,Elland Road
1811080800,May 23 2027 - 2:00pm,incomplete,N/A,Newcastle United,Crystal Palace,N/A,37,0.00,0.00,0.00,0.00,0,0,0,0,0,0,"","",-1,-1,-1,-1,-1,-1,-1,-1,-1,-1,-1,-1,-1,-1,-1,-1,-1,-1,-1,-1,0.00,0.00,0.00,0.00,0.00,0,0,0,0,0,0,0,0,0,0.00,0.00,0.00,0.00,0.00,0.00,0.00,0.00,0.00,0.00,0.00,N/A
1811080800,May 23 2027 - 2:00pm,incomplete,N/A,Brighton & Hove Albion,Liverpool,N/A,37,0.00,0.00,0.00,0.00,0,0,0,0,0,0,"","",-1,-1,-1,-1,-1,-1,-1,-1,-1,-1,-1,-1,-1,-1,-1,-1,-1,-1,-1,-1,0.00,0.00,0.00,0.00,0.00,0,0,0,0,0,0,0,0,0,0.00,0.00,0.00,0.00,0.00,0.00,0.00,0.00,0.00,0.00,0.00,The American Express Community Stadium
1811080800,May 23 2027 - 2:00pm,incomplete,N/A,Tottenham Hotspur,Manchester United,N/A,37,0.00,0.00,0.00,0.00,0,0,0,0,0,0,"","",-1,-1,-1,-1,-1,-1,-1,-1,-1,-1,-1,-1,-1,-1,-1,-1,-1,-1,-1,-1,0.00,0.00,0.00,0.00,0.00,0,0,0,0,0,0,0,0,0,0.00,0.00,0.00,0.00,0.00,0.00,0.00,0.00,0.00,0.00,0.00,N/A
1811080800,May 23 2027 - 2:00pm,incomplete,N/A,AFC Bournemouth,Chelsea,N/A,37,0.00,0.00,0.00,0.00,0,0,0,0,0,0,"","",-1,-1,-1,-1,-1,-1,-1,-1,-1,-1,-1,-1,-1,-1,-1,-1,-1,-1,-1,-1,0.00,0.00,0.00,0.00,0.00,0,0,0,0,0,0,0,0,0,0.00,0.00,0.00,0.00,0.00,0.00,0.00,0.00,0.00,0.00,0.00,Vitality Stadium
1811080800,May 23 2027 - 2:00pm,incomplete,N/A,Brentford,Hull City,N/A,37,0.00,0.00,0.00,0.00,0,0,0,0,0,0,"","",-1,-1,-1,-1,-1,-1,-1,-1,-1,-1,-1,-1,-1,-1,-1,-1,-1,-1,-1,-1,0.00,0.00,0.00,0.00,0.00,0,0,0,0,0,0,0,0,0,0.00,0.00,0.00,0.00,0.00,0.00,0.00,0.00,0.00,0.00,0.00,N/A
1811080800,May 23 2027 - 2:00pm,incomplete,N/A,Fulham,Coventry City,N/A,37,0.00,0.00,0.00,0.00,0,0,0,0,0,0,"","",-1,-1,-1,-1,-1,-1,-1,-1,-1,-1,-1,-1,-1,-1,-1,-1,-1,-1,-1,-1,0.00,0.00,0.00,0.00,0.00,0,0,0,0,0,0,0,0,0,0.00,0.00,0.00,0.00,0.00,0.00,0.00,0.00,0.00,0.00,0.00,Craven Cottage
1811689200,May 30 2027 - 3:00pm,incomplete,N/A,Aston Villa,Tottenham Hotspur,N/A,38,0.00,0.00,0.00,0.00,0,0,0,0,0,0,"","",-1,-1,-1,-1,-1,-1,-1,-1,-1,-1,-1,-1,-1,-1,-1,-1,-1,-1,-1,-1,0.00,0.00,0.00,0.00,0.00,0,0,0,0,0,0,0,0,0,0.00,0.00,0.00,0.00,0.00,0.00,0.00,0.00,0.00,0.00,0.00,N/A
1811689200,May 30 2027 - 3:00pm,incomplete,N/A,Sunderland,Manchester City,N/A,38,0.00,0.00,0.00,0.00,0,0,0,0,0,0,"","",-1,-1,-1,-1,-1,-1,-1,-1,-1,-1,-1,-1,-1,-1,-1,-1,-1,-1,-1,-1,0.00,0.00,0.00,0.00,0.00,0,0,0,0,0,0,0,0,0,0.00,0.00,0.00,0.00,0.00,0.00,0.00,0.00,0.00,0.00,0.00,Stadium of Light
1811689200,May 30 2027 - 3:00pm,incomplete,N/A,Manchester United,Fulham,N/A,38,0.00,0.00,0.00,0.00,0,0,0,0,0,0,"","",-1,-1,-1,-1,-1,-1,-1,-1,-1,-1,-1,-1,-1,-1,-1,-1,-1,-1,-1,-1,0.00,0.00,0.00,0.00,0.00,0,0,0,0,0,0,0,0,0,0.00,0.00,0.00,0.00,0.00,0.00,0.00,0.00,0.00,0.00,0.00,Old Trafford
1811689200,May 30 2027 - 3:00pm,incomplete,N/A,Hull City,Newcastle United,N/A,38,0.00,0.00,0.00,0.00,0,0,0,0,0,0,"","",-1,-1,-1,-1,-1,-1,-1,-1,-1,-1,-1,-1,-1,-1,-1,-1,-1,-1,-1,-1,0.00,0.00,0.00,0.00,0.00,0,0,0,0,0,0,0,0,0,0.00,0.00,0.00,0.00,0.00,0.00,0.00,0.00,0.00,0.00,0.00,KCOM Stadium
1811689200,May 30 2027 - 3:00pm,incomplete,N/A,Chelsea,Brentford,N/A,38,0.00,0.00,0.00,0.00,0,0,0,0,0,0,"","",-1,-1,-1,-1,-1,-1,-1,-1,-1,-1,-1,-1,-1,-1,-1,-1,-1,-1,-1,-1,0.00,0.00,0.00,0.00,0.00,0,0,0,0,0,0,0,0,0,0.00,0.00,0.00,0.00,0.00,0.00,0.00,0.00,0.00,0.00,0.00,N/A
1811689200,May 30 2027 - 3:00pm,incomplete,N/A,Liverpool,AFC Bournemouth,N/A,38,0.00,0.00,0.00,0.00,0,0,0,0,0,0,"","",-1,-1,-1,-1,-1,-1,-1,-1,-1,-1,-1,-1,-1,-1,-1,-1,-1,-1,-1,-1,0.00,0.00,0.00,0.00,0.00,0,0,0,0,0,0,0,0,0,0.00,0.00,0.00,0.00,0.00,0.00,0.00,0.00,0.00,0.00,0.00,Anfield
1811689200,May 30 2027 - 3:00pm,incomplete,N/A,Coventry City,Nottingham Forest,N/A,38,0.00,0.00,0.00,0.00,0,0,0,0,0,0,"","",-1,-1,-1,-1,-1,-1,-1,-1,-1,-1,-1,-1,-1,-1,-1,-1,-1,-1,-1,-1,0.00,0.00,0.00,0.00,0.00,0,0,0,0,0,0,0,0,0,0.00,0.00,0.00,0.00,0.00,0.00,0.00,0.00,0.00,0.00,0.00,N/A
1811689200,May 30 2027 - 3:00pm,incomplete,N/A,Ipswich Town,Everton,N/A,38,0.00,0.00,0.00,0.00,0,0,0,0,0,0,"","",-1,-1,-1,-1,-1,-1,-1,-1,-1,-1,-1,-1,-1,-1,-1,-1,-1,-1,-1,-1,0.00,0.00,0.00,0.00,0.00,0,0,0,0,0,0,0,0,0,0.00,0.00,0.00,0.00,0.00,0.00,0.00,0.00,0.00,0.00,0.00,Portman Road Stadium
1811689200,May 30 2027 - 3:00pm,incomplete,N/A,Arsenal,Brighton & Hove Albion,N/A,38,0.00,0.00,0.00,0.00,0,0,0,0,0,0,"","",-1,-1,-1,-1,-1,-1,-1,-1,-1,-1,-1,-1,-1,-1,-1,-1,-1,-1,-1,-1,0.00,0.00,0.00,0.00,0.00,0,0,0,0,0,0,0,0,0,0.00,0.00,0.00,0.00,0.00,0.00,0.00,0.00,0.00,0.00,0.00,Emirates Stadium
1811689200,May 30 2027 - 3:00pm,incomplete,N/A,Crystal Palace,Leeds United,N/A,38,0.00,0.00,0.00,0.00,0,0,0,0,0,0,"","",-1,-1,-1,-1,-1,-1,-1,-1,-1,-1,-1,-1,-1,-1,-1,-1,-1,-1,-1,-1,0.00,0.00,0.00,0.00,0.00,0,0,0,0,0,0,0,0,0,0.00,0.00,0.00,0.00,0.00,0.00,0.00,0.00,0.00,0.00,0.00,Selhurst Park
