timestamp,date_GMT,status,attendance,home_team_name,away_team_name,referee,Game Week,Pre-Match PPG (Home),Pre-Match PPG (Away),home_ppg,away_ppg,home_team_goal_count,away_team_goal_count,total_goal_count,total_goals_at_half_time,home_team_goal_count_half_time,away_team_goal_count_half_time,home_team_goal_timings,away_team_goal_timings,home_team_corner_count,away_team_corner_count,home_team_yellow_cards,home_team_red_cards,away_team_yellow_cards,away_team_red_cards,home_team_first_half_cards,home_team_second_half_cards,away_team_first_half_cards,away_team_second_half_cards,home_team_shots,away_team_shots,home_team_shots_on_target,away_team_shots_on_target,home_team_shots_off_target,away_team_shots_off_target,home_team_fouls,away_team_fouls,home_team_possession,away_team_possession,Home Team Pre-Match xG,Away Team Pre-Match xG,team_a_xg,team_b_xg,average_goals_per_match_pre_match,btts_percentage_pre_match,over_15_percentage_pre_match,over_25_percentage_pre_match,over_35_percentage_pre_match,over_45_percentage_pre_match,over_15_HT_FHG_percentage_pre_match,over_05_HT_FHG_percentage_pre_match,over_15_2HG_percentage_pre_match,over_05_2HG_percentage_pre_match,average_corners_per_match_pre_match,average_cards_per_match_pre_match,odds_ft_home_team_win,odds_ft_draw,odds_ft_away_team_win,odds_ft_over15,odds_ft_over25,odds_ft_over35,odds_ft_over45,odds_btts_yes,odds_btts_no,stadium_name
1769112000,Jan 22 2026 - 8:00pm,complete,N/A,Aldosivi,Defensa y Justicia,Daniel Zamora,1,0.00,0.00,0.50,1.19,0,0,0,0,0,0,"","",4,4,4,0,0,0,1,3,0,0,9,10,3,2,6,8,18,6,45,55,0.00,0.00,1.11,1.04,0.00,0,0,0,0,0,0,0,0,0,0.00,0.00,2.40,3.05,3.05,1.48,2.25,5.00,11.00,2.05,1.67,Estadio José María Minella
1769122800,Jan 22 2026 - 11:00pm,complete,N/A,Unión Santa Fe,Platense,Pablo Echavarría,1,0.00,0.00,1.33,1.00,0,0,0,0,0,0,"","",3,4,2,0,1,0,1,1,1,0,19,12,3,5,16,7,11,7,52,48,0.00,0.00,1.62,1.34,0.00,0,0,0,0,0,0,0,0,0,0.00,0.00,2.10,2.80,3.95,1.72,3.10,5.70,15.00,2.58,1.50,Estadio 15 de Abril
1769122800,Jan 22 2026 - 11:00pm,complete,N/A,Banfield,Huracán,Bruno Amiconi,1,0.00,0.00,1.13,1.39,1,1,2,0,0,0,"47","84",4,2,3,1,4,1,1,3,1,4,14,11,4,4,10,7,8,14,38,62,0.00,0.00,1.33,1.19,0.00,0,0,0,0,0,0,0,0,0,0.00,0.00,2.84,2.71,2.95,1.79,3.12,6.50,11.00,2.30,1.53,N/A
1769130900,Jan 23 2026 - 1:15am,complete,N/A,Central Córdoba SdE,Gimnasia Mendoza,Hernán Mastrángelo,1,0.00,0.00,1.00,1.19,0,1,1,1,0,1,"","5",14,2,0,0,1,0,0,0,0,1,16,11,4,4,12,7,9,10,69,31,0.00,0.00,1.86,1.24,0.00,0,0,0,0,0,0,0,0,0,0.00,0.00,2.12,2.70,3.65,1.68,2.80,5.75,14.50,2.25,1.57,N/A
1769130900,Jan 23 2026 - 1:15am,complete,N/A,Instituto,Vélez Sarsfield,Andrés Merlos,1,0.00,0.00,1.31,1.65,0,1,1,0,0,0,"","90'1",4,2,3,0,5,0,0,3,1,4,13,7,5,3,8,4,10,15,47,53,0.00,0.00,1.58,0.91,0.00,0,0,0,0,0,0,0,0,0,0.00,0.00,2.78,2.78,2.88,1.66,3.00,6.53,11.00,2.24,1.57,N/A
1769205600,Jan 23 2026 - 10:00pm,complete,N/A,San Lorenzo,Lanús,Pablo Dóvalo,1,0.00,0.00,1.35,1.41,2,3,5,2,0,2,"53,86","24,73,30",6,8,1,0,4,0,0,1,2,2,17,13,4,6,13,7,14,20,59,41,0.00,0.00,1.84,1.61,0.00,0,0,0,0,0,0,0,0,0,0.00,0.00,2.73,2.47,3.16,1.75,3.20,7.50,18.00,2.45,1.44,N/A
1769209200,Jan 23 2026 - 11:00pm,complete,N/A,Independiente,Estudiantes,Nazareno Arasa,1,0.00,0.00,1.41,1.82,1,1,2,1,1,0,"45","46",10,5,2,1,4,0,1,2,3,1,13,11,3,2,10,9,9,10,40,60,0.00,0.00,1.37,0.97,0.00,0,0,0,0,0,0,0,0,0,0.00,0.00,2.40,2.77,3.39,1.50,2.87,0.00,0.00,2.25,1.57,Estadio Presidente Juan Domingo Perón
1769217300,Jan 24 2026 - 1:15am,complete,N/A,Independiente Rivadavia,Atlético Tucumán,Brian Ferreyra,1,0.00,0.00,2.00,0.88,2,1,3,2,1,1,"9,79","41",1,3,2,0,3,0,0,2,0,3,11,14,5,5,6,9,13,12,42,58,0.00,0.00,1.36,1.62,0.00,0,0,0,0,0,0,0,0,0,0.00,0.00,1.88,3.04,4.20,1.44,2.55,4.33,10.00,2.24,1.74,Estadio Juan Bautista Gargantini
1769217300,Jan 24 2026 - 1:15am,complete,N/A,Talleres Córdoba,Newell's Old Boys,Luis Lobo Medina,1,0.00,0.00,1.53,0.94,2,1,3,0,0,0,"58,86","90",11,4,1,0,1,1,0,1,0,2,17,10,6,3,11,7,8,10,72,28,0.00,0.00,1.85,1.08,0.00,0,0,0,0,0,0,0,0,0,0.00,0.00,1.83,3.25,4.64,1.55,2.51,5.48,10.00,2.25,1.57,Estadio Juan Domingo Perón
1769284800,Jan 24 2026 - 8:00pm,complete,N/A,Barracas Central,River Plate,Nicolás Ramírez,1,0.00,0.00,1.31,1.80,0,1,1,0,0,0,"","59",6,6,2,0,2,0,1,1,0,2,11,20,2,7,9,13,15,9,33,67,0.00,0.00,1.10,2.26,0.00,0,0,0,0,0,0,0,0,0,0.00,0.00,4.67,3.20,1.84,1.44,2.50,5.25,9.50,2.18,1.61,Estadio Claudio Chiqui Tapia
1769293800,Jan 24 2026 - 10:30pm,complete,N/A,Gimnasia La Plata,Racing Club,Leandro Rey Hilfer,1,0.00,0.00,1.61,1.33,2,1,3,1,1,0,"49,10","83",4,5,2,0,3,0,1,1,1,2,7,13,5,3,2,10,13,15,26,74,0.00,0.00,0.98,1.35,0.00,0,0,0,0,0,0,0,0,0,0.00,0.00,3.60,3.00,2.30,1.62,2.88,5.20,11.00,2.20,1.60,Estadio Juan Carmelo Zerillo
1769302800,Jan 25 2026 - 1:00am,complete,N/A,Rosario Central,Belgrano,N/A,1,0.00,0.00,1.79,1.80,1,2,3,1,1,0,"45'3","88,89",4,3,2,0,1,0,0,2,1,0,18,13,9,6,9,7,5,9,50,50,0.00,0.00,2.17,1.54,0.00,0,0,0,0,0,0,0,0,0,0.00,0.00,1.72,3.30,4.80,1.50,2.48,5.00,11.00,2.25,1.60,Estadio 15 de Abril
1769376600,Jan 25 2026 - 9:30pm,complete,N/A,Boca Juniors,Deportivo Riestra,Sebastían Zunino,1,0.00,0.00,1.76,0.69,1,0,1,0,0,0,"77","",12,1,1,0,5,0,0,1,2,3,19,6,3,1,16,5,9,19,79,21,0.00,0.00,1.93,0.74,0.00,0,0,0,0,0,0,0,0,0,0.00,0.00,1.61,3.60,6.50,1.53,2.91,6.00,11.00,2.64,1.42,Estadio Alberto José Armando
1769385600,Jan 26 2026 - 12:00am,complete,N/A,Tigre,Estudiantes Río Cuarto,Felipe Viola,1,0.00,0.00,1.25,0.31,2,0,2,0,0,0,"53,65","",3,6,3,0,3,0,2,1,0,3,11,9,3,2,8,7,16,9,52,48,0.00,0.00,1.18,1.15,0.00,0,0,0,0,0,0,0,0,0,0.00,0.00,1.83,2.78,4.40,1.54,2.64,6.13,13.00,2.28,1.56,Estadio José Dellagiovanna
1769385600,Jan 26 2026 - 12:00am,complete,N/A,Argentinos Juniors,Sarmiento,Carlos Gariano,1,0.00,0.00,1.89,1.19,1,0,1,0,0,0,"90'7","",9,2,3,0,6,1,2,1,2,5,24,2,11,1,13,1,7,19,70,30,0.00,0.00,2.85,0.51,0.00,0,0,0,0,0,0,0,0,0,0.00,0.00,1.33,3.80,8.50,1.38,2.20,4.20,8.60,2.28,1.45,Estadio Diego Armando Maradona
1769457600,Jan 26 2026 - 8:00pm,complete,N/A,Platense,Instituto,Bruno Amiconi,2,1.00,0.00,1.00,1.31,2,1,3,1,1,0,"29,75","73",3,2,2,0,2,0,0,2,0,2,10,10,5,5,5,5,12,13,45,55,1.34,1.58,1.32,1.39,0.50,0,0,0,0,0,0,0,0,50,8.00,4.00,2.62,2.65,3.35,1.80,3.60,6.65,17.00,2.70,1.45,Estadio Ciudad de Vicente López
1769546700,Jan 27 2026 - 8:45pm,complete,N/A,Vélez Sarsfield,Talleres Córdoba,Yael Falcón Pérez,2,3.00,3.00,1.65,1.53,2,1,3,1,0,1,"79,52","27",6,7,1,0,3,0,0,1,2,1,10,21,4,8,6,13,8,11,54,46,0.91,1.85,1.31,2.25,2.00,50,50,50,0,0,0,0,50,100,13.00,6.00,2.31,2.90,3.74,1.59,2.72,5.55,10.00,2.24,1.60,Estadio José Amalfitani
1769554800,Jan 27 2026 - 11:00pm,complete,N/A,Huracán,Independiente Rivadavia,Juan Pafundi,2,1.00,3.00,1.39,2.00,1,2,3,1,1,0,"39","65,53",2,5,2,0,4,0,2,0,3,1,9,8,2,6,7,2,14,14,61,39,1.19,1.36,0.91,1.08,2.50,100,100,50,0,0,50,50,50,100,3.00,8.00,2.09,2.70,4.20,1.68,2.89,6.25,15.00,2.40,1.50,Estadio Tomás Adolfo Ducó
1769554800,Jan 27 2026 - 11:00pm,complete,N/A,Gimnasia Mendoza,San Lorenzo,Ariel Penel,2,3.00,0.00,1.19,1.35,0,1,1,0,0,0,"","70",4,4,1,0,2,0,0,1,2,0,13,9,3,1,10,8,11,12,58,42,1.24,1.84,1.21,0.83,3.00,50,50,50,50,50,50,100,50,50,8.00,2.00,2.65,2.69,2.22,1.80,3.12,7.66,15.50,2.50,1.48,N/A
1769562900,Jan 28 2026 - 1:15am,complete,N/A,Atlético Tucumán,Central Córdoba SdE,Carlos Gariano,2,0.00,0.00,0.88,1.00,0,0,0,0,0,0,"","",5,2,3,0,5,0,2,1,2,3,21,3,5,2,16,1,18,13,63,37,1.62,1.86,2.20,0.64,2.00,50,50,50,0,0,50,100,0,50,17.00,3.00,2.20,3.10,3.60,1.43,2.21,4.60,7.20,1.88,1.82,Estadio Monumental Presidente José Fierro
1769562900,Jan 28 2026 - 1:15am,complete,N/A,Newell's Old Boys,Independiente,Daniel Zamora,2,0.00,1.00,0.94,1.41,1,1,2,1,0,1,"89","34",6,3,2,0,4,0,1,1,2,2,12,6,4,2,8,4,13,19,51,49,1.08,1.37,1.53,0.96,2.50,100,100,50,0,0,0,50,50,100,14.00,6.00,2.97,2.66,2.50,1.80,2.61,5.15,13.00,2.15,1.63,Estadio Marcelo Alberto Bielsa
1769630400,Jan 28 2026 - 8:00pm,complete,N/A,Aldosivi,Barracas Central,Luis Lobo Medina,2,1.00,0.00,0.50,1.31,0,0,0,0,0,0,"","",3,1,4,0,0,0,1,3,0,0,8,9,3,3,5,6,16,5,59,41,1.11,1.10,1.28,1.41,0.50,0,0,0,0,0,0,0,0,50,10.00,6.00,2.50,2.75,3.50,1.80,3.15,6.95,11.00,2.49,1.46,Estadio José María Minella
1769637600,Jan 28 2026 - 10:00pm,complete,N/A,Racing Club,Rosario Central,Fernando Echenique,2,0.00,0.00,1.33,1.79,1,2,3,3,1,2,"45'1","35,24",1,2,4,0,4,0,0,4,0,4,21,6,7,3,14,3,16,11,71,29,1.35,2.17,2.42,0.88,3.00,100,100,100,0,0,0,100,100,100,9.00,5.00,2.15,3.10,3.50,1.42,2.19,4.70,8.50,1.95,1.81,Estadio Presidente Juan Domingo Perón
1769641200,Jan 28 2026 - 11:00pm,complete,N/A,River Plate,Gimnasia La Plata,Pablo Dóvalo,2,3.00,3.00,1.80,1.61,2,0,2,1,1,0,"41,50","",6,4,2,1,2,2,0,3,3,1,17,3,8,1,9,2,12,11,71,29,2.26,0.98,1.90,0.33,2.00,50,50,50,0,0,0,50,50,100,10.00,4.00,1.51,4.00,7.03,1.36,2.20,3.90,7.40,2.26,1.57,Estadio Monumental Antonio Vespucio Liberti
1769649300,Jan 29 2026 - 1:15am,complete,N/A,Estudiantes,Boca Juniors,Pablo Echavarría,2,1.00,3.00,1.82,1.76,2,1,3,2,2,0,"28,39","81",5,7,2,0,1,0,0,2,0,1,12,10,7,3,5,7,13,8,34,66,0.97,1.93,1.56,1.33,1.50,50,50,0,0,0,0,50,0,100,17.00,5.00,3.08,2.73,2.70,1.55,3.10,0.00,0.00,0.00,0.00,N/A
1769716800,Jan 29 2026 - 8:00pm,complete,N/A,Deportivo Riestra,Defensa y Justicia,Hernán Mastrángelo,2,0.00,1.00,0.69,1.19,0,1,1,1,0,1,"","29",4,3,5,0,3,0,4,1,0,3,12,5,2,3,10,2,19,10,54,46,0.74,1.04,1.40,0.90,0.50,0,0,0,0,0,0,0,0,50,5.00,5.00,2.14,2.80,3.55,1.60,3.10,6.28,12.00,2.35,1.53,Estadio Guillermo Laza
1769724900,Jan 29 2026 - 10:15pm,complete,N/A,Belgrano,Tigre,Andrés Merlos,2,3.00,3.00,1.80,1.25,1,1,2,0,0,0,"83","62",7,1,2,0,1,0,0,2,0,1,12,6,1,3,11,3,6,8,60,40,1.54,1.18,1.27,0.82,2.50,50,100,50,0,0,0,50,100,100,6.00,4.00,1.90,2.82,4.35,1.55,2.80,5.05,12.50,2.26,1.57,Estadio Julio César Villagra
1769724900,Jan 29 2026 - 10:15pm,complete,N/A,Lanús,Unión Santa Fe,Fernando Echenique,2,3.00,1.00,1.41,1.33,2,1,3,1,1,0,"45'3,56","66",5,7,3,0,1,1,0,3,1,1,15,15,6,5,9,10,7,9,60,40,1.61,1.62,1.70,1.62,2.50,50,50,50,50,50,50,50,50,50,11.00,6.00,2.05,2.90,4.20,1.60,2.70,5.10,12.50,2.30,1.57,Estadio Ciudad de Lanús - Néstor Díaz Pérez
1769733000,Jan 30 2026 - 12:30am,complete,N/A,Sarmiento,Banfield,Sebastián Nicolás Martinez,2,0.00,1.00,1.19,1.13,1,0,1,1,1,0,"45'6","",9,2,4,0,2,1,1,3,1,2,23,9,9,2,14,7,13,17,61,39,0.51,1.33,2.50,1.04,1.50,50,50,0,0,0,0,0,50,100,6.00,11.00,3.50,2.62,2.30,1.68,2.83,5.70,11.00,2.30,1.55,Estadio Eva Perón de Junín
1769733000,Jan 30 2026 - 12:30am,complete,N/A,Estudiantes Río Cuarto,Argentinos Juniors,Jorge Baliño,2,0.00,3.00,0.31,1.89,0,0,0,0,0,0,"","",1,6,2,0,0,0,0,2,0,0,7,13,0,4,7,9,15,12,26,74,1.15,2.85,0.82,1.56,1.50,0,50,0,0,0,0,0,50,100,15.00,6.00,5.25,3.10,1.80,1.53,2.85,6.00,13.00,2.40,1.51,Estadio Ciudad de Río Cuarto
1769891400,Jan 31 2026 - 8:30pm,complete,N/A,San Lorenzo,Central Córdoba SdE,Fernando Echenique,3,1.50,0.50,1.35,1.00,1,0,1,0,0,0,"55","",7,4,2,0,4,0,2,0,1,3,11,8,1,3,10,5,12,17,53,47,1.34,1.25,1.24,1.12,1.75,25,25,25,25,25,25,50,25,50,13.00,4.00,1.88,2.84,5.47,1.68,2.94,5.95,15.00,2.62,1.43,N/A
1769899500,Jan 31 2026 - 10:45pm,complete,N/A,Independiente,Vélez Sarsfield,N/A,3,1.00,3.00,1.41,1.65,1,1,2,2,1,1,"32","31",3,6,1,0,1,0,0,1,1,0,13,12,4,5,9,7,9,14,54,46,1.17,1.11,1.40,1.43,2.00,75,75,25,0,0,0,75,25,100,10.50,7.00,2.10,2.95,3.90,1.53,2.88,5.50,12.00,2.31,1.61,Estadio Libertadores de América
1769907600,Feb 01 2026 - 1:00am,complete,N/A,Atlético Tucumán,Huracán,Felipe Viola,3,0.50,0.50,0.88,1.39,1,1,2,1,1,0,"45'6","66",6,5,2,0,4,0,0,2,1,3,11,9,4,1,7,8,9,15,48,52,1.91,1.05,1.41,1.01,2.00,75,75,50,0,0,25,50,50,75,6.00,7.00,2.60,2.73,3.20,1.57,3.10,6.00,12.50,2.49,1.54,Estadio Monumental Presidente José Fierro
1769907600,Feb 01 2026 - 1:00am,complete,N/A,Talleres Córdoba,Platense,N/A,3,1.50,2.00,1.53,1.00,1,2,3,1,0,1,"51","21,83",6,2,2,0,4,0,1,1,0,4,12,5,2,2,10,3,13,7,60,40,2.05,1.33,1.25,0.68,2.25,75,75,75,0,0,0,50,75,75,12.50,3.50,1.98,2.80,4.33,1.62,2.80,6.75,14.00,2.40,1.51,Estadio Juan Domingo Perón
1769976000,Feb 01 2026 - 8:00pm,complete,N/A,Barracas Central,Deportivo Riestra,Bruno Amiconi,3,0.50,0.00,1.31,0.69,1,1,2,1,0,1,"90'14","24",0,2,6,0,5,0,0,6,2,3,11,9,4,2,7,7,8,19,64,36,1.26,1.07,1.44,1.24,0.75,0,0,0,0,0,0,25,0,50,6.00,6.00,3.12,2.33,2.85,1.95,3.94,9.00,18.00,2.68,1.43,Estadio Claudio Chiqui Tapia
1769984100,Feb 01 2026 - 10:15pm,complete,N/A,Boca Juniors,Newell's Old Boys,Darío Herrera,3,1.50,0.50,1.76,0.94,2,0,2,1,1,0,"40,56","",2,1,3,0,3,0,2,1,3,0,8,6,5,1,3,5,15,23,60,40,1.63,1.30,1.14,0.65,2.25,75,75,50,0,0,25,50,25,100,14.50,3.00,1.55,3.90,6.50,1.37,2.39,4.15,8.30,2.25,1.55,Estadio Alberto José Armando
1769992200,Feb 02 2026 - 12:30am,complete,N/A,Rosario Central,River Plate,Facundo Tello Figueroa,3,1.50,3.00,1.79,1.80,0,0,0,0,0,0,"","",6,3,2,0,4,0,1,1,2,2,9,17,3,4,6,13,6,8,34,66,1.52,2.08,1.26,1.87,2.25,50,75,50,0,0,25,75,25,75,9.00,5.50,2.80,2.90,2.87,1.53,2.65,5.30,11.00,2.06,1.68,Estadio 15 de Abril
1770064200,Feb 02 2026 - 8:30pm,complete,N/A,Gimnasia La Plata,Aldosivi,Juan Pafundi,3,1.50,1.00,1.61,0.50,3,1,4,2,1,1,"14,81,85","41",1,3,1,0,2,0,0,1,1,1,14,13,6,1,8,12,13,17,50,50,0.66,1.20,1.68,1.35,1.25,25,50,25,0,0,0,50,25,50,7.50,8.00,2.20,2.77,4.36,1.62,3.10,5.45,13.50,2.35,1.62,Estadio Juan Carmelo Zerillo
1770072300,Feb 02 2026 - 10:45pm,complete,N/A,Defensa y Justicia,Estudiantes,Ariel Penel,3,2.00,2.00,1.19,1.82,0,0,0,0,0,0,"","",3,0,1,0,1,1,0,1,2,0,14,9,6,1,8,8,8,8,63,37,0.97,1.26,1.56,0.81,1.50,50,50,25,0,0,25,75,0,50,8.50,4.50,2.93,2.80,2.41,1.53,2.70,5.50,13.50,2.15,1.62,Estadio Norberto Tito Tomaghello
1770072300,Feb 02 2026 - 10:45pm,complete,N/A,Tigre,Racing Club,Pablo Echavarría,3,2.00,0.00,1.25,1.33,3,1,4,1,1,0,"45'4,85,89","80",5,7,0,0,4,0,0,0,1,3,13,12,8,3,5,9,10,13,33,67,1.00,1.89,1.56,1.20,2.50,75,100,50,0,0,25,50,75,75,5.00,5.50,3.50,2.85,2.33,1.62,3.01,6.00,13.00,2.17,1.53,Estadio José Dellagiovanna
1770080400,Feb 03 2026 - 1:00am,complete,N/A,Argentinos Juniors,Belgrano,Pablo Dóvalo,3,2.00,2.00,1.89,1.80,0,0,0,0,0,0,"","",5,1,0,0,0,0,0,0,0,0,17,12,6,5,11,7,6,7,60,40,2.21,1.41,2.14,1.55,1.50,50,50,25,0,0,0,25,50,75,12.50,3.00,1.54,3.25,5.70,1.48,2.30,4.60,8.10,2.20,1.60,Estadio Diego Armando Maradona
1770080400,Feb 03 2026 - 1:00am,complete,N/A,Unión Santa Fe,Gimnasia Mendoza,N/A,3,0.50,1.50,1.33,1.19,4,0,4,2,2,0,"4,41,79,84","",3,1,1,0,1,1,1,0,2,0,17,4,7,1,10,3,10,8,58,42,1.62,1.23,1.97,0.53,1.25,25,25,25,0,0,0,50,25,50,8.00,3.50,1.72,2.95,4.70,1.57,2.63,4.95,13.00,2.30,1.53,Estadio 15 de Abril
1770156000,Feb 03 2026 - 10:00pm,complete,N/A,Banfield,Estudiantes Río Cuarto,Sebastían Zunino,3,0.50,0.50,1.13,0.31,2,1,3,1,0,1,"57,88","14",4,2,2,0,2,0,0,2,0,2,14,15,4,5,10,10,7,13,57,43,1.18,0.99,1.56,1.80,1.25,25,50,0,0,0,0,25,50,50,6.50,6.50,1.90,2.90,3.95,1.61,2.87,5.25,12.00,2.38,1.53,N/A
1770164100,Feb 04 2026 - 12:15am,complete,N/A,Instituto,Lanús,Brian Ferreyra,3,0.00,3.00,1.31,1.41,2,2,4,1,1,0,"25,90'3","71,54",3,3,3,0,3,0,2,1,2,1,11,11,4,7,7,4,14,13,50,50,1.49,1.65,1.33,1.55,3.00,75,75,75,25,25,25,75,75,100,9.50,6.00,2.86,2.54,2.57,1.64,2.85,6.61,13.00,2.15,1.62,Estadio Presidente Juan Domingo Perón
1770164100,Feb 04 2026 - 12:15am,complete,N/A,Independiente Rivadavia,Sarmiento,Luis Lobo Medina,3,3.00,1.50,2.00,1.19,2,1,3,1,1,0,"21,52","69",4,1,0,0,3,0,0,0,3,0,19,16,8,7,11,9,6,8,41,59,1.22,1.51,2.16,1.89,2.00,50,50,50,0,0,25,75,25,75,8.50,8.50,1.64,3.25,4.15,1.58,2.57,5.50,13.00,2.38,1.50,Estadio Juan Bautista Gargantini
1770422400,Feb 07 2026 - 12:00am,complete,N/A,Central Córdoba SdE,Unión Santa Fe,Andrés Merlos,4,0.33,1.33,1.00,1.33,1,0,1,0,0,0,"76","",3,2,1,0,2,0,0,1,0,2,9,16,3,2,6,14,11,16,49,51,1.21,1.74,1.23,1.56,1.50,17,34,34,17,0,17,50,34,50,11.00,5.00,3.16,2.77,2.56,1.62,3.10,6.87,13.50,2.33,1.54,N/A
1770494400,Feb 07 2026 - 8:00pm,complete,N/A,Aldosivi,Rosario Central,Fernando Espinoza,4,0.67,1.33,0.50,1.79,1,1,2,1,0,1,"87","4",7,4,3,0,1,0,1,2,1,0,15,10,4,4,11,6,20,10,38,62,1.25,1.43,1.69,1.32,1.67,50,50,50,17,0,33,50,33,33,7.33,6.00,4.00,2.90,2.20,1.70,3.40,6.50,15.00,2.45,1.45,Estadio José María Minella
1770498000,Feb 07 2026 - 9:00pm,complete,N/A,Racing Club,Argentinos Juniors,Hernán Mastrángelo,4,0.00,1.67,1.33,1.89,2,1,3,2,2,0,"20,44","47",4,7,3,0,3,0,2,1,1,2,14,12,3,5,11,7,16,14,49,51,1.66,2.19,1.55,1.55,1.83,50,50,50,17,0,17,50,34,50,11.00,4.67,2.62,3.00,3.04,1.44,2.34,5.05,9.00,2.00,1.75,Estadio Presidente Juan Domingo Perón
1770505200,Feb 07 2026 - 11:00pm,complete,N/A,River Plate,Tigre,Sebastían Zunino,4,2.33,2.33,1.80,1.25,1,4,5,2,0,2,"89","6,16,49,68",7,2,2,1,4,0,0,3,0,4,17,11,5,6,12,5,9,13,71,29,2.01,1.19,1.76,1.24,1.84,34,67,17,17,0,0,33,50,84,8.00,4.33,1.57,3.65,6.00,1.38,2.35,4.67,8.10,2.30,1.57,Estadio Monumental Antonio Vespucio Liberti
1770513300,Feb 08 2026 - 1:15am,complete,N/A,Belgrano,Banfield,Sebastián Nicolás Martinez,4,1.67,1.33,1.80,1.13,1,0,1,0,0,0,"54","",11,1,4,0,2,0,0,4,1,1,16,6,7,3,9,3,17,9,63,37,1.45,1.31,1.98,0.88,1.84,67,67,33,0,0,0,50,67,67,7.00,4.33,1.95,3.25,4.20,1.44,2.25,3.95,7.70,1.95,1.75,Estadio Julio César Villagra
1770513300,Feb 08 2026 - 1:15am,complete,N/A,Newell's Old Boys,Defensa y Justicia,Felipe Viola,4,0.33,1.67,0.94,1.19,2,3,5,2,0,2,"76,90'7","31,45'4,63",7,1,4,0,1,0,2,2,0,1,23,4,7,3,16,1,15,14,58,42,1.09,1.17,2.52,0.68,1.33,34,50,17,0,0,0,50,17,50,7.00,3.66,2.03,2.91,4.04,1.60,2.94,6.00,12.50,2.25,1.57,Estadio Marcelo Alberto Bielsa
1770580800,Feb 08 2026 - 8:00pm,complete,N/A,Sarmiento,Atlético Tucumán,Ariel Penel,4,1.00,0.67,1.19,0.88,2,1,3,2,2,0,"19,36","71",3,4,3,0,5,1,2,1,3,3,12,5,6,3,6,2,18,14,49,51,1.63,1.74,1.59,1.07,1.67,50,50,33,0,0,17,67,17,67,8.67,7.34,2.70,2.88,2.78,1.56,2.50,5.00,11.00,2.10,1.67,Estadio Eva Perón de Junín
1770580800,Feb 08 2026 - 8:00pm,complete,N/A,Platense,Independiente,Pablo Dóvalo,4,2.33,1.00,1.00,1.41,0,1,1,0,0,0,"","64",4,1,0,0,4,0,0,0,0,4,5,10,1,5,4,5,12,9,51,49,1.11,1.25,0.76,1.35,2.00,84,84,34,0,0,17,84,34,67,8.33,5.33,3.12,2.75,2.70,1.74,3.08,6.25,19.00,2.40,1.50,Estadio Ciudad de Vicente López
1770588900,Feb 08 2026 - 10:15pm,complete,N/A,Huracán,San Lorenzo,Yael Falcón Pérez,4,0.67,2.00,1.39,1.35,1,0,1,0,0,0,"50","",1,2,2,0,5,0,1,1,1,4,8,5,3,0,5,5,17,22,48,52,1.04,1.30,1.16,0.65,2.33,67,67,33,17,17,17,50,50,100,8.67,5.67,2.60,2.50,3.56,2.01,4.20,7.90,23.00,2.70,1.40,Estadio Tomás Adolfo Ducó
1770599700,Feb 09 2026 - 1:15am,complete,N/A,Vélez Sarsfield,Boca Juniors,Nazareno Arasa,4,2.33,2.00,1.65,1.76,2,1,3,0,0,0,"66,63","90",2,7,0,0,1,0,0,0,0,1,15,9,4,3,11,6,10,8,50,50,1.22,1.46,1.63,1.19,2.00,50,67,33,0,0,33,67,17,84,11.67,4.00,3.15,2.73,2.32,1.62,2.72,6.50,15.00,2.25,1.57,Estadio José Amalfitani
1770599700,Feb 09 2026 - 1:15am,complete,N/A,Gimnasia Mendoza,Instituto,Luis Lobo Medina,4,1.00,0.33,1.19,1.31,1,0,1,0,0,0,"73","",4,7,1,0,1,0,1,0,1,0,12,11,5,5,7,6,11,8,46,54,0.99,1.43,1.51,1.50,2.34,34,50,50,33,0,17,67,50,84,5.33,4.34,3.00,2.80,2.65,1.68,3.00,7.36,11.00,2.35,1.55,N/A
1770667200,Feb 09 2026 - 8:00pm,complete,N/A,Barracas Central,Gimnasia La Plata,Darío Herrera,4,0.67,2.00,1.31,1.61,2,0,2,1,1,0,"35,61","",2,7,2,0,3,0,1,1,2,1,13,12,6,4,7,8,17,10,34,66,1.32,1.00,1.51,1.56,2.00,50,67,34,17,0,17,67,34,84,5.33,5.67,2.80,2.76,2.95,1.70,3.00,6.00,14.00,2.30,1.53,Estadio Claudio Chiqui Tapia
1770675300,Feb 09 2026 - 10:15pm,complete,N/A,Estudiantes,Deportivo Riestra,Facundo Tello Figueroa,4,1.67,0.33,1.82,0.69,1,0,1,0,0,0,"75","",4,5,1,0,5,0,1,0,2,3,16,8,6,3,10,5,7,22,72,28,1.11,1.13,1.96,0.99,1.50,50,50,17,0,0,17,67,0,67,5.66,7.67,1.92,2.90,5.00,1.80,3.25,6.60,15.50,2.75,1.45,N/A
1770675300,Feb 09 2026 - 10:15pm,complete,N/A,Lanús,Talleres Córdoba,Nicolás Lamolina,4,2.33,1.00,1.41,1.53,1,1,2,0,0,0,"90'3","90'1",0,3,1,0,1,0,0,1,1,0,9,12,4,5,5,7,12,12,45,55,1.62,1.78,1.14,1.54,3.50,100,100,100,34,17,17,84,100,100,13.33,5.33,2.02,3.05,3.85,1.44,2.45,5.44,11.00,2.15,1.62,Estadio Ciudad de Lanús - Néstor Díaz Pérez
1770683400,Feb 10 2026 - 12:30am,complete,N/A,Estudiantes Río Cuarto,Independiente Rivadavia,N/A,4,0.33,3.00,0.31,2.00,0,1,1,0,0,0,"","69",3,4,3,0,1,0,1,2,0,1,12,15,0,3,12,12,11,7,49,51,1.26,1.53,1.15,1.53,2.34,67,84,67,0,0,17,67,67,84,6.33,4.33,3.50,2.75,2.45,1.74,3.10,6.90,19.00,2.49,1.44,Estadio Ciudad de Río Cuarto
1770933600,Feb 12 2026 - 10:00pm,complete,N/A,Tigre,Aldosivi,Brian Ferreyra,5,2.50,0.75,1.25,0.50,1,0,1,1,1,0,"12","",7,4,3,0,2,0,0,3,1,1,14,10,6,0,8,10,9,17,44,56,1.20,1.36,1.75,1.09,2.38,63,75,38,38,13,25,50,63,75,7.00,5.25,1.75,3.20,5.20,1.62,2.80,6.19,13.00,2.40,1.50,Estadio José Dellagiovanna
1770941700,Feb 13 2026 - 12:15am,complete,N/A,Argentinos Juniors,River Plate,Andrés Merlos,5,1.25,1.75,1.89,1.80,1,0,1,1,1,0,"35","",1,1,0,0,4,0,0,0,2,2,14,9,5,1,9,8,9,16,48,52,2.03,1.95,1.73,0.99,1.50,25,38,25,13,13,25,38,13,63,12.25,4.75,2.15,2.70,3.35,1.54,2.48,4.90,11.00,2.11,1.73,Estadio Diego Armando Maradona
1771023600,Feb 13 2026 - 11:00pm,complete,N/A,Independiente,Lanús,Facundo Tello Figueroa,5,1.50,2.00,1.41,1.41,2,0,2,0,0,0,"57,63","",7,1,4,1,2,0,1,4,2,0,17,5,3,0,14,5,18,11,50,50,1.27,1.50,1.62,0.42,2.63,88,88,38,25,13,25,75,50,88,8.25,6.00,2.10,3.00,4.20,1.53,2.63,5.50,13.00,2.22,1.59,Estadio Libertadores de América
1771031700,Feb 14 2026 - 1:15am,complete,N/A,Unión Santa Fe,San Lorenzo,Ariel Penel,5,1.00,1.50,1.33,1.35,0,0,0,0,0,0,"","",6,1,0,0,3,0,0,0,1,2,23,5,6,3,17,2,10,14,54,46,1.69,1.14,2.36,0.77,2.00,25,38,38,25,13,25,38,38,88,8.50,4.50,2.11,2.53,4.26,1.78,3.20,7.30,17.00,2.40,1.50,Estadio 15 de Abril
1771031700,Feb 14 2026 - 1:15am,complete,N/A,Defensa y Justicia,Vélez Sarsfield,Fernando Echenique,5,2.00,2.50,1.19,1.65,1,1,2,1,1,0,"14","60",5,1,2,0,2,0,0,2,1,1,6,12,2,2,4,10,12,9,34,66,1.05,1.32,0.79,1.54,1.88,50,50,38,13,13,25,50,38,50,6.75,3.00,3.65,2.75,2.14,1.57,2.75,5.75,12.00,2.15,1.62,Estadio Norberto Tito Tomaghello
1771101000,Feb 14 2026 - 8:30pm,complete,N/A,Banfield,Racing Club,Pablo Dóvalo,5,1.00,0.75,1.13,1.33,0,2,2,2,0,2,"","27,45'1",8,3,1,0,5,0,1,0,1,4,11,11,2,5,9,6,6,14,43,57,1.20,1.63,1.46,1.40,2.50,75,75,63,13,0,25,75,50,75,7.00,6.50,3.45,2.88,2.19,1.44,2.40,4.25,7.80,1.99,1.75,N/A
1771109100,Feb 14 2026 - 10:45pm,complete,N/A,Huracán,Sarmiento,Sebastián Nicolás Martinez,5,1.25,1.50,1.39,1.19,1,0,1,0,0,0,"67","",6,2,2,0,7,0,1,1,2,5,9,3,4,0,5,3,5,16,55,45,1.07,1.62,1.16,0.36,2.00,63,63,38,0,0,13,63,38,88,6.25,7.75,1.80,3.14,5.69,1.63,2.75,5.75,11.00,2.45,1.50,Estadio Tomás Adolfo Ducó
1771109100,Feb 14 2026 - 10:45pm,complete,N/A,Talleres Córdoba,Gimnasia Mendoza,Darío Herrera,5,1.00,1.50,1.53,1.19,2,1,3,2,1,1,"36,67","44",4,2,2,0,1,0,0,2,0,1,12,8,6,5,6,3,4,8,63,37,1.72,1.12,1.38,0.95,2.25,50,63,50,13,0,13,50,63,88,9.50,3.25,1.60,3.05,5.50,1.62,2.72,6.24,11.50,2.40,1.50,Estadio Juan Domingo Perón
1771117200,Feb 15 2026 - 1:00am,complete,N/A,Atlético Tucumán,Estudiantes Río Cuarto,Daniel Zamora,5,0.50,0.25,0.88,0.31,4,0,4,2,2,0,"30,38,83,89","",7,2,1,0,3,0,0,1,1,2,18,5,7,0,11,5,13,11,49,51,1.57,1.23,2.03,0.68,1.75,50,63,38,0,0,25,50,25,75,7.50,6.00,1.68,2.96,5.00,1.53,2.50,5.00,12.00,2.24,1.58,Estadio Monumental Presidente José Fierro
1771117200,Feb 15 2026 - 1:00am,complete,N/A,Independiente Rivadavia,Belgrano,Nazareno Arasa,5,3.00,2.00,2.00,1.80,0,1,1,1,0,1,"","37",8,5,2,0,2,0,2,0,2,0,16,11,3,3,13,8,13,12,48,52,1.53,1.59,1.89,1.42,2.00,63,63,50,0,0,13,50,50,88,9.00,3.50,2.16,2.73,3.30,1.53,2.79,5.54,9.00,2.10,1.66,Estadio Juan Bautista Gargantini
1771185600,Feb 15 2026 - 8:00pm,complete,N/A,Gimnasia La Plata,Estudiantes,Yael Falcón Pérez,5,1.50,2.00,1.61,1.82,0,0,0,0,0,0,"","",4,6,2,0,3,0,1,1,1,2,11,14,2,4,9,10,13,11,41,59,1.14,1.32,1.10,1.64,2.13,50,75,38,13,0,25,75,25,88,7.50,5.25,3.50,2.60,2.30,1.62,2.80,5.45,12.50,2.30,1.53,Estadio Juan Carmelo Zerillo
1771194600,Feb 15 2026 - 10:30pm,complete,N/A,Boca Juniors,Platense,Sebastían Zunino,5,1.50,1.75,1.76,1.00,0,0,0,0,0,0,"","",1,2,1,0,1,0,1,0,1,0,10,14,3,1,7,13,6,13,63,37,1.40,1.03,1.20,1.25,2.00,50,63,50,0,0,13,50,38,88,10.25,3.25,1.66,3.30,5.80,1.55,2.65,4.95,11.00,2.49,1.44,Estadio Alberto José Armando
1771203600,Feb 16 2026 - 1:00am,complete,N/A,Rosario Central,Barracas Central,Pablo Echavarría,5,1.25,1.25,1.79,1.31,2,0,2,0,0,0,"58,90","",3,0,1,0,3,0,0,1,1,2,19,3,7,3,12,0,11,16,66,34,1.41,1.37,2.27,0.70,1.63,50,63,25,0,0,13,63,13,63,6.25,4.75,1.57,3.30,6.40,1.53,2.60,5.10,10.00,2.67,1.45,Estadio 15 de Abril
1771203600,Feb 16 2026 - 1:00am,complete,N/A,Instituto,Central Córdoba SdE,Leandro Rey Hilfer,5,0.25,1.00,1.31,1.00,2,0,2,2,2,0,"4,31","",3,5,3,0,5,0,0,3,2,3,11,8,2,0,9,8,21,17,46,54,1.45,1.21,1.28,0.87,1.50,25,25,25,13,0,0,38,25,75,9.75,4.75,1.76,3.00,4.75,1.50,2.64,5.00,12.50,2.25,1.65,Estadio Juan Domingo Perón
1771279200,Feb 16 2026 - 10:00pm,complete,N/A,Deportivo Riestra,Newell's Old Boys,Luis Lobo Medina,5,0.25,0.25,0.69,0.94,1,1,2,1,1,0,"35","88",4,4,3,0,3,0,1,2,2,1,16,7,5,4,11,3,17,6,50,50,1.09,1.44,1.88,1.13,2.13,50,63,25,13,13,13,63,25,88,7.50,7.75,2.35,2.68,3.50,1.67,2.89,5.75,11.00,2.40,1.50,Estadio Guillermo Laza
1771618500,Feb 20 2026 - 8:15pm,complete,N/A,Defensa y Justicia,Belgrano,Nicolás Lamolina,6,1.80,2.20,1.19,1.80,1,1,2,0,0,0,"90'6","54",5,3,2,1,3,0,2,1,2,1,11,13,3,3,8,10,7,8,57,43,0.99,1.55,1.36,1.31,1.50,40,40,20,10,10,10,50,30,50,8.60,3.20,3.26,2.80,2.58,1.50,2.50,5.00,10.50,2.05,1.69,Estadio Norberto Tito Tomaghello
1771620300,Feb 20 2026 - 8:45pm,complete,N/A,Estudiantes,Sarmiento,Andrés Merlos,6,1.80,1.20,1.82,1.19,1,0,1,0,0,0,"50","",4,4,4,0,4,0,1,3,1,3,12,12,7,3,5,9,13,9,42,58,1.39,1.37,1.66,1.46,1.50,40,40,30,0,0,20,50,10,70,7.40,7.20,1.65,3.40,6.50,1.50,2.65,4.70,10.50,2.55,1.44,N/A
1771628400,Feb 20 2026 - 11:00pm,complete,N/A,Instituto,Atlético Tucumán,Fernando Espinoza,6,0.80,1.00,1.31,0.88,2,1,3,1,1,0,"35,90'2","46",4,2,0,0,7,0,0,0,3,4,15,7,3,1,12,6,8,13,65,35,1.42,1.67,1.39,0.64,2.30,50,70,50,20,0,40,70,30,80,8.80,5.40,1.99,3.10,3.90,1.45,2.30,4.50,9.00,1.97,1.69,Estadio Presidente Juan Domingo Perón
1771628400,Feb 20 2026 - 11:00pm,complete,N/A,Boca Juniors,Racing Club,Leandro Rey Hilfer,6,1.40,1.20,1.76,1.33,0,0,0,0,0,0,"","",8,3,2,0,5,0,2,0,3,2,4,6,0,2,4,4,12,14,47,53,1.36,1.58,0.46,0.68,2.40,60,80,60,10,0,40,70,30,70,9.80,5.20,2.25,2.92,3.20,1.43,2.60,4.40,11.00,2.03,1.70,Estadio Alberto José Armando
1771636500,Feb 21 2026 - 1:15am,complete,N/A,Gimnasia Mendoza,Gimnasia La Plata,Carlos Gariano,6,1.20,1.40,1.19,1.61,0,1,1,1,0,1,"","28",7,4,3,0,4,0,1,2,0,4,26,9,6,2,20,7,10,17,59,41,1.09,1.13,2.59,0.98,2.10,30,60,40,20,0,30,70,30,80,6.60,4.20,2.56,2.90,3.00,1.60,2.72,6.00,15.00,2.30,1.53,N/A
1771636500,Feb 21 2026 - 1:15am,complete,N/A,Rosario Central,Talleres Córdoba,Sebastían Zunino,6,1.60,1.40,1.79,1.53,0,1,1,1,0,1,"","42",12,2,3,0,4,0,2,1,2,2,14,8,4,4,10,4,9,15,68,32,1.58,1.66,1.80,1.15,2.40,80,90,60,0,0,20,60,60,80,10.00,3.80,1.94,3.15,4.25,1.52,2.55,5.55,9.10,2.15,1.62,Estadio 15 de Abril
1771704000,Feb 21 2026 - 8:00pm,complete,N/A,Platense,Barracas Central,Hernán Mastrángelo,6,1.60,1.00,1.00,1.31,1,0,1,0,0,0,"86","",4,1,4,0,1,0,2,2,1,0,13,6,7,3,6,3,16,16,66,34,1.07,1.23,1.90,0.95,1.40,30,50,20,0,0,0,40,30,70,4.80,4.20,2.00,2.91,4.10,1.62,3.31,6.00,17.00,2.55,1.45,Estadio Ciudad de Vicente López
1771704000,Feb 21 2026 - 8:00pm,complete,N/A,Independiente Rivadavia,Independiente,Yael Falcón Pérez,6,2.40,1.80,2.00,1.41,3,2,5,1,1,0,"17,85,74","48,52",3,9,2,0,0,0,0,2,0,0,18,17,5,5,13,12,10,5,38,62,1.60,1.34,1.93,1.89,2.00,60,70,30,0,0,20,70,30,80,9.20,5.60,2.73,2.58,2.64,1.60,2.75,6.07,13.00,2.10,1.67,Estadio Juan Bautista Gargantini
1771712100,Feb 21 2026 - 10:15pm,complete,N/A,Deportivo Riestra,Huracán,Fernando Echenique,6,0.40,1.60,0.69,1.39,0,0,0,0,0,0,"","",8,3,5,0,2,1,1,4,1,2,9,7,2,3,7,4,21,10,51,49,1.25,1.09,1.09,0.99,1.60,50,50,10,0,0,0,50,20,90,6.40,7.80,2.75,2.60,2.95,1.78,3.18,6.50,15.50,2.49,1.48,Estadio Guillermo Laza
1771712100,Feb 21 2026 - 10:15pm,complete,N/A,Banfield,Newell's Old Boys,Facundo Tello Figueroa,6,0.80,0.40,1.13,0.94,3,0,3,0,0,0,"72,52,67","",4,2,3,0,3,0,2,1,1,2,17,10,9,2,8,8,13,16,53,47,1.25,1.38,2.02,1.30,2.30,60,80,30,10,10,20,70,40,80,8.20,5.40,2.38,3.00,3.25,1.53,2.48,5.63,12.00,2.11,1.65,N/A
1771720200,Feb 22 2026 - 12:30am,complete,N/A,Central Córdoba SdE,Tigre,Nazareno Arasa,6,0.80,2.60,1.00,1.25,0,0,0,0,0,0,"","",4,6,8,0,1,0,1,7,1,0,14,16,1,3,13,13,15,8,39,61,1.14,1.31,1.35,1.71,1.90,30,50,20,20,10,20,50,40,60,9.20,5.20,3.42,2.65,2.47,1.60,2.90,6.87,11.00,2.25,1.55,N/A
1771790400,Feb 22 2026 - 8:00pm,complete,N/A,San Lorenzo,Estudiantes Río Cuarto,Sebastián Nicolás Martinez,6,1.40,0.20,1.35,0.31,2,0,2,1,1,0,"1,85","",3,6,2,0,3,0,1,1,0,3,8,11,6,4,2,7,14,12,51,49,1.07,1.12,1.23,1.34,1.80,20,40,30,20,10,20,30,40,80,6.80,5.20,1.65,3.30,7.00,1.64,3.10,6.50,13.50,2.85,1.38,N/A
1771798500,Feb 22 2026 - 10:15pm,complete,N/A,Vélez Sarsfield,River Plate,Darío Herrera,6,2.20,1.40,1.65,1.80,1,0,1,1,1,0,"6","",5,7,0,0,3,0,0,0,1,2,9,12,4,5,5,7,8,16,36,64,1.36,1.76,1.11,1.48,2.00,50,60,30,10,10,20,60,30,70,8.00,5.20,2.80,2.90,2.50,1.49,2.39,5.02,9.30,2.10,1.75,Estadio José Amalfitani
1771806600,Feb 23 2026 - 12:30am,complete,N/A,Unión Santa Fe,Aldosivi,Luis Lobo Medina,6,1.00,0.60,1.33,0.50,1,0,1,0,0,0,"67","",1,4,3,0,3,0,1,2,1,2,20,12,6,3,14,9,10,9,47,53,1.83,1.30,2.18,1.25,1.50,30,40,30,20,0,20,50,30,50,8.40,4.60,1.58,3.60,6.36,1.51,2.55,4.75,9.00,2.50,1.48,Estadio 15 de Abril
1771963200,Feb 24 2026 - 8:00pm,complete,N/A,Platense,Defensa y Justicia,Bruno Amiconi,7,1.83,1.67,1.00,1.19,0,0,0,0,0,0,"","",5,3,2,0,2,0,0,2,0,2,10,9,1,2,9,7,7,5,48,52,1.21,1.05,1.07,1.04,1.50,42,42,25,9,9,9,42,33,59,6.67,3.83,1.98,2.94,4.67,1.55,2.65,5.00,12.50,2.20,1.57,Estadio Ciudad de Vicente López
1771971300,Feb 24 2026 - 10:15pm,complete,N/A,San Lorenzo,Instituto,Andrés Merlos,7,1.67,1.17,1.35,1.31,1,1,2,1,0,1,"86","38",0,6,1,0,2,0,0,1,0,2,11,15,3,6,8,9,7,9,57,43,1.09,1.41,1.23,1.60,2.00,34,50,34,17,9,17,50,34,83,7.66,4.50,2.55,2.80,3.33,1.68,2.90,7.68,12.00,2.40,1.50,N/A
1771973100,Feb 24 2026 - 10:45pm,complete,N/A,Central Córdoba SdE,Talleres Córdoba,Yael Falcón Pérez,7,0.83,1.67,1.00,1.53,2,0,2,0,0,0,"62,73","",1,2,3,0,1,0,0,3,1,0,9,10,3,1,6,9,10,8,37,63,1.18,1.57,0.92,0.90,1.67,42,50,34,0,0,17,50,34,58,10.83,6.00,3.63,2.54,2.32,1.71,2.70,6.30,12.00,2.20,1.58,N/A
1771979400,Feb 25 2026 - 12:30am,complete,N/A,Belgrano,Atlético Tucumán,Carlos Gariano,7,2.00,0.83,1.80,0.88,3,1,4,1,1,0,"38,53,77","89",0,5,3,0,1,0,2,1,1,0,11,11,4,2,7,9,9,14,50,50,1.51,1.49,1.31,1.32,2.00,59,67,42,9,0,25,58,42,75,9.50,5.67,1.67,3.60,4.95,1.35,2.25,4.00,7.25,2.10,1.67,Estadio Julio César Villagra
1771981200,Feb 25 2026 - 1:00am,complete,N/A,Gimnasia Mendoza,Independiente,Sebastían Zunino,7,1.00,1.50,1.19,1.41,1,1,2,2,1,1,"6","42",5,4,1,0,4,1,1,0,2,3,6,8,4,3,2,5,12,11,47,53,1.34,1.43,1.09,1.11,2.08,42,58,25,17,9,25,67,25,75,8.83,4.84,3.60,2.62,2.19,1.62,2.88,5.50,12.50,2.25,1.57,N/A
1772049600,Feb 25 2026 - 8:00pm,complete,N/A,Barracas Central,Tigre,Pablo Dóvalo,7,0.83,2.33,1.31,1.25,2,1,3,1,0,1,"51,54","22",0,2,4,0,1,0,1,3,0,1,11,15,5,6,6,9,17,10,54,46,1.19,1.38,1.49,1.86,1.83,34,59,17,17,9,9,42,42,75,5.67,4.33,3.02,2.92,2.54,1.67,3.00,6.50,17.00,2.38,1.50,Estadio Claudio Chiqui Tapia
1772049600,Feb 25 2026 - 8:00pm,complete,N/A,Gimnasia La Plata,Rosario Central,Fernando Echenique,7,1.67,1.33,1.61,1.79,1,2,3,1,1,0,"4","52,75",6,3,3,1,3,0,0,4,1,2,13,9,6,2,7,7,14,13,45,55,1.11,1.62,1.63,1.03,1.92,42,67,33,9,0,17,75,33,59,9.17,5.17,3.39,3.04,2.26,1.60,2.88,5.50,13.00,2.20,1.60,Estadio Juan Carmelo Zerillo
1772058600,Feb 25 2026 - 10:30pm,complete,N/A,Vélez Sarsfield,Deportivo Riestra,Pablo Echavarría,7,2.33,0.50,1.65,0.69,0,0,0,0,0,0,"","",4,3,2,0,2,0,2,0,2,0,12,10,3,4,9,6,10,15,71,29,1.32,1.22,1.34,1.18,1.59,50,50,17,0,0,9,59,17,67,7.67,6.17,1.94,3.00,4.59,1.60,3.10,6.00,13.00,2.45,1.50,Estadio José Amalfitani
1772058600,Feb 25 2026 - 10:30pm,complete,N/A,Newell's Old Boys,Estudiantes,Nicolás Lamolina,7,0.33,2.00,0.94,1.82,0,2,2,0,0,0,"","52,81",2,3,2,0,1,0,2,0,1,0,14,17,1,7,13,10,10,12,38,62,1.37,1.43,1.27,1.95,2.00,50,67,34,9,9,17,50,25,84,8.00,5.50,3.73,2.94,2.18,1.62,2.87,6.00,15.00,2.25,1.57,Estadio Marcelo Alberto Bielsa
1772136900,Feb 26 2026 - 8:15pm,complete,N/A,Sarmiento,Unión Santa Fe,Daniel Zamora,7,1.00,1.33,1.19,1.33,1,3,4,2,0,2,"56","49,10,13",7,2,2,0,3,0,1,1,3,0,14,16,6,8,8,8,14,16,63,37,1.39,1.89,1.77,1.79,1.59,25,33,33,9,0,17,42,25,75,7.17,6.50,3.40,2.82,2.40,1.62,2.90,5.55,13.00,2.25,1.57,Estadio Eva Perón de Junín
1772136900,Feb 26 2026 - 8:15pm,complete,N/A,Racing Club,Independiente Rivadavia,Darío Herrera,7,1.17,2.50,1.33,2.00,1,1,2,0,0,0,"78","53",7,2,2,1,3,0,3,0,0,3,13,9,4,2,9,7,9,11,52,48,1.43,1.66,1.58,1.17,2.59,67,75,67,17,9,34,83,42,67,8.00,5.83,1.82,3.25,5.24,1.40,2.25,3.86,7.70,2.00,1.73,Estadio Presidente Juan Domingo Perón
1772145000,Feb 26 2026 - 10:30pm,complete,N/A,River Plate,Banfield,Hernán Mastrángelo,7,1.17,1.17,1.80,1.13,3,1,4,2,1,1,"13,46,58","45",6,3,1,0,2,0,0,1,0,2,25,6,8,2,17,4,15,13,65,35,1.71,1.38,2.40,0.77,1.84,25,50,25,9,9,17,59,34,59,8.83,6.00,1.60,3.75,6.00,1.40,2.20,3.90,8.50,2.20,1.60,Estadio Monumental Antonio Vespucio Liberti
1772145000,Feb 26 2026 - 10:30pm,complete,N/A,Estudiantes Río Cuarto,Huracán,Maximiliano Macheroni,7,0.17,1.50,0.31,1.39,2,0,2,1,1,0,"32,90'4","",6,5,3,0,5,1,0,3,5,1,18,10,7,2,11,8,12,10,35,65,1.16,1.07,1.85,1.01,1.75,34,59,25,9,0,9,42,42,83,6.50,5.84,3.85,2.60,2.24,1.91,3.62,7.80,11.00,2.80,1.36,Estadio Ciudad de Río Cuarto
1772311500,Feb 28 2026 - 8:45pm,complete,N/A,Boca Juniors,Gimnasia Mendoza,Pablo Dóvalo,8,1.33,1.00,1.76,1.19,1,1,2,2,1,1,"41","15",9,3,3,0,4,0,3,0,1,3,19,6,5,3,14,3,9,14,71,29,1.21,1.30,2.19,0.86,1.68,31,47,31,7,0,30,52,16,62,9.74,3.07,1.46,3.85,7.40,1.42,2.51,4.75,10.00,2.50,1.44,Estadio Alberto José Armando
1772319600,Feb 28 2026 - 11:00pm,complete,N/A,Independiente,Central Córdoba SdE,Darío Herrera,8,1.43,1.14,1.41,1.00,2,0,2,0,0,0,"89,90'5","",11,2,1,0,1,0,1,0,0,1,28,7,8,2,20,5,7,15,74,26,1.39,1.14,2.67,0.67,1.65,36,58,7,7,7,22,50,22,57,10.00,7.14,1.70,3.20,5.75,1.50,2.50,5.00,11.00,2.49,1.50,Estadio Libertadores de América
1772327700,Mar 01 2026 - 1:15am,complete,N/A,Talleres Córdoba,San Lorenzo,Nicolás Ramírez,8,1.43,1.57,1.53,1.35,0,0,0,0,0,0,"","",12,6,1,0,3,0,1,0,0,3,15,11,6,5,9,6,13,9,57,43,1.48,1.11,1.77,1.37,2.07,50,65,36,7,7,14,50,43,86,8.29,4.29,2.35,2.77,3.56,1.63,3.24,6.50,15.50,2.45,1.44,Estadio Juan Domingo Perón
1772395200,Mar 01 2026 - 8:00pm,complete,N/A,Newell's Old Boys,Rosario Central,Yael Falcón Pérez,8,0.29,1.57,0.94,1.79,0,2,2,0,0,0,"","51,81",1,8,2,0,3,0,1,1,1,2,7,11,2,6,5,5,24,7,38,62,1.35,1.53,0.92,1.59,2.36,57,86,43,7,7,14,64,50,79,8.57,5.00,3.55,3.02,2.20,1.51,2.57,5.15,13.00,2.16,1.62,Estadio Marcelo Alberto Bielsa
1772403300,Mar 01 2026 - 10:15pm,complete,N/A,Instituto,Unión Santa Fe,Sebastían Zunino,8,1.14,1.57,1.31,1.33,1,2,3,1,0,1,"48","43,55",5,2,4,0,1,0,1,3,0,1,8,7,2,3,6,4,12,11,63,37,1.44,1.87,1.07,0.98,2.08,43,57,43,22,0,22,57,43,79,7.57,4.00,2.80,2.80,2.75,1.59,2.87,5.35,12.00,2.15,1.65,Estadio Juan Domingo Perón
1772403300,Mar 01 2026 - 10:15pm,complete,N/A,Argentinos Juniors,Barracas Central,Leandro Rey Hilfer,8,1.60,1.14,1.89,1.31,1,1,2,1,0,1,"90","10",7,1,1,0,2,0,0,1,2,0,19,13,8,5,11,8,7,8,73,27,1.97,1.23,2.37,1.44,1.29,25,39,17,0,0,10,42,15,63,7.03,3.77,1.43,4.05,8.25,1.48,2.20,4.30,8.00,2.60,1.44,Estadio Diego Armando Maradona
1772411400,Mar 02 2026 - 12:30am,complete,N/A,Tigre,Gimnasia La Plata,Pablo Echavarría,8,2.00,1.43,1.25,1.61,2,2,4,3,1,2,"37,59","27,38",9,2,1,0,5,0,0,1,2,3,21,5,6,3,15,2,10,18,53,47,1.45,1.18,2.32,0.73,2.29,50,71,43,22,7,14,72,57,71,8.00,5.00,2.14,2.94,4.05,1.50,2.70,4.95,10.00,2.25,1.57,Estadio José Dellagiovanna
1772411400,Mar 02 2026 - 12:30am,complete,N/A,Defensa y Justicia,Lanús,Luis Lobo Medina,8,1.57,1.60,1.19,1.41,1,1,2,2,1,1,"32","41",4,5,1,0,1,0,1,0,0,1,13,10,5,3,8,7,7,9,45,55,1.05,1.28,1.62,1.19,2.32,62,72,37,27,17,17,52,65,72,6.83,4.46,2.37,2.97,3.19,1.48,2.60,5.00,10.00,1.98,1.67,Estadio Norberto Tito Tomaghello
1772489700,Mar 02 2026 - 10:15pm,complete,N/A,Deportivo Riestra,Platense,Nazareno Arasa,8,0.57,1.71,0.69,1.00,0,0,0,0,0,0,"","",6,4,4,0,2,0,1,3,0,2,8,9,4,3,4,6,13,11,40,60,1.22,1.19,1.19,1.18,1.07,29,29,15,0,0,0,36,15,57,7.29,6.29,2.78,2.36,3.40,1.95,3.90,8.50,26.00,2.80,1.40,Estadio Guillermo Laza
1772489700,Mar 02 2026 - 10:15pm,complete,N/A,Estudiantes,Vélez Sarsfield,Sebastián Nicolás Martinez,8,2.14,2.14,1.82,1.65,0,1,1,0,0,0,"","58",9,4,4,0,4,0,1,3,3,1,12,9,2,1,10,8,9,7,57,43,1.51,1.32,1.46,1.06,1.50,43,50,22,0,0,14,43,22,64,7.57,4.00,2.30,2.80,3.70,1.58,2.87,6.04,13.00,2.22,1.53,N/A
1772497800,Mar 03 2026 - 12:30am,complete,N/A,Independiente Rivadavia,River Plate,Facundo Tello Figueroa,8,2.29,1.43,2.00,1.80,1,1,2,2,1,1,"17","38",2,2,0,0,3,0,0,0,0,3,12,12,5,3,7,9,12,9,30,70,1.59,1.81,1.45,1.25,2.29,50,57,43,22,14,22,71,43,72,9.00,5.00,3.10,2.86,2.45,1.40,2.50,4.30,8.30,1.97,1.71,Estadio Malvinas Argentinas
1772497800,Mar 03 2026 - 12:30am,complete,N/A,Banfield,Aldosivi,Carlos Gariano,8,1.00,0.50,1.13,0.50,2,0,2,1,1,0,"36,73","",5,4,3,0,1,0,2,1,1,0,14,14,2,0,12,14,11,7,35,65,1.29,1.30,1.40,1.41,1.81,38,52,30,16,0,23,54,37,61,7.88,5.57,2.05,3.10,4.00,1.54,2.50,5.25,10.00,2.41,1.57,N/A
1772575200,Mar 03 2026 - 10:00pm,complete,N/A,Sarmiento,Estudiantes Río Cuarto,Juan Pablo Loustau,8,0.86,0.57,1.19,0.31,1,0,1,1,1,0,"11","",6,8,4,0,2,0,1,3,0,2,12,10,3,2,9,8,14,10,53,47,1.44,1.25,1.40,1.24,2.00,29,57,36,14,0,22,57,36,86,7.71,7.00,1.91,2.80,4.20,1.51,2.48,5.00,11.00,2.20,1.60,Estadio Eva Perón de Junín
1772576100,Mar 03 2026 - 10:15pm,complete,N/A,Huracán,Belgrano,Ariel Penel,8,1.29,2.14,1.39,1.80,3,1,4,2,2,0,"21,14,57","67",3,3,2,0,2,0,1,1,0,2,20,9,7,2,13,7,12,11,51,49,1.06,1.48,2.06,1.09,1.72,50,57,22,7,0,0,43,43,79,7.72,5.71,2.62,2.80,3.35,1.66,3.20,7.00,15.00,2.31,1.55,Estadio Tomás Adolfo Ducó
1772583300,Mar 04 2026 - 12:15am,complete,N/A,Atlético Tucumán,Racing Club,Fernando Echenique,8,0.71,1.14,0.88,1.33,0,3,3,1,0,1,"","35,81,90'5",7,6,1,0,4,0,1,0,1,3,14,11,4,4,10,7,10,13,46,54,1.47,1.45,1.73,1.48,2.57,71,86,64,22,0,43,79,43,72,8.86,7.15,3.18,2.91,2.57,1.50,2.50,4.40,9.20,1.89,1.80,Estadio Monumental Presidente José Fierro
1772668800,Mar 05 2026 - 12:00am,complete,N/A,Lanús,Boca Juniors,Darío Herrera,7,1.50,1.29,1.41,1.76,0,3,3,2,0,2,"","15,30,64",8,1,2,0,2,0,1,1,1,1,9,11,2,5,7,6,7,8,48,52,1.27,1.35,1.11,1.27,2.29,63,79,40,17,9,31,55,49,70,10.24,4.04,2.80,3.00,2.64,1.57,2.70,5.50,13.00,2.10,1.67,Estadio Ciudad de Lanús - Néstor Díaz Pérez
1773182700,Mar 10 2026 - 10:45pm,complete,N/A,Independiente,Unión Santa Fe,Andrés Merlos,10,1.63,1.75,1.41,1.33,4,4,8,4,1,3,"45'1,49,68,90'9","20,64,14,39",7,3,2,0,0,0,0,2,0,0,13,9,7,6,6,3,11,8,57,43,1.55,1.76,1.53,1.19,2.13,51,69,32,19,7,25,57,44,75,9.25,5.01,2.15,3.10,3.70,1.48,2.44,4.40,8.60,2.05,1.69,Estadio Libertadores de América
1773182700,Mar 10 2026 - 10:45pm,complete,N/A,Tigre,Vélez Sarsfield,Leandro Rey Hilfer,10,1.88,2.25,1.25,1.65,1,1,2,1,1,0,"27","68",4,3,3,0,5,0,1,2,2,3,16,9,4,5,12,4,15,10,41,59,1.55,1.29,1.54,1.08,2.13,57,63,38,19,7,19,57,44,69,8.13,3.63,2.65,2.80,3.00,1.67,2.89,6.10,14.50,2.31,1.55,Estadio José Dellagiovanna
1773190800,Mar 11 2026 - 1:00am,complete,N/A,Newell's Old Boys,Platense,Luis Lobo Medina,10,0.25,1.63,0.94,1.00,1,1,2,1,1,0,"23","83",5,6,4,0,2,0,2,2,1,1,6,19,3,7,3,12,13,12,36,64,1.30,1.19,0.94,2.25,1.82,38,63,32,7,7,7,38,44,75,6.88,4.63,3.10,2.80,2.60,1.73,3.10,7.18,11.00,2.51,1.53,Estadio Marcelo Alberto Bielsa
1773190800,Mar 11 2026 - 1:00am,complete,N/A,Sarmiento,Racing Club,Nazareno Arasa,10,1.13,1.38,1.19,1.33,0,0,0,0,0,0,"","",3,4,2,0,3,1,1,1,1,3,8,9,3,5,5,4,8,14,52,48,1.44,1.46,1.09,1.29,2.19,51,63,51,13,0,32,69,38,69,8.75,8.13,3.50,3.10,2.08,1.49,2.60,5.25,9.10,2.22,1.64,Estadio Eva Perón de Junín
1773261000,Mar 11 2026 - 8:30pm,complete,N/A,Banfield,Gimnasia La Plata,Sebastían Zunino,10,1.25,1.38,1.13,1.61,1,2,3,2,0,2,"77","19,35",8,3,3,0,2,0,1,2,0,2,18,13,5,6,13,7,11,7,54,46,1.31,1.13,1.96,1.46,2.32,44,75,44,19,0,25,76,44,75,7.88,6.01,2.25,2.88,3.30,1.48,2.38,4.75,9.00,2.12,1.69,N/A
1773261000,Mar 11 2026 - 8:30pm,complete,N/A,Argentinos Juniors,Rosario Central,Facundo Tello Figueroa,10,1.50,1.75,1.89,1.79,0,0,0,0,0,0,"","",5,5,3,0,1,0,1,2,0,1,12,11,2,4,10,7,10,11,58,42,2.03,1.54,1.44,1.39,1.59,42,54,28,0,0,15,57,25,57,11.08,3.55,2.10,2.88,4.35,1.52,2.45,4.70,10.50,2.15,1.63,Estadio Diego Armando Maradona
1773269100,Mar 11 2026 - 10:45pm,complete,N/A,Boca Juniors,San Lorenzo,Pablo Echavarría,10,1.50,1.50,1.76,1.35,1,1,2,0,0,0,"55","65",1,2,3,0,3,0,2,1,1,2,11,4,3,2,8,2,7,12,70,30,1.34,1.14,1.12,0.61,1.63,32,51,26,7,7,26,44,13,69,9.51,4.13,1.73,3.40,5.80,1.68,2.80,5.85,12.00,2.50,1.41,Estadio Alberto José Armando
1773277200,Mar 12 2026 - 1:00am,complete,N/A,Atlético Tucumán,Aldosivi,Felipe Viola,10,0.63,0.43,0.88,0.50,1,1,2,1,0,1,"55","21",11,5,3,0,1,1,0,3,0,2,17,7,5,1,12,6,11,16,63,37,1.50,1.31,1.86,0.78,2.09,46,66,45,20,0,26,73,32,73,9.02,5.71,1.94,3.10,4.20,1.53,2.45,4.55,8.90,2.18,1.66,Estadio Monumental Presidente José Fierro
1773277200,Mar 12 2026 - 1:00am,complete,N/A,Independiente Rivadavia,Barracas Central,Yael Falcón Pérez,10,2.13,1.13,2.00,1.31,1,2,3,2,0,2,"84","34,44",6,1,3,0,1,0,3,0,1,0,22,8,11,3,11,5,9,10,73,27,1.57,1.25,2.71,0.92,2.07,57,69,32,7,7,13,63,38,82,5.01,4.25,1.47,3.55,7.40,1.39,2.31,4.56,7.90,2.49,1.50,Estadio Juan Bautista Gargantini
1773345600,Mar 12 2026 - 8:00pm,complete,N/A,Deportivo Riestra,Gimnasia Mendoza,Juan Pafundi,10,0.63,1.00,0.69,1.19,0,0,0,0,0,0,"","",7,2,3,0,3,0,2,1,2,1,14,7,7,2,7,5,18,11,56,44,1.21,1.25,1.94,0.97,1.38,32,38,13,7,0,25,57,7,50,7.63,6.13,1.91,2.85,5.00,1.75,3.50,6.50,13.00,2.48,1.44,Estadio Guillermo Laza
1773345600,Mar 12 2026 - 8:00pm,complete,N/A,Defensa y Justicia,Central Córdoba SdE,Brian Ferreyra,10,1.50,1.00,1.19,1.00,1,1,2,0,0,0,"58","78",5,2,3,1,2,0,1,3,0,2,11,8,6,5,5,3,13,9,57,43,1.12,1.08,1.64,1.35,1.32,25,44,7,7,7,19,38,25,44,7.88,5.13,1.92,3.05,4.00,1.56,2.70,5.50,10.50,2.25,1.58,Estadio Norberto Tito Tomaghello
1773353700,Mar 12 2026 - 10:15pm,complete,N/A,Estudiantes Río Cuarto,Belgrano,Fernando Espinoza,10,0.50,1.88,0.31,1.80,0,1,1,0,0,0,"","59",8,2,1,0,2,0,0,1,1,1,17,8,2,1,15,7,3,8,53,47,1.25,1.43,1.76,0.91,2.01,38,63,32,19,0,13,57,51,75,8.38,4.76,3.20,2.99,2.40,1.57,2.80,5.25,12.00,2.32,1.59,Estadio Ciudad de Río Cuarto
1773353700,Mar 12 2026 - 10:15pm,complete,N/A,Talleres Córdoba,Instituto,Darío Herrera,10,1.38,1.00,1.53,1.31,2,0,2,1,1,0,"31,90'3","",1,8,6,0,4,0,2,4,2,2,5,17,3,5,2,12,10,13,41,59,1.51,1.39,0.71,1.83,2.26,63,75,50,7,0,13,63,57,82,10.13,4.13,2.30,2.87,3.50,1.67,2.80,6.79,13.00,2.42,1.48,Estadio Juan Domingo Perón
1773361800,Mar 13 2026 - 12:30am,complete,N/A,Huracán,River Plate,Nicolás Ramírez,10,1.50,1.38,1.39,1.80,1,2,3,2,1,1,"45'2","27,85",4,4,6,1,3,1,2,5,2,2,15,10,5,7,10,3,11,10,40,60,1.19,1.74,1.63,1.46,1.94,44,57,25,19,7,26,63,32,69,8.13,6.38,3.20,2.89,2.30,1.57,3.10,5.95,12.50,2.25,1.57,Estadio Tomás Adolfo Ducó
1773442800,Mar 13 2026 - 11:00pm,complete,N/A,Estudiantes,Lanús,Hernán Mastrángelo,10,1.88,1.29,1.82,1.41,0,1,1,0,0,0,"","75",7,5,3,0,2,0,0,3,1,1,17,7,3,2,14,5,5,8,57,43,1.50,1.25,1.57,0.76,2.13,48,69,35,15,7,28,48,42,81,8.79,4.92,2.03,3.00,4.20,1.62,2.70,5.10,9.20,2.12,1.53,N/A
1773525600,Mar 14 2026 - 10:00pm,complete,N/A,Platense,Vélez Sarsfield,Ariel Penel,11,1.56,2.11,1.00,1.65,0,2,2,1,0,1,"","8,49",4,7,1,0,3,0,0,1,1,2,14,14,4,6,10,8,11,8,51,49,1.31,1.27,1.52,1.59,1.39,45,45,22,0,0,6,45,22,62,7.45,4.22,2.87,2.43,2.75,1.80,3.10,6.15,11.00,2.31,1.55,Estadio Ciudad de Vicente López
1773532800,Mar 15 2026 - 12:00am,complete,N/A,Rosario Central,Banfield,N/A,11,1.67,1.11,1.79,1.13,2,1,3,1,0,1,"64,83","35",6,0,3,0,1,0,3,0,1,0,21,7,6,2,15,5,8,9,71,29,1.52,1.38,2.35,0.96,2.06,44,73,39,6,0,22,62,44,67,9.55,4.89,1.55,3.90,5.50,1.35,2.07,4.20,6.95,2.15,1.67,Estadio 15 de Abril
1773598500,Mar 15 2026 - 6:15pm,complete,N/A,Gimnasia La Plata,Independiente Rivadavia,N/A,11,1.56,1.89,1.61,2.00,2,3,5,4,2,2,"2,28","25,39,90'4",4,2,5,0,2,0,3,2,0,2,9,13,3,3,6,10,11,10,49,51,1.16,1.70,1.08,1.34,2.50,67,78,56,17,6,33,84,39,78,7.78,5.11,2.94,2.91,2.71,1.43,2.45,4.30,9.00,2.00,1.73,Estadio Juan Carmelo Zerillo
1773606600,Mar 15 2026 - 8:30pm,complete,N/A,Belgrano,Talleres Córdoba,Facundo Tello Figueroa,11,2.00,1.56,1.80,1.53,0,0,0,0,0,0,"","",1,3,3,0,1,0,1,2,0,1,8,11,0,2,8,9,17,16,48,52,1.38,1.42,0.86,1.15,2.06,56,67,39,11,0,11,50,56,78,9.22,4.44,2.40,2.87,3.30,1.65,2.92,5.75,12.50,2.25,1.62,Estadio Julio César Villagra
1773614700,Mar 15 2026 - 10:45pm,complete,N/A,River Plate,Sarmiento,Darío Herrera,11,1.56,1.11,1.80,1.19,2,0,2,1,1,0,"41,71","",10,2,1,0,4,1,1,0,4,1,34,2,12,1,22,1,11,13,79,21,1.71,1.40,3.29,0.37,1.89,39,45,33,17,6,33,67,22,62,8.78,7.22,1.48,4.20,7.90,1.35,2.38,4.05,8.50,2.40,1.49,Estadio Monumental Antonio Vespucio Liberti
1773622800,Mar 16 2026 - 1:00am,complete,N/A,Tigre,Argentinos Juniors,Daniel Zamora,11,1.78,1.43,1.25,1.89,1,1,2,0,0,0,"61","47",1,2,2,0,5,0,1,1,2,3,6,8,3,3,3,5,14,14,35,65,1.55,1.95,0.88,1.06,1.78,48,54,29,17,6,18,55,28,61,10.04,3.32,2.80,2.88,2.76,1.56,3.04,6.25,13.50,2.35,1.53,Estadio José Dellagiovanna
1773622800,Mar 16 2026 - 1:00am,complete,N/A,Unión Santa Fe,Boca Juniors,Yael Falcón Pérez,11,1.67,1.44,1.33,1.76,1,1,2,1,1,0,"41","57",5,4,2,0,3,0,1,1,2,1,14,16,3,6,11,10,7,6,39,61,1.70,1.31,1.54,1.79,2.23,44,62,45,17,6,33,50,39,73,8.55,3.56,2.95,2.75,2.80,1.55,2.70,5.50,12.00,2.10,1.67,Estadio 15 de Abril
1773685800,Mar 16 2026 - 6:30pm,complete,N/A,Barracas Central,Atlético Tucumán,N/A,11,1.33,0.67,1.31,0.88,2,1,3,1,1,0,"13,71","70",1,3,1,0,4,2,1,0,1,5,9,13,3,3,6,10,8,12,45,55,1.22,1.54,1.18,1.59,2.23,56,78,45,11,0,22,73,33,89,6.89,5.33,2.78,2.79,2.73,1.59,2.87,5.60,9.30,2.15,1.62,Estadio Claudio Chiqui Tapia
1773685800,Mar 16 2026 - 6:30pm,complete,N/A,Aldosivi,Huracán,Luis Lobo Medina,11,0.50,1.33,0.50,1.39,0,0,0,0,0,0,"","",4,4,2,0,3,0,1,1,1,2,12,14,2,4,10,10,17,11,41,59,1.25,1.24,1.32,1.50,1.75,47,59,23,12,0,18,60,23,76,7.69,6.64,3.10,2.70,2.65,1.75,3.60,7.50,17.00,2.45,1.44,Estadio José María Minella
1773696600,Mar 16 2026 - 9:30pm,complete,N/A,San Lorenzo,Defensa y Justicia,Pablo Dóvalo,11,1.44,1.44,1.35,1.19,2,5,7,2,0,2,"65,89","2,45,64,75,90'2",9,2,1,1,2,0,0,2,0,2,17,11,6,6,11,5,4,7,53,47,1.09,1.18,2.04,1.36,1.56,45,50,11,11,11,17,39,28,61,7.11,4.55,2.10,2.50,3.85,1.56,2.85,5.90,15.00,2.30,1.53,N/A
1773702000,Mar 16 2026 - 11:00pm,complete,N/A,Racing Club,Estudiantes Río Cuarto,Jorge Baliño,11,1.33,0.44,1.33,0.31,2,0,2,0,0,0,"55,90'3","",3,1,1,0,3,0,1,0,1,2,22,3,3,0,19,3,12,13,56,44,1.44,1.31,1.90,0.35,2.00,34,67,39,11,0,22,62,39,67,9.11,6.33,1.42,4.00,8.00,1.35,2.29,4.00,9.00,2.40,1.48,Estadio Presidente Juan Domingo Perón
1773710100,Mar 17 2026 - 1:15am,complete,N/A,Instituto,Independiente,Nicolás Ramírez,11,0.89,1.56,1.31,1.41,2,1,3,3,2,1,"34,14","13",3,8,6,0,3,0,1,5,1,2,11,12,4,4,7,8,20,11,35,65,1.44,1.54,1.29,1.51,2.61,62,84,33,17,11,22,73,44,84,10.78,5.44,2.58,2.97,2.95,1.55,2.65,5.00,10.00,2.10,1.63,Estadio Juan Domingo Perón
1773784800,Mar 17 2026 - 10:00pm,complete,N/A,Lanús,Newell's Old Boys,Bruno Amiconi,11,1.50,0.33,1.41,0.94,5,0,5,3,3,0,"16,40,54,37,55","",7,0,2,0,0,0,1,1,0,0,14,5,7,2,7,3,13,6,63,37,1.18,1.26,1.70,0.69,2.66,60,94,42,18,12,25,60,60,94,7.94,5.03,1.68,3.59,5.00,1.45,2.40,4.33,9.50,2.15,1.59,Estadio Ciudad de Lanús - Néstor Díaz Pérez
1773792900,Mar 18 2026 - 12:15am,complete,N/A,Central Córdoba SdE,Deportivo Riestra,Carlos Gariano,11,1.00,0.67,1.00,0.69,1,0,1,1,1,0,"45'3","",2,3,0,0,4,0,0,0,0,4,4,11,2,4,2,7,8,13,52,48,1.11,1.29,0.75,1.63,1.00,17,33,0,0,0,6,28,17,50,8.55,7.33,3.00,2.50,2.89,1.90,3.62,8.40,23.00,2.90,1.40,N/A
1773792900,Mar 18 2026 - 12:15am,complete,N/A,Gimnasia Mendoza,Estudiantes,Nazareno Arasa,11,1.00,1.67,1.19,1.82,1,2,3,1,1,0,"45'2","66,60",4,3,2,0,5,0,1,1,2,3,13,10,2,6,11,4,9,15,42,58,1.22,1.51,1.30,1.40,1.45,28,39,17,6,0,28,45,11,61,8.11,4.67,3.85,2.60,2.05,1.69,2.83,6.50,11.00,2.30,1.57,N/A
1774051200,Mar 21 2026 - 12:00am,complete,N/A,Atlético Tucumán,Gimnasia La Plata,Carlos Gariano,12,0.60,1.40,0.88,1.61,1,0,1,1,1,0,"12","",6,4,2,0,6,0,0,2,2,4,16,10,2,1,14,9,9,12,37,63,1.55,1.15,1.56,1.12,2.70,65,85,65,25,5,35,90,40,85,9.20,6.70,2.15,3.10,3.70,1.44,2.40,4.75,10.00,2.06,1.73,Estadio Monumental Presidente José Fierro
1774051200,Mar 21 2026 - 12:00am,complete,N/A,Banfield,Tigre,Luis Lobo Medina,12,1.00,1.70,1.13,1.25,1,0,1,1,1,0,"27","",3,7,3,1,3,0,2,2,2,1,12,22,5,4,7,18,12,10,28,72,1.34,1.49,1.27,2.18,2.45,60,80,45,20,5,25,65,55,80,7.90,4.40,3.04,2.87,2.48,1.59,2.75,5.75,12.50,2.28,1.67,N/A
1774117800,Mar 21 2026 - 6:30pm,complete,N/A,Vélez Sarsfield,Lanús,Pablo Dóvalo,12,2.20,1.67,1.65,1.41,0,1,1,0,0,0,"","71",4,2,1,0,3,0,1,0,0,3,10,17,5,7,5,10,12,16,59,41,1.30,1.24,1.56,1.97,2.35,53,75,38,17,11,27,64,44,80,8.67,4.52,2.25,2.90,3.50,1.52,2.60,5.55,13.00,2.38,1.60,Estadio José Amalfitani
1774125900,Mar 21 2026 - 8:45pm,complete,N/A,Defensa y Justicia,Unión Santa Fe,Felipe Viola,12,1.60,1.60,1.19,1.33,2,0,2,0,0,0,"70,79","",5,6,2,1,3,0,3,0,3,0,10,19,6,4,4,15,9,12,36,64,1.20,1.68,1.26,2.07,2.35,55,60,35,25,15,30,55,45,65,6.90,3.80,3.00,3.00,2.60,1.44,2.50,4.80,10.50,2.00,1.67,Estadio Norberto Tito Tomaghello
1774125900,Mar 21 2026 - 8:45pm,complete,N/A,Newell's Old Boys,Gimnasia Mendoza,Sebastían Zunino,12,0.30,0.90,0.94,1.19,1,0,1,0,0,0,"85","",6,5,3,1,6,0,1,3,1,5,16,10,5,3,11,7,11,13,57,43,1.20,1.22,1.93,1.12,2.30,45,75,35,15,10,30,65,40,75,6.60,4.50,2.60,2.75,3.20,1.67,2.89,6.94,13.50,2.16,1.62,Estadio Marcelo Alberto Bielsa
1774134000,Mar 21 2026 - 11:00pm,complete,N/A,Independiente,Talleres Córdoba,Hernán Mastrángelo,12,1.40,1.50,1.41,1.53,1,2,3,0,0,0,"58","69,81",6,5,1,1,2,0,1,1,1,1,16,8,4,4,12,4,7,16,52,48,1.54,1.40,1.65,1.07,2.40,60,80,35,10,10,25,60,45,70,11.40,5.20,1.91,3.15,4.10,1.50,2.60,5.38,10.00,2.15,1.65,Estadio Libertadores de América
1774142100,Mar 22 2026 - 1:15am,complete,N/A,Belgrano,Racing Club,Andrés Merlos,12,1.90,1.50,1.80,1.33,1,2,3,1,0,1,"54","30,61",8,2,3,0,4,0,1,2,2,2,13,7,5,4,8,3,6,14,46,54,1.32,1.49,1.54,1.03,2.00,50,65,40,15,0,20,50,50,65,7.90,5.80,2.75,3.00,2.75,1.51,2.45,4.90,10.00,2.13,1.70,N/A
1774204200,Mar 22 2026 - 6:30pm,complete,N/A,Sarmiento,Aldosivi,Bruno Amiconi,12,1.00,0.56,1.19,0.50,2,0,2,1,1,0,"86,45","",5,7,3,1,3,0,1,3,0,3,10,12,4,2,6,10,9,8,41,59,1.29,1.25,1.26,1.39,1.52,32,42,21,11,0,16,58,16,63,8.12,6.77,2.15,2.85,3.75,1.58,2.94,6.25,11.00,2.67,1.50,Estadio Eva Perón de Junín
1774212300,Mar 22 2026 - 8:45pm,complete,N/A,Estudiantes Río Cuarto,River Plate,Nazareno Arasa,12,0.40,1.70,0.31,1.80,0,2,2,0,0,0,"","70,90'10",5,7,2,0,2,0,2,0,2,0,7,9,1,3,6,6,7,8,43,57,1.21,1.87,0.84,1.21,1.95,25,60,25,15,5,25,65,30,70,9.50,5.50,7.00,3.50,1.63,1.53,2.61,4.60,9.50,2.32,1.44,Estadio Ciudad de Río Cuarto
1774220400,Mar 22 2026 - 11:00pm,complete,N/A,Boca Juniors,Instituto,Leandro Rey Hilfer,12,1.40,1.10,1.76,1.31,2,0,2,0,0,0,"56,51","",7,6,0,0,2,0,0,0,1,1,18,12,5,5,13,7,3,10,69,31,1.36,1.43,1.78,1.27,2.10,55,75,40,5,0,25,65,30,75,9.70,4.80,1.68,3.20,5.40,1.47,2.40,5.00,9.50,2.25,1.57,Estadio Alberto José Armando
1774228500,Mar 23 2026 - 1:15am,complete,N/A,Independiente Rivadavia,Rosario Central,Pablo Echavarría,12,2.00,1.80,2.00,1.79,2,0,2,2,2,0,"29,16","",3,3,0,0,2,0,0,0,0,2,8,13,4,3,4,10,13,10,28,72,1.66,1.61,1.01,1.38,2.35,65,75,50,10,10,25,70,45,70,9.00,4.20,2.76,3.00,2.75,1.54,2.77,4.60,9.00,2.05,1.76,Estadio Juan Bautista Gargantini
1774228500,Mar 23 2026 - 1:15am,complete,N/A,Argentinos Juniors,Platense,Fernando Echenique,12,1.38,1.40,1.89,1.00,1,0,1,0,0,0,"90'14","",4,3,2,0,3,0,2,0,2,1,22,9,4,1,18,8,13,13,70,30,1.84,1.33,2.11,0.90,1.17,34,39,17,0,0,7,39,17,55,9.05,3.78,1.91,3.10,4.80,1.60,2.76,5.50,11.00,2.68,1.45,Estadio Diego Armando Maradona
1774303200,Mar 23 2026 - 10:00pm,complete,N/A,Estudiantes,Central Córdoba SdE,Nicolás Ramírez,12,1.80,1.20,1.82,1.00,5,0,5,0,0,0,"47,70,80,88,85","",8,4,2,0,3,0,0,2,1,2,25,4,13,1,12,3,11,11,55,45,1.50,1.08,2.97,0.68,1.30,20,40,10,0,0,10,30,25,65,8.50,5.80,1.50,3.76,8.13,1.44,2.50,4.70,11.00,2.50,1.50,Estadio Ciudad de Caseros
1774311300,Mar 24 2026 - 12:15am,complete,N/A,Huracán,Barracas Central,Facundo Tello Figueroa,12,1.30,1.50,1.39,1.31,0,0,0,0,0,0,"","",7,5,2,0,1,0,1,1,1,0,15,5,4,1,11,4,8,11,69,31,1.26,1.21,1.84,0.82,1.85,50,65,30,5,0,15,55,30,85,4.80,6.00,1.83,3.10,5.30,1.67,2.80,5.70,11.00,2.60,1.41,Estadio Tomás Adolfo Ducó
1774476000,Mar 25 2026 - 10:00pm,complete,N/A,Deportivo Riestra,San Lorenzo,Ariel Penel,12,0.60,1.30,0.69,1.35,1,1,2,1,1,0,"31","78",2,4,2,0,1,0,1,1,0,1,9,7,2,2,7,5,13,15,35,65,1.33,1.18,1.15,0.96,1.45,30,35,10,10,10,10,40,15,60,8.30,6.60,2.37,2.60,3.90,1.80,3.60,8.00,19.00,2.62,1.42,Estadio Guillermo Laza
1774569600,Mar 27 2026 - 12:00am,complete,N/A,Argentinos Juniors,Lanús,Nicolás Lamolina,6,1.56,1.80,1.89,1.41,2,1,3,0,0,0,"53,61","85",7,1,2,0,4,0,0,2,1,3,16,11,5,1,11,10,9,12,62,38,1.87,1.31,1.80,1.06,1.96,42,57,31,15,10,26,47,36,73,9.51,4.19,1.77,3.15,4.64,1.50,2.45,4.75,10.00,2.25,1.57,Estadio Diego Armando Maradona
1774976400,Mar 31 2026 - 5:00pm,complete,N/A,Aldosivi,Argentinos Juniors,Nicolás Ramírez,7,0.50,1.70,0.50,1.89,0,2,2,2,0,2,"","29,37",2,6,3,0,2,0,1,2,1,1,11,5,5,4,6,1,14,11,26,74,1.27,1.86,1.29,0.95,1.35,35,45,15,5,0,10,45,15,60,9.80,4.60,4.33,3.10,1.93,1.65,2.87,5.35,11.50,2.51,1.51,Estadio José María Minella
1775084400,Apr 01 2026 - 11:00pm,complete,N/A,Lanús,Platense,Sebastián Nicolás Martinez,13,1.64,1.27,1.41,1.00,0,0,0,0,0,0,"","",1,2,1,0,2,0,0,1,0,2,12,3,1,0,11,3,6,11,59,41,1.29,1.29,1.26,0.45,2.00,41,59,37,14,9,18,46,41,78,7.82,4.45,1.95,2.77,3.85,1.64,2.90,5.20,11.00,2.28,1.52,Estadio Ciudad de Lanús - Néstor Díaz Pérez
1775152800,Apr 02 2026 - 6:00pm,complete,N/A,Barracas Central,Sarmiento,Ariel Penel,13,1.45,1.18,1.31,1.19,1,2,3,2,0,2,"69","40,24",5,1,0,0,3,0,0,0,1,2,14,13,3,3,11,10,12,14,47,53,1.18,1.29,1.50,1.38,1.73,36,55,27,5,0,14,60,23,78,5.64,6.27,2.60,2.75,3.10,1.63,3.05,6.50,9.30,2.05,1.67,Estadio Claudio Chiqui Tapia
1775161800,Apr 02 2026 - 8:30pm,complete,N/A,Tigre,Independiente Rivadavia,Pablo Dóvalo,13,1.55,2.09,1.25,2.00,0,2,2,1,0,1,"","26,83",2,5,1,0,2,0,0,1,1,1,18,13,6,4,12,9,14,16,49,51,1.55,1.60,2.07,1.47,2.55,69,78,46,23,14,32,73,46,73,7.91,3.73,2.22,3.00,3.60,1.47,2.80,5.36,9.10,2.00,1.63,Estadio José Dellagiovanna
1775172600,Apr 02 2026 - 11:30pm,complete,N/A,Talleres Córdoba,Boca Juniors,Nazareno Arasa,13,1.64,1.55,1.53,1.76,0,1,1,0,0,0,"","71",6,3,2,0,2,0,1,1,1,1,15,8,1,2,14,6,9,7,48,52,1.37,1.40,1.48,0.92,1.91,50,73,36,0,0,18,45,41,73,10.45,4.00,2.50,2.82,3.20,1.58,2.71,5.00,12.50,2.18,1.62,Estadio Juan Domingo Perón
1775239200,Apr 03 2026 - 6:00pm,complete,N/A,Gimnasia Mendoza,Vélez Sarsfield,N/A,13,0.82,2.00,1.19,1.65,3,2,5,3,1,2,"45'1,81,90'1","3,11",4,0,2,0,2,0,0,2,1,1,16,11,9,3,7,8,12,12,44,56,1.22,1.32,2.03,1.20,1.69,41,50,23,5,0,23,60,18,64,7.55,4.54,3.81,2.60,2.25,1.62,3.00,5.80,13.00,2.30,1.55,N/A
1775247300,Apr 03 2026 - 8:15pm,complete,N/A,Unión Santa Fe,Deportivo Riestra,Darío Herrera,13,1.45,0.64,1.33,0.69,2,0,2,1,1,0,"21,90'5","",9,0,2,0,2,1,0,2,1,2,26,8,9,5,17,3,10,17,72,28,1.72,1.31,2.87,1.13,1.73,36,46,23,14,5,14,50,28,64,7.73,5.73,1.91,3.08,4.50,1.57,2.80,5.75,12.50,2.50,1.44,Estadio 15 de Abril
1775255400,Apr 03 2026 - 10:30pm,complete,N/A,San Lorenzo,Estudiantes,Sebastían Zunino,13,1.27,1.91,1.35,1.82,1,0,1,1,1,0,"11","",4,3,4,0,4,1,2,2,3,2,10,13,5,5,5,8,14,15,44,56,1.16,1.63,1.31,1.54,1.91,36,50,23,14,14,14,36,27,82,8.91,5.18,2.89,2.73,2.69,1.70,3.10,6.00,15.00,2.35,1.50,N/A
1775320200,Apr 04 2026 - 4:30pm,complete,N/A,Aldosivi,Estudiantes Río Cuarto,Nicolás Lamolina,13,0.45,0.36,0.50,0.31,0,0,0,0,0,0,"","",6,10,4,1,2,0,3,2,0,2,11,13,3,2,8,11,16,11,35,65,1.27,1.18,1.30,1.54,1.64,18,60,14,9,0,14,55,27,69,8.63,5.18,2.20,2.75,3.90,1.80,3.45,7.30,16.00,2.25,1.57,Estadio José María Minella
1775334600,Apr 04 2026 - 8:30pm,complete,N/A,Independiente,Racing Club,Leandro Rey Hilfer,13,1.27,1.64,1.41,1.33,1,0,1,0,0,0,"81","",6,4,2,0,3,0,1,1,2,1,8,10,3,1,5,9,9,15,50,50,1.55,1.44,1.18,1.12,2.59,64,87,46,14,9,32,64,50,69,10.36,6.64,2.37,2.80,3.05,1.52,2.48,4.80,11.50,2.10,1.64,Estadio Libertadores de América
1775347200,Apr 05 2026 - 12:00am,complete,N/A,Rosario Central,Atlético Tucumán,Nicolás Ramírez,13,1.64,0.82,1.79,0.88,2,1,3,2,1,1,"31,75","38",5,6,3,0,1,0,2,1,1,0,18,17,8,4,10,13,12,12,67,33,1.58,1.55,2.08,1.68,2.23,55,78,50,9,0,23,78,45,69,10.45,5.45,1.52,3.30,5.80,1.41,2.53,4.75,9.50,2.33,1.56,Estadio 15 de Abril
1775413800,Apr 05 2026 - 6:30pm,complete,N/A,Gimnasia La Plata,Huracán,Jorge Baliño,13,1.27,1.27,1.61,1.39,0,3,3,1,0,1,"","17,66,84",8,5,1,0,4,0,0,1,1,3,25,10,5,5,20,5,6,19,66,34,1.15,1.31,2.48,1.30,2.10,50,64,41,18,5,27,68,27,73,7.73,7.28,3.20,2.80,2.50,1.60,2.85,5.75,13.00,2.15,1.55,Estadio Juan Carmelo Zerillo
1775422800,Apr 05 2026 - 9:00pm,complete,N/A,River Plate,Belgrano,Yael Falcón Pérez,13,1.82,1.73,1.80,1.80,3,0,3,1,1,0,"36,58,83","",8,1,2,0,2,0,1,1,0,2,20,9,5,3,15,6,15,10,67,33,1.81,1.34,1.97,1.03,2.00,46,60,32,18,5,23,59,41,69,9.36,5.18,1.61,3.75,5.50,1.40,2.19,4.20,8.50,2.10,1.67,Estadio Monumental Antonio Vespucio Liberti
1775431800,Apr 05 2026 - 11:30pm,complete,N/A,Central Córdoba SdE,Newell's Old Boys,Hernán Mastrángelo,13,1.09,0.55,1.00,0.94,1,3,4,2,0,2,"64","10,40,90'5",3,2,3,1,0,0,3,1,0,0,6,14,2,5,4,9,16,10,38,62,1.04,1.27,0.84,1.65,2.10,27,68,23,14,14,14,41,46,78,7.36,5.55,2.15,2.87,3.70,1.57,2.70,5.75,13.00,2.15,1.62,N/A
1775512800,Apr 06 2026 - 10:00pm,complete,N/A,Argentinos Juniors,Banfield,Pablo Echavarría,13,1.82,1.18,1.89,1.13,3,2,5,3,2,1,"20,14,71","28,47",9,1,1,0,2,0,0,1,1,1,17,9,7,3,10,6,9,10,67,33,1.78,1.33,2.05,1.10,1.82,41,59,32,5,0,23,55,32,64,9.18,4.55,1.57,3.77,6.00,1.37,2.23,4.44,8.20,2.26,1.57,Estadio Diego Armando Maradona
1775520900,Apr 07 2026 - 12:15am,complete,N/A,Instituto,Defensa y Justicia,Andrés Merlos,13,1.00,1.73,1.31,1.19,2,0,2,1,1,0,"25,83","",5,5,1,0,2,0,0,1,0,2,14,9,3,3,11,6,13,7,39,61,1.41,1.20,1.38,1.14,2.23,55,73,32,14,9,23,59,45,69,8.28,5.00,2.14,2.97,3.78,1.48,2.50,5.19,9.50,2.05,1.65,Estadio Presidente Juan Domingo Perón
1775865600,Apr 11 2026 - 12:00am,complete,N/A,Belgrano,Aldosivi,Daniel Zamora,14,1.58,0.50,1.80,0.50,1,0,1,1,1,0,"28","",3,2,0,1,6,0,0,1,0,6,15,9,1,4,14,5,6,19,69,31,1.32,1.27,1.48,1.12,1.67,38,54,25,13,0,13,54,33,63,8.17,5.17,1.50,3.65,8.10,1.43,2.38,4.75,9.20,2.33,1.50,N/A
1775930400,Apr 11 2026 - 6:00pm,complete,N/A,Deportivo Riestra,Instituto,Nazareno Arasa,14,0.58,1.17,0.69,1.31,0,1,1,0,0,0,"","59",7,5,1,0,4,0,0,1,0,4,14,16,4,6,10,10,12,15,53,47,1.30,1.41,1.93,1.81,1.67,38,58,21,4,0,9,63,21,67,8.42,6.50,2.85,2.65,2.93,1.70,2.99,6.40,12.50,2.35,1.51,Estadio Guillermo Laza
1775932200,Apr 11 2026 - 6:30pm,complete,N/A,Independiente Rivadavia,Argentinos Juniors,Darío Herrera,14,2.17,1.92,2.00,1.89,3,1,4,3,2,1,"9,23,52","45'3",5,4,4,0,4,1,2,2,4,1,11,7,7,1,4,6,13,17,46,54,1.59,1.80,1.56,0.84,2.17,55,67,38,13,13,34,63,29,67,9.42,3.58,3.02,2.75,2.15,1.55,2.60,4.30,8.40,2.05,1.70,Estadio Juan Bautista Gargantini
1775938500,Apr 11 2026 - 8:15pm,complete,N/A,Estudiantes,Unión Santa Fe,Yael Falcón Pérez,14,1.75,1.58,1.82,1.33,2,1,3,1,0,1,"59,90'3","36",4,6,5,0,5,0,2,3,1,4,10,12,3,2,7,10,17,14,63,37,1.62,1.81,1.28,1.35,2.09,34,55,34,17,8,17,46,38,79,8.83,4.91,2.50,2.71,3.26,1.48,2.70,4.75,10.00,2.10,1.65,Estadio Ciudad de Caseros
1775946600,Apr 11 2026 - 10:30pm,complete,N/A,Boca Juniors,Independiente,Andrés Merlos,14,1.67,1.42,1.76,1.41,1,1,2,2,1,1,"45'11","9",3,3,0,0,3,0,0,0,1,2,12,9,5,1,7,8,7,17,61,39,1.36,1.52,1.64,1.02,2.25,55,75,29,9,9,29,50,34,75,11.42,4.75,2.50,2.87,3.15,1.53,2.60,5.26,10.00,2.00,1.75,Estadio Alberto José Armando
1775954700,Apr 12 2026 - 12:45am,complete,N/A,Estudiantes Río Cuarto,Barracas Central,Pablo Dóvalo,14,0.42,1.33,0.31,1.31,1,2,3,3,1,2,"43","30,39",6,2,1,0,3,0,0,1,2,1,16,11,4,5,12,6,12,20,75,25,1.21,1.20,1.88,1.36,1.75,29,63,25,4,0,13,50,34,79,6.75,4.34,2.40,2.77,3.71,1.68,3.18,6.75,15.00,2.64,1.50,Estadio Ciudad de Río Cuarto
1776016800,Apr 12 2026 - 6:00pm,complete,N/A,Platense,Gimnasia Mendoza,Juan Pablo Loustau,14,1.25,1.00,1.00,1.19,1,1,2,1,1,0,"14","74",5,2,2,0,0,0,1,1,0,0,12,8,4,5,8,3,12,15,53,47,1.22,1.28,1.41,1.17,1.54,34,42,25,9,4,21,50,21,58,7.16,4.33,1.97,2.83,3.95,1.73,3.10,6.20,14.00,2.43,1.50,Estadio Ciudad de Vicente López
1776016800,Apr 12 2026 - 6:00pm,complete,N/A,Newell's Old Boys,San Lorenzo,Sebastián Nicolás Martinez,14,0.75,1.42,0.94,1.35,0,0,0,0,0,0,"","",3,1,2,0,4,0,0,2,1,3,13,5,3,1,10,4,9,22,44,56,1.30,1.17,1.46,0.73,2.38,46,71,30,21,17,21,54,42,88,7.33,4.92,2.62,2.81,2.90,1.58,2.87,5.75,13.00,2.18,1.56,Estadio Marcelo Alberto Bielsa
1776025800,Apr 12 2026 - 8:30pm,complete,N/A,Huracán,Rosario Central,Fernando Echenique,14,1.42,1.75,1.39,1.79,3,1,4,2,1,1,"45'3,85,90","2",10,3,1,0,2,0,0,1,1,1,16,7,8,1,8,6,14,7,43,57,1.31,1.63,2.03,0.79,1.88,46,67,38,4,0,21,59,38,67,9.00,6.00,2.30,2.87,3.60,1.67,2.95,6.50,13.00,2.45,1.53,Estadio Tomás Adolfo Ducó
1776025800,Apr 12 2026 - 8:30pm,complete,N/A,Atlético Tucumán,Tigre,Pablo Echavarría,14,0.75,1.42,0.88,1.25,0,0,0,0,0,0,"","",5,3,1,0,1,0,0,1,1,0,7,12,1,4,6,8,14,10,49,51,1.56,1.59,0.92,1.48,2.46,63,79,50,21,4,25,80,46,79,9.50,4.92,2.55,2.90,3.05,1.55,2.57,5.25,10.50,2.14,1.63,Estadio Monumental Presidente José Fierro
1776034800,Apr 12 2026 - 11:00pm,complete,N/A,Racing Club,River Plate,Sebastían Zunino,14,1.50,1.92,1.33,1.80,0,2,2,1,0,1,"","33,90'2",8,2,5,1,3,0,2,4,1,2,12,10,4,4,8,6,16,7,50,50,1.42,1.82,1.46,1.14,2.17,42,71,42,13,4,29,67,42,67,9.66,6.41,2.70,2.80,2.70,1.44,2.35,4.65,9.00,1.93,1.75,Estadio Presidente Juan Domingo Perón
1776108600,Apr 13 2026 - 7:30pm,complete,N/A,Sarmiento,Gimnasia La Plata,Álvaro Carranza,14,1.33,1.17,1.19,1.61,1,2,3,1,0,1,"50","43,90'1",3,7,3,0,2,0,2,1,2,0,11,17,3,7,8,10,17,12,44,56,1.30,1.26,1.27,2.02,2.21,42,63,46,17,4,29,80,25,75,8.00,7.50,2.32,2.90,3.05,1.66,2.87,5.75,11.50,2.31,1.63,Estadio Eva Perón de Junín
1776108600,Apr 13 2026 - 7:30pm,complete,N/A,Defensa y Justicia,Talleres Córdoba,Luis Lobo Medina,14,1.58,1.50,1.19,1.53,1,2,3,1,0,1,"79","15,61",6,2,0,0,2,0,0,0,1,1,17,8,6,5,11,3,7,12,52,48,1.20,1.38,2.01,1.23,2.00,50,67,30,9,9,17,46,46,67,8.92,4.42,3.17,2.70,2.82,1.53,2.85,5.80,10.00,2.14,1.67,Estadio Norberto Tito Tomaghello
1776117600,Apr 13 2026 - 10:00pm,complete,N/A,Lanús,Banfield,Nicolás Ramírez,14,1.58,1.08,1.41,1.13,1,0,1,0,0,0,"88","",5,1,4,0,4,0,0,4,1,3,18,12,4,3,14,9,19,10,66,34,1.29,1.31,2.00,1.39,2.54,50,75,50,21,13,33,63,54,79,7.41,4.91,1.85,3.40,4.80,1.51,2.45,5.33,10.00,2.25,1.60,Estadio Ciudad de Lanús - Néstor Díaz Pérez
1776126600,Apr 14 2026 - 12:30am,complete,N/A,Vélez Sarsfield,Central Córdoba SdE,Bruno Amiconi,14,1.83,1.00,1.65,1.00,1,0,1,1,1,0,"10","",4,4,1,0,2,0,1,0,1,1,21,11,8,2,13,9,8,10,56,44,1.31,1.02,2.33,1.26,1.84,34,54,21,13,8,17,46,34,67,7.50,5.25,1.40,4.50,10.00,1.35,2.15,4.20,8.40,2.75,1.44,Estadio José Amalfitani
1776468600,Apr 17 2026 - 11:30pm,complete,N/A,Unión Santa Fe,Newell's Old Boys,N/A,15,1.46,0.77,1.33,0.94,2,3,5,3,1,2,"4,87","13,38,76",15,4,3,0,3,0,0,3,1,2,28,5,10,3,18,2,8,14,73,27,1.78,1.31,3.15,0.79,2.54,46,77,42,23,12,23,58,54,89,7.54,4.46,1.70,3.50,5.25,1.40,2.25,4.25,8.00,2.10,1.62,Estadio 15 de Abril
1776535200,Apr 18 2026 - 6:00pm,complete,N/A,Gimnasia La Plata,Estudiantes Río Cuarto,Luis Lobo Medina,15,1.31,0.38,1.61,0.31,1,0,1,1,1,0,"40","",1,4,2,0,3,0,1,1,1,2,15,14,4,4,11,10,12,13,46,54,1.32,1.26,1.62,1.57,2.20,35,70,43,16,4,23,69,38,73,9.38,5.62,1.89,2.80,5.13,1.44,2.50,4.80,10.50,2.16,1.60,Estadio Juan Carmelo Zerillo
1776543300,Apr 18 2026 - 8:15pm,complete,N/A,Instituto,Estudiantes,Hernán Mastrángelo,15,1.31,1.85,1.31,1.82,0,1,1,0,0,0,"","51",7,2,3,0,4,0,0,3,0,4,16,4,3,2,13,2,16,17,58,42,1.44,1.60,1.67,0.66,2.00,39,62,35,8,4,12,54,35,81,9.38,5.92,2.56,3.00,2.90,1.50,2.60,4.75,9.30,2.10,1.65,Estadio Juan Domingo Perón
1776551400,Apr 18 2026 - 10:30pm,complete,N/A,Independiente,Defensa y Justicia,Sebastián Nicolás Martinez,15,1.38,1.46,1.41,1.19,3,1,4,3,2,1,"29,15,90'4","8",6,5,2,0,2,0,1,1,0,2,14,9,6,1,8,8,7,12,51,49,1.48,1.26,1.70,1.00,2.42,62,77,27,15,15,31,58,42,66,9.92,5.00,1.77,3.25,5.58,1.44,2.60,4.60,9.30,2.25,1.57,Estadio Libertadores de América
1776559500,Apr 19 2026 - 12:45am,complete,N/A,Argentinos Juniors,Atlético Tucumán,Bruno Amiconi,15,1.77,0.77,1.89,0.88,1,0,1,0,0,0,"61","",7,2,2,0,5,0,1,1,1,4,14,4,6,0,8,4,5,12,70,30,1.73,1.51,1.87,0.53,2.12,54,66,47,15,4,31,66,31,70,10.92,5.00,1.66,3.40,5.50,1.42,2.31,4.25,9.50,2.20,1.67,Estadio Diego Armando Maradona
1776616200,Apr 19 2026 - 4:30pm,complete,N/A,Aldosivi,Racing Club,Nazareno Arasa,15,0.46,1.38,0.50,1.33,1,1,2,1,1,0,"43","83",1,5,4,0,1,1,1,3,0,2,8,21,6,4,2,17,15,10,29,71,1.26,1.42,1.25,2.19,1.73,35,62,27,8,0,19,62,27,58,8.61,6.92,4.80,3.10,1.92,1.62,2.76,5.75,11.00,2.40,1.50,Estadio José María Minella
1776628800,Apr 19 2026 - 8:00pm,complete,N/A,River Plate,Boca Juniors,Darío Herrera,15,2.00,1.62,1.80,1.76,0,1,1,1,0,1,"","45'6",6,1,6,0,4,0,2,4,1,3,13,10,3,5,10,5,14,19,68,32,1.77,1.38,1.54,1.28,1.96,39,69,27,8,4,31,62,27,69,10.31,4.54,2.30,2.95,3.43,1.49,2.50,5.10,12.00,2.15,1.65,Estadio Monumental Antonio Vespucio Liberti
1776641400,Apr 19 2026 - 11:30pm,complete,N/A,Rosario Central,Sarmiento,Andrés Merlos,15,1.62,1.23,1.79,1.19,2,1,3,1,1,0,"42,90'11","77",4,3,2,0,0,0,0,2,0,0,22,5,6,1,16,4,10,11,64,36,1.56,1.30,2.44,0.71,2.04,46,66,42,8,0,27,69,35,70,8.61,6.31,1.53,3.82,6.50,1.43,2.23,4.05,8.50,2.31,1.53,Estadio 15 de Abril
1776641400,Apr 19 2026 - 11:30pm,complete,N/A,Talleres Córdoba,Deportivo Riestra,Fernando Echenique,15,1.62,0.54,1.53,0.69,2,0,2,2,2,0,"10,25","",4,7,2,0,2,0,1,1,1,1,15,9,8,1,7,8,10,13,71,29,1.37,1.35,1.93,1.13,1.50,39,50,23,0,0,4,46,27,66,8.92,5.84,1.90,3.00,4.83,1.64,2.85,6.75,15.00,2.50,1.53,Estadio Juan Domingo Perón
1776708000,Apr 20 2026 - 6:00pm,complete,N/A,Barracas Central,Belgrano,Nicolás Lamolina,15,1.46,1.69,1.31,1.80,0,0,0,0,0,0,"","",2,4,1,0,0,1,0,1,0,1,12,11,2,3,10,8,11,7,32,68,1.22,1.33,1.20,1.37,1.92,50,62,38,8,0,16,58,39,73,5.61,4.23,3.75,2.99,2.28,1.67,3.00,6.50,17.00,2.30,1.50,Estadio Claudio Chiqui Tapia
1776716100,Apr 20 2026 - 8:15pm,complete,N/A,Banfield,Independiente Rivadavia,Brian Ferreyra,15,1.00,2.23,1.13,2.00,0,0,0,0,0,0,"","",6,3,2,0,1,0,1,1,1,0,16,16,4,2,12,14,12,8,39,61,1.32,1.59,1.63,1.55,2.58,58,77,50,19,12,39,77,39,77,7.23,4.61,2.80,2.85,2.65,1.40,2.38,4.60,9.00,1.95,1.80,N/A
1776716100,Apr 20 2026 - 8:15pm,complete,N/A,Central Córdoba SdE,Platense,Sebastían Zunino,15,0.92,1.23,1.00,1.00,4,3,7,3,2,1,"24,35,50,76","20,71,87",3,7,5,0,1,0,2,3,0,1,10,19,4,7,6,12,12,7,28,72,1.04,1.23,1.17,2.15,1.42,23,42,15,8,4,8,38,27,58,7.54,5.00,3.50,2.75,2.58,1.70,3.05,6.35,17.00,2.30,1.50,N/A
1776724200,Apr 20 2026 - 10:30pm,complete,N/A,San Lorenzo,Vélez Sarsfield,Leandro Rey Hilfer,15,1.38,1.92,1.35,1.65,0,0,0,0,0,0,"","",4,1,2,0,1,0,0,2,1,0,12,10,5,3,7,7,13,16,52,48,1.14,1.39,1.53,1.15,1.85,42,50,19,12,12,15,54,23,69,7.46,4.70,3.00,2.80,2.55,1.65,2.76,6.50,13.50,2.25,1.57,N/A
1776732300,Apr 21 2026 - 12:45am,complete,N/A,Gimnasia Mendoza,Lanús,Felipe Viola,15,1.00,1.69,1.19,1.41,1,0,1,0,0,0,"54","",6,1,2,0,3,0,1,1,0,3,19,8,4,0,15,8,17,18,42,58,1.27,1.34,1.86,0.82,2.23,46,62,39,19,12,35,58,39,74,7.38,4.61,3.20,2.75,2.55,1.60,2.88,6.25,15.00,2.28,1.57,N/A
1776732300,Apr 21 2026 - 12:45am,complete,N/A,Tigre,Huracán,Yael Falcón Pérez,15,1.38,1.54,1.25,1.39,1,1,2,0,0,0,"48","65",0,3,2,0,4,0,1,1,1,3,9,5,2,2,7,3,15,14,37,63,1.58,1.37,0.99,0.87,2.04,50,66,35,19,4,19,58,42,73,8.38,5.31,2.45,2.70,3.45,1.71,3.40,7.00,17.00,2.30,1.50,Estadio José Dellagiovanna
1776985200,Apr 23 2026 - 11:00pm,complete,N/A,Defensa y Justicia,Boca Juniors,Carlos Gariano,16,1.36,1.71,1.19,1.76,0,4,4,1,0,1,"","81,22,77,90'2",4,1,1,0,2,0,0,1,0,2,8,11,1,7,7,4,5,11,52,48,1.24,1.37,1.06,1.49,2.00,50,68,25,11,7,29,54,32,64,8.71,3.93,3.05,2.77,2.45,1.47,2.56,4.80,9.00,2.05,1.69,Estadio Norberto Tito Tomaghello
1777060800,Apr 24 2026 - 8:00pm,complete,N/A,Deportivo Riestra,Independiente,Luis Lobo Medina,16,0.50,1.50,0.69,1.41,2,0,2,1,1,0,"13,80","",3,3,5,0,3,0,2,3,1,2,8,13,4,2,4,11,16,13,31,69,1.33,1.50,1.13,1.58,1.93,46,61,18,11,7,25,57,18,61,10.21,6.43,3.63,2.90,2.28,1.66,3.16,6.25,12.00,2.30,1.50,Estadio Guillermo Laza
1777068900,Apr 24 2026 - 10:15pm,complete,N/A,Estudiantes Río Cuarto,Rosario Central,Darío Herrera,16,0.36,1.71,0.31,1.79,1,2,3,1,0,1,"60","6,55",0,4,1,2,4,0,0,3,2,2,14,12,2,4,12,8,12,11,43,57,1.28,1.62,1.49,1.28,1.96,36,68,36,7,0,22,61,43,64,9.72,4.65,3.65,2.95,2.10,1.50,2.45,5.81,11.00,2.15,1.62,Estadio Ciudad de Río Cuarto
1777068900,Apr 24 2026 - 10:15pm,complete,N/A,Lanús,Central Córdoba SdE,Pablo Dóvalo,16,1.57,1.07,1.41,1.00,0,0,0,0,0,0,"","",5,3,1,0,2,0,0,1,0,2,15,9,5,3,10,6,11,17,66,34,1.31,1.05,2.03,1.20,2.22,32,57,32,21,14,25,43,47,72,7.50,5.64,1.40,3.90,6.79,1.44,2.30,4.53,9.00,2.25,1.57,Estadio Ciudad de Lanús - Néstor Díaz Pérez
1777077000,Apr 25 2026 - 12:30am,complete,N/A,Racing Club,Barracas Central,Pablo Echavarría,16,1.36,1.43,1.33,1.31,1,1,2,1,1,0,"30","80",2,3,2,1,2,0,2,1,2,0,5,17,1,3,4,14,11,8,50,50,1.47,1.22,0.83,1.70,1.97,50,72,40,4,0,21,61,32,71,6.36,5.64,1.47,4.00,7.40,1.40,2.25,4.33,7.80,2.25,1.57,Estadio Presidente Juan Domingo Perón
1777077000,Apr 25 2026 - 12:30am,complete,N/A,Platense,San Lorenzo,Hernán Mastrángelo,16,1.14,1.36,1.00,1.35,0,1,1,1,0,1,"","27",8,4,2,0,3,0,0,2,0,3,23,10,6,6,17,4,16,10,56,44,1.30,1.17,2.46,1.31,1.64,36,43,18,11,11,11,43,21,64,7.72,4.50,2.44,2.78,3.67,1.67,3.05,6.50,11.00,2.43,1.53,Estadio Ciudad de Vicente López
1777147200,Apr 25 2026 - 8:00pm,complete,N/A,Estudiantes,Talleres Córdoba,Leandro Rey Hilfer,16,1.93,1.71,1.82,1.53,0,0,0,0,0,0,"","",6,1,1,0,4,0,0,1,1,3,16,10,3,3,13,7,8,10,55,45,1.53,1.41,1.77,1.16,1.86,40,57,36,4,4,11,43,40,75,9.36,5.43,2.05,3.00,4.00,1.54,2.68,5.00,9.50,2.10,1.60,Estadio Ciudad de Caseros
1777155300,Apr 25 2026 - 10:15pm,complete,N/A,Sarmiento,Tigre,Sebastían Zunino,16,1.14,1.36,1.19,1.25,1,0,1,1,1,0,"10","",3,6,2,1,3,0,2,1,1,2,10,15,4,2,6,13,11,15,48,52,1.25,1.54,1.26,1.63,2.07,50,64,36,14,4,18,64,40,75,7.35,5.57,3.50,2.80,2.40,1.67,2.85,6.50,13.00,2.33,1.52,Estadio Eva Perón de Junín
1777163400,Apr 26 2026 - 12:30am,complete,N/A,River Plate,Aldosivi,Nicolás Ramírez,16,1.86,0.50,1.80,0.50,3,1,4,1,1,0,"39,83,90'6","72",8,1,2,0,3,0,0,2,2,1,24,5,6,2,18,3,12,16,72,28,1.75,1.26,2.46,0.65,1.72,29,57,18,11,4,22,72,18,57,9.36,6.28,1.18,4.95,13.00,1.39,2.35,4.33,9.00,3.40,1.27,Estadio Monumental Antonio Vespucio Liberti
1777226400,Apr 26 2026 - 6:00pm,complete,N/A,Independiente Rivadavia,Gimnasia Mendoza,Yael Falcón Pérez,16,2.14,1.14,2.00,1.19,5,1,6,2,1,1,"18,83,50,80,70","1",11,2,2,0,6,1,1,1,3,4,24,7,10,2,14,5,14,18,59,41,1.59,1.32,2.55,0.71,2.25,54,65,40,18,11,40,72,25,68,7.43,4.00,1.64,3.10,5.36,1.47,2.38,4.50,10.50,2.10,1.65,Estadio Juan Bautista Gargantini
1777235400,Apr 26 2026 - 8:30pm,complete,N/A,Belgrano,Gimnasia La Plata,Nazareno Arasa,16,1.64,1.43,1.80,1.61,0,1,1,1,0,1,"","41",3,6,2,1,2,0,2,1,0,2,7,6,0,2,7,4,16,9,46,54,1.33,1.34,0.72,0.92,2.15,47,61,47,18,4,18,72,43,68,7.92,5.42,2.02,3.15,4.50,1.52,2.38,4.60,10.00,2.10,1.63,Estadio Julio César Villagra
1777235400,Apr 26 2026 - 8:30pm,complete,N/A,Newell's Old Boys,Instituto,N/A,16,0.93,1.21,0.94,1.31,1,1,2,0,0,0,"80","61",4,3,5,0,3,0,3,2,3,0,11,6,4,3,7,3,10,11,54,46,1.27,1.46,1.51,0.98,2.43,47,79,40,18,11,22,61,47,90,8.22,5.14,3.05,2.95,2.40,1.50,2.61,5.12,10.00,2.00,1.75,Estadio Marcelo Alberto Bielsa
1777244400,Apr 26 2026 - 11:00pm,complete,N/A,Atlético Tucumán,Banfield,Álvaro Carranza,16,0.71,1.00,0.88,1.13,1,1,2,0,0,0,"55","89",3,2,0,0,4,0,0,0,2,2,16,10,7,2,9,8,19,12,53,47,1.44,1.34,2.05,1.15,2.25,50,68,50,14,4,29,72,40,75,8.71,5.64,1.94,2.84,3.75,1.49,2.50,4.75,9.50,2.05,1.73,Estadio Monumental Presidente José Fierro
1777326300,Apr 27 2026 - 9:45pm,complete,N/A,Vélez Sarsfield,Unión Santa Fe,Sebastián Nicolás Martinez,16,1.86,1.36,1.65,1.33,2,2,4,3,2,1,"11,45'1","17,68",2,4,5,1,4,0,2,4,3,1,12,14,6,6,6,8,8,9,58,42,1.37,1.87,1.49,1.67,2.21,47,61,36,18,11,22,61,39,75,8.50,4.14,2.20,2.92,3.40,1.44,2.50,5.30,10.00,2.05,1.68,Estadio José Amalfitani
1777334400,Apr 28 2026 - 12:00am,complete,N/A,Huracán,Argentinos Juniors,Ariel Penel,16,1.50,1.86,1.39,1.89,1,2,3,2,1,1,"13","34,65",4,5,3,0,2,0,1,2,0,2,11,5,4,2,7,3,15,11,46,54,1.33,1.74,1.36,0.77,1.86,47,57,33,14,4,25,47,32,72,9.93,5.64,2.86,2.79,2.70,1.68,3.38,7.58,12.50,2.25,1.57,Estadio Tomás Adolfo Ducó
1777741200,May 02 2026 - 5:00pm,complete,N/A,Barracas Central,Banfield,Darío Herrera,9,1.40,1.00,1.31,1.13,1,2,3,2,1,1,"16","8,90'1",2,6,1,0,0,0,0,1,0,0,16,16,8,6,8,10,10,7,49,51,1.25,1.33,2.05,1.95,2.00,50,67,37,7,4,24,60,34,73,5.47,4.66,2.60,2.90,3.00,1.62,2.87,5.25,13.00,2.20,1.60,Estadio Claudio Chiqui Tapia
1777743000,May 02 2026 - 5:30pm,complete,N/A,Lanús,Deportivo Riestra,Sebastián Nicolás Martinez,9,1.53,0.67,1.41,0.69,0,0,0,0,0,0,"","",4,7,2,0,3,0,2,0,1,2,12,5,7,2,5,3,15,20,71,29,1.35,1.32,1.64,0.79,1.67,30,50,20,10,7,17,47,24,67,7.93,6.07,2.02,3.00,4.10,1.68,3.07,6.50,13.50,2.43,1.50,Estadio Ciudad de Lanús - Néstor Díaz Pérez
1777749300,May 02 2026 - 7:15pm,complete,N/A,Central Córdoba SdE,Boca Juniors,Nazareno Arasa,9,1.07,1.80,1.00,1.76,1,2,3,2,0,2,"56","45,43",3,3,3,0,3,0,1,2,2,1,14,11,4,8,10,3,16,11,35,65,1.06,1.38,1.53,1.66,1.90,30,57,24,14,7,24,47,34,60,8.20,4.94,5.50,3.20,1.75,1.50,2.44,5.30,11.00,2.28,1.56,N/A
1777758300,May 02 2026 - 9:45pm,complete,N/A,San Lorenzo,Independiente,Pablo Dóvalo,9,1.47,1.40,1.35,1.41,1,2,3,1,0,1,"72","16,54",7,4,2,1,3,0,2,1,2,1,25,13,7,5,18,8,13,19,58,42,1.18,1.50,2.53,1.53,2.20,50,64,23,17,13,27,57,27,67,9.60,5.47,3.10,2.65,2.65,1.58,2.90,4.85,10.00,2.13,1.64,N/A
1777758300,May 02 2026 - 9:45pm,complete,N/A,Unión Santa Fe,Talleres Córdoba,Sebastían Zunino,9,1.33,1.67,1.33,1.53,1,1,2,1,0,1,"90'5","18",8,0,5,0,3,0,3,2,1,2,25,7,7,1,18,6,14,13,61,39,1.86,1.39,2.77,0.66,2.34,50,70,47,17,7,23,57,50,77,9.53,4.54,2.23,3.12,3.60,1.44,2.50,4.50,10.50,2.02,1.71,Estadio 15 de Abril
1777767300,May 03 2026 - 12:15am,complete,N/A,Platense,Estudiantes,Nicolás Ramírez,9,1.07,1.87,1.00,1.82,0,2,2,0,0,0,"","70,78",7,5,1,0,1,0,0,1,0,1,18,16,7,8,11,8,10,12,52,48,1.38,1.55,2.12,1.97,1.57,30,40,24,7,7,7,40,24,67,8.80,5.06,3.30,2.70,2.50,1.70,2.99,6.25,11.00,2.35,1.53,Estadio Ciudad de Vicente López
1777825800,May 03 2026 - 4:30pm,complete,N/A,Aldosivi,Independiente Rivadavia,Pablo Echavarría,9,0.47,2.20,0.50,2.00,1,1,2,2,1,1,"4","8",5,7,0,0,3,0,0,0,1,2,18,15,4,4,14,11,7,9,40,60,1.22,1.65,1.91,1.68,2.17,50,67,33,20,10,30,74,23,63,8.07,5.07,2.90,2.98,2.66,1.54,2.78,5.00,10.00,2.11,1.63,Estadio José María Minella
1777834800,May 03 2026 - 7:00pm,complete,N/A,Belgrano,Sarmiento,N/A,9,1.53,1.27,1.80,1.19,4,0,4,2,2,0,"36,43,55,86","",3,2,1,0,1,0,1,0,1,0,12,6,6,3,6,3,8,8,52,48,1.29,1.26,1.50,0.81,1.83,40,50,37,10,0,14,63,37,67,7.27,6.00,1.80,3.10,5.00,1.49,2.62,5.00,10.50,2.31,1.55,Estadio Julio César Villagra
1777834800,May 03 2026 - 7:00pm,complete,N/A,Gimnasia La Plata,Argentinos Juniors,Juan Pafundi,9,1.53,1.93,1.61,1.89,2,0,2,1,1,0,"13,59","",3,11,4,0,6,0,3,1,3,3,12,14,2,3,10,11,11,17,35,65,1.31,1.67,1.19,1.74,2.14,47,60,43,17,7,30,70,27,67,9.93,5.26,3.30,3.10,2.30,1.44,2.40,4.75,8.70,2.05,1.70,Estadio Juan Carmelo Zerillo
1777834800,May 03 2026 - 7:00pm,complete,N/A,Rosario Central,Tigre,Hernán Mastrángelo,9,1.80,1.27,1.79,1.25,1,1,2,1,1,0,"38","81",3,11,1,0,2,1,0,1,1,2,15,17,5,4,10,13,14,17,43,57,1.60,1.55,1.66,1.92,2.17,57,74,40,14,4,20,67,50,67,8.67,4.33,2.50,2.80,3.20,1.61,2.87,5.66,10.00,2.16,1.62,Estadio 15 de Abril
1777834800,May 03 2026 - 7:00pm,complete,N/A,Racing Club,Huracán,Leandro Rey Hilfer,9,1.33,1.40,1.33,1.39,0,0,0,0,0,0,"","",6,1,1,0,2,0,1,0,1,1,9,5,1,1,8,4,15,11,63,37,1.43,1.33,1.05,0.71,2.07,53,74,40,10,0,24,60,40,77,8.54,7.20,2.20,2.90,3.89,1.62,3.00,5.50,11.00,2.30,1.53,Estadio Presidente Juan Domingo Perón
1777843800,May 03 2026 - 9:30pm,complete,N/A,River Plate,Atlético Tucumán,Yael Falcón Pérez,9,1.93,0.73,1.80,0.88,0,1,1,1,0,1,"","19",6,1,2,0,2,0,0,2,1,1,19,5,5,3,14,2,6,16,76,24,1.80,1.48,2.12,0.80,2.24,47,70,43,17,4,27,77,37,74,10.53,5.80,1.58,3.80,5.75,1.34,1.93,3.74,6.62,2.16,1.62,Estadio Monumental Antonio Vespucio Liberti
1777924800,May 04 2026 - 8:00pm,complete,N/A,Gimnasia Mendoza,Defensa y Justicia,Bruno Amiconi,9,1.07,1.27,1.19,1.19,2,1,3,2,1,1,"30,73","12",2,7,2,0,2,0,1,1,1,1,9,11,3,4,6,7,10,12,40,60,1.28,1.23,1.01,1.57,2.30,50,63,33,24,13,34,64,37,67,7.53,4.53,2.35,3.00,3.35,1.56,2.79,5.50,11.50,2.15,1.62,N/A
1777932900,May 04 2026 - 10:15pm,complete,N/A,Vélez Sarsfield,Newell's Old Boys,Luis Lobo Medina,9,1.80,0.93,1.65,0.94,1,1,2,0,0,0,"56","60",7,4,2,0,5,0,0,2,2,3,15,9,3,5,12,4,10,12,61,39,1.38,1.29,1.64,1.33,2.27,50,70,34,20,14,24,57,40,80,6.80,4.87,1.83,3.45,4.40,1.37,2.17,3.80,8.00,1.95,1.75,Estadio José Amalfitani
1777941000,May 05 2026 - 12:30am,complete,N/A,Estudiantes Río Cuarto,Instituto,Andrés Merlos,9,0.33,1.20,0.31,1.31,0,2,2,1,0,1,"","18,63",3,8,1,1,1,0,2,0,0,1,9,22,2,7,7,15,6,15,43,57,1.30,1.42,1.04,2.39,1.97,34,67,30,7,0,13,57,40,77,9.26,5.26,3.60,3.00,2.25,1.57,2.88,6.25,12.00,2.30,1.58,Estadio Ciudad de Río Cuarto
1778355000,May 09 2026 - 7:30pm,complete,N/A,Talleres Córdoba,Belgrano,Darío Herrera,N/A,1.63,1.63,1.53,1.80,0,1,1,0,0,0,"","48",8,3,3,2,4,1,0,5,1,4,16,14,2,3,14,11,13,20,56,44,1.34,1.31,1.56,1.42,1.88,44,60,38,10,0,13,53,47,66,7.94,4.56,2.40,2.80,3.20,1.67,3.00,5.65,13.00,2.30,1.62,Estadio Juan Domingo Perón
1778364000,May 09 2026 - 10:00pm,complete,N/A,Boca Juniors,Huracán,Pablo Echavarría,N/A,1.88,1.38,1.76,1.39,2,3,5,1,0,1,"87,116","5,103,94",17,1,1,0,4,2,0,1,1,5,36,8,11,4,25,4,10,15,68,32,1.40,1.30,3.89,1.05,1.91,47,66,35,10,0,28,53,32,72,8.44,5.32,1.89,2.97,4.54,1.64,2.90,6.00,15.00,2.40,1.50,Estadio Alberto José Armando
1778373000,May 10 2026 - 12:30am,complete,N/A,Independiente Rivadavia,Unión Santa Fe,Luis Lobo Medina,N/A,2.13,1.31,2.00,1.33,1,2,3,1,0,1,"70","34,49",5,5,1,0,2,0,0,1,1,1,18,10,4,6,14,4,6,15,61,39,1.65,1.92,1.92,1.41,2.75,63,78,50,28,16,41,75,41,79,9.57,4.38,2.20,3.10,3.40,1.40,2.30,4.34,9.00,1.91,1.80,Estadio Juan Bautista Gargantini
1778375700,May 10 2026 - 1:15am,complete,N/A,Argentinos Juniors,Lanús,Leandro Rey Hilfer,N/A,1.81,1.50,1.89,1.41,2,0,2,1,1,0,"90'6,28","",3,2,3,0,4,0,2,1,2,2,16,9,8,3,8,6,12,16,49,51,1.68,1.37,1.96,1.11,1.97,41,56,35,16,10,28,44,32,72,9.75,4.76,2.02,3.00,4.23,1.52,2.87,5.50,11.50,2.20,1.57,Estadio Diego Armando Maradona
1778436000,May 10 2026 - 6:00pm,complete,N/A,Rosario Central,Independiente,Yael Falcón Pérez,N/A,1.75,1.50,1.79,1.41,3,1,4,2,1,1,"45'2,90'2,84","36",2,3,2,0,2,0,1,1,1,1,14,6,6,4,8,2,11,14,60,40,1.61,1.50,1.81,1.14,2.50,66,85,44,13,7,32,72,44,72,10.38,5.19,2.05,3.00,4.35,1.44,2.45,4.91,10.00,2.08,1.73,Estadio 15 de Abril
1778443200,May 10 2026 - 8:00pm,complete,N/A,Estudiantes,Racing Club,Sebastián Nicolás Martinez,N/A,1.94,1.31,1.82,1.33,0,1,1,0,0,0,"","89",1,4,2,0,5,0,1,1,1,4,13,8,4,2,9,6,1,18,48,52,1.57,1.41,1.53,1.02,1.82,38,60,32,6,3,13,47,35,72,9.01,6.56,2.29,2.93,3.15,1.47,2.50,5.25,10.50,2.10,1.73,Estadio Ciudad de Caseros
1778450400,May 10 2026 - 10:00pm,complete,N/A,River Plate,San Lorenzo,Sebastían Zunino,N/A,1.81,1.38,1.80,1.35,2,2,4,1,0,1,"55,120'1","37,94",6,2,2,0,1,1,0,2,2,0,30,5,12,4,18,1,14,13,73,27,1.82,1.26,3.76,0.91,1.94,35,54,25,16,10,19,66,28,63,9.56,5.57,1.60,3.33,5.75,1.45,2.50,4.40,9.00,2.38,1.53,Estadio Monumental Antonio Vespucio Liberti
1778459400,May 11 2026 - 12:30am,complete,N/A,Vélez Sarsfield,Gimnasia La Plata,Carlos Gariano,N/A,1.75,1.63,1.65,1.61,0,1,1,1,0,1,"","13",17,0,2,0,5,1,2,0,2,4,27,7,5,3,22,4,9,13,71,29,1.40,1.31,2.78,0.81,2.13,47,63,38,16,6,22,75,28,69,7.88,5.44,2.10,3.10,3.90,1.48,2.59,5.20,11.00,2.15,1.65,Estadio José Amalfitani
1778623200,May 12 2026 - 10:00pm,complete,N/A,Belgrano,Unión Santa Fe,Andrés Merlos,N/A,1.71,1.41,1.80,1.33,2,0,2,0,0,0,"65,90'6","",4,7,0,0,4,0,0,0,0,4,17,12,8,4,9,8,4,8,54,46,1.31,1.89,2.10,1.50,2.29,47,62,44,24,6,21,62,50,77,8.71,4.82,2.28,3.00,2.82,1.52,2.60,4.70,10.00,2.10,1.73,Estadio Julio César Villagra
1778632200,May 13 2026 - 12:30am,complete,N/A,Argentinos Juniors,Huracán,Fernando Echenique,N/A,1.88,1.47,1.89,1.39,1,0,1,0,0,0,"95","",9,2,2,0,6,0,0,2,2,4,18,11,4,4,14,7,14,29,63,37,1.69,1.28,1.99,1.36,1.97,47,62,35,15,6,27,53,30,74,9.64,6.00,1.84,2.90,4.19,1.53,2.63,5.50,13.00,2.40,1.53,Estadio Diego Armando Maradona
1778708700,May 13 2026 - 9:45pm,complete,N/A,Rosario Central,Racing Club,Darío Herrera,N/A,1.82,1.41,1.79,1.33,2,1,3,1,0,1,"65,106","41",3,2,1,0,5,2,0,1,0,7,19,10,10,2,9,8,12,24,64,36,1.62,1.39,2.47,1.10,2.15,56,77,44,9,0,24,68,44,71,8.88,5.94,2.30,2.90,3.50,1.53,2.75,4.90,9.50,2.10,1.66,Estadio 15 de Abril
1778719500,May 14 2026 - 12:45am,complete,N/A,River Plate,Gimnasia La Plata,Leandro Rey Hilfer,N/A,1.76,1.71,1.80,1.61,2,0,2,1,1,0,"27,65","",7,5,1,0,4,0,1,0,2,2,18,12,8,6,10,6,21,16,58,42,1.93,1.28,2.07,1.43,2.27,38,65,41,21,6,24,88,32,65,9.59,6.29,1.53,4.00,6.45,1.44,2.27,3.94,7.60,2.28,1.56,Estadio Monumental Antonio Vespucio Liberti
1778970600,May 16 2026 - 10:30pm,complete,N/A,River Plate,Rosario Central,Nicolás Ramírez,N/A,1.83,1.89,1.80,1.79,1,0,1,0,0,0,"62","",6,1,2,0,7,0,0,2,3,4,11,7,3,1,8,6,17,19,54,46,1.94,1.67,1.37,0.76,2.31,50,75,45,17,3,25,81,45,70,10.11,5.00,2.07,2.90,4.00,1.56,2.73,4.75,9.30,2.16,1.62,Estadio Monumental Antonio Vespucio Liberti
1779048000,May 17 2026 - 8:00pm,complete,N/A,Argentinos Juniors,Belgrano,Nazareno Arasa,N/A,1.94,1.78,1.89,1.80,1,1,2,1,1,0,"7","90'4",5,3,2,0,8,0,1,1,1,7,18,9,8,3,10,6,17,22,56,44,1.71,1.36,2.15,1.19,1.83,36,53,31,14,3,20,50,34,70,9.55,4.67,2.05,2.90,4.33,1.63,3.10,5.70,13.50,2.40,1.52,Estadio Diego Armando Maradona
1779647400,May 24 2026 - 6:30pm,complete,N/A,River Plate,Belgrano,Yael Falcón Pérez,N/A,1.89,1.74,1.80,1.80,2,3,5,2,1,1,"18,59","26,88,85",6,4,2,0,3,0,1,1,0,3,8,13,4,6,4,7,7,11,62,38,1.91,1.35,1.10,1.59,2.00,35,58,32,19,3,16,66,40,68,9.26,5.32,2.23,2.90,3.90,1.66,2.85,6.15,15.00,2.30,1.60,Estadio Juan Domingo Perón
1784845800,Jul 23 2026 - 10:30pm,incomplete,N/A,Sarmiento,Argentinos Juniors,N/A,1,1.19,1.89,1.19,1.89,0,0,0,0,0,0,"","",-1,-1,-1,-1,-1,-1,-1,-1,-1,-1,-1,-1,-1,-1,-1,-1,-1,-1,-1,-1,1.23,1.73,0.00,0.00,1.95,40,57,35,12,3,26,64,24,75,9.39,5.87,4.28,2.96,2.08,1.61,2.85,6.37,14.00,2.43,1.48,Estadio Eva Perón de Junín
1784845800,Jul 23 2026 - 10:30pm,incomplete,N/A,Belgrano,Rosario Central,N/A,1,1.80,1.79,1.80,1.79,0,0,0,0,0,0,"","",-1,-1,-1,-1,-1,-1,-1,-1,-1,-1,-1,-1,-1,-1,-1,-1,-1,-1,-1,-1,1.36,1.62,0.00,0.00,2.16,52,67,44,16,3,21,65,52,72,7.86,5.07,2.82,2.85,2.87,1.58,3.10,0.00,0.00,0.00,0.00,Estadio Julio César Villagra
1784853900,Jul 24 2026 - 12:45am,incomplete,N/A,Defensa y Justicia,Aldosivi,N/A,1,1.19,0.50,1.19,0.50,0,0,0,0,0,0,"","",-1,-1,-1,-1,-1,-1,-1,-1,-1,-1,-1,-1,-1,-1,-1,-1,-1,-1,-1,-1,1.25,1.26,0.00,0.00,2.00,47,66,26,19,7,25,66,29,60,8.07,5.00,1.88,3.22,4.74,1.55,2.45,5.37,14.00,2.25,1.55,Estadio José María Minella
1784922300,Jul 24 2026 - 7:45pm,incomplete,N/A,Gimnasia Mendoza,Central Córdoba SdE,N/A,1,1.19,1.00,1.19,1.00,0,0,0,0,0,0,"","",-1,-1,-1,-1,-1,-1,-1,-1,-1,-1,-1,-1,-1,-1,-1,-1,-1,-1,-1,-1,1.26,1.09,0.00,0.00,2.13,38,53,32,19,13,35,57,32,63,7.13,5.56,2.21,3.12,3.58,1.49,0.00,0.00,0.00,0.00,0.00,Estadio Víctor Antonio Legrotaglie
1784930400,Jul 24 2026 - 10:00pm,incomplete,N/A,Vélez Sarsfield,Instituto,N/A,1,1.65,1.31,1.65,1.31,0,0,0,0,0,0,"","",-1,-1,-1,-1,-1,-1,-1,-1,-1,-1,-1,-1,-1,-1,-1,-1,-1,-1,-1,-1,1.48,1.49,0.00,0.00,1.98,46,64,28,9,3,16,61,31,77,9.35,4.87,2.07,3.08,4.10,1.55,0.00,0.00,0.00,0.00,0.00,Estadio José Amalfitani
1784930400,Jul 24 2026 - 10:00pm,incomplete,N/A,Racing Club,Gimnasia La Plata,N/A,1,1.33,1.61,1.33,1.61,0,0,0,0,0,0,"","",-1,-1,-1,-1,-1,-1,-1,-1,-1,-1,-1,-1,-1,-1,-1,-1,-1,-1,-1,-1,1.37,1.29,0.00,0.00,2.14,45,70,42,12,3,20,78,34,70,8.28,7.33,1.83,3.31,4.89,1.47,0.00,0.00,0.00,0.00,0.00,Estadio Presidente Juan Domingo Perón
1784938500,Jul 25 2026 - 12:15am,incomplete,N/A,Huracán,Banfield,N/A,1,1.39,1.13,1.39,1.13,0,0,0,0,0,0,"","",-1,-1,-1,-1,-1,-1,-1,-1,-1,-1,-1,-1,-1,-1,-1,-1,-1,-1,-1,-1,1.29,1.37,0.00,0.00,2.13,50,65,42,15,6,27,57,42,77,7.41,6.28,2.10,2.95,4.22,1.65,0.00,0.00,0.00,0.00,0.00,Estadio Tomás Adolfo Ducó
1784938500,Jul 25 2026 - 12:15am,incomplete,N/A,Platense,Unión Santa Fe,N/A,1,1.00,1.33,1.00,1.33,0,0,0,0,0,0,"","",-1,-1,-1,-1,-1,-1,-1,-1,-1,-1,-1,-1,-1,-1,-1,-1,-1,-1,-1,-1,1.42,1.87,0.00,0.00,2.14,44,61,35,17,9,17,56,41,76,9.60,4.38,2.84,2.93,2.78,1.55,0.00,0.00,0.00,0.00,0.00,Estadio Ciudad de Vicente López
1785001500,Jul 25 2026 - 5:45pm,incomplete,N/A,Estudiantes Río Cuarto,Tigre,N/A,1,0.31,1.25,0.31,1.25,0,0,0,0,0,0,"","",-1,-1,-1,-1,-1,-1,-1,-1,-1,-1,-1,-1,-1,-1,-1,-1,-1,-1,-1,-1,1.28,1.57,0.00,0.00,1.94,38,66,25,13,3,13,60,41,69,8.75,4.62,4.12,3.00,2.10,1.53,0.00,0.00,0.00,0.00,0.00,Estadio Ciudad de Río Cuarto
1785009600,Jul 25 2026 - 8:00pm,incomplete,N/A,Newell's Old Boys,Talleres Córdoba,N/A,1,0.94,1.53,0.94,1.53,0,0,0,0,0,0,"","",-1,-1,-1,-1,-1,-1,-1,-1,-1,-1,-1,-1,-1,-1,-1,-1,-1,-1,-1,-1,1.29,1.36,0.00,0.00,2.23,52,77,37,13,10,19,49,52,83,7.97,5.28,2.81,2.91,2.83,1.51,0.00,0.00,0.00,0.00,0.00,Estadio Marcelo Alberto Bielsa
1785017700,Jul 25 2026 - 10:15pm,incomplete,N/A,River Plate,Barracas Central,N/A,1,1.80,1.31,1.80,1.31,0,0,0,0,0,0,"","",-1,-1,-1,-1,-1,-1,-1,-1,-1,-1,-1,-1,-1,-1,-1,-1,-1,-1,-1,-1,1.87,1.30,0.00,0.00,2.09,46,67,37,13,5,25,72,27,73,7.70,4.58,1.47,4.05,8.00,0.00,2.10,0.00,0.00,0.00,0.00,Estadio Monumental Antonio Vespucio Liberti
1785025800,Jul 26 2026 - 12:30am,incomplete,N/A,Lanús,San Lorenzo,N/A,1,1.41,1.35,1.41,1.35,0,0,0,0,0,0,"","",-1,-1,-1,-1,-1,-1,-1,-1,-1,-1,-1,-1,-1,-1,-1,-1,-1,-1,-1,-1,1.36,1.24,0.00,0.00,1.97,38,53,30,18,12,18,47,35,71,7.59,5.12,2.11,2.95,4.18,1.66,0.00,0.00,0.00,0.00,0.00,Estadio Ciudad de Lanús - Néstor Díaz Pérez
1785088800,Jul 26 2026 - 6:00pm,incomplete,N/A,Atlético Tucumán,Independiente Rivadavia,N/A,1,0.88,2.00,0.88,2.00,0,0,0,0,0,0,"","",-1,-1,-1,-1,-1,-1,-1,-1,-1,-1,-1,-1,-1,-1,-1,-1,-1,-1,-1,-1,1.44,1.67,0.00,0.00,2.48,64,76,52,19,9,36,79,37,73,9.22,4.63,2.66,3.10,2.83,1.47,0.00,0.00,0.00,0.00,0.00,Estadio Monumental Presidente José Fierro
1785096900,Jul 26 2026 - 8:15pm,incomplete,N/A,Estudiantes,Independiente,N/A,1,1.82,1.41,1.82,1.41,0,0,0,0,0,0,"","",-1,-1,-1,-1,-1,-1,-1,-1,-1,-1,-1,-1,-1,-1,-1,-1,-1,-1,-1,-1,1.57,1.48,0.00,0.00,2.21,48,65,33,15,9,24,50,35,76,9.94,5.76,2.29,2.98,3.56,1.57,0.00,0.00,0.00,0.00,0.00,N/A
1785105000,Jul 26 2026 - 10:30pm,incomplete,N/A,Deportivo Riestra,Boca Juniors,N/A,1,0.69,1.76,0.69,1.76,0,0,0,0,0,0,"","",-1,-1,-1,-1,-1,-1,-1,-1,-1,-1,-1,-1,-1,-1,-1,-1,-1,-1,-1,-1,1.28,1.54,0.00,0.00,1.59,33,55,18,6,3,18,55,15,61,9.43,5.51,4.22,2.99,2.08,1.86,0.00,0.00,0.00,0.00,0.00,Estadio Leandro Nicéforo Alem
1785276000,Jul 28 2026 - 10:00pm,incomplete,N/A,San Lorenzo,Gimnasia Mendoza,N/A,2,1.35,1.19,1.35,1.19,0,0,0,0,0,0,"","",-1,-1,-1,-1,-1,-1,-1,-1,-1,-1,-1,-1,-1,-1,-1,-1,-1,-1,-1,-1,1.24,1.26,0.00,0.00,2.07,46,52,31,19,13,28,61,27,67,7.32,5.15,0.00,0.00,0.00,0.00,0.00,0.00,0.00,0.00,0.00,Estadio Pedro Bidegaín
1785276000,Jul 28 2026 - 10:00pm,incomplete,N/A,Banfield,Sarmiento,N/A,2,1.13,1.19,1.13,1.19,0,0,0,0,0,0,"","",-1,-1,-1,-1,-1,-1,-1,-1,-1,-1,-1,-1,-1,-1,-1,-1,-1,-1,-1,-1,1.37,1.23,0.00,0.00,2.16,44,63,44,13,3,28,69,38,75,7.13,6.06,0.00,0.00,0.00,0.00,0.00,0.00,0.00,0.00,0.00,N/A
1785284100,Jul 29 2026 - 12:15am,incomplete,N/A,Rosario Central,Racing Club,N/A,2,1.79,1.33,1.79,1.33,0,0,0,0,0,0,"","",-1,-1,-1,-1,-1,-1,-1,-1,-1,-1,-1,-1,-1,-1,-1,-1,-1,-1,-1,-1,1.62,1.37,0.00,0.00,2.16,57,76,46,9,0,22,68,46,73,8.48,6.36,0.00,0.00,0.00,0.00,0.00,0.00,0.00,0.00,0.00,Estadio Dr. Lisandro de la Torre
1785284100,Jul 29 2026 - 12:15am,incomplete,N/A,Argentinos Juniors,Estudiantes Río Cuarto,N/A,2,1.89,0.31,1.89,0.31,0,0,0,0,0,0,"","",-1,-1,-1,-1,-1,-1,-1,-1,-1,-1,-1,-1,-1,-1,-1,-1,-1,-1,-1,-1,1.73,1.28,0.00,0.00,1.83,31,61,26,9,3,20,55,27,72,10.33,4.93,0.00,0.00,0.00,0.00,0.00,0.00,0.00,0.00,0.00,Estadio Diego Armando Maradona
1785346200,Jul 29 2026 - 5:30pm,incomplete,N/A,Barracas Central,Aldosivi,N/A,2,1.31,0.50,1.31,0.50,0,0,0,0,0,0,"","",-1,-1,-1,-1,-1,-1,-1,-1,-1,-1,-1,-1,-1,-1,-1,-1,-1,-1,-1,-1,1.30,1.26,0.00,0.00,1.72,47,63,26,7,0,22,66,16,63,5.88,4.88,0.00,0.00,0.00,0.00,0.00,0.00,0.00,0.00,0.00,Estadio Claudio Chiqui Tapia
1785355200,Jul 29 2026 - 8:00pm,incomplete,N/A,Defensa y Justicia,Deportivo Riestra,N/A,2,1.19,0.69,1.19,0.69,0,0,0,0,0,0,"","",-1,-1,-1,-1,-1,-1,-1,-1,-1,-1,-1,-1,-1,-1,-1,-1,-1,-1,-1,-1,1.25,1.28,0.00,0.00,1.75,38,57,19,13,7,19,57,22,60,8.50,5.63,0.00,0.00,0.00,0.00,0.00,0.00,0.00,0.00,0.00,Estadio José María Minella
1785363300,Jul 29 2026 - 10:15pm,incomplete,N/A,Gimnasia La Plata,River Plate,N/A,2,1.61,1.80,1.61,1.80,0,0,0,0,0,0,"","",-1,-1,-1,-1,-1,-1,-1,-1,-1,-1,-1,-1,-1,-1,-1,-1,-1,-1,-1,-1,1.29,1.87,0.00,0.00,2.29,37,66,40,21,8,24,87,32,69,9.76,6.14,0.00,0.00,0.00,0.00,0.00,0.00,0.00,0.00,0.00,Estadio Juan Carmelo Zerillo
1785371400,Jul 30 2026 - 12:30am,incomplete,N/A,Instituto,Platense,N/A,2,1.31,1.00,1.31,1.00,0,0,0,0,0,0,"","",-1,-1,-1,-1,-1,-1,-1,-1,-1,-1,-1,-1,-1,-1,-1,-1,-1,-1,-1,-1,1.49,1.42,0.00,0.00,1.85,38,60,25,6,3,10,54,32,76,9.32,4.51,0.00,0.00,0.00,0.00,0.00,0.00,0.00,0.00,0.00,Estadio Juan Domingo Perón
1785448800,Jul 30 2026 - 10:00pm,incomplete,N/A,Talleres Córdoba,Vélez Sarsfield,N/A,2,1.53,1.65,1.53,1.65,0,0,0,0,0,0,"","",-1,-1,-1,-1,-1,-1,-1,-1,-1,-1,-1,-1,-1,-1,-1,-1,-1,-1,-1,-1,1.36,1.48,0.00,0.00,1.82,47,59,30,6,3,15,53,33,68,8.94,4.77,0.00,0.00,0.00,0.00,0.00,0.00,0.00,0.00,0.00,Estadio Mario Alberto Kempes
1785448800,Jul 30 2026 - 10:00pm,incomplete,N/A,Independiente Rivadavia,Huracán,N/A,2,2.00,1.39,2.00,1.39,0,0,0,0,0,0,"","",-1,-1,-1,-1,-1,-1,-1,-1,-1,-1,-1,-1,-1,-1,-1,-1,-1,-1,-1,-1,1.67,1.29,0.00,0.00,2.38,61,72,46,21,12,35,66,37,75,8.25,5.60,0.00,0.00,0.00,0.00,0.00,0.00,0.00,0.00,0.00,Estadio Juan Bautista Gargantini
1785456900,Jul 31 2026 - 12:15am,incomplete,N/A,Independiente,Newell's Old Boys,N/A,2,1.41,0.94,1.41,0.94,0,0,0,0,0,0,"","",-1,-1,-1,-1,-1,-1,-1,-1,-1,-1,-1,-1,-1,-1,-1,-1,-1,-1,-1,-1,1.48,1.29,0.00,0.00,2.73,64,88,40,25,16,33,61,52,85,8.97,5.57,0.00,0.00,0.00,0.00,0.00,0.00,0.00,0.00,0.00,Estadio Libertadores de América
1785456900,Jul 31 2026 - 12:15am,incomplete,N/A,Central Córdoba SdE,Atlético Tucumán,N/A,2,1.00,0.88,1.00,0.88,0,0,0,0,0,0,"","",-1,-1,-1,-1,-1,-1,-1,-1,-1,-1,-1,-1,-1,-1,-1,-1,-1,-1,-1,-1,1.09,1.44,0.00,0.00,2.10,41,60,38,16,7,25,60,38,66,8.44,5.81,0.00,0.00,0.00,0.00,0.00,0.00,0.00,0.00,0.00,N/A
1785609000,Aug 01 2026 - 6:30pm,incomplete,N/A,Estudiantes Río Cuarto,Banfield,N/A,3,0.31,1.13,0.31,1.13,0,0,0,0,0,0,"","",-1,-1,-1,-1,-1,-1,-1,-1,-1,-1,-1,-1,-1,-1,-1,-1,-1,-1,-1,-1,1.28,1.37,0.00,0.00,2.03,35,66,35,10,3,22,60,41,72,8.07,5.12,0.00,0.00,0.00,0.00,0.00,0.00,0.00,0.00,0.00,Estadio Ciudad de Río Cuarto
1785609000,Aug 01 2026 - 6:30pm,incomplete,N/A,Gimnasia Mendoza,Unión Santa Fe,N/A,3,1.19,1.33,1.19,1.33,0,0,0,0,0,0,"","",-1,-1,-1,-1,-1,-1,-1,-1,-1,-1,-1,-1,-1,-1,-1,-1,-1,-1,-1,-1,1.26,1.87,0.00,0.00,2.49,53,67,44,24,12,36,68,41,79,8.66,5.00,0.00,0.00,0.00,0.00,0.00,0.00,0.00,0.00,0.00,Estadio Víctor Antonio Legrotaglie
1785618000,Aug 01 2026 - 9:00pm,incomplete,N/A,Estudiantes,Defensa y Justicia,N/A,3,1.82,1.19,1.82,1.19,0,0,0,0,0,0,"","",-1,-1,-1,-1,-1,-1,-1,-1,-1,-1,-1,-1,-1,-1,-1,-1,-1,-1,-1,-1,1.57,1.25,0.00,0.00,2.02,40,58,31,16,10,19,46,37,73,8.60,4.94,0.00,0.00,0.00,0.00,0.00,0.00,0.00,0.00,0.00,N/A
1785618000,Aug 01 2026 - 9:00pm,incomplete,N/A,Belgrano,Argentinos Juniors,N/A,3,1.80,1.89,1.80,1.89,0,0,0,0,0,0,"","",-1,-1,-1,-1,-1,-1,-1,-1,-1,-1,-1,-1,-1,-1,-1,-1,-1,-1,-1,-1,1.36,1.73,0.00,0.00,1.92,41,57,31,16,5,21,54,33,72,9.49,4.97,0.00,0.00,0.00,0.00,0.00,0.00,0.00,0.00,0.00,Estadio Julio César Villagra
1785627000,Aug 01 2026 - 11:30pm,incomplete,N/A,Racing Club,Tigre,N/A,3,1.33,1.25,1.33,1.25,0,0,0,0,0,0,"","",-1,-1,-1,-1,-1,-1,-1,-1,-1,-1,-1,-1,-1,-1,-1,-1,-1,-1,-1,-1,1.37,1.57,0.00,0.00,2.03,53,71,32,13,3,15,62,42,71,8.53,5.95,0.00,0.00,0.00,0.00,0.00,0.00,0.00,0.00,0.00,Estadio Presidente Juan Domingo Perón
1785691800,Aug 02 2026 - 5:30pm,incomplete,N/A,Deportivo Riestra,Barracas Central,N/A,3,0.69,1.31,0.69,1.31,0,0,0,0,0,0,"","",-1,-1,-1,-1,-1,-1,-1,-1,-1,-1,-1,-1,-1,-1,-1,-1,-1,-1,-1,-1,1.28,1.30,0.00,0.00,1.47,38,54,19,0,0,16,57,10,63,6.31,5.51,0.00,0.00,0.00,0.00,0.00,0.00,0.00,0.00,0.00,Estadio Leandro Nicéforo Alem
1785691800,Aug 02 2026 - 5:30pm,incomplete,N/A,Aldosivi,Gimnasia La Plata,N/A,3,0.50,1.61,0.50,1.61,0,0,0,0,0,0,"","",-1,-1,-1,-1,-1,-1,-1,-1,-1,-1,-1,-1,-1,-1,-1,-1,-1,-1,-1,-1,1.26,1.29,0.00,0.00,1.92,39,62,29,15,3,21,82,21,59,7.94,6.44,0.00,0.00,0.00,0.00,0.00,0.00,0.00,0.00,0.00,Estadio José María Minella
1785700800,Aug 02 2026 - 8:00pm,incomplete,N/A,Newell's Old Boys,Boca Juniors,N/A,3,0.94,1.76,0.94,1.76,0,0,0,0,0,0,"","",-1,-1,-1,-1,-1,-1,-1,-1,-1,-1,-1,-1,-1,-1,-1,-1,-1,-1,-1,-1,1.29,1.54,0.00,0.00,2.38,52,80,37,19,13,27,55,46,83,8.56,4.63,0.00,0.00,0.00,0.00,0.00,0.00,0.00,0.00,0.00,Estadio Marcelo Alberto Bielsa
1785708900,Aug 02 2026 - 10:15pm,incomplete,N/A,River Plate,Rosario Central,N/A,3,1.80,1.79,1.80,1.79,0,0,0,0,0,0,"","",-1,-1,-1,-1,-1,-1,-1,-1,-1,-1,-1,-1,-1,-1,-1,-1,-1,-1,-1,-1,1.87,1.62,0.00,0.00,2.31,49,72,44,18,5,26,77,44,72,9.96,5.17,0.00,0.00,0.00,0.00,0.00,0.00,0.00,0.00,0.00,Estadio Monumental Antonio Vespucio Liberti
1785717000,Aug 03 2026 - 12:30am,incomplete,N/A,Lanús,Instituto,N/A,3,1.41,1.31,1.41,1.31,0,0,0,0,0,0,"","",-1,-1,-1,-1,-1,-1,-1,-1,-1,-1,-1,-1,-1,-1,-1,-1,-1,-1,-1,-1,1.36,1.49,0.00,0.00,2.10,40,67,33,12,6,19,52,40,82,8.65,5.10,0.00,0.00,0.00,0.00,0.00,0.00,0.00,0.00,0.00,Estadio Ciudad de Lanús - Néstor Díaz Pérez
1785786300,Aug 03 2026 - 7:45pm,incomplete,N/A,Sarmiento,Independiente Rivadavia,N/A,3,1.19,2.00,1.19,2.00,0,0,0,0,0,0,"","",-1,-1,-1,-1,-1,-1,-1,-1,-1,-1,-1,-1,-1,-1,-1,-1,-1,-1,-1,-1,1.23,1.67,0.00,0.00,2.41,55,69,49,19,9,36,79,33,73,7.97,5.38,0.00,0.00,0.00,0.00,0.00,0.00,0.00,0.00,0.00,Estadio Eva Perón de Junín
1785794400,Aug 03 2026 - 10:00pm,incomplete,N/A,Vélez Sarsfield,Independiente,N/A,3,1.65,1.41,1.65,1.41,0,0,0,0,0,0,"","",-1,-1,-1,-1,-1,-1,-1,-1,-1,-1,-1,-1,-1,-1,-1,-1,-1,-1,-1,-1,1.48,1.48,0.00,0.00,2.32,59,71,33,18,9,30,65,33,71,9.94,5.06,0.00,0.00,0.00,0.00,0.00,0.00,0.00,0.00,0.00,Estadio José Amalfitani
1785794400,Aug 03 2026 - 10:00pm,incomplete,N/A,Platense,Talleres Córdoba,N/A,3,1.00,1.53,1.00,1.53,0,0,0,0,0,0,"","",-1,-1,-1,-1,-1,-1,-1,-1,-1,-1,-1,-1,-1,-1,-1,-1,-1,-1,-1,-1,1.42,1.36,0.00,0.00,1.69,39,55,27,3,3,9,46,33,67,8.91,4.41,0.00,0.00,0.00,0.00,0.00,0.00,0.00,0.00,0.00,Estadio Ciudad de Vicente López
1785802500,Aug 04 2026 - 12:15am,incomplete,N/A,Huracán,Atlético Tucumán,N/A,3,1.39,0.88,1.39,0.88,0,0,0,0,0,0,"","",-1,-1,-1,-1,-1,-1,-1,-1,-1,-1,-1,-1,-1,-1,-1,-1,-1,-1,-1,-1,1.29,1.44,0.00,0.00,2.10,53,65,45,15,3,24,63,39,77,8.53,6.47,0.00,0.00,0.00,0.00,0.00,0.00,0.00,0.00,0.00,Estadio Tomás Adolfo Ducó
1785802500,Aug 04 2026 - 12:15am,incomplete,N/A,Central Córdoba SdE,San Lorenzo,N/A,3,1.00,1.35,1.00,1.35,0,0,0,0,0,0,"","",-1,-1,-1,-1,-1,-1,-1,-1,-1,-1,-1,-1,-1,-1,-1,-1,-1,-1,-1,-1,1.09,1.24,0.00,0.00,1.94,33,49,25,19,13,19,49,34,61,7.57,5.71,0.00,0.00,0.00,0.00,0.00,0.00,0.00,0.00,0.00,N/A
1785967200,Aug 05 2026 - 10:00pm,incomplete,N/A,Boca Juniors,Estudiantes,N/A,2,1.76,1.82,1.76,1.82,0,0,0,0,0,0,"","",-1,-1,-1,-1,-1,-1,-1,-1,-1,-1,-1,-1,-1,-1,-1,-1,-1,-1,-1,-1,1.54,1.57,0.00,0.00,1.86,36,56,30,9,6,18,44,29,74,9.53,4.82,0.00,0.00,0.00,0.00,0.00,0.00,0.00,0.00,0.00,Estadio Alberto José Armando
1785975300,Aug 06 2026 - 12:15am,incomplete,N/A,Tigre,Belgrano,N/A,2,1.25,1.80,1.25,1.80,0,0,0,0,0,0,"","",-1,-1,-1,-1,-1,-1,-1,-1,-1,-1,-1,-1,-1,-1,-1,-1,-1,-1,-1,-1,1.57,1.36,0.00,0.00,2.03,48,62,30,20,6,14,59,47,70,7.91,4.66,0.00,0.00,0.00,0.00,0.00,0.00,0.00,0.00,0.00,Estadio José Dellagiovanna
1786053600,Aug 06 2026 - 10:00pm,incomplete,N/A,Unión Santa Fe,Lanús,N/A,2,1.33,1.41,1.33,1.41,0,0,0,0,0,0,"","",-1,-1,-1,-1,-1,-1,-1,-1,-1,-1,-1,-1,-1,-1,-1,-1,-1,-1,-1,-1,1.87,1.36,0.00,0.00,2.39,46,69,43,23,12,26,54,49,83,8.93,4.97,0.00,0.00,0.00,0.00,0.00,0.00,0.00,0.00,0.00,Estadio 15 de Abril
1786233600,Aug 09 2026 - 12:00am,incomplete,N/A,Talleres Córdoba,Lanús,N/A,4,1.53,1.41,1.53,1.41,0,0,0,0,0,0,"","",-1,-1,-1,-1,-1,-1,-1,-1,-1,-1,-1,-1,-1,-1,-1,-1,-1,-1,-1,-1,1.36,1.36,0.00,0.00,1.94,41,62,35,9,6,18,44,41,74,8.24,5.00,0.00,0.00,0.00,0.00,0.00,0.00,0.00,0.00,0.00,Estadio Mario Alberto Kempes
1786233600,Aug 09 2026 - 12:00am,incomplete,N/A,Instituto,Gimnasia Mendoza,N/A,4,1.31,1.19,1.31,1.19,0,0,0,0,0,0,"","",-1,-1,-1,-1,-1,-1,-1,-1,-1,-1,-1,-1,-1,-1,-1,-1,-1,-1,-1,-1,1.49,1.26,0.00,0.00,2.19,47,66,35,13,7,29,66,32,79,8.38,5.13,0.00,0.00,0.00,0.00,0.00,0.00,0.00,0.00,0.00,Estadio Juan Domingo Perón
1786233600,Aug 09 2026 - 12:00am,incomplete,N/A,Rosario Central,Aldosivi,N/A,4,1.79,0.50,1.79,0.50,0,0,0,0,0,0,"","",-1,-1,-1,-1,-1,-1,-1,-1,-1,-1,-1,-1,-1,-1,-1,-1,-1,-1,-1,-1,1.62,1.26,0.00,0.00,1.94,51,68,33,12,0,23,72,33,62,8.14,5.47,0.00,0.00,0.00,0.00,0.00,0.00,0.00,0.00,0.00,Estadio Dr. Lisandro de la Torre
1786233600,Aug 09 2026 - 12:00am,incomplete,N/A,Argentinos Juniors,Racing Club,N/A,4,1.89,1.33,1.89,1.33,0,0,0,0,0,0,"","",-1,-1,-1,-1,-1,-1,-1,-1,-1,-1,-1,-1,-1,-1,-1,-1,-1,-1,-1,-1,1.73,1.37,0.00,0.00,1.92,46,65,33,9,3,22,57,28,73,10.11,6.26,0.00,0.00,0.00,0.00,0.00,0.00,0.00,0.00,0.00,Estadio Diego Armando Maradona
1786233600,Aug 09 2026 - 12:00am,incomplete,N/A,Boca Juniors,Vélez Sarsfield,N/A,4,1.76,1.65,1.76,1.65,0,0,0,0,0,0,"","",-1,-1,-1,-1,-1,-1,-1,-1,-1,-1,-1,-1,-1,-1,-1,-1,-1,-1,-1,-1,1.54,1.48,0.00,0.00,1.97,47,62,30,12,6,24,59,27,68,9.53,4.12,0.00,0.00,0.00,0.00,0.00,0.00,0.00,0.00,0.00,Estadio Alberto José Armando
1786233600,Aug 09 2026 - 12:00am,incomplete,N/A,Defensa y Justicia,Newell's Old Boys,N/A,4,1.19,0.94,1.19,0.94,0,0,0,0,0,0,"","",-1,-1,-1,-1,-1,-1,-1,-1,-1,-1,-1,-1,-1,-1,-1,-1,-1,-1,-1,-1,1.25,1.29,0.00,0.00,2.54,56,82,38,25,16,28,57,54,82,7.63,4.75,0.00,0.00,0.00,0.00,0.00,0.00,0.00,0.00,0.00,Estadio José María Minella
1786233600,Aug 09 2026 - 12:00am,incomplete,N/A,Deportivo Riestra,Estudiantes,N/A,4,0.69,1.82,0.69,1.82,0,0,0,0,0,0,"","",-1,-1,-1,-1,-1,-1,-1,-1,-1,-1,-1,-1,-1,-1,-1,-1,-1,-1,-1,-1,1.28,1.57,0.00,0.00,1.33,22,40,12,3,3,6,40,15,63,8.72,6.57,0.00,0.00,0.00,0.00,0.00,0.00,0.00,0.00,0.00,Estadio Leandro Nicéforo Alem
1786233600,Aug 09 2026 - 12:00am,incomplete,N/A,Independiente,Platense,N/A,4,1.41,1.00,1.41,1.00,0,0,0,0,0,0,"","",-1,-1,-1,-1,-1,-1,-1,-1,-1,-1,-1,-1,-1,-1,-1,-1,-1,-1,-1,-1,1.48,1.42,0.00,0.00,2.19,51,66,30,15,9,24,58,33,70,9.91,4.70,0.00,0.00,0.00,0.00,0.00,0.00,0.00,0.00,0.00,Estadio Libertadores de América
1786233600,Aug 09 2026 - 12:00am,incomplete,N/A,Independiente Rivadavia,Estudiantes Río Cuarto,N/A,4,2.00,0.31,2.00,0.31,0,0,0,0,0,0,"","",-1,-1,-1,-1,-1,-1,-1,-1,-1,-1,-1,-1,-1,-1,-1,-1,-1,-1,-1,-1,1.67,1.28,0.00,0.00,2.29,45,73,39,15,9,30,69,37,70,8.91,4.44,0.00,0.00,0.00,0.00,0.00,0.00,0.00,0.00,0.00,Estadio Juan Bautista Gargantini
1786233600,Aug 09 2026 - 12:00am,incomplete,N/A,Atlético Tucumán,Sarmiento,N/A,4,0.88,1.19,0.88,1.19,0,0,0,0,0,0,"","",-1,-1,-1,-1,-1,-1,-1,-1,-1,-1,-1,-1,-1,-1,-1,-1,-1,-1,-1,-1,1.44,1.23,0.00,0.00,2.13,47,63,47,13,0,25,75,35,75,8.25,6.25,0.00,0.00,0.00,0.00,0.00,0.00,0.00,0.00,0.00,Estadio Monumental Presidente José Fierro
1786233600,Aug 09 2026 - 12:00am,incomplete,N/A,Unión Santa Fe,Central Córdoba SdE,N/A,4,1.33,1.00,1.33,1.00,0,0,0,0,0,0,"","",-1,-1,-1,-1,-1,-1,-1,-1,-1,-1,-1,-1,-1,-1,-1,-1,-1,-1,-1,-1,1.87,1.09,0.00,0.00,2.36,41,64,38,24,12,27,56,47,73,8.91,5.56,0.00,0.00,0.00,0.00,0.00,0.00,0.00,0.00,0.00,Estadio 15 de Abril
1786233600,Aug 09 2026 - 12:00am,incomplete,N/A,Gimnasia La Plata,Barracas Central,N/A,4,1.61,1.31,1.61,1.31,0,0,0,0,0,0,"","",-1,-1,-1,-1,-1,-1,-1,-1,-1,-1,-1,-1,-1,-1,-1,-1,-1,-1,-1,-1,1.29,1.30,0.00,0.00,2.08,48,68,41,9,3,24,79,24,71,6.06,5.32,0.00,0.00,0.00,0.00,0.00,0.00,0.00,0.00,0.00,Estadio Juan Carmelo Zerillo
1786233600,Aug 09 2026 - 12:00am,incomplete,N/A,Tigre,River Plate,N/A,4,1.25,1.80,1.25,1.80,0,0,0,0,0,0,"","",-1,-1,-1,-1,-1,-1,-1,-1,-1,-1,-1,-1,-1,-1,-1,-1,-1,-1,-1,-1,1.57,1.87,0.00,0.00,2.18,46,67,30,22,8,19,72,40,70,10.01,4.76,0.00,0.00,0.00,0.00,0.00,0.00,0.00,0.00,0.00,Estadio José Dellagiovanna
1786233600,Aug 09 2026 - 12:00am,incomplete,N/A,San Lorenzo,Huracán,N/A,4,1.35,1.39,1.35,1.39,0,0,0,0,0,0,"","",-1,-1,-1,-1,-1,-1,-1,-1,-1,-1,-1,-1,-1,-1,-1,-1,-1,-1,-1,-1,1.24,1.29,0.00,0.00,1.94,46,54,32,18,9,17,52,34,72,7.66,6.37,0.00,0.00,0.00,0.00,0.00,0.00,0.00,0.00,0.00,Estadio Pedro Bidegaín
1786233600,Aug 09 2026 - 12:00am,incomplete,N/A,Banfield,Belgrano,N/A,4,1.13,1.80,1.13,1.80,0,0,0,0,0,0,"","",-1,-1,-1,-1,-1,-1,-1,-1,-1,-1,-1,-1,-1,-1,-1,-1,-1,-1,-1,-1,1.37,1.36,0.00,0.00,2.13,45,62,40,17,6,23,59,47,73,7.23,5.16,0.00,0.00,0.00,0.00,0.00,0.00,0.00,0.00,0.00,N/A
1786838400,Aug 16 2026 - 12:00am,incomplete,N/A,Gimnasia Mendoza,Talleres Córdoba,N/A,5,1.19,1.53,1.19,1.53,0,0,0,0,0,0,"","",-1,-1,-1,-1,-1,-1,-1,-1,-1,-1,-1,-1,-1,-1,-1,-1,-1,-1,-1,-1,1.26,1.36,0.00,0.00,2.04,49,61,37,10,7,28,58,33,70,7.97,5.03,0.00,0.00,0.00,0.00,0.00,0.00,0.00,0.00,0.00,Estadio Víctor Antonio Legrotaglie
1786838400,Aug 16 2026 - 12:00am,incomplete,N/A,Estudiantes,Gimnasia La Plata,N/A,5,1.82,1.61,1.82,1.61,0,0,0,0,0,0,"","",-1,-1,-1,-1,-1,-1,-1,-1,-1,-1,-1,-1,-1,-1,-1,-1,-1,-1,-1,-1,1.57,1.29,0.00,0.00,1.94,32,54,34,12,6,14,62,29,72,8.47,6.38,0.00,0.00,0.00,0.00,0.00,0.00,0.00,0.00,0.00,N/A
1786838400,Aug 16 2026 - 12:00am,incomplete,N/A,River Plate,Argentinos Juniors,N/A,5,1.80,1.89,1.80,1.89,0,0,0,0,0,0,"","",-1,-1,-1,-1,-1,-1,-1,-1,-1,-1,-1,-1,-1,-1,-1,-1,-1,-1,-1,-1,1.87,1.73,0.00,0.00,2.07,39,62,31,18,8,26,67,26,72,11.59,5.07,0.00,0.00,0.00,0.00,0.00,0.00,0.00,0.00,0.00,Estadio Monumental Antonio Vespucio Liberti
1786838400,Aug 16 2026 - 12:00am,incomplete,N/A,San Lorenzo,Unión Santa Fe,N/A,5,1.35,1.33,1.35,1.33,0,0,0,0,0,0,"","",-1,-1,-1,-1,-1,-1,-1,-1,-1,-1,-1,-1,-1,-1,-1,-1,-1,-1,-1,-1,1.24,1.87,0.00,0.00,2.30,49,63,37,23,12,20,60,43,77,9.10,5.15,0.00,0.00,0.00,0.00,0.00,0.00,0.00,0.00,0.00,Estadio Pedro Bidegaín
1786838400,Aug 16 2026 - 12:00am,incomplete,N/A,Central Córdoba SdE,Instituto,N/A,5,1.00,1.31,1.00,1.31,0,0,0,0,0,0,"","",-1,-1,-1,-1,-1,-1,-1,-1,-1,-1,-1,-1,-1,-1,-1,-1,-1,-1,-1,-1,1.09,1.49,0.00,0.00,2.07,35,63,28,13,7,19,54,38,72,8.63,5.69,0.00,0.00,0.00,0.00,0.00,0.00,0.00,0.00,0.00,N/A
1786838400,Aug 16 2026 - 12:00am,incomplete,N/A,Belgrano,Independiente Rivadavia,N/A,5,1.80,2.00,1.80,2.00,0,0,0,0,0,0,"","",-1,-1,-1,-1,-1,-1,-1,-1,-1,-1,-1,-1,-1,-1,-1,-1,-1,-1,-1,-1,1.36,1.67,0.00,0.00,2.38,56,69,44,22,12,31,69,43,71,8.07,4.48,0.00,0.00,0.00,0.00,0.00,0.00,0.00,0.00,0.00,Estadio Julio César Villagra
1786838400,Aug 16 2026 - 12:00am,incomplete,N/A,Barracas Central,Rosario Central,N/A,5,1.31,1.79,1.31,1.79,0,0,0,0,0,0,"","",-1,-1,-1,-1,-1,-1,-1,-1,-1,-1,-1,-1,-1,-1,-1,-1,-1,-1,-1,-1,1.30,1.62,0.00,0.00,2.10,60,74,46,6,0,26,69,36,75,6.26,4.35,0.00,0.00,0.00,0.00,0.00,0.00,0.00,0.00,0.00,Estadio Claudio Chiqui Tapia
1786838400,Aug 16 2026 - 12:00am,incomplete,N/A,Platense,Boca Juniors,N/A,5,1.00,1.76,1.00,1.76,0,0,0,0,0,0,"","",-1,-1,-1,-1,-1,-1,-1,-1,-1,-1,-1,-1,-1,-1,-1,-1,-1,-1,-1,-1,1.42,1.54,0.00,0.00,1.84,39,58,27,9,6,18,52,27,67,9.50,3.76,0.00,0.00,0.00,0.00,0.00,0.00,0.00,0.00,0.00,Estadio Ciudad de Vicente López
1786838400,Aug 16 2026 - 12:00am,incomplete,N/A,Newell's Old Boys,Deportivo Riestra,N/A,5,0.94,0.69,0.94,0.69,0,0,0,0,0,0,"","",-1,-1,-1,-1,-1,-1,-1,-1,-1,-1,-1,-1,-1,-1,-1,-1,-1,-1,-1,-1,1.29,1.28,0.00,0.00,1.85,38,63,19,13,10,16,50,32,72,7.75,6.38,0.00,0.00,0.00,0.00,0.00,0.00,0.00,0.00,0.00,Estadio Marcelo Alberto Bielsa
1786838400,Aug 16 2026 - 12:00am,incomplete,N/A,Vélez Sarsfield,Defensa y Justicia,N/A,5,1.65,1.19,1.65,1.19,0,0,0,0,0,0,"","",-1,-1,-1,-1,-1,-1,-1,-1,-1,-1,-1,-1,-1,-1,-1,-1,-1,-1,-1,-1,1.48,1.25,0.00,0.00,2.13,52,64,31,19,10,25,61,34,67,8.60,4.24,0.00,0.00,0.00,0.00,0.00,0.00,0.00,0.00,0.00,Estadio José Amalfitani
1786838400,Aug 16 2026 - 12:00am,incomplete,N/A,Sarmiento,Huracán,N/A,5,1.19,1.39,1.19,1.39,0,0,0,0,0,0,"","",-1,-1,-1,-1,-1,-1,-1,-1,-1,-1,-1,-1,-1,-1,-1,-1,-1,-1,-1,-1,1.23,1.29,0.00,0.00,2.03,44,59,42,15,3,24,63,35,77,7.28,7.22,0.00,0.00,0.00,0.00,0.00,0.00,0.00,0.00,0.00,Estadio Eva Perón de Junín
1786838400,Aug 16 2026 - 12:00am,incomplete,N/A,Lanús,Independiente,N/A,5,1.41,1.41,1.41,1.41,0,0,0,0,0,0,"","",-1,-1,-1,-1,-1,-1,-1,-1,-1,-1,-1,-1,-1,-1,-1,-1,-1,-1,-1,-1,1.36,1.48,0.00,0.00,2.44,53,74,38,21,12,33,56,41,76,9.24,5.29,0.00,0.00,0.00,0.00,0.00,0.00,0.00,0.00,0.00,Estadio Ciudad de Lanús - Néstor Díaz Pérez
1786838400,Aug 16 2026 - 12:00am,incomplete,N/A,Aldosivi,Tigre,N/A,5,0.50,1.25,0.50,1.25,0,0,0,0,0,0,"","",-1,-1,-1,-1,-1,-1,-1,-1,-1,-1,-1,-1,-1,-1,-1,-1,-1,-1,-1,-1,1.26,1.57,0.00,0.00,1.81,47,63,19,16,3,16,66,29,60,8.19,5.06,0.00,0.00,0.00,0.00,0.00,0.00,0.00,0.00,0.00,Estadio José María Minella
1786838400,Aug 16 2026 - 12:00am,incomplete,N/A,Estudiantes Río Cuarto,Atlético Tucumán,N/A,5,0.31,0.88,0.31,0.88,0,0,0,0,0,0,"","",-1,-1,-1,-1,-1,-1,-1,-1,-1,-1,-1,-1,-1,-1,-1,-1,-1,-1,-1,-1,1.28,1.44,0.00,0.00,2.00,38,66,38,10,0,19,66,38,72,9.19,5.31,0.00,0.00,0.00,0.00,0.00,0.00,0.00,0.00,0.00,Estadio Ciudad de Río Cuarto
1786838400,Aug 16 2026 - 12:00am,incomplete,N/A,Racing Club,Banfield,N/A,5,1.33,1.13,1.33,1.13,0,0,0,0,0,0,"","",-1,-1,-1,-1,-1,-1,-1,-1,-1,-1,-1,-1,-1,-1,-1,-1,-1,-1,-1,-1,1.37,1.37,0.00,0.00,2.13,50,71,42,10,3,24,62,42,74,7.85,6.45,0.00,0.00,0.00,0.00,0.00,0.00,0.00,0.00,0.00,Estadio Presidente Juan Domingo Perón
1787443200,Aug 23 2026 - 12:00am,incomplete,N/A,Lanús,Argentinos Juniors,N/A,6,1.41,1.89,1.41,1.89,0,0,0,0,0,0,"","",-1,-1,-1,-1,-1,-1,-1,-1,-1,-1,-1,-1,-1,-1,-1,-1,-1,-1,-1,-1,1.36,1.73,0.00,0.00,1.95,39,59,31,15,9,25,47,29,75,9.60,4.84,0.00,0.00,0.00,0.00,0.00,0.00,0.00,0.00,0.00,Estadio Ciudad de Lanús - Néstor Díaz Pérez
1787443200,Aug 23 2026 - 12:00am,incomplete,N/A,River Plate,Vélez Sarsfield,N/A,6,1.80,1.65,1.80,1.65,0,0,0,0,0,0,"","",-1,-1,-1,-1,-1,-1,-1,-1,-1,-1,-1,-1,-1,-1,-1,-1,-1,-1,-1,-1,1.87,1.48,0.00,0.00,2.06,41,59,30,19,8,22,70,30,68,10.11,4.94,0.00,0.00,0.00,0.00,0.00,0.00,0.00,0.00,0.00,Estadio Monumental Antonio Vespucio Liberti
1787443200,Aug 23 2026 - 12:00am,incomplete,N/A,Belgrano,Defensa y Justicia,N/A,6,1.80,1.19,1.80,1.19,0,0,0,0,0,0,"","",-1,-1,-1,-1,-1,-1,-1,-1,-1,-1,-1,-1,-1,-1,-1,-1,-1,-1,-1,-1,1.36,1.25,0.00,0.00,2.22,48,65,37,23,9,23,59,47,70,7.79,4.60,0.00,0.00,0.00,0.00,0.00,0.00,0.00,0.00,0.00,Estadio Julio César Villagra
1787443200,Aug 23 2026 - 12:00am,incomplete,N/A,Sarmiento,Estudiantes,N/A,6,1.19,1.82,1.19,1.82,0,0,0,0,0,0,"","",-1,-1,-1,-1,-1,-1,-1,-1,-1,-1,-1,-1,-1,-1,-1,-1,-1,-1,-1,-1,1.23,1.57,0.00,0.00,1.83,31,49,34,10,3,16,52,30,76,7.91,6.44,0.00,0.00,0.00,0.00,0.00,0.00,0.00,0.00,0.00,Estadio Eva Perón de Junín
1787443200,Aug 23 2026 - 12:00am,incomplete,N/A,Talleres Córdoba,Rosario Central,N/A,6,1.53,1.79,1.53,1.79,0,0,0,0,0,0,"","",-1,-1,-1,-1,-1,-1,-1,-1,-1,-1,-1,-1,-1,-1,-1,-1,-1,-1,-1,-1,1.36,1.62,0.00,0.00,2.07,55,72,44,6,0,19,61,47,73,8.79,5.00,0.00,0.00,0.00,0.00,0.00,0.00,0.00,0.00,0.00,Estadio Mario Alberto Kempes
1787443200,Aug 23 2026 - 12:00am,incomplete,N/A,Huracán,Deportivo Riestra,N/A,6,1.39,0.69,1.39,0.69,0,0,0,0,0,0,"","",-1,-1,-1,-1,-1,-1,-1,-1,-1,-1,-1,-1,-1,-1,-1,-1,-1,-1,-1,-1,1.29,1.28,0.00,0.00,1.53,35,50,20,9,3,14,50,20,64,8.09,7.35,0.00,0.00,0.00,0.00,0.00,0.00,0.00,0.00,0.00,Estadio Tomás Adolfo Ducó
1787443200,Aug 23 2026 - 12:00am,incomplete,N/A,Tigre,Central Córdoba SdE,N/A,6,1.25,1.00,1.25,1.00,0,0,0,0,0,0,"","",-1,-1,-1,-1,-1,-1,-1,-1,-1,-1,-1,-1,-1,-1,-1,-1,-1,-1,-1,-1,1.57,1.09,0.00,0.00,2.03,41,60,25,19,10,19,54,41,63,8.00,5.12,0.00,0.00,0.00,0.00,0.00,0.00,0.00,0.00,0.00,Estadio José Dellagiovanna
1787443200,Aug 23 2026 - 12:00am,incomplete,N/A,Barracas Central,Platense,N/A,6,1.31,1.00,1.31,1.00,0,0,0,0,0,0,"","",-1,-1,-1,-1,-1,-1,-1,-1,-1,-1,-1,-1,-1,-1,-1,-1,-1,-1,-1,-1,1.30,1.42,0.00,0.00,1.72,44,57,29,3,3,16,54,22,69,6.38,3.76,0.00,0.00,0.00,0.00,0.00,0.00,0.00,0.00,0.00,Estadio Claudio Chiqui Tapia
1787443200,Aug 23 2026 - 12:00am,incomplete,N/A,Gimnasia La Plata,Gimnasia Mendoza,N/A,6,1.61,1.19,1.61,1.19,0,0,0,0,0,0,"","",-1,-1,-1,-1,-1,-1,-1,-1,-1,-1,-1,-1,-1,-1,-1,-1,-1,-1,-1,-1,1.29,1.26,0.00,0.00,2.27,45,62,41,18,10,33,82,27,68,7.50,5.94,0.00,0.00,0.00,0.00,0.00,0.00,0.00,0.00,0.00,Estadio Juan Carmelo Zerillo
1787443200,Aug 23 2026 - 12:00am,incomplete,N/A,Newell's Old Boys,Banfield,N/A,6,0.94,1.13,0.94,1.13,0,0,0,0,0,0,"","",-1,-1,-1,-1,-1,-1,-1,-1,-1,-1,-1,-1,-1,-1,-1,-1,-1,-1,-1,-1,1.29,1.37,0.00,0.00,2.44,53,79,41,19,13,28,57,54,85,7.07,5.31,0.00,0.00,0.00,0.00,0.00,0.00,0.00,0.00,0.00,Estadio Marcelo Alberto Bielsa
1787443200,Aug 23 2026 - 12:00am,incomplete,N/A,Atlético Tucumán,Instituto,N/A,6,0.88,1.31,0.88,1.31,0,0,0,0,0,0,"","",-1,-1,-1,-1,-1,-1,-1,-1,-1,-1,-1,-1,-1,-1,-1,-1,-1,-1,-1,-1,1.44,1.49,0.00,0.00,2.16,50,72,41,10,0,19,69,38,82,9.69,5.38,0.00,0.00,0.00,0.00,0.00,0.00,0.00,0.00,0.00,Estadio Monumental Presidente José Fierro
1787443200,Aug 23 2026 - 12:00am,incomplete,N/A,Racing Club,Boca Juniors,N/A,6,1.33,1.76,1.33,1.76,0,0,0,0,0,0,"","",-1,-1,-1,-1,-1,-1,-1,-1,-1,-1,-1,-1,-1,-1,-1,-1,-1,-1,-1,-1,1.37,1.54,0.00,0.00,2.06,49,72,37,9,3,23,60,34,72,9.34,5.77,0.00,0.00,0.00,0.00,0.00,0.00,0.00,0.00,0.00,Estadio Presidente Juan Domingo Perón
1787443200,Aug 23 2026 - 12:00am,incomplete,N/A,Aldosivi,Unión Santa Fe,N/A,6,0.50,1.33,0.50,1.33,0,0,0,0,0,0,"","",-1,-1,-1,-1,-1,-1,-1,-1,-1,-1,-1,-1,-1,-1,-1,-1,-1,-1,-1,-1,1.26,1.87,0.00,0.00,2.14,47,67,32,21,6,24,68,35,70,9.10,5.50,0.00,0.00,0.00,0.00,0.00,0.00,0.00,0.00,0.00,Estadio José María Minella
1787443200,Aug 23 2026 - 12:00am,incomplete,N/A,Independiente,Independiente Rivadavia,N/A,6,1.41,2.00,1.41,2.00,0,0,0,0,0,0,"","",-1,-1,-1,-1,-1,-1,-1,-1,-1,-1,-1,-1,-1,-1,-1,-1,-1,-1,-1,-1,1.48,1.67,0.00,0.00,2.79,71,85,47,24,15,44,77,38,74,10.00,4.70,0.00,0.00,0.00,0.00,0.00,0.00,0.00,0.00,0.00,Estadio Libertadores de América
1787443200,Aug 23 2026 - 12:00am,incomplete,N/A,Estudiantes Río Cuarto,San Lorenzo,N/A,6,0.31,1.35,0.31,1.35,0,0,0,0,0,0,"","",-1,-1,-1,-1,-1,-1,-1,-1,-1,-1,-1,-1,-1,-1,-1,-1,-1,-1,-1,-1,1.28,1.24,0.00,0.00,1.85,30,55,25,12,6,13,55,34,67,8.32,5.21,0.00,0.00,0.00,0.00,0.00,0.00,0.00,0.00,0.00,Estadio Ciudad de Río Cuarto
1788048000,Aug 30 2026 - 12:00am,incomplete,N/A,Huracán,Estudiantes Río Cuarto,N/A,7,1.39,0.31,1.39,0.31,0,0,0,0,0,0,"","",-1,-1,-1,-1,-1,-1,-1,-1,-1,-1,-1,-1,-1,-1,-1,-1,-1,-1,-1,-1,1.29,1.28,0.00,0.00,1.91,35,62,32,12,3,18,53,39,74,8.22,6.28,0.00,0.00,0.00,0.00,0.00,0.00,0.00,0.00,0.00,Estadio Tomás Adolfo Ducó
1788048000,Aug 30 2026 - 12:00am,incomplete,N/A,Atlético Tucumán,Belgrano,N/A,7,0.88,1.80,0.88,1.80,0,0,0,0,0,0,"","",-1,-1,-1,-1,-1,-1,-1,-1,-1,-1,-1,-1,-1,-1,-1,-1,-1,-1,-1,-1,1.44,1.36,0.00,0.00,2.10,48,62,43,17,3,20,65,44,73,8.35,5.35,0.00,0.00,0.00,0.00,0.00,0.00,0.00,0.00,0.00,Estadio Monumental Presidente José Fierro
1788048000,Aug 30 2026 - 12:00am,incomplete,N/A,Unión Santa Fe,Sarmiento,N/A,7,1.33,1.19,1.33,1.19,0,0,0,0,0,0,"","",-1,-1,-1,-1,-1,-1,-1,-1,-1,-1,-1,-1,-1,-1,-1,-1,-1,-1,-1,-1,1.87,1.23,0.00,0.00,2.39,47,67,47,21,6,27,71,44,82,8.72,6.00,0.00,0.00,0.00,0.00,0.00,0.00,0.00,0.00,0.00,Estadio 15 de Abril
1788048000,Aug 30 2026 - 12:00am,incomplete,N/A,Banfield,River Plate,N/A,7,1.13,1.80,1.13,1.80,0,0,0,0,0,0,"","",-1,-1,-1,-1,-1,-1,-1,-1,-1,-1,-1,-1,-1,-1,-1,-1,-1,-1,-1,-1,1.37,1.87,0.00,0.00,2.28,43,67,40,19,8,28,72,40,73,9.33,5.26,0.00,0.00,0.00,0.00,0.00,0.00,0.00,0.00,0.00,N/A
1788048000,Aug 30 2026 - 12:00am,incomplete,N/A,Estudiantes,Newell's Old Boys,N/A,7,1.82,0.94,1.82,0.94,0,0,0,0,0,0,"","",-1,-1,-1,-1,-1,-1,-1,-1,-1,-1,-1,-1,-1,-1,-1,-1,-1,-1,-1,-1,1.57,1.29,0.00,0.00,2.11,40,65,31,16,13,16,40,46,85,7.85,5.69,0.00,0.00,0.00,0.00,0.00,0.00,0.00,0.00,0.00,N/A
1788048000,Aug 30 2026 - 12:00am,incomplete,N/A,Instituto,San Lorenzo,N/A,7,1.31,1.35,1.31,1.35,0,0,0,0,0,0,"","",-1,-1,-1,-1,-1,-1,-1,-1,-1,-1,-1,-1,-1,-1,-1,-1,-1,-1,-1,-1,1.49,1.24,0.00,0.00,2.01,43,61,28,12,6,13,58,34,77,8.82,5.28,0.00,0.00,0.00,0.00,0.00,0.00,0.00,0.00,0.00,Estadio Juan Domingo Perón
1788048000,Aug 30 2026 - 12:00am,incomplete,N/A,Tigre,Barracas Central,N/A,7,1.25,1.31,1.25,1.31,0,0,0,0,0,0,"","",-1,-1,-1,-1,-1,-1,-1,-1,-1,-1,-1,-1,-1,-1,-1,-1,-1,-1,-1,-1,1.57,1.30,0.00,0.00,1.97,56,69,32,10,3,19,63,32,72,6.31,3.94,0.00,0.00,0.00,0.00,0.00,0.00,0.00,0.00,0.00,Estadio José Dellagiovanna
1788048000,Aug 30 2026 - 12:00am,incomplete,N/A,Defensa y Justicia,Platense,N/A,7,1.19,1.00,1.19,1.00,0,0,0,0,0,0,"","",-1,-1,-1,-1,-1,-1,-1,-1,-1,-1,-1,-1,-1,-1,-1,-1,-1,-1,-1,-1,1.25,1.42,0.00,0.00,2.00,44,60,29,16,10,19,54,35,66,8.57,3.88,0.00,0.00,0.00,0.00,0.00,0.00,0.00,0.00,0.00,Estadio José María Minella
1788048000,Aug 30 2026 - 12:00am,incomplete,N/A,Rosario Central,Gimnasia La Plata,N/A,7,1.79,1.61,1.79,1.61,0,0,0,0,0,0,"","",-1,-1,-1,-1,-1,-1,-1,-1,-1,-1,-1,-1,-1,-1,-1,-1,-1,-1,-1,-1,1.62,1.29,0.00,0.00,2.30,51,73,49,14,3,24,84,41,71,8.32,5.91,0.00,0.00,0.00,0.00,0.00,0.00,0.00,0.00,0.00,Estadio Dr. Lisandro de la Torre
1788048000,Aug 30 2026 - 12:00am,incomplete,N/A,Argentinos Juniors,Aldosivi,N/A,7,1.89,0.50,1.89,0.50,0,0,0,0,0,0,"","",-1,-1,-1,-1,-1,-1,-1,-1,-1,-1,-1,-1,-1,-1,-1,-1,-1,-1,-1,-1,1.73,1.26,0.00,0.00,1.70,40,57,20,12,3,23,61,15,62,9.77,5.37,0.00,0.00,0.00,0.00,0.00,0.00,0.00,0.00,0.00,Estadio Diego Armando Maradona
1788048000,Aug 30 2026 - 12:00am,incomplete,N/A,Talleres Córdoba,Central Córdoba SdE,N/A,7,1.53,1.00,1.53,1.00,0,0,0,0,0,0,"","",-1,-1,-1,-1,-1,-1,-1,-1,-1,-1,-1,-1,-1,-1,-1,-1,-1,-1,-1,-1,1.36,1.09,0.00,0.00,1.91,36,58,30,10,7,19,46,40,64,8.22,5.59,0.00,0.00,0.00,0.00,0.00,0.00,0.00,0.00,0.00,Estadio Mario Alberto Kempes
1788048000,Aug 30 2026 - 12:00am,incomplete,N/A,Deportivo Riestra,Vélez Sarsfield,N/A,7,0.69,1.65,0.69,1.65,0,0,0,0,0,0,"","",-1,-1,-1,-1,-1,-1,-1,-1,-1,-1,-1,-1,-1,-1,-1,-1,-1,-1,-1,-1,1.28,1.48,0.00,0.00,1.44,33,46,12,6,3,12,55,12,58,8.72,5.87,0.00,0.00,0.00,0.00,0.00,0.00,0.00,0.00,0.00,Estadio Leandro Nicéforo Alem
1788048000,Aug 30 2026 - 12:00am,incomplete,N/A,Boca Juniors,Lanús,N/A,7,1.76,1.41,1.76,1.41,0,0,0,0,0,0,"","",-1,-1,-1,-1,-1,-1,-1,-1,-1,-1,-1,-1,-1,-1,-1,-1,-1,-1,-1,-1,1.54,1.36,0.00,0.00,2.09,41,65,35,15,9,27,50,35,74,8.83,4.35,0.00,0.00,0.00,0.00,0.00,0.00,0.00,0.00,0.00,Estadio Alberto José Armando
1788048000,Aug 30 2026 - 12:00am,incomplete,N/A,Independiente,Gimnasia Mendoza,N/A,7,1.41,1.19,1.41,1.19,0,0,0,0,0,0,"","",-1,-1,-1,-1,-1,-1,-1,-1,-1,-1,-1,-1,-1,-1,-1,-1,-1,-1,-1,-1,1.48,1.26,0.00,0.00,2.54,61,72,40,22,13,43,70,33,73,8.97,5.32,0.00,0.00,0.00,0.00,0.00,0.00,0.00,0.00,0.00,Estadio Libertadores de América
1788048000,Aug 30 2026 - 12:00am,incomplete,N/A,Independiente Rivadavia,Racing Club,N/A,7,2.00,1.33,2.00,1.33,0,0,0,0,0,0,"","",-1,-1,-1,-1,-1,-1,-1,-1,-1,-1,-1,-1,-1,-1,-1,-1,-1,-1,-1,-1,1.67,1.37,0.00,0.00,2.38,61,77,46,15,9,32,72,37,72,8.69,5.77,0.00,0.00,0.00,0.00,0.00,0.00,0.00,0.00,0.00,Estadio Juan Bautista Gargantini
1788652800,Sep 06 2026 - 12:00am,incomplete,N/A,Vélez Sarsfield,Estudiantes,N/A,8,1.65,1.82,1.65,1.82,0,0,0,0,0,0,"","",-1,-1,-1,-1,-1,-1,-1,-1,-1,-1,-1,-1,-1,-1,-1,-1,-1,-1,-1,-1,1.48,1.57,0.00,0.00,1.71,36,47,24,9,6,12,44,27,71,8.82,5.18,0.00,0.00,0.00,0.00,0.00,0.00,0.00,0.00,0.00,Estadio José Amalfitani
1788652800,Sep 06 2026 - 12:00am,incomplete,N/A,Rosario Central,Newell's Old Boys,N/A,8,1.79,0.94,1.79,0.94,0,0,0,0,0,0,"","",-1,-1,-1,-1,-1,-1,-1,-1,-1,-1,-1,-1,-1,-1,-1,-1,-1,-1,-1,-1,1.62,1.29,0.00,0.00,2.48,60,84,46,18,10,26,62,58,84,7.70,5.22,0.00,0.00,0.00,0.00,0.00,0.00,0.00,0.00,0.00,Estadio Dr. Lisandro de la Torre
1788652800,Sep 06 2026 - 12:00am,incomplete,N/A,River Plate,Independiente Rivadavia,N/A,8,1.80,2.00,1.80,2.00,0,0,0,0,0,0,"","",-1,-1,-1,-1,-1,-1,-1,-1,-1,-1,-1,-1,-1,-1,-1,-1,-1,-1,-1,-1,1.87,1.67,0.00,0.00,2.53,53,74,44,25,14,36,81,35,71,10.17,4.58,0.00,0.00,0.00,0.00,0.00,0.00,0.00,0.00,0.00,Estadio Monumental Antonio Vespucio Liberti
1788652800,Sep 06 2026 - 12:00am,incomplete,N/A,Aldosivi,Banfield,N/A,8,0.50,1.13,0.50,1.13,0,0,0,0,0,0,"","",-1,-1,-1,-1,-1,-1,-1,-1,-1,-1,-1,-1,-1,-1,-1,-1,-1,-1,-1,-1,1.26,1.37,0.00,0.00,1.91,44,63,29,13,3,25,66,29,63,7.51,5.56,0.00,0.00,0.00,0.00,0.00,0.00,0.00,0.00,0.00,Estadio José María Minella
1788652800,Sep 06 2026 - 12:00am,incomplete,N/A,Gimnasia La Plata,Tigre,N/A,8,1.61,1.25,1.61,1.25,0,0,0,0,0,0,"","",-1,-1,-1,-1,-1,-1,-1,-1,-1,-1,-1,-1,-1,-1,-1,-1,-1,-1,-1,-1,1.29,1.57,0.00,0.00,2.17,48,68,35,18,6,18,79,36,68,8.37,5.50,0.00,0.00,0.00,0.00,0.00,0.00,0.00,0.00,0.00,Estadio Juan Carmelo Zerillo
1788652800,Sep 06 2026 - 12:00am,incomplete,N/A,Platense,Deportivo Riestra,N/A,8,1.00,0.69,1.00,0.69,0,0,0,0,0,0,"","",-1,-1,-1,-1,-1,-1,-1,-1,-1,-1,-1,-1,-1,-1,-1,-1,-1,-1,-1,-1,1.42,1.28,0.00,0.00,1.31,25,41,10,3,3,6,47,13,57,8.69,5.51,0.00,0.00,0.00,0.00,0.00,0.00,0.00,0.00,0.00,Estadio Ciudad de Vicente López
1788652800,Sep 06 2026 - 12:00am,incomplete,N/A,Estudiantes Río Cuarto,Sarmiento,N/A,8,0.31,1.19,0.31,1.19,0,0,0,0,0,0,"","",-1,-1,-1,-1,-1,-1,-1,-1,-1,-1,-1,-1,-1,-1,-1,-1,-1,-1,-1,-1,1.28,1.23,0.00,0.00,1.94,29,60,35,10,0,19,66,35,72,7.94,6.06,0.00,0.00,0.00,0.00,0.00,0.00,0.00,0.00,0.00,Estadio Ciudad de Río Cuarto
1788652800,Sep 06 2026 - 12:00am,incomplete,N/A,Belgrano,Huracán,N/A,8,1.80,1.39,1.80,1.39,0,0,0,0,0,0,"","",-1,-1,-1,-1,-1,-1,-1,-1,-1,-1,-1,-1,-1,-1,-1,-1,-1,-1,-1,-1,1.36,1.29,0.00,0.00,2.00,45,58,37,19,6,19,53,45,74,7.38,6.32,0.00,0.00,0.00,0.00,0.00,0.00,0.00,0.00,0.00,Estadio Julio César Villagra
1788652800,Sep 06 2026 - 12:00am,incomplete,N/A,Racing Club,Atlético Tucumán,N/A,8,1.33,0.88,1.33,0.88,0,0,0,0,0,0,"","",-1,-1,-1,-1,-1,-1,-1,-1,-1,-1,-1,-1,-1,-1,-1,-1,-1,-1,-1,-1,1.37,1.44,0.00,0.00,2.10,53,71,45,10,0,21,68,39,74,8.97,6.64,0.00,0.00,0.00,0.00,0.00,0.00,0.00,0.00,0.00,Estadio Presidente Juan Domingo Perón
1788652800,Sep 06 2026 - 12:00am,incomplete,N/A,San Lorenzo,Talleres Córdoba,N/A,8,1.35,1.53,1.35,1.53,0,0,0,0,0,0,"","",-1,-1,-1,-1,-1,-1,-1,-1,-1,-1,-1,-1,-1,-1,-1,-1,-1,-1,-1,-1,1.24,1.36,0.00,0.00,1.85,44,56,30,9,6,12,50,35,68,8.41,5.18,0.00,0.00,0.00,0.00,0.00,0.00,0.00,0.00,0.00,Estadio Pedro Bidegaín
1788652800,Sep 06 2026 - 12:00am,incomplete,N/A,Gimnasia Mendoza,Boca Juniors,N/A,8,1.19,1.76,1.19,1.76,0,0,0,0,0,0,"","",-1,-1,-1,-1,-1,-1,-1,-1,-1,-1,-1,-1,-1,-1,-1,-1,-1,-1,-1,-1,1.26,1.54,0.00,0.00,2.19,49,64,37,16,10,37,64,27,70,8.56,4.38,0.00,0.00,0.00,0.00,0.00,0.00,0.00,0.00,0.00,Estadio Víctor Antonio Legrotaglie
1788652800,Sep 06 2026 - 12:00am,incomplete,N/A,Central Córdoba SdE,Independiente,N/A,8,1.00,1.41,1.00,1.41,0,0,0,0,0,0,"","",-1,-1,-1,-1,-1,-1,-1,-1,-1,-1,-1,-1,-1,-1,-1,-1,-1,-1,-1,-1,1.09,1.48,0.00,0.00,2.41,48,69,33,22,13,33,58,40,66,9.22,5.88,0.00,0.00,0.00,0.00,0.00,0.00,0.00,0.00,0.00,N/A
1788652800,Sep 06 2026 - 12:00am,incomplete,N/A,Barracas Central,Argentinos Juniors,N/A,8,1.31,1.89,1.31,1.89,0,0,0,0,0,0,"","",-1,-1,-1,-1,-1,-1,-1,-1,-1,-1,-1,-1,-1,-1,-1,-1,-1,-1,-1,-1,1.30,1.73,0.00,0.00,1.86,49,64,32,6,3,26,58,18,75,7.89,4.25,0.00,0.00,0.00,0.00,0.00,0.00,0.00,0.00,0.00,Estadio Claudio Chiqui Tapia
1788652800,Sep 06 2026 - 12:00am,incomplete,N/A,Unión Santa Fe,Instituto,N/A,8,1.33,1.31,1.33,1.31,0,0,0,0,0,0,"","",-1,-1,-1,-1,-1,-1,-1,-1,-1,-1,-1,-1,-1,-1,-1,-1,-1,-1,-1,-1,1.87,1.49,0.00,0.00,2.43,50,77,41,17,6,21,65,47,89,10.16,5.13,0.00,0.00,0.00,0.00,0.00,0.00,0.00,0.00,0.00,Estadio 15 de Abril
1788652800,Sep 06 2026 - 12:00am,incomplete,N/A,Lanús,Defensa y Justicia,N/A,8,1.41,1.19,1.41,1.19,0,0,0,0,0,0,"","",-1,-1,-1,-1,-1,-1,-1,-1,-1,-1,-1,-1,-1,-1,-1,-1,-1,-1,-1,-1,1.36,1.25,0.00,0.00,2.25,46,67,37,22,13,28,52,43,73,7.90,4.47,0.00,0.00,0.00,0.00,0.00,0.00,0.00,0.00,0.00,Estadio Ciudad de Lanús - Néstor Díaz Pérez
1789257600,Sep 13 2026 - 12:00am,incomplete,N/A,Banfield,Barracas Central,N/A,9,1.13,1.31,1.13,1.31,0,0,0,0,0,0,"","",-1,-1,-1,-1,-1,-1,-1,-1,-1,-1,-1,-1,-1,-1,-1,-1,-1,-1,-1,-1,1.37,1.30,0.00,0.00,2.07,53,69,41,7,3,28,63,32,75,5.63,4.44,0.00,0.00,0.00,0.00,0.00,0.00,0.00,0.00,0.00,N/A
1789257600,Sep 13 2026 - 12:00am,incomplete,N/A,Atlético Tucumán,River Plate,N/A,9,0.88,1.80,0.88,1.80,0,0,0,0,0,0,"","",-1,-1,-1,-1,-1,-1,-1,-1,-1,-1,-1,-1,-1,-1,-1,-1,-1,-1,-1,-1,1.44,1.87,0.00,0.00,2.25,46,67,43,19,5,25,78,37,73,10.45,5.45,0.00,0.00,0.00,0.00,0.00,0.00,0.00,0.00,0.00,Estadio Monumental Presidente José Fierro
1789257600,Sep 13 2026 - 12:00am,incomplete,N/A,Tigre,Rosario Central,N/A,9,1.25,1.79,1.25,1.79,0,0,0,0,0,0,"","",-1,-1,-1,-1,-1,-1,-1,-1,-1,-1,-1,-1,-1,-1,-1,-1,-1,-1,-1,-1,1.57,1.62,0.00,0.00,2.19,60,74,39,15,3,20,69,49,72,8.57,4.53,0.00,0.00,0.00,0.00,0.00,0.00,0.00,0.00,0.00,Estadio José Dellagiovanna
1789257600,Sep 13 2026 - 12:00am,incomplete,N/A,Argentinos Juniors,Gimnasia La Plata,N/A,9,1.89,1.61,1.89,1.61,0,0,0,0,0,0,"","",-1,-1,-1,-1,-1,-1,-1,-1,-1,-1,-1,-1,-1,-1,-1,-1,-1,-1,-1,-1,1.73,1.29,0.00,0.00,2.06,41,63,35,14,6,24,74,22,71,9.95,5.81,0.00,0.00,0.00,0.00,0.00,0.00,0.00,0.00,0.00,Estadio Diego Armando Maradona
1789257600,Sep 13 2026 - 12:00am,incomplete,N/A,Boca Juniors,Central Córdoba SdE,N/A,9,1.76,1.00,1.76,1.00,0,0,0,0,0,0,"","",-1,-1,-1,-1,-1,-1,-1,-1,-1,-1,-1,-1,-1,-1,-1,-1,-1,-1,-1,-1,1.54,1.09,0.00,0.00,2.06,36,61,30,16,10,27,52,34,64,8.81,4.94,0.00,0.00,0.00,0.00,0.00,0.00,0.00,0.00,0.00,Estadio Alberto José Armando
1789257600,Sep 13 2026 - 12:00am,incomplete,N/A,Talleres Córdoba,Unión Santa Fe,N/A,9,1.53,1.33,1.53,1.33,0,0,0,0,0,0,"","",-1,-1,-1,-1,-1,-1,-1,-1,-1,-1,-1,-1,-1,-1,-1,-1,-1,-1,-1,-1,1.36,1.87,0.00,0.00,2.27,52,72,43,14,6,20,57,49,80,9.75,5.03,0.00,0.00,0.00,0.00,0.00,0.00,0.00,0.00,0.00,Estadio Mario Alberto Kempes
1789257600,Sep 13 2026 - 12:00am,incomplete,N/A,Deportivo Riestra,Lanús,N/A,9,0.69,1.41,0.69,1.41,0,0,0,0,0,0,"","",-1,-1,-1,-1,-1,-1,-1,-1,-1,-1,-1,-1,-1,-1,-1,-1,-1,-1,-1,-1,1.28,1.36,0.00,0.00,1.56,27,49,18,9,6,15,46,21,63,8.02,6.10,0.00,0.00,0.00,0.00,0.00,0.00,0.00,0.00,0.00,Estadio Leandro Nicéforo Alem
1789257600,Sep 13 2026 - 12:00am,incomplete,N/A,Instituto,Estudiantes Río Cuarto,N/A,9,1.31,0.31,1.31,0.31,0,0,0,0,0,0,"","",-1,-1,-1,-1,-1,-1,-1,-1,-1,-1,-1,-1,-1,-1,-1,-1,-1,-1,-1,-1,1.49,1.28,0.00,0.00,1.97,32,69,28,6,0,13,60,38,79,9.38,5.19,0.00,0.00,0.00,0.00,0.00,0.00,0.00,0.00,0.00,Estadio Juan Domingo Perón
1789257600,Sep 13 2026 - 12:00am,incomplete,N/A,Sarmiento,Belgrano,N/A,9,1.19,1.80,1.19,1.80,0,0,0,0,0,0,"","",-1,-1,-1,-1,-1,-1,-1,-1,-1,-1,-1,-1,-1,-1,-1,-1,-1,-1,-1,-1,1.23,1.36,0.00,0.00,2.03,39,56,40,17,3,20,65,41,73,7.10,6.10,0.00,0.00,0.00,0.00,0.00,0.00,0.00,0.00,0.00,Estadio Eva Perón de Junín
1789257600,Sep 13 2026 - 12:00am,incomplete,N/A,Huracán,Racing Club,N/A,9,1.39,1.33,1.39,1.33,0,0,0,0,0,0,"","",-1,-1,-1,-1,-1,-1,-1,-1,-1,-1,-1,-1,-1,-1,-1,-1,-1,-1,-1,-1,1.29,1.37,0.00,0.00,2.00,50,67,39,12,3,20,56,39,75,8.00,7.61,0.00,0.00,0.00,0.00,0.00,0.00,0.00,0.00,0.00,Estadio Tomás Adolfo Ducó
1789257600,Sep 13 2026 - 12:00am,incomplete,N/A,Newell's Old Boys,Vélez Sarsfield,N/A,9,0.94,1.65,0.94,1.65,0,0,0,0,0,0,"","",-1,-1,-1,-1,-1,-1,-1,-1,-1,-1,-1,-1,-1,-1,-1,-1,-1,-1,-1,-1,1.29,1.48,0.00,0.00,2.23,52,71,31,19,13,22,55,44,80,7.85,4.99,0.00,0.00,0.00,0.00,0.00,0.00,0.00,0.00,0.00,Estadio Marcelo Alberto Bielsa
1789257600,Sep 13 2026 - 12:00am,incomplete,N/A,Independiente Rivadavia,Aldosivi,N/A,9,2.00,0.50,2.00,0.50,0,0,0,0,0,0,"","",-1,-1,-1,-1,-1,-1,-1,-1,-1,-1,-1,-1,-1,-1,-1,-1,-1,-1,-1,-1,1.67,1.26,0.00,0.00,2.16,55,69,33,19,9,33,76,24,61,8.35,4.88,0.00,0.00,0.00,0.00,0.00,0.00,0.00,0.00,0.00,Estadio Juan Bautista Gargantini
1789257600,Sep 13 2026 - 12:00am,incomplete,N/A,Defensa y Justicia,Gimnasia Mendoza,N/A,9,1.19,1.19,1.19,1.19,0,0,0,0,0,0,"","",-1,-1,-1,-1,-1,-1,-1,-1,-1,-1,-1,-1,-1,-1,-1,-1,-1,-1,-1,-1,1.25,1.26,0.00,0.00,2.35,53,66,38,22,13,38,66,35,69,7.63,4.50,0.00,0.00,0.00,0.00,0.00,0.00,0.00,0.00,0.00,Estadio José María Minella
1789257600,Sep 13 2026 - 12:00am,incomplete,N/A,Independiente,San Lorenzo,N/A,9,1.41,1.35,1.41,1.35,0,0,0,0,0,0,"","",-1,-1,-1,-1,-1,-1,-1,-1,-1,-1,-1,-1,-1,-1,-1,-1,-1,-1,-1,-1,1.48,1.24,0.00,0.00,2.35,56,68,33,21,12,27,62,35,71,9.41,5.47,0.00,0.00,0.00,0.00,0.00,0.00,0.00,0.00,0.00,Estadio Libertadores de América
1789257600,Sep 13 2026 - 12:00am,incomplete,N/A,Estudiantes,Platense,N/A,9,1.82,1.00,1.82,1.00,0,0,0,0,0,0,"","",-1,-1,-1,-1,-1,-1,-1,-1,-1,-1,-1,-1,-1,-1,-1,-1,-1,-1,-1,-1,1.57,1.42,0.00,0.00,1.58,28,43,22,6,6,6,37,27,70,8.79,4.82,0.00,0.00,0.00,0.00,0.00,0.00,0.00,0.00,0.00,N/A
1789862400,Sep 20 2026 - 12:00am,incomplete,N/A,Lanús,Estudiantes,N/A,10,1.41,1.82,1.41,1.82,0,0,0,0,0,0,"","",-1,-1,-1,-1,-1,-1,-1,-1,-1,-1,-1,-1,-1,-1,-1,-1,-1,-1,-1,-1,1.36,1.57,0.00,0.00,1.83,30,50,30,12,9,15,35,35,76,8.12,5.41,0.00,0.00,0.00,0.00,0.00,0.00,0.00,0.00,0.00,Estadio Ciudad de Lanús - Néstor Díaz Pérez
1789862400,Sep 20 2026 - 12:00am,incomplete,N/A,Unión Santa Fe,Independiente,N/A,10,1.33,1.41,1.33,1.41,0,0,0,0,0,0,"","",-1,-1,-1,-1,-1,-1,-1,-1,-1,-1,-1,-1,-1,-1,-1,-1,-1,-1,-1,-1,1.87,1.48,0.00,0.00,2.77,64,83,46,26,12,35,69,49,83,10.75,5.32,0.00,0.00,0.00,0.00,0.00,0.00,0.00,0.00,0.00,Estadio 15 de Abril
1789862400,Sep 20 2026 - 12:00am,incomplete,N/A,River Plate,Huracán,N/A,10,1.80,1.39,1.80,1.39,0,0,0,0,0,0,"","",-1,-1,-1,-1,-1,-1,-1,-1,-1,-1,-1,-1,-1,-1,-1,-1,-1,-1,-1,-1,1.87,1.29,0.00,0.00,2.15,43,63,37,21,8,24,65,37,74,9.48,6.42,0.00,0.00,0.00,0.00,0.00,0.00,0.00,0.00,0.00,Estadio Monumental Antonio Vespucio Liberti
1789862400,Sep 20 2026 - 12:00am,incomplete,N/A,Gimnasia Mendoza,Deportivo Riestra,N/A,10,1.19,0.69,1.19,0.69,0,0,0,0,0,0,"","",-1,-1,-1,-1,-1,-1,-1,-1,-1,-1,-1,-1,-1,-1,-1,-1,-1,-1,-1,-1,1.26,1.28,0.00,0.00,1.66,35,47,19,10,7,25,60,13,60,7.75,6.13,0.00,0.00,0.00,0.00,0.00,0.00,0.00,0.00,0.00,Estadio Víctor Antonio Legrotaglie
1789862400,Sep 20 2026 - 12:00am,incomplete,N/A,San Lorenzo,Boca Juniors,N/A,10,1.35,1.76,1.35,1.76,0,0,0,0,0,0,"","",-1,-1,-1,-1,-1,-1,-1,-1,-1,-1,-1,-1,-1,-1,-1,-1,-1,-1,-1,-1,1.24,1.54,0.00,0.00,2.00,44,59,30,15,9,21,56,29,68,9.00,4.53,0.00,0.00,0.00,0.00,0.00,0.00,0.00,0.00,0.00,Estadio Pedro Bidegaín
1789862400,Sep 20 2026 - 12:00am,incomplete,N/A,Rosario Central,Argentinos Juniors,N/A,10,1.79,1.89,1.79,1.89,0,0,0,0,0,0,"","",-1,-1,-1,-1,-1,-1,-1,-1,-1,-1,-1,-1,-1,-1,-1,-1,-1,-1,-1,-1,1.62,1.73,0.00,0.00,2.08,53,69,40,11,3,26,64,35,74,10.15,4.84,0.00,0.00,0.00,0.00,0.00,0.00,0.00,0.00,0.00,Estadio Dr. Lisandro de la Torre
1789862400,Sep 20 2026 - 12:00am,incomplete,N/A,Central Córdoba SdE,Defensa y Justicia,N/A,10,1.00,1.19,1.00,1.19,0,0,0,0,0,0,"","",-1,-1,-1,-1,-1,-1,-1,-1,-1,-1,-1,-1,-1,-1,-1,-1,-1,-1,-1,-1,1.09,1.25,0.00,0.00,2.22,41,63,32,22,13,28,54,41,63,7.88,5.06,0.00,0.00,0.00,0.00,0.00,0.00,0.00,0.00,0.00,N/A
1789862400,Sep 20 2026 - 12:00am,incomplete,N/A,Platense,Newell's Old Boys,N/A,10,1.00,0.94,1.00,0.94,0,0,0,0,0,0,"","",-1,-1,-1,-1,-1,-1,-1,-1,-1,-1,-1,-1,-1,-1,-1,-1,-1,-1,-1,-1,1.42,1.29,0.00,0.00,2.10,44,66,29,16,13,16,47,44,79,7.82,4.63,0.00,0.00,0.00,0.00,0.00,0.00,0.00,0.00,0.00,Estadio Ciudad de Vicente López
1789862400,Sep 20 2026 - 12:00am,incomplete,N/A,Barracas Central,Independiente Rivadavia,N/A,10,1.31,2.00,1.31,2.00,0,0,0,0,0,0,"","",-1,-1,-1,-1,-1,-1,-1,-1,-1,-1,-1,-1,-1,-1,-1,-1,-1,-1,-1,-1,1.30,1.67,0.00,0.00,2.32,64,76,46,12,9,36,73,27,73,6.47,3.76,0.00,0.00,0.00,0.00,0.00,0.00,0.00,0.00,0.00,Estadio Claudio Chiqui Tapia
1789862400,Sep 20 2026 - 12:00am,incomplete,N/A,Vélez Sarsfield,Tigre,N/A,10,1.65,1.25,1.65,1.25,0,0,0,0,0,0,"","",-1,-1,-1,-1,-1,-1,-1,-1,-1,-1,-1,-1,-1,-1,-1,-1,-1,-1,-1,-1,1.48,1.57,0.00,0.00,1.94,52,61,25,16,6,16,61,34,67,8.72,4.30,0.00,0.00,0.00,0.00,0.00,0.00,0.00,0.00,0.00,Estadio José Amalfitani
1789862400,Sep 20 2026 - 12:00am,incomplete,N/A,Aldosivi,Atlético Tucumán,N/A,10,0.50,0.88,0.50,0.88,0,0,0,0,0,0,"","",-1,-1,-1,-1,-1,-1,-1,-1,-1,-1,-1,-1,-1,-1,-1,-1,-1,-1,-1,-1,1.26,1.44,0.00,0.00,1.88,47,63,32,13,0,22,72,26,63,8.63,5.75,0.00,0.00,0.00,0.00,0.00,0.00,0.00,0.00,0.00,Estadio José María Minella
1789862400,Sep 20 2026 - 12:00am,incomplete,N/A,Belgrano,Estudiantes Río Cuarto,N/A,10,1.80,0.31,1.80,0.31,0,0,0,0,0,0,"","",-1,-1,-1,-1,-1,-1,-1,-1,-1,-1,-1,-1,-1,-1,-1,-1,-1,-1,-1,-1,1.36,1.28,0.00,0.00,1.91,30,59,30,13,3,14,56,44,70,8.04,5.16,0.00,0.00,0.00,0.00,0.00,0.00,0.00,0.00,0.00,Estadio Julio César Villagra
1789862400,Sep 20 2026 - 12:00am,incomplete,N/A,Gimnasia La Plata,Banfield,N/A,10,1.61,1.13,1.61,1.13,0,0,0,0,0,0,"","",-1,-1,-1,-1,-1,-1,-1,-1,-1,-1,-1,-1,-1,-1,-1,-1,-1,-1,-1,-1,1.29,1.37,0.00,0.00,2.27,45,68,44,15,6,27,79,36,71,7.69,6.00,0.00,0.00,0.00,0.00,0.00,0.00,0.00,0.00,0.00,Estadio Juan Carmelo Zerillo
1789862400,Sep 20 2026 - 12:00am,incomplete,N/A,Instituto,Talleres Córdoba,N/A,10,1.31,1.53,1.31,1.53,0,0,0,0,0,0,"","",-1,-1,-1,-1,-1,-1,-1,-1,-1,-1,-1,-1,-1,-1,-1,-1,-1,-1,-1,-1,1.49,1.36,0.00,0.00,1.98,46,70,33,3,0,13,55,40,80,9.47,5.16,0.00,0.00,0.00,0.00,0.00,0.00,0.00,0.00,0.00,Estadio Juan Domingo Perón
1789862400,Sep 20 2026 - 12:00am,incomplete,N/A,Racing Club,Sarmiento,N/A,10,1.33,1.19,1.33,1.19,0,0,0,0,0,0,"","",-1,-1,-1,-1,-1,-1,-1,-1,-1,-1,-1,-1,-1,-1,-1,-1,-1,-1,-1,-1,1.37,1.23,0.00,0.00,2.03,44,64,42,10,0,21,68,35,74,7.72,7.39,0.00,0.00,0.00,0.00,0.00,0.00,0.00,0.00,0.00,Estadio Presidente Juan Domingo Perón
1791072000,Oct 04 2026 - 12:00am,incomplete,N/A,Deportivo Riestra,Central Córdoba SdE,N/A,11,0.69,1.00,0.69,1.00,0,0,0,0,0,0,"","",-1,-1,-1,-1,-1,-1,-1,-1,-1,-1,-1,-1,-1,-1,-1,-1,-1,-1,-1,-1,1.28,1.09,0.00,0.00,1.53,22,44,13,10,7,16,47,19,53,8.00,6.69,0.00,0.00,0.00,0.00,0.00,0.00,0.00,0.00,0.00,Estadio Leandro Nicéforo Alem
1791072000,Oct 04 2026 - 12:00am,incomplete,N/A,Atlético Tucumán,Barracas Central,N/A,11,0.88,1.31,0.88,1.31,0,0,0,0,0,0,"","",-1,-1,-1,-1,-1,-1,-1,-1,-1,-1,-1,-1,-1,-1,-1,-1,-1,-1,-1,-1,1.44,1.30,0.00,0.00,2.04,56,69,44,7,0,25,69,29,75,6.75,4.63,0.00,0.00,0.00,0.00,0.00,0.00,0.00,0.00,0.00,Estadio Monumental Presidente José Fierro
1791072000,Oct 04 2026 - 12:00am,incomplete,N/A,Argentinos Juniors,Tigre,N/A,11,1.89,1.25,1.89,1.25,0,0,0,0,0,0,"","",-1,-1,-1,-1,-1,-1,-1,-1,-1,-1,-1,-1,-1,-1,-1,-1,-1,-1,-1,-1,1.73,1.57,0.00,0.00,1.95,49,64,26,15,6,20,58,30,72,10.20,4.43,0.00,0.00,0.00,0.00,0.00,0.00,0.00,0.00,0.00,Estadio Diego Armando Maradona
1791072000,Oct 04 2026 - 12:00am,incomplete,N/A,Vélez Sarsfield,Platense,N/A,11,1.65,1.00,1.65,1.00,0,0,0,0,0,0,"","",-1,-1,-1,-1,-1,-1,-1,-1,-1,-1,-1,-1,-1,-1,-1,-1,-1,-1,-1,-1,1.48,1.42,0.00,0.00,1.69,39,49,22,9,6,12,52,25,64,8.79,4.12,0.00,0.00,0.00,0.00,0.00,0.00,0.00,0.00,0.00,Estadio José Amalfitani
1791072000,Oct 04 2026 - 12:00am,incomplete,N/A,Independiente Rivadavia,Gimnasia La Plata,N/A,11,2.00,1.61,2.00,1.61,0,0,0,0,0,0,"","",-1,-1,-1,-1,-1,-1,-1,-1,-1,-1,-1,-1,-1,-1,-1,-1,-1,-1,-1,-1,1.67,1.29,0.00,0.00,2.52,55,75,49,21,12,35,88,32,69,8.53,5.32,0.00,0.00,0.00,0.00,0.00,0.00,0.00,0.00,0.00,Estadio Juan Bautista Gargantini
1791072000,Oct 04 2026 - 12:00am,incomplete,N/A,Estudiantes,Gimnasia Mendoza,N/A,11,1.82,1.19,1.82,1.19,0,0,0,0,0,0,"","",-1,-1,-1,-1,-1,-1,-1,-1,-1,-1,-1,-1,-1,-1,-1,-1,-1,-1,-1,-1,1.57,1.26,0.00,0.00,1.92,37,49,31,13,10,25,49,27,73,7.85,5.44,0.00,0.00,0.00,0.00,0.00,0.00,0.00,0.00,0.00,N/A
1791072000,Oct 04 2026 - 12:00am,incomplete,N/A,Estudiantes Río Cuarto,Racing Club,N/A,11,0.31,1.33,0.31,1.33,0,0,0,0,0,0,"","",-1,-1,-1,-1,-1,-1,-1,-1,-1,-1,-1,-1,-1,-1,-1,-1,-1,-1,-1,-1,1.28,1.37,0.00,0.00,1.91,35,68,32,6,0,15,59,39,71,8.66,6.45,0.00,0.00,0.00,0.00,0.00,0.00,0.00,0.00,0.00,Estadio Ciudad de Río Cuarto
1791072000,Oct 04 2026 - 12:00am,incomplete,N/A,Boca Juniors,Unión Santa Fe,N/A,11,1.76,1.33,1.76,1.33,0,0,0,0,0,0,"","",-1,-1,-1,-1,-1,-1,-1,-1,-1,-1,-1,-1,-1,-1,-1,-1,-1,-1,-1,-1,1.54,1.87,0.00,0.00,2.42,52,75,43,20,9,29,63,43,80,10.34,4.38,0.00,0.00,0.00,0.00,0.00,0.00,0.00,0.00,0.00,Estadio Alberto José Armando
1791072000,Oct 04 2026 - 12:00am,incomplete,N/A,Huracán,Aldosivi,N/A,11,1.39,0.50,1.39,0.50,0,0,0,0,0,0,"","",-1,-1,-1,-1,-1,-1,-1,-1,-1,-1,-1,-1,-1,-1,-1,-1,-1,-1,-1,-1,1.29,1.26,0.00,0.00,1.78,44,59,26,15,3,21,60,26,64,7.66,6.72,0.00,0.00,0.00,0.00,0.00,0.00,0.00,0.00,0.00,Estadio Tomás Adolfo Ducó
1791072000,Oct 04 2026 - 12:00am,incomplete,N/A,Banfield,Rosario Central,N/A,11,1.13,1.79,1.13,1.79,0,0,0,0,0,0,"","",-1,-1,-1,-1,-1,-1,-1,-1,-1,-1,-1,-1,-1,-1,-1,-1,-1,-1,-1,-1,1.37,1.62,0.00,0.00,2.29,57,74,49,12,3,29,69,49,75,7.89,5.03,0.00,0.00,0.00,0.00,0.00,0.00,0.00,0.00,0.00,N/A
1791072000,Oct 04 2026 - 12:00am,incomplete,N/A,Newell's Old Boys,Lanús,N/A,11,0.94,1.41,0.94,1.41,0,0,0,0,0,0,"","",-1,-1,-1,-1,-1,-1,-1,-1,-1,-1,-1,-1,-1,-1,-1,-1,-1,-1,-1,-1,1.29,1.36,0.00,0.00,2.35,46,74,37,22,16,25,46,52,85,7.15,5.22,0.00,0.00,0.00,0.00,0.00,0.00,0.00,0.00,0.00,Estadio Marcelo Alberto Bielsa
1791072000,Oct 04 2026 - 12:00am,incomplete,N/A,Independiente,Instituto,N/A,11,1.41,1.31,1.41,1.31,0,0,0,0,0,0,"","",-1,-1,-1,-1,-1,-1,-1,-1,-1,-1,-1,-1,-1,-1,-1,-1,-1,-1,-1,-1,1.48,1.49,0.00,0.00,2.48,58,82,36,15,6,27,67,40,82,10.47,5.45,0.00,0.00,0.00,0.00,0.00,0.00,0.00,0.00,0.00,Estadio Libertadores de América
1791072000,Oct 04 2026 - 12:00am,incomplete,N/A,Sarmiento,River Plate,N/A,11,1.19,1.80,1.19,1.80,0,0,0,0,0,0,"","",-1,-1,-1,-1,-1,-1,-1,-1,-1,-1,-1,-1,-1,-1,-1,-1,-1,-1,-1,-1,1.23,1.87,0.00,0.00,2.18,37,61,40,19,5,25,78,33,73,9.20,6.20,0.00,0.00,0.00,0.00,0.00,0.00,0.00,0.00,0.00,Estadio Eva Perón de Junín
1791072000,Oct 04 2026 - 12:00am,incomplete,N/A,Talleres Córdoba,Belgrano,N/A,11,1.53,1.80,1.53,1.80,0,0,0,0,0,0,"","",-1,-1,-1,-1,-1,-1,-1,-1,-1,-1,-1,-1,-1,-1,-1,-1,-1,-1,-1,-1,1.36,1.36,0.00,0.00,1.91,44,60,35,10,3,14,51,46,71,8.13,5.13,0.00,0.00,0.00,0.00,0.00,0.00,0.00,0.00,0.00,Estadio Mario Alberto Kempes
1791072000,Oct 04 2026 - 12:00am,incomplete,N/A,Defensa y Justicia,San Lorenzo,N/A,11,1.19,1.35,1.19,1.35,0,0,0,0,0,0,"","",-1,-1,-1,-1,-1,-1,-1,-1,-1,-1,-1,-1,-1,-1,-1,-1,-1,-1,-1,-1,1.25,1.24,0.00,0.00,2.16,49,61,31,22,13,22,58,37,67,8.07,4.65,0.00,0.00,0.00,0.00,0.00,0.00,0.00,0.00,0.00,Estadio José María Minella
1791676800,Oct 11 2026 - 12:00am,incomplete,N/A,Barracas Central,Huracán,N/A,12,1.31,1.39,1.31,1.39,0,0,0,0,0,0,"","",-1,-1,-1,-1,-1,-1,-1,-1,-1,-1,-1,-1,-1,-1,-1,-1,-1,-1,-1,-1,1.30,1.29,0.00,0.00,1.94,53,65,39,9,3,24,57,29,77,5.78,5.60,0.00,0.00,0.00,0.00,0.00,0.00,0.00,0.00,0.00,Estadio Claudio Chiqui Tapia
1791676800,Oct 11 2026 - 12:00am,incomplete,N/A,Talleres Córdoba,Independiente,N/A,12,1.53,1.41,1.53,1.41,0,0,0,0,0,0,"","",-1,-1,-1,-1,-1,-1,-1,-1,-1,-1,-1,-1,-1,-1,-1,-1,-1,-1,-1,-1,1.36,1.48,0.00,0.00,2.32,59,77,38,12,6,27,59,41,74,10.06,5.35,0.00,0.00,0.00,0.00,0.00,0.00,0.00,0.00,0.00,Estadio Mario Alberto Kempes
1791676800,Oct 11 2026 - 12:00am,incomplete,N/A,Unión Santa Fe,Defensa y Justicia,N/A,12,1.33,1.19,1.33,1.19,0,0,0,0,0,0,"","",-1,-1,-1,-1,-1,-1,-1,-1,-1,-1,-1,-1,-1,-1,-1,-1,-1,-1,-1,-1,1.87,1.25,0.00,0.00,2.58,56,77,44,27,12,30,65,50,79,9.41,4.50,0.00,0.00,0.00,0.00,0.00,0.00,0.00,0.00,0.00,Estadio 15 de Abril
1791676800,Oct 11 2026 - 12:00am,incomplete,N/A,Aldosivi,Sarmiento,N/A,12,0.50,1.19,0.50,1.19,0,0,0,0,0,0,"","",-1,-1,-1,-1,-1,-1,-1,-1,-1,-1,-1,-1,-1,-1,-1,-1,-1,-1,-1,-1,1.26,1.23,0.00,0.00,1.81,38,56,29,13,0,22,72,22,63,7.38,6.50,0.00,0.00,0.00,0.00,0.00,0.00,0.00,0.00,0.00,Estadio José María Minella
1791676800,Oct 11 2026 - 12:00am,incomplete,N/A,Rosario Central,Independiente Rivadavia,N/A,12,1.79,2.00,1.79,2.00,0,0,0,0,0,0,"","",-1,-1,-1,-1,-1,-1,-1,-1,-1,-1,-1,-1,-1,-1,-1,-1,-1,-1,-1,-1,1.62,1.67,0.00,0.00,2.54,67,81,53,18,9,37,78,44,73,8.73,4.35,0.00,0.00,0.00,0.00,0.00,0.00,0.00,0.00,0.00,Estadio Dr. Lisandro de la Torre
1791676800,Oct 11 2026 - 12:00am,incomplete,N/A,Instituto,Boca Juniors,N/A,12,1.31,1.76,1.31,1.76,0,0,0,0,0,0,"","",-1,-1,-1,-1,-1,-1,-1,-1,-1,-1,-1,-1,-1,-1,-1,-1,-1,-1,-1,-1,1.49,1.54,0.00,0.00,2.13,46,73,33,9,3,21,61,34,80,10.06,4.51,0.00,0.00,0.00,0.00,0.00,0.00,0.00,0.00,0.00,Estadio Juan Domingo Perón
1791676800,Oct 11 2026 - 12:00am,incomplete,N/A,Lanús,Vélez Sarsfield,N/A,12,1.41,1.65,1.41,1.65,0,0,0,0,0,0,"","",-1,-1,-1,-1,-1,-1,-1,-1,-1,-1,-1,-1,-1,-1,-1,-1,-1,-1,-1,-1,1.36,1.48,0.00,0.00,1.94,41,56,30,15,9,21,50,33,71,8.12,4.71,0.00,0.00,0.00,0.00,0.00,0.00,0.00,0.00,0.00,Estadio Ciudad de Lanús - Néstor Díaz Pérez
1791676800,Oct 11 2026 - 12:00am,incomplete,N/A,Gimnasia Mendoza,Newell's Old Boys,N/A,12,1.19,0.94,1.19,0.94,0,0,0,0,0,0,"","",-1,-1,-1,-1,-1,-1,-1,-1,-1,-1,-1,-1,-1,-1,-1,-1,-1,-1,-1,-1,1.26,1.29,0.00,0.00,2.44,53,72,38,22,16,35,60,44,82,6.88,5.25,0.00,0.00,0.00,0.00,0.00,0.00,0.00,0.00,0.00,Estadio Víctor Antonio Legrotaglie
1791676800,Oct 11 2026 - 12:00am,incomplete,N/A,Tigre,Banfield,N/A,12,1.25,1.13,1.25,1.13,0,0,0,0,0,0,"","",-1,-1,-1,-1,-1,-1,-1,-1,-1,-1,-1,-1,-1,-1,-1,-1,-1,-1,-1,-1,1.57,1.37,0.00,0.00,2.16,53,69,35,16,6,22,63,44,72,7.94,4.62,0.00,0.00,0.00,0.00,0.00,0.00,0.00,0.00,0.00,Estadio José Dellagiovanna
1791676800,Oct 11 2026 - 12:00am,incomplete,N/A,Racing Club,Belgrano,N/A,12,1.33,1.80,1.33,1.80,0,0,0,0,0,0,"","",-1,-1,-1,-1,-1,-1,-1,-1,-1,-1,-1,-1,-1,-1,-1,-1,-1,-1,-1,-1,1.37,1.36,0.00,0.00,2.00,45,64,37,13,3,16,58,45,71,7.82,6.49,0.00,0.00,0.00,0.00,0.00,0.00,0.00,0.00,0.00,Estadio Presidente Juan Domingo Perón
1791676800,Oct 11 2026 - 12:00am,incomplete,N/A,River Plate,Estudiantes Río Cuarto,N/A,12,1.80,0.31,1.80,0.31,0,0,0,0,0,0,"","",-1,-1,-1,-1,-1,-1,-1,-1,-1,-1,-1,-1,-1,-1,-1,-1,-1,-1,-1,-1,1.87,1.28,0.00,0.00,2.06,27,64,30,16,5,19,68,37,70,10.14,5.26,0.00,0.00,0.00,0.00,0.00,0.00,0.00,0.00,0.00,Estadio Monumental Antonio Vespucio Liberti
1791676800,Oct 11 2026 - 12:00am,incomplete,N/A,Central Córdoba SdE,Estudiantes,N/A,12,1.00,1.82,1.00,1.82,0,0,0,0,0,0,"","",-1,-1,-1,-1,-1,-1,-1,-1,-1,-1,-1,-1,-1,-1,-1,-1,-1,-1,-1,-1,1.09,1.57,0.00,0.00,1.80,25,46,25,13,10,16,37,34,66,8.10,6.00,0.00,0.00,0.00,0.00,0.00,0.00,0.00,0.00,0.00,N/A
1791676800,Oct 11 2026 - 12:00am,incomplete,N/A,Platense,Argentinos Juniors,N/A,12,1.00,1.89,1.00,1.89,0,0,0,0,0,0,"","",-1,-1,-1,-1,-1,-1,-1,-1,-1,-1,-1,-1,-1,-1,-1,-1,-1,-1,-1,-1,1.42,1.73,0.00,0.00,1.70,37,51,23,9,6,16,49,21,69,10.27,4.25,0.00,0.00,0.00,0.00,0.00,0.00,0.00,0.00,0.00,Estadio Ciudad de Vicente López
1791676800,Oct 11 2026 - 12:00am,incomplete,N/A,San Lorenzo,Deportivo Riestra,N/A,12,1.35,0.69,1.35,0.69,0,0,0,0,0,0,"","",-1,-1,-1,-1,-1,-1,-1,-1,-1,-1,-1,-1,-1,-1,-1,-1,-1,-1,-1,-1,1.24,1.28,0.00,0.00,1.47,30,43,12,9,6,9,52,15,58,8.19,6.28,0.00,0.00,0.00,0.00,0.00,0.00,0.00,0.00,0.00,Estadio Pedro Bidegaín
1791676800,Oct 11 2026 - 12:00am,incomplete,N/A,Gimnasia La Plata,Atlético Tucumán,N/A,12,1.61,0.88,1.61,0.88,0,0,0,0,0,0,"","",-1,-1,-1,-1,-1,-1,-1,-1,-1,-1,-1,-1,-1,-1,-1,-1,-1,-1,-1,-1,1.29,1.44,0.00,0.00,2.24,48,68,47,15,3,24,85,33,71,8.81,6.19,0.00,0.00,0.00,0.00,0.00,0.00,0.00,0.00,0.00,Estadio Juan Carmelo Zerillo
1792281600,Oct 18 2026 - 12:00am,incomplete,N/A,Racing Club,Independiente,N/A,13,1.33,1.41,1.33,1.41,0,0,0,0,0,0,"","",-1,-1,-1,-1,-1,-1,-1,-1,-1,-1,-1,-1,-1,-1,-1,-1,-1,-1,-1,-1,1.37,1.48,0.00,0.00,2.41,61,80,40,15,6,29,66,40,74,9.75,6.71,0.00,0.00,0.00,0.00,0.00,0.00,0.00,0.00,0.00,Estadio Presidente Juan Domingo Perón
1792281600,Oct 18 2026 - 12:00am,incomplete,N/A,Estudiantes,San Lorenzo,N/A,13,1.82,1.35,1.82,1.35,0,0,0,0,0,0,"","",-1,-1,-1,-1,-1,-1,-1,-1,-1,-1,-1,-1,-1,-1,-1,-1,-1,-1,-1,-1,1.57,1.24,0.00,0.00,1.74,33,44,24,12,9,9,41,29,71,8.29,5.59,0.00,0.00,0.00,0.00,0.00,0.00,0.00,0.00,0.00,N/A
1792281600,Oct 18 2026 - 12:00am,incomplete,N/A,Newell's Old Boys,Central Córdoba SdE,N/A,13,0.94,1.00,0.94,1.00,0,0,0,0,0,0,"","",-1,-1,-1,-1,-1,-1,-1,-1,-1,-1,-1,-1,-1,-1,-1,-1,-1,-1,-1,-1,1.29,1.09,0.00,0.00,2.32,41,69,32,22,16,25,47,51,75,7.13,5.81,0.00,0.00,0.00,0.00,0.00,0.00,0.00,0.00,0.00,Estadio Marcelo Alberto Bielsa
1792281600,Oct 18 2026 - 12:00am,incomplete,N/A,Defensa y Justicia,Instituto,N/A,13,1.19,1.31,1.19,1.31,0,0,0,0,0,0,"","",-1,-1,-1,-1,-1,-1,-1,-1,-1,-1,-1,-1,-1,-1,-1,-1,-1,-1,-1,-1,1.25,1.49,0.00,0.00,2.29,50,75,35,16,7,22,63,41,79,9.13,4.63,0.00,0.00,0.00,0.00,0.00,0.00,0.00,0.00,0.00,Estadio José María Minella
1792281600,Oct 18 2026 - 12:00am,incomplete,N/A,Independiente Rivadavia,Tigre,N/A,13,2.00,1.25,2.00,1.25,0,0,0,0,0,0,"","",-1,-1,-1,-1,-1,-1,-1,-1,-1,-1,-1,-1,-1,-1,-1,-1,-1,-1,-1,-1,1.67,1.57,0.00,0.00,2.41,64,76,39,22,12,30,73,40,70,8.78,3.94,0.00,0.00,0.00,0.00,0.00,0.00,0.00,0.00,0.00,Estadio Juan Bautista Gargantini
1792281600,Oct 18 2026 - 12:00am,incomplete,N/A,Vélez Sarsfield,Gimnasia Mendoza,N/A,13,1.65,1.19,1.65,1.19,0,0,0,0,0,0,"","",-1,-1,-1,-1,-1,-1,-1,-1,-1,-1,-1,-1,-1,-1,-1,-1,-1,-1,-1,-1,1.48,1.26,0.00,0.00,2.04,49,55,31,16,10,31,64,25,67,7.85,4.74,0.00,0.00,0.00,0.00,0.00,0.00,0.00,0.00,0.00,Estadio José Amalfitani
1792281600,Oct 18 2026 - 12:00am,incomplete,N/A,Huracán,Gimnasia La Plata,N/A,13,1.39,1.61,1.39,1.61,0,0,0,0,0,0,"","",-1,-1,-1,-1,-1,-1,-1,-1,-1,-1,-1,-1,-1,-1,-1,-1,-1,-1,-1,-1,1.29,1.29,0.00,0.00,2.14,45,64,42,17,6,22,72,34,73,7.84,7.16,0.00,0.00,0.00,0.00,0.00,0.00,0.00,0.00,0.00,Estadio Tomás Adolfo Ducó
1792281600,Oct 18 2026 - 12:00am,incomplete,N/A,Deportivo Riestra,Unión Santa Fe,N/A,13,0.69,1.33,0.69,1.33,0,0,0,0,0,0,"","",-1,-1,-1,-1,-1,-1,-1,-1,-1,-1,-1,-1,-1,-1,-1,-1,-1,-1,-1,-1,1.28,1.87,0.00,0.00,1.89,38,58,25,14,6,17,59,28,70,9.53,6.13,0.00,0.00,0.00,0.00,0.00,0.00,0.00,0.00,0.00,Estadio Leandro Nicéforo Alem
1792281600,Oct 18 2026 - 12:00am,incomplete,N/A,Boca Juniors,Talleres Córdoba,N/A,13,1.76,1.53,1.76,1.53,0,0,0,0,0,0,"","",-1,-1,-1,-1,-1,-1,-1,-1,-1,-1,-1,-1,-1,-1,-1,-1,-1,-1,-1,-1,1.54,1.36,0.00,0.00,1.97,47,68,35,6,3,21,53,35,71,9.65,4.41,0.00,0.00,0.00,0.00,0.00,0.00,0.00,0.00,0.00,Estadio Alberto José Armando
1792281600,Oct 18 2026 - 12:00am,incomplete,N/A,Estudiantes Río Cuarto,Aldosivi,N/A,13,0.31,0.50,0.31,0.50,0,0,0,0,0,0,"","",-1,-1,-1,-1,-1,-1,-1,-1,-1,-1,-1,-1,-1,-1,-1,-1,-1,-1,-1,-1,1.28,1.26,0.00,0.00,1.69,29,60,19,10,0,16,63,26,60,8.32,5.56,0.00,0.00,0.00,0.00,0.00,0.00,0.00,0.00,0.00,Estadio Ciudad de Río Cuarto
1792281600,Oct 18 2026 - 12:00am,incomplete,N/A,Belgrano,River Plate,N/A,13,1.80,1.80,1.80,1.80,0,0,0,0,0,0,"","",-1,-1,-1,-1,-1,-1,-1,-1,-1,-1,-1,-1,-1,-1,-1,-1,-1,-1,-1,-1,1.36,1.87,0.00,0.00,2.15,38,60,35,23,8,20,68,43,70,9.30,5.30,0.00,0.00,0.00,0.00,0.00,0.00,0.00,0.00,0.00,Estadio Julio César Villagra
1792281600,Oct 18 2026 - 12:00am,incomplete,N/A,Atlético Tucumán,Rosario Central,N/A,13,0.88,1.79,0.88,1.79,0,0,0,0,0,0,"","",-1,-1,-1,-1,-1,-1,-1,-1,-1,-1,-1,-1,-1,-1,-1,-1,-1,-1,-1,-1,1.44,1.62,0.00,0.00,2.26,60,74,52,12,0,26,75,46,75,9.01,5.22,0.00,0.00,0.00,0.00,0.00,0.00,0.00,0.00,0.00,Estadio Monumental Presidente José Fierro
1792281600,Oct 18 2026 - 12:00am,incomplete,N/A,Banfield,Argentinos Juniors,N/A,13,1.13,1.89,1.13,1.89,0,0,0,0,0,0,"","",-1,-1,-1,-1,-1,-1,-1,-1,-1,-1,-1,-1,-1,-1,-1,-1,-1,-1,-1,-1,1.37,1.73,0.00,0.00,2.05,46,64,35,12,6,29,58,30,75,9.52,4.93,0.00,0.00,0.00,0.00,0.00,0.00,0.00,0.00,0.00,N/A
1792281600,Oct 18 2026 - 12:00am,incomplete,N/A,Sarmiento,Barracas Central,N/A,13,1.19,1.31,1.19,1.31,0,0,0,0,0,0,"","",-1,-1,-1,-1,-1,-1,-1,-1,-1,-1,-1,-1,-1,-1,-1,-1,-1,-1,-1,-1,1.23,1.30,0.00,0.00,1.97,47,63,41,7,0,25,69,25,75,5.50,5.38,0.00,0.00,0.00,0.00,0.00,0.00,0.00,0.00,0.00,Estadio Eva Perón de Junín
1792281600,Oct 18 2026 - 12:00am,incomplete,N/A,Platense,Lanús,N/A,13,1.00,1.41,1.00,1.41,0,0,0,0,0,0,"","",-1,-1,-1,-1,-1,-1,-1,-1,-1,-1,-1,-1,-1,-1,-1,-1,-1,-1,-1,-1,1.42,1.36,0.00,0.00,1.81,33,52,27,12,9,15,43,33,70,8.09,4.35,0.00,0.00,0.00,0.00,0.00,0.00,0.00,0.00,0.00,Estadio Ciudad de Vicente López
1792886400,Oct 25 2026 - 12:00am,incomplete,N/A,Rosario Central,Huracán,N/A,14,1.79,1.39,1.79,1.39,0,0,0,0,0,0,"","",-1,-1,-1,-1,-1,-1,-1,-1,-1,-1,-1,-1,-1,-1,-1,-1,-1,-1,-1,-1,1.62,1.29,0.00,0.00,2.16,57,70,46,14,3,24,62,46,76,8.04,6.19,0.00,0.00,0.00,0.00,0.00,0.00,0.00,0.00,0.00,Estadio Dr. Lisandro de la Torre
1792886400,Oct 25 2026 - 12:00am,incomplete,N/A,San Lorenzo,Newell's Old Boys,N/A,14,1.35,0.94,1.35,0.94,0,0,0,0,0,0,"","",-1,-1,-1,-1,-1,-1,-1,-1,-1,-1,-1,-1,-1,-1,-1,-1,-1,-1,-1,-1,1.24,1.29,0.00,0.00,2.26,49,68,31,22,16,19,52,46,80,7.32,5.40,0.00,0.00,0.00,0.00,0.00,0.00,0.00,0.00,0.00,Estadio Pedro Bidegaín
1792886400,Oct 25 2026 - 12:00am,incomplete,N/A,Central Córdoba SdE,Vélez Sarsfield,N/A,14,1.00,1.65,1.00,1.65,0,0,0,0,0,0,"","",-1,-1,-1,-1,-1,-1,-1,-1,-1,-1,-1,-1,-1,-1,-1,-1,-1,-1,-1,-1,1.09,1.48,0.00,0.00,1.91,36,52,25,16,10,22,52,31,61,8.10,5.30,0.00,0.00,0.00,0.00,0.00,0.00,0.00,0.00,0.00,N/A
1792886400,Oct 25 2026 - 12:00am,incomplete,N/A,Banfield,Lanús,N/A,14,1.13,1.41,1.13,1.41,0,0,0,0,0,0,"","",-1,-1,-1,-1,-1,-1,-1,-1,-1,-1,-1,-1,-1,-1,-1,-1,-1,-1,-1,-1,1.37,1.36,0.00,0.00,2.16,43,64,40,16,9,28,52,43,76,7.34,5.03,0.00,0.00,0.00,0.00,0.00,0.00,0.00,0.00,0.00,N/A
1792886400,Oct 25 2026 - 12:00am,incomplete,N/A,Aldosivi,Belgrano,N/A,14,0.50,1.80,0.50,1.80,0,0,0,0,0,0,"","",-1,-1,-1,-1,-1,-1,-1,-1,-1,-1,-1,-1,-1,-1,-1,-1,-1,-1,-1,-1,1.26,1.36,0.00,0.00,1.78,39,56,24,17,3,17,62,32,60,7.48,5.60,0.00,0.00,0.00,0.00,0.00,0.00,0.00,0.00,0.00,Estadio José María Minella
1792886400,Oct 25 2026 - 12:00am,incomplete,N/A,Gimnasia Mendoza,Platense,N/A,14,1.19,1.00,1.19,1.00,0,0,0,0,0,0,"","",-1,-1,-1,-1,-1,-1,-1,-1,-1,-1,-1,-1,-1,-1,-1,-1,-1,-1,-1,-1,1.26,1.42,0.00,0.00,1.91,41,50,29,13,10,25,57,25,66,7.82,4.38,0.00,0.00,0.00,0.00,0.00,0.00,0.00,0.00,0.00,Estadio Víctor Antonio Legrotaglie
1792886400,Oct 25 2026 - 12:00am,incomplete,N/A,Argentinos Juniors,Independiente Rivadavia,N/A,14,1.89,2.00,1.89,2.00,0,0,0,0,0,0,"","",-1,-1,-1,-1,-1,-1,-1,-1,-1,-1,-1,-1,-1,-1,-1,-1,-1,-1,-1,-1,1.73,1.67,0.00,0.00,2.30,57,70,40,18,12,37,68,26,73,10.36,4.25,0.00,0.00,0.00,0.00,0.00,0.00,0.00,0.00,0.00,Estadio Diego Armando Maradona
1792886400,Oct 25 2026 - 12:00am,incomplete,N/A,Barracas Central,Estudiantes Río Cuarto,N/A,14,1.31,0.31,1.31,0.31,0,0,0,0,0,0,"","",-1,-1,-1,-1,-1,-1,-1,-1,-1,-1,-1,-1,-1,-1,-1,-1,-1,-1,-1,-1,1.30,1.28,0.00,0.00,1.85,38,66,32,3,0,19,60,29,72,6.44,4.44,0.00,0.00,0.00,0.00,0.00,0.00,0.00,0.00,0.00,Estadio Claudio Chiqui Tapia
1792886400,Oct 25 2026 - 12:00am,incomplete,N/A,Tigre,Atlético Tucumán,N/A,14,1.25,0.88,1.25,0.88,0,0,0,0,0,0,"","",-1,-1,-1,-1,-1,-1,-1,-1,-1,-1,-1,-1,-1,-1,-1,-1,-1,-1,-1,-1,1.57,1.44,0.00,0.00,2.13,56,69,38,16,3,19,69,41,72,9.06,4.81,0.00,0.00,0.00,0.00,0.00,0.00,0.00,0.00,0.00,Estadio José Dellagiovanna
1792886400,Oct 25 2026 - 12:00am,incomplete,N/A,Gimnasia La Plata,Sarmiento,N/A,14,1.61,1.19,1.61,1.19,0,0,0,0,0,0,"","",-1,-1,-1,-1,-1,-1,-1,-1,-1,-1,-1,-1,-1,-1,-1,-1,-1,-1,-1,-1,1.29,1.23,0.00,0.00,2.17,39,62,44,15,3,24,85,30,71,7.56,6.94,0.00,0.00,0.00,0.00,0.00,0.00,0.00,0.00,0.00,Estadio Juan Carmelo Zerillo
1792886400,Oct 25 2026 - 12:00am,incomplete,N/A,River Plate,Racing Club,N/A,14,1.80,1.33,1.80,1.33,0,0,0,0,0,0,"","",-1,-1,-1,-1,-1,-1,-1,-1,-1,-1,-1,-1,-1,-1,-1,-1,-1,-1,-1,-1,1.87,1.37,0.00,0.00,2.15,43,69,37,16,5,21,71,37,71,9.92,6.59,0.00,0.00,0.00,0.00,0.00,0.00,0.00,0.00,0.00,Estadio Monumental Antonio Vespucio Liberti
1792886400,Oct 25 2026 - 12:00am,incomplete,N/A,Instituto,Deportivo Riestra,N/A,14,1.31,0.69,1.31,0.69,0,0,0,0,0,0,"","",-1,-1,-1,-1,-1,-1,-1,-1,-1,-1,-1,-1,-1,-1,-1,-1,-1,-1,-1,-1,1.49,1.28,0.00,0.00,1.60,32,57,16,3,0,10,57,19,69,9.25,6.26,0.00,0.00,0.00,0.00,0.00,0.00,0.00,0.00,0.00,Estadio Juan Domingo Perón
1792886400,Oct 25 2026 - 12:00am,incomplete,N/A,Talleres Córdoba,Defensa y Justicia,N/A,14,1.53,1.19,1.53,1.19,0,0,0,0,0,0,"","",-1,-1,-1,-1,-1,-1,-1,-1,-1,-1,-1,-1,-1,-1,-1,-1,-1,-1,-1,-1,1.36,1.25,0.00,0.00,2.13,52,70,37,13,7,22,55,43,70,8.72,4.53,0.00,0.00,0.00,0.00,0.00,0.00,0.00,0.00,0.00,Estadio Mario Alberto Kempes
1792886400,Oct 25 2026 - 12:00am,incomplete,N/A,Unión Santa Fe,Estudiantes,N/A,14,1.33,1.82,1.33,1.82,0,0,0,0,0,0,"","",-1,-1,-1,-1,-1,-1,-1,-1,-1,-1,-1,-1,-1,-1,-1,-1,-1,-1,-1,-1,1.87,1.57,0.00,0.00,2.16,40,60,37,17,9,17,48,43,83,9.63,5.44,0.00,0.00,0.00,0.00,0.00,0.00,0.00,0.00,0.00,Estadio 15 de Abril
1792886400,Oct 25 2026 - 12:00am,incomplete,N/A,Independiente,Boca Juniors,N/A,14,1.41,1.76,1.41,1.76,0,0,0,0,0,0,"","",-1,-1,-1,-1,-1,-1,-1,-1,-1,-1,-1,-1,-1,-1,-1,-1,-1,-1,-1,-1,1.48,1.54,0.00,0.00,2.47,59,80,38,18,9,35,65,35,74,10.65,4.70,0.00,0.00,0.00,0.00,0.00,0.00,0.00,0.00,0.00,Estadio Libertadores de América
1793491200,Nov 01 2026 - 12:00am,incomplete,N/A,Defensa y Justicia,Independiente,N/A,15,1.19,1.41,1.19,1.41,0,0,0,0,0,0,"","",-1,-1,-1,-1,-1,-1,-1,-1,-1,-1,-1,-1,-1,-1,-1,-1,-1,-1,-1,-1,1.25,1.48,0.00,0.00,2.63,64,82,40,25,13,36,67,43,73,9.72,4.82,0.00,0.00,0.00,0.00,0.00,0.00,0.00,0.00,0.00,Estadio José María Minella
1793491200,Nov 01 2026 - 12:00am,incomplete,N/A,Estudiantes,Instituto,N/A,15,1.82,1.31,1.82,1.31,0,0,0,0,0,0,"","",-1,-1,-1,-1,-1,-1,-1,-1,-1,-1,-1,-1,-1,-1,-1,-1,-1,-1,-1,-1,1.57,1.49,0.00,0.00,1.86,34,58,28,6,3,10,46,34,82,9.35,5.57,0.00,0.00,0.00,0.00,0.00,0.00,0.00,0.00,0.00,N/A
1793491200,Nov 01 2026 - 12:00am,incomplete,N/A,Deportivo Riestra,Talleres Córdoba,N/A,15,0.69,1.53,0.69,1.53,0,0,0,0,0,0,"","",-1,-1,-1,-1,-1,-1,-1,-1,-1,-1,-1,-1,-1,-1,-1,-1,-1,-1,-1,-1,1.28,1.36,0.00,0.00,1.44,33,52,18,0,0,9,49,21,61,8.84,6.16,0.00,0.00,0.00,0.00,0.00,0.00,0.00,0.00,0.00,Estadio Leandro Nicéforo Alem
1793491200,Nov 01 2026 - 12:00am,incomplete,N/A,Huracán,Tigre,N/A,15,1.39,1.25,1.39,1.25,0,0,0,0,0,0,"","",-1,-1,-1,-1,-1,-1,-1,-1,-1,-1,-1,-1,-1,-1,-1,-1,-1,-1,-1,-1,1.29,1.57,0.00,0.00,2.03,53,65,32,18,6,18,57,42,74,8.09,5.78,0.00,0.00,0.00,0.00,0.00,0.00,0.00,0.00,0.00,Estadio Tomás Adolfo Ducó
1793491200,Nov 01 2026 - 12:00am,incomplete,N/A,Lanús,Gimnasia Mendoza,N/A,15,1.41,1.19,1.41,1.19,0,0,0,0,0,0,"","",-1,-1,-1,-1,-1,-1,-1,-1,-1,-1,-1,-1,-1,-1,-1,-1,-1,-1,-1,-1,1.36,1.26,0.00,0.00,2.16,43,58,37,19,13,34,55,33,73,7.15,4.97,0.00,0.00,0.00,0.00,0.00,0.00,0.00,0.00,0.00,Estadio Ciudad de Lanús - Néstor Díaz Pérez
1793491200,Nov 01 2026 - 12:00am,incomplete,N/A,Boca Juniors,River Plate,N/A,15,1.76,1.80,1.76,1.80,0,0,0,0,0,0,"","",-1,-1,-1,-1,-1,-1,-1,-1,-1,-1,-1,-1,-1,-1,-1,-1,-1,-1,-1,-1,1.54,1.87,0.00,0.00,2.21,41,68,35,19,8,27,70,32,71,10.82,4.58,0.00,0.00,0.00,0.00,0.00,0.00,0.00,0.00,0.00,Estadio Alberto José Armando
1793491200,Nov 01 2026 - 12:00am,incomplete,N/A,Independiente Rivadavia,Banfield,N/A,15,2.00,1.13,2.00,1.13,0,0,0,0,0,0,"","",-1,-1,-1,-1,-1,-1,-1,-1,-1,-1,-1,-1,-1,-1,-1,-1,-1,-1,-1,-1,1.67,1.37,0.00,0.00,2.51,61,76,49,19,12,39,73,40,73,8.10,4.44,0.00,0.00,0.00,0.00,0.00,0.00,0.00,0.00,0.00,Estadio Juan Bautista Gargantini
1793491200,Nov 01 2026 - 12:00am,incomplete,N/A,Racing Club,Aldosivi,N/A,15,1.33,0.50,1.33,0.50,0,0,0,0,0,0,"","",-1,-1,-1,-1,-1,-1,-1,-1,-1,-1,-1,-1,-1,-1,-1,-1,-1,-1,-1,-1,1.37,1.26,0.00,0.00,1.78,44,64,26,10,0,18,65,26,61,8.10,6.89,0.00,0.00,0.00,0.00,0.00,0.00,0.00,0.00,0.00,Estadio Presidente Juan Domingo Perón
1793491200,Nov 01 2026 - 12:00am,incomplete,N/A,Belgrano,Barracas Central,N/A,15,1.80,1.31,1.80,1.31,0,0,0,0,0,0,"","",-1,-1,-1,-1,-1,-1,-1,-1,-1,-1,-1,-1,-1,-1,-1,-1,-1,-1,-1,-1,1.36,1.30,0.00,0.00,1.94,48,62,37,10,3,20,59,35,73,5.60,4.48,0.00,0.00,0.00,0.00,0.00,0.00,0.00,0.00,0.00,Estadio Julio César Villagra
1793491200,Nov 01 2026 - 12:00am,incomplete,N/A,Platense,Central Córdoba SdE,N/A,15,1.00,1.00,1.00,1.00,0,0,0,0,0,0,"","",-1,-1,-1,-1,-1,-1,-1,-1,-1,-1,-1,-1,-1,-1,-1,-1,-1,-1,-1,-1,1.42,1.09,0.00,0.00,1.78,28,47,22,13,10,16,44,32,60,8.07,4.94,0.00,0.00,0.00,0.00,0.00,0.00,0.00,0.00,0.00,Estadio Ciudad de Vicente López
1793491200,Nov 01 2026 - 12:00am,incomplete,N/A,Vélez Sarsfield,San Lorenzo,N/A,15,1.65,1.35,1.65,1.35,0,0,0,0,0,0,"","",-1,-1,-1,-1,-1,-1,-1,-1,-1,-1,-1,-1,-1,-1,-1,-1,-1,-1,-1,-1,1.48,1.24,0.00,0.00,1.85,44,50,24,15,9,15,56,27,65,8.29,4.89,0.00,0.00,0.00,0.00,0.00,0.00,0.00,0.00,0.00,Estadio José Amalfitani
1793491200,Nov 01 2026 - 12:00am,incomplete,N/A,Newell's Old Boys,Unión Santa Fe,N/A,15,0.94,1.33,0.94,1.33,0,0,0,0,0,0,"","",-1,-1,-1,-1,-1,-1,-1,-1,-1,-1,-1,-1,-1,-1,-1,-1,-1,-1,-1,-1,1.29,1.87,0.00,0.00,2.68,56,83,44,27,15,27,59,60,92,8.66,5.25,0.00,0.00,0.00,0.00,0.00,0.00,0.00,0.00,0.00,Estadio Marcelo Alberto Bielsa
1793491200,Nov 01 2026 - 12:00am,incomplete,N/A,Atlético Tucumán,Argentinos Juniors,N/A,15,0.88,1.89,0.88,1.89,0,0,0,0,0,0,"","",-1,-1,-1,-1,-1,-1,-1,-1,-1,-1,-1,-1,-1,-1,-1,-1,-1,-1,-1,-1,1.44,1.73,0.00,0.00,2.02,49,64,38,12,3,26,64,27,75,10.64,5.12,0.00,0.00,0.00,0.00,0.00,0.00,0.00,0.00,0.00,Estadio Monumental Presidente José Fierro
1793491200,Nov 01 2026 - 12:00am,incomplete,N/A,Sarmiento,Rosario Central,N/A,15,1.19,1.79,1.19,1.79,0,0,0,0,0,0,"","",-1,-1,-1,-1,-1,-1,-1,-1,-1,-1,-1,-1,-1,-1,-1,-1,-1,-1,-1,-1,1.23,1.62,0.00,0.00,2.19,51,68,49,12,0,26,75,42,75,7.76,5.97,0.00,0.00,0.00,0.00,0.00,0.00,0.00,0.00,0.00,Estadio Eva Perón de Junín
1793491200,Nov 01 2026 - 12:00am,incomplete,N/A,Estudiantes Río Cuarto,Gimnasia La Plata,N/A,15,0.31,1.61,0.31,1.61,0,0,0,0,0,0,"","",-1,-1,-1,-1,-1,-1,-1,-1,-1,-1,-1,-1,-1,-1,-1,-1,-1,-1,-1,-1,1.28,1.29,0.00,0.00,2.05,29,65,35,12,3,18,75,33,68,8.50,6.00,0.00,0.00,0.00,0.00,0.00,0.00,0.00,0.00,0.00,Estadio Ciudad de Río Cuarto
1794096000,Nov 08 2026 - 12:00am,incomplete,N/A,Banfield,Atlético Tucumán,N/A,16,1.13,0.88,1.13,0.88,0,0,0,0,0,0,"","",-1,-1,-1,-1,-1,-1,-1,-1,-1,-1,-1,-1,-1,-1,-1,-1,-1,-1,-1,-1,1.37,1.44,0.00,0.00,2.22,53,69,47,13,3,28,69,41,75,8.38,5.31,0.00,0.00,0.00,0.00,0.00,0.00,0.00,0.00,0.00,N/A
1794096000,Nov 08 2026 - 12:00am,incomplete,N/A,Boca Juniors,Defensa y Justicia,N/A,16,1.76,1.19,1.76,1.19,0,0,0,0,0,0,"","",-1,-1,-1,-1,-1,-1,-1,-1,-1,-1,-1,-1,-1,-1,-1,-1,-1,-1,-1,-1,1.54,1.25,0.00,0.00,2.28,52,73,37,19,10,30,61,37,70,9.31,3.88,0.00,0.00,0.00,0.00,0.00,0.00,0.00,0.00,0.00,Estadio Alberto José Armando
1794096000,Nov 08 2026 - 12:00am,incomplete,N/A,Aldosivi,River Plate,N/A,16,0.50,1.80,0.50,1.80,0,0,0,0,0,0,"","",-1,-1,-1,-1,-1,-1,-1,-1,-1,-1,-1,-1,-1,-1,-1,-1,-1,-1,-1,-1,1.26,1.87,0.00,0.00,1.93,37,61,24,19,5,22,75,24,60,9.58,5.70,0.00,0.00,0.00,0.00,0.00,0.00,0.00,0.00,0.00,Estadio José María Minella
1794096000,Nov 08 2026 - 12:00am,incomplete,N/A,Gimnasia La Plata,Belgrano,N/A,16,1.61,1.80,1.61,1.80,0,0,0,0,0,0,"","",-1,-1,-1,-1,-1,-1,-1,-1,-1,-1,-1,-1,-1,-1,-1,-1,-1,-1,-1,-1,1.29,1.36,0.00,0.00,2.14,40,61,40,19,6,19,75,39,69,7.66,6.04,0.00,0.00,0.00,0.00,0.00,0.00,0.00,0.00,0.00,Estadio Juan Carmelo Zerillo
1794096000,Nov 08 2026 - 12:00am,incomplete,N/A,Unión Santa Fe,Vélez Sarsfield,N/A,16,1.33,1.65,1.33,1.65,0,0,0,0,0,0,"","",-1,-1,-1,-1,-1,-1,-1,-1,-1,-1,-1,-1,-1,-1,-1,-1,-1,-1,-1,-1,1.87,1.48,0.00,0.00,2.27,52,66,37,20,9,23,63,40,77,9.63,4.74,0.00,0.00,0.00,0.00,0.00,0.00,0.00,0.00,0.00,Estadio 15 de Abril
1794096000,Nov 08 2026 - 12:00am,incomplete,N/A,Barracas Central,Racing Club,N/A,16,1.31,1.33,1.31,1.33,0,0,0,0,0,0,"","",-1,-1,-1,-1,-1,-1,-1,-1,-1,-1,-1,-1,-1,-1,-1,-1,-1,-1,-1,-1,1.30,1.37,0.00,0.00,1.94,53,71,39,3,0,21,62,29,74,6.22,5.77,0.00,0.00,0.00,0.00,0.00,0.00,0.00,0.00,0.00,Estadio Claudio Chiqui Tapia
1794096000,Nov 08 2026 - 12:00am,incomplete,N/A,Independiente,Deportivo Riestra,N/A,16,1.41,0.69,1.41,0.69,0,0,0,0,0,0,"","",-1,-1,-1,-1,-1,-1,-1,-1,-1,-1,-1,-1,-1,-1,-1,-1,-1,-1,-1,-1,1.48,1.28,0.00,0.00,1.94,45,63,21,12,6,24,61,21,63,9.84,6.45,0.00,0.00,0.00,0.00,0.00,0.00,0.00,0.00,0.00,Estadio Libertadores de América
1794096000,Nov 08 2026 - 12:00am,incomplete,N/A,Talleres Córdoba,Estudiantes,N/A,16,1.53,1.82,1.53,1.82,0,0,0,0,0,0,"","",-1,-1,-1,-1,-1,-1,-1,-1,-1,-1,-1,-1,-1,-1,-1,-1,-1,-1,-1,-1,1.36,1.57,0.00,0.00,1.71,36,53,30,3,3,9,38,35,74,8.94,5.47,0.00,0.00,0.00,0.00,0.00,0.00,0.00,0.00,0.00,Estadio Mario Alberto Kempes
1794096000,Nov 08 2026 - 12:00am,incomplete,N/A,Instituto,Newell's Old Boys,N/A,16,1.31,0.94,1.31,0.94,0,0,0,0,0,0,"","",-1,-1,-1,-1,-1,-1,-1,-1,-1,-1,-1,-1,-1,-1,-1,-1,-1,-1,-1,-1,1.49,1.29,0.00,0.00,2.38,50,82,35,16,10,19,57,51,91,8.38,5.38,0.00,0.00,0.00,0.00,0.00,0.00,0.00,0.00,0.00,Estadio Juan Domingo Perón
1794096000,Nov 08 2026 - 12:00am,incomplete,N/A,Central Córdoba SdE,Lanús,N/A,16,1.00,1.41,1.00,1.41,0,0,0,0,0,0,"","",-1,-1,-1,-1,-1,-1,-1,-1,-1,-1,-1,-1,-1,-1,-1,-1,-1,-1,-1,-1,1.09,1.36,0.00,0.00,2.03,30,55,30,19,13,25,43,40,66,7.40,5.53,0.00,0.00,0.00,0.00,0.00,0.00,0.00,0.00,0.00,N/A
1794096000,Nov 08 2026 - 12:00am,incomplete,N/A,Argentinos Juniors,Huracán,N/A,16,1.89,1.39,1.89,1.39,0,0,0,0,0,0,"","",-1,-1,-1,-1,-1,-1,-1,-1,-1,-1,-1,-1,-1,-1,-1,-1,-1,-1,-1,-1,1.73,1.29,0.00,0.00,1.92,46,60,33,14,6,24,52,28,76,9.67,6.09,0.00,0.00,0.00,0.00,0.00,0.00,0.00,0.00,0.00,Estadio Diego Armando Maradona
1794096000,Nov 08 2026 - 12:00am,incomplete,N/A,Rosario Central,Estudiantes Río Cuarto,N/A,16,1.79,0.31,1.79,0.31,0,0,0,0,0,0,"","",-1,-1,-1,-1,-1,-1,-1,-1,-1,-1,-1,-1,-1,-1,-1,-1,-1,-1,-1,-1,1.62,1.28,0.00,0.00,2.07,41,71,39,9,0,20,65,46,72,8.70,5.03,0.00,0.00,0.00,0.00,0.00,0.00,0.00,0.00,0.00,Estadio Dr. Lisandro de la Torre
1794096000,Nov 08 2026 - 12:00am,incomplete,N/A,Tigre,Sarmiento,N/A,16,1.25,1.19,1.25,1.19,0,0,0,0,0,0,"","",-1,-1,-1,-1,-1,-1,-1,-1,-1,-1,-1,-1,-1,-1,-1,-1,-1,-1,-1,-1,1.57,1.23,0.00,0.00,2.06,47,63,35,16,3,19,69,38,72,7.81,5.56,0.00,0.00,0.00,0.00,0.00,0.00,0.00,0.00,0.00,Estadio José Dellagiovanna
1794096000,Nov 08 2026 - 12:00am,incomplete,N/A,San Lorenzo,Platense,N/A,16,1.35,1.00,1.35,1.00,0,0,0,0,0,0,"","",-1,-1,-1,-1,-1,-1,-1,-1,-1,-1,-1,-1,-1,-1,-1,-1,-1,-1,-1,-1,1.24,1.42,0.00,0.00,1.72,36,46,22,12,9,9,49,27,64,8.26,4.53,0.00,0.00,0.00,0.00,0.00,0.00,0.00,0.00,0.00,Estadio Pedro Bidegaín
1794096000,Nov 08 2026 - 12:00am,incomplete,N/A,Gimnasia Mendoza,Independiente Rivadavia,N/A,16,1.19,2.00,1.19,2.00,0,0,0,0,0,0,"","",-1,-1,-1,-1,-1,-1,-1,-1,-1,-1,-1,-1,-1,-1,-1,-1,-1,-1,-1,-1,1.26,1.67,0.00,0.00,2.51,61,69,46,22,16,46,76,30,70,7.91,4.38,0.00,0.00,0.00,0.00,0.00,0.00,0.00,0.00,0.00,Estadio Víctor Antonio Legrotaglie
