full_name,age,birthday,birthday_GMT,league,season,position,Current Club,minutes_played_overall,minutes_played_home,minutes_played_away,nationality,appearances_overall,appearances_home,appearances_away,goals_overall,goals_home,goals_away,assists_overall,assists_home,assists_away,penalty_goals,penalty_misses,clean_sheets_overall,clean_sheets_home,clean_sheets_away,conceded_overall,conceded_home,conceded_away,yellow_cards_overall,red_cards_overall,goals_involved_per_90_overall,assists_per_90_overall,goals_per_90_overall,goals_per_90_home,goals_per_90_away,min_per_goal_overall,conceded_per_90_overall,min_per_conceded_overall,min_per_match,min_per_card_overall,min_per_assist_overall,cards_per_90_overall,rank_in_league_top_attackers,rank_in_league_top_midfielders,rank_in_league_top_defenders,rank_in_club_top_scorer,annual_salary_eur,average_rating_overall,assists_per_game_overall,assists_per90_percentile_overall,passes_per_90_overall,passes_per_game_overall,passes_per90_percentile_overall,passes_total_overall,passes_completed_per_game_overall,passes_completed_total_overall,pass_completion_rate_percentile_overall,passes_completed_per_90_overall,passes_completed_per90_percentile_overall,short_passes_per_game_overall,long_passes_per_game_overall,key_passes_per_game_overall,key_passes_total_overall,through_passes_per_game_overall,crosses_per_game_overall,tackles_per_90_overall,tackles_per_game_overall,tackles_total_overall,tackles_successful_per_game_overall,dispossesed_per_game_overall,possession_regained_per_game_overall,pressures_per_game_overall,saves_per_game_overall,interceptions_per_game_overall,dribbles_successful_per_game_overall,shots_faced_per_game_overall,shots_per_goal_scored_overall,shots_per_90_overall,shots_off_target_per_game_overall,dribbles_per_game_overall,distance_travelled_per_game_overall,shots_on_target_per_game_overall,xg_per_game_overall,chances_created_per_game_overall,aerial_duels_won_per_game_overall,aerial_duels_per_game_overall,possession_regained_per_90_overall,possession_regained_total_overall,possession_regained_per90_percentile_overall,additional_info,shots_total_overall,shots_per_game_overall,shots_per90_percentile_overall,shots_on_target_total_overall,shots_on_target_per_90_overall,shots_on_target_per90_percentile_overall,shots_off_target_total_overall,shots_off_target_per_90_overall,shots_off_target_per90_percentile_overall,games_subbed_out,games_subbed_in,games_started,tackles_per90_percentile_overall,tackles_successful_per_90_overall,tackles_successful_per90_percentile_overall,tackles_successful_total_overall,interceptions_total_overall,interceptions_per_90_overall,interceptions_per90_percentile_overall,crosses_total_overall,cross_completion_rate_percentile_overall,crosses_per_90_overall,crosses_per90_percentile_overall,through_passes_total_overall,through_passes_per_90_overall,through_passes_per90_percentile_overall,long_passes_total_overall,long_passes_per_90_overall,long_passes_per90_percentile_overall,short_passes_total_overall,short_passes_per_90_overall,short_passes_per90_percentile_overall,key_passes_per_90_overall,key_passes_per90_percentile_overall,dribbles_total_overall,dribbles_per_90_overall,dribbles_per90_percentile_overall,dribbles_successful_total_overall,dribbles_successful_per_90_overall,dribbles_successful_percentage_overall,chances_created_total_overall,chances_created_per_90_overall,chances_created_per90_percentile_overall,saves_total_overall,save_percentage_percentile_overall,saves_per_90_overall,saves_per90_percentile_overall,shots_faced_total_overall,shots_per_goal_conceded_overall,conceded_per90_percentile_overall,shots_faced_per_90_overall,shots_faced_per90_percentile_overall,xg_faced_per_90_overall,xg_faced_per90_percentile_overall,xg_faced_per_game_overall,xg_faced_total_overall,save_percentage_overall,pressures_total_overall,pressures_per_90_overall,pressures_per90_percentile_overall,xg_total_overall,market_value,market_value_percentile,pass_completion_rate_overall,shot_accuraccy_percentage_overall,shot_accuraccy_percentage_percentile_overall,dribbled_past_per90_percentile_overall,dribbled_past_per_game_overall,dribbled_past_per_90_overall,dribbled_past_total_overall,dribbles_successful_per90_percentile_overall,dribbles_successful_percentage_percentile_overall,pen_scored_total_overall,pen_missed_total_overall,inside_box_saves_total_overall,blocks_per_game_overall,blocks_per_90_overall,blocks_total_overall,blocks_per90_percentile_overall,ratings_total_overall,clearances_per_game_overall,clearances_per_90_overall,clearances_total_overall,pen_committed_total_overall,pen_save_percentage_overall,pen_committed_per_90_overall,pen_committed_per90_percentile_overall,pen_committed_per_game_overall,pens_saved_total_overall,pens_taken_total_overall,hit_woodwork_total_overall,hit_woodwork_per_game_overall,hit_woodwork_per_90_overall,punches_total_overall,punches_per_game_overall,punches_per_90_overall,offsides_per_90_overall,offsides_per_game_overall,offsides_total_overall,penalties_won_total_overall,shot_conversion_rate_overall,shot_conversion_rate_percentile_overall,minutes_played_percentile_overall,matches_played_percentile_overall,min_per_goal_percentile_overall,min_per_conceded_percentile_overall,xa_total_overall,xa_per90_percentile_overall,xa_per_game_overall,xa_per_90_overall,npxg_total_overall,npxg_per90_percentile_overall,npxg_per_game_overall,npxg_per_90_overall,fouls_drawn_per90_percentile_overall,fouls_drawn_total_overall,fouls_drawn_per_game_overall,fouls_drawn_per_90_overall,fouls_committed_per_90_overall,fouls_committed_per_game_overall,fouls_committed_per90_percentile_overall,fouls_committed_total_overall,xg_per_90_overall,xg_per90_percentile_overall,average_rating_percentile_overall,clearances_per90_percentile_overall,hit_woodwork_per90_percentile_overall,punches_per90_percentile_overall,offsides_per90_percentile_overall,aerial_duels_won_per90_percentile_overall,aerial_duels_total_overall,aerial_duels_per_90_overall,aerial_duels_per90_percentile_overall,aerial_duels_won_total_overall,aerial_duels_won_percentage_overall,aerial_duels_won_per_90_overall,duels_per_90_overall,duels_per_game_overall,duels_total_overall,duels_won_total_overall,duels_won_per90_percentile_overall,duels_per90_percentile_overall,duels_won_per_90_overall,duels_won_per_game_overall,duels_won_percentage_overall,dispossesed_total_overall,dispossesed_per_90_overall,dispossesed_per90_percentile_overall,progressive_passes_total_overall,cross_completion_rate_overall,distance_travelled_total_overall,distance_travelled_per_90_overall,distance_travelled_per90_percentile_overall,accurate_crosses_total_overall,accurate_crosses_per_game_overall,accurate_crosses_per_90_overall,accurate_crosses_per90_percentile_overall,games_started_percentile_overall,games_subbed_in_percentile_overall,games_subbed_out_percentile_overall,hattricks_total_overall,two_goals_in_a_game_total_overall,three_goals_in_a_game_total_overall,two_goals_in_a_game_percentage_overall,three_goals_in_a_game_percentage_overall,goals_involved_per90_percentile_overall,goals_per90_percentile_overall,goals_per90_percentile_away,goals_per90_percentile_home,man_of_the_match_total_overall,annual_salary_eur_percentile,clean_sheets_percentage_percentile_overall,min_per_card_percentile_overall,cards_per90_percentile_overall,booked_over05_overall,booked_over05_percentage_overall,booked_over05_percentage_percentile_overall,shirt_number,annual_salary_gbp,annual_salary_usd
,37,615884400,1989/07/08,Primera División,2026,Midfielder,Banfield,90,90,0,China,1,1,0,0,0,0,0,0,0,0,0,0,0,0,1,1,0,0,0,0,0,0,0,0,0,1,90,90,0,0,0,-1,-1,-1,14,N/A,N/A,N/A,N/A,N/A,N/A,N/A,N/A,N/A,N/A,N/A,N/A,N/A,N/A,N/A,N/A,N/A,N/A,N/A,N/A,N/A,N/A,N/A,N/A,N/A,N/A,N/A,N/A,N/A,N/A,N/A,N/A,N/A,N/A,N/A,N/A,N/A,N/A,N/A,N/A,N/A,N/A,N/A,N/A,N/A,N/A,N/A,N/A,N/A,N/A,N/A,N/A,N/A,N/A,N/A,N/A,N/A,N/A,N/A,N/A,N/A,N/A,N/A,N/A,N/A,N/A,N/A,N/A,N/A,N/A,N/A,N/A,N/A,N/A,N/A,N/A,N/A,N/A,N/A,N/A,N/A,N/A,N/A,N/A,N/A,N/A,N/A,N/A,N/A,N/A,N/A,N/A,N/A,N/A,N/A,N/A,N/A,N/A,N/A,N/A,N/A,N/A,N/A,N/A,N/A,N/A,N/A,N/A,N/A,N/A,N/A,N/A,N/A,N/A,N/A,N/A,N/A,N/A,N/A,N/A,N/A,N/A,N/A,N/A,N/A,N/A,N/A,N/A,N/A,N/A,N/A,N/A,N/A,N/A,N/A,N/A,N/A,N/A,N/A,N/A,N/A,N/A,N/A,N/A,N/A,N/A,N/A,N/A,N/A,N/A,N/A,N/A,N/A,N/A,N/A,N/A,N/A,N/A,N/A,N/A,N/A,N/A,N/A,N/A,N/A,N/A,N/A,N/A,N/A,N/A,N/A,N/A,N/A,N/A,N/A,N/A,N/A,N/A,N/A,N/A,N/A,N/A,N/A,N/A,N/A,N/A,N/A,N/A,N/A,N/A,N/A,N/A,N/A,N/A,N/A,N/A,N/A,N/A,N/A,N/A,N/A,N/A,N/A,N/A,N/A,N/A,N/A,N/A,N/A,N/A,N/A,N/A,N/A,N/A,N/A,N/A,N/A,N/A,N/A,N/A,N/A,N/A,N/A,N/A
Aaron Facundo Quiroz,24,1004515200,2001/10/31,Primera División,2026,Defender,Vélez Sarsfield,379,270,109,Argentina,7,4,3,0,0,0,0,0,0,0,0,3,0,3,4,4,0,1,0,0,0,0,0,0,0,0.95,95,54,379,0,0.24,375,363,130,22,0,4.74,0,63,45.83,27.71,86,194,23.14,162,85,38.27,87,0.00,0.00,0.14,1,0.00,0.29,0.47,0.29,2,0.00,0.00,0.00,0.00,0.00,0.71,0.14,0.71,0.00,0.47,0.14,0.14,0.00,0.14,0.03,0.00,1.00,0.00,0.00,0,0,,2,0.29,26,1,0.24,49,1,0.24,19,0,3,4,11,0.00,99,0,5,1.18,66,2,95,0.47,37,0,0.00,99,0,0.00,0,0,0.00,0,0.24,22,1,0.24,18,1,0.24,100.00,0,0.00,0,0,0,0.00,0,5,0.00,46,1.18,63,N/A,N/A,N/A,N/A,0.00,0,0.00,0,0.21,0.00,0,83.51,50.00,91,82,0.14,0.24,1,28,99,0,0,0,0.14,0.24,1,60,33.19,4.00,6.61,28,0,0.00,0.00,99,0.00,0,0,0,0.00,0.00,0,0.00,0.00,0.24,0.14,1,0,0.00,56,2,6,56,46,0.43,54,0.06,0.10,0.21,36,0.03,0.05,9,1,0.14,0.24,1.18,0.71,54,5,0.05,36,1,93,81,0,75,64,0,0.00,99,7,0.00,1.65,5.91,3.57,25,11,9,11,2.60,1.57,44.00,0,0.00,99,0,50.00,0,0.00,99,1,0.14,0.24,50,8,66,16,0,0,0,0,0,41,56,74,68,0,99,75,63,54,1,14,47,6,0,0
Aaron Molinas,25,965199600,2000/08/02,Primera División,2026,Midfielder,Defensa y Justicia,1350,720,630,Argentina,15,8,7,3,1,2,4,3,1,0,0,4,2,2,18,9,9,3,0,0.47,0.27,0.2,0.13,0.29,450,1.2,75,90,450,338,0.2,100,40,-1,3,0,7.36,0.27,95,59.27,59.27,97,889,51.00,765,94,51.00,97,0.00,0.00,2.13,32,0.00,4.47,1.33,1.33,20,0.00,0.87,0.00,0.00,0.00,0.80,0.80,1.40,6.33,1.27,0.73,1.40,0.00,0.53,0.22,0.00,0.13,0.00,0.00,0,0,,19,1.27,63,8,0.53,72,11,0.73,56,1,0,15,39,0.00,99,0,12,0.80,47,67,65,4.47,90,0,0.00,99,0,0.00,0,0,0.00,0,2.13,96,21,1.40,56,12,0.80,57.14,0,0.00,0,0,0,0.00,0,21,0.00,24,1.40,79,N/A,N/A,N/A,N/A,0.00,0,0.00,0,3.32,0.00,0,86.05,42.11,75,70,0.40,0.40,6,64,75,3,0,0,0.20,0.20,3,55,110.42,1.13,1.13,17,0,0.00,0.00,99,0.00,0,3,0,0.00,0.00,0,0.00,0.00,0.00,0.00,0,0,15.79,84,86,73,73,24,5.18,98,0.35,0.35,1.22,48,0.08,0.08,60,17,1.13,1.13,0.40,0.40,10,6,0.22,76,99,38,81,0,46,3,0,0.00,99,2,0.00,0.13,6.07,6.07,91,50,14,11,3.33,3.33,54.95,13,0.87,41,0,28.36,0,0.00,99,19,1.27,1.27,90,85,30,41,0,0,0,0,0,92,83,89,71,0,99,33,73,45,3,20,65,10,0,0
Abiel Osorio,24,1023951600,2002/06/13,Primera División,2026,Forward,Defensa y Justicia,187,71,116,Argentina,4,2,2,0,0,0,0,0,0,0,0,3,1,2,0,0,0,0,0,0,0,0,0,0,0,0,0,47,0,0,0,-1,-1,-1,21,0,6.68,0,63,15.88,8.25,4,33,7.25,29,97,13.96,16,0.00,0.00,0.25,1,0.00,0.00,0.96,0.50,2,0.00,1.00,0.00,0.00,0.00,0.00,0.25,0.00,0.00,1.44,0.00,1.25,0.00,0.75,0.09,0.00,1.00,0.00,0.00,0,0,,3,0.75,67,3,1.44,98,0,0.00,9,4,1,3,22,0.00,99,0,0,0.00,10,0,28,0.00,12,0,0.00,99,0,0.00,0,0,0.00,0,0.48,36,5,2.41,78,1,0.48,20.00,0,0.00,0,0,0,0.00,0,0,0.00,99,0.00,0,N/A,N/A,N/A,N/A,0.00,0,0.00,0,0.36,0.00,0,87.88,100.00,99,7,0.75,1.44,3,49,17,0,0,0,0.00,0.00,0,29,26.73,0.50,0.96,2,0,0.00,0.00,99,0.00,0,0,0,0.00,0.00,0,0.00,0.00,0.48,0.25,1,0,0.00,56,0,0,56,0,0.11,18,0.03,0.05,0.36,69,0.09,0.17,99,8,2.00,3.85,0.96,0.50,40,2,0.17,68,36,33,81,0,90,70,0,0.00,99,4,0.00,1.93,14.92,7.75,31,15,91,91,7.22,3.75,48.39,4,1.93,8,0,0.00,0,0.00,99,0,0.00,0.00,28,3,44,84,0,0,0,0,0,41,56,74,68,0,99,99,15,15,0,0,16,7,0,0
Adam Fernando Bareiro Gamarra,29,838364400,1996/07/26,Primera División,2026,Forward,Boca Juniors,702,338,364,Paraguay,10,5,5,3,1,2,1,1,0,0,0,5,1,4,4,3,1,3,0,0.51,0.13,0.38,0.27,0.49,234,0.51,176,70,234,702,0.38,37,112,-1,3,0,6.99,0.1,81,22.44,17.50,22,175,13.10,131,45,16.79,29,0.00,0.00,0.70,7,0.00,0.20,1.54,1.20,12,0.00,0.80,0.00,0.00,0.00,0.30,0.10,0.40,6.33,2.44,0.80,0.50,0.00,1.10,0.37,0.00,2.50,0.00,0.00,0,0,,19,1.90,89,11,1.41,98,8,1.03,70,5,2,8,49,0.00,99,0,3,0.38,24,2,28,0.26,26,0,0.00,99,0,0.00,0,0,0.00,0,0.90,62,5,0.64,32,1,0.13,20.00,0,0.00,0,0,0,0.00,0,4,0.00,91,0.51,6,N/A,N/A,N/A,N/A,0.00,0,0.00,0,3.68,0.00,0,74.86,57.89,94,72,0.30,0.38,3,19,17,0,0,0,0.20,0.26,2,63,69.93,1.50,1.92,15,0,0.00,0.00,99,0.00,0,0,3,0.30,0.38,0,0.00,0.00,0.26,0.20,2,0,15.79,84,36,23,63,90,1.11,70,0.11,0.14,3.68,97,0.37,0.47,84,15,1.50,1.92,2.18,1.70,92,17,0.47,96,84,58,99,0,78,91,0,0.00,99,25,0.00,3.21,15.64,12.20,122,53,87,93,6.79,5.30,43.44,8,1.03,33,0,0.00,0,0.00,99,0,0.00,0.00,28,40,57,92,0,0,0,0,0,94,94,96,84,0,99,88,37,78,3,30,87,28,0,0
Adan Francisco Ingenthron,43,415699200,1983/03/05,Primera División,2026,Defender,Platense,259,259,0,Argentina,3,3,0,0,0,0,0,0,0,0,0,0,0,0,5,5,0,0,0,0,0,0,0,0,0,1.74,52,86,0,0,0,-1,-1,-1,14,0,6.55,0,63,33.71,32.33,60,97,25.67,77,69,26.76,62,0.00,0.00,0.33,1,0.00,3.00,2.43,2.33,7,0.00,0.67,0.00,0.00,0.00,0.67,0.00,1.67,0.00,0.35,0.33,0.33,0.00,0.00,0.02,0.00,1.33,0.00,0.00,0,0,,1,0.33,19,0,0.00,22,1,0.35,28,1,0,3,84,0.00,99,0,2,0.69,43,9,31,3.13,78,0,0.00,99,0,0.00,0,0,0.00,0,0.35,28,1,0.35,21,0,0.00,0.00,0,0.00,0,0,0,0.00,0,5,0.00,3,1.74,91,N/A,N/A,N/A,N/A,0.00,0,0.00,0,0.06,0.00,0,79.38,0.00,22,19,1.00,1.04,3,12,12,0,0,0,0.00,0.00,0,29,19.64,2.67,2.78,8,0,0.00,0.00,99,0.00,0,0,0,0.00,0.00,0,0.00,0.00,0.00,0.00,0,0,0.00,56,0,0,56,3,0.20,36,0.07,0.07,0.06,20,0.02,0.02,71,4,1.33,1.39,1.74,1.67,83,5,0.02,20,21,72,81,0,46,57,0,0.00,99,4,0.00,1.39,10.42,10.00,30,15,59,57,5.21,5.00,50.00,2,0.69,50,0,11.11,0,0.00,99,1,0.33,0.35,58,3,30,41,0,0,0,0,0,41,56,74,68,0,99,1,15,15,0,0,16,38,0,0
Adolfo Julián Gaich,27,920016000,1999/02/26,Primera División,2026,Forward,Estudiantes,339,204,135,Argentina,10,7,3,3,3,0,1,0,1,0,0,5,3,2,2,2,0,1,0,1.06,0.27,0.8,1.32,0,113,0.53,170,34,339,339,0.27,2,38,-1,2,0,6.26,0.1,95,15.66,5.90,3,59,3.50,35,7,9.29,3,0.00,0.00,0.10,1,0.00,0.00,0.80,0.30,3,0.00,0.10,0.00,0.00,0.00,0.00,0.20,0.30,5.00,3.98,0.90,0.40,0.00,0.60,0.30,0.00,1.10,0.00,0.00,0,0,,15,1.50,99,6,1.59,99,9,2.39,99,1,7,3,17,0.00,99,0,0,0.00,10,0,28,0.00,12,0,0.00,99,0,0.00,0,0,0.00,0,0.27,23,4,1.06,45,2,0.53,50.00,0,0.00,0,0,0,0.00,0,3,0.00,89,0.80,27,N/A,N/A,N/A,N/A,0.00,0,0.00,0,2.97,0.00,0,59.32,40.00,74,80,0.10,0.27,1,53,66,0,0,0,0.00,0.00,0,29,62.58,0.30,0.80,3,0,0.00,0.00,99,0.00,0,0,0,0.00,0.00,0,0.00,0.00,0.00,0.00,0,0,20.00,93,0,23,56,89,0.69,81,0.07,0.18,2.97,99,0.30,0.79,56,4,0.40,1.06,2.65,1.00,96,10,0.79,99,11,25,81,0,46,87,0,0.00,99,11,0.00,2.92,10.62,4.00,40,19,53,59,5.04,1.90,47.50,1,0.27,74,0,0.00,0,0.00,99,0,0.00,0.00,28,3,92,41,1,1,1,10,10,99,99,74,99,0,99,88,57,61,1,10,34,19,0,0
Adrián Emmanuel Martínez,34,710492400,1992/07/07,Primera División,2026,Forward,Racing Club,1317,581,736,Argentina,16,7,9,4,3,1,1,0,1,0,0,5,2,3,13,5,8,4,1,0.34,0.07,0.27,0.46,0.12,329,0.89,101,82,263,1317,0.34,69,177,-1,1,0,6.56,0.06,69,14.01,12.81,2,205,8.56,137,19,9.36,3,0.00,0.00,0.62,10,0.00,0.25,0.48,0.44,7,0.00,1.06,0.00,0.00,0.00,0.19,0.19,0.88,7.25,1.98,1.31,0.75,0.00,0.50,0.28,0.00,0.81,0.00,0.00,0,0,,29,1.81,79,8,0.55,73,21,1.44,84,2,1,15,11,0.00,99,0,3,0.21,18,4,28,0.27,27,0,0.00,99,0,0.00,0,0,0.00,0,0.68,47,12,0.82,38,3,0.21,25.00,0,0.00,0,0,0,0.00,0,14,0.00,52,0.96,45,N/A,N/A,N/A,N/A,0.00,0,0.00,0,4.46,0.00,0,66.83,27.59,47,89,0.12,0.14,2,25,21,1,1,0,0.00,0.00,0,29,104.92,0.62,0.68,10,0,0.00,0.00,99,0.00,0,2,2,0.12,0.14,0,0.00,0.00,0.89,0.81,13,0,13.79,80,83,88,68,52,1.24,42,0.08,0.08,3.06,76,0.19,0.21,26,8,0.50,0.55,1.98,1.81,89,29,0.30,86,22,21,94,0,97,35,0,0.00,99,13,0.00,0.89,8.61,7.88,126,30,8,33,2.05,1.88,23.81,17,1.16,26,0,0.00,0,0.00,99,0,0.00,0.00,28,85,44,57,0,1,0,6,0,82,88,75,93,0,99,47,44,72,3,19,60,9,0,0
Adrián Marcos Fernández,25,990342000,2001/05/20,Primera División,2026,Midfielder,Racing Club,734,215,519,Argentina,14,5,9,1,0,1,1,1,0,0,0,6,1,5,6,2,4,4,1,0.25,0.12,0.12,0,0.17,734,0.74,122,52,147,734,0.61,164,125,-1,8,0,5.69,0.07,79,29.18,17.71,44,248,13.36,187,47,22.00,47,0.00,0.00,0.71,10,0.00,0.79,2.47,1.50,21,0.00,1.21,0.00,0.00,0.00,0.29,0.93,0.50,14.00,1.65,0.71,1.64,0.00,0.29,0.11,0.00,0.29,0.00,0.00,0,0,,14,1.00,71,4,0.47,67,10,1.18,76,7,5,9,85,0.00,99,0,4,0.47,29,11,64,1.29,54,0,0.00,99,0,0.00,0,0,0.00,0,1.18,73,23,2.71,81,13,1.53,56.52,0,0.00,0,0,0,0.00,0,7,0.00,69,0.82,29,N/A,N/A,N/A,N/A,0.00,0,0.00,0,1.59,0.00,0,75.40,28.57,50,26,0.57,0.94,8,89,73,0,0,0,0.07,0.12,1,41,79.65,0.43,0.71,6,0,0.00,0.00,99,0.00,0,0,0,0.00,0.00,0,0.00,0.00,0.00,0.00,0,0,7.14,65,40,61,87,69,1.34,76,0.10,0.16,1.59,72,0.11,0.19,41,7,0.50,0.82,2.00,1.21,89,17,0.19,71,3,22,81,0,46,20,0,0.00,99,4,0.00,0.47,12.12,7.36,103,45,61,77,5.29,3.21,43.69,17,2.00,7,0,27.27,0,0.00,99,3,0.21,0.35,58,48,82,98,0,0,0,0,0,76,70,81,68,0,99,75,20,95,3,21,68,24,0,0
Adrián Sánchez,27,926665200,1999/05/14,Primera División,2026,Midfielder,Belgrano,1648,788,860,Argentina,19,9,10,1,1,0,1,1,0,0,0,9,5,4,15,5,10,4,0,0.11,0.05,0.05,0.11,0,1648,0.82,110,87,412,1648,0.22,233,201,-1,7,0,7.03,0.05,63,51.61,49.74,93,945,42.89,815,94,44.51,94,0.00,0.00,0.58,11,0.00,0.68,3.06,2.95,56,0.00,0.63,0.00,0.00,0.00,1.53,0.32,0.84,6.00,0.33,0.26,0.58,0.00,0.05,0.05,0.00,0.89,0.00,0.00,0,0,,6,0.32,18,1,0.05,22,5,0.27,21,3,0,19,95,0.00,99,0,29,1.58,86,13,83,0.71,44,0,0.00,99,0,0.00,0,0,0.00,0,0.60,43,11,0.60,30,6,0.33,54.55,0,0.00,0,0,0,0.00,0,16,0.00,60,0.87,37,N/A,N/A,N/A,N/A,0.00,0,0.00,0,0.95,0.00,0,86.24,16.67,31,23,0.95,0.98,18,36,70,0,0,0,0.16,0.16,3,47,133.56,1.47,1.53,28,0,0.00,0.00,99,0.00,0,0,0,0.00,0.00,0,0.00,0.00,0.00,0.00,0,0,16.67,88,99,99,99,60,2.74,74,0.14,0.15,0.95,36,0.05,0.05,70,25,1.32,1.37,1.47,1.42,71,27,0.05,36,87,50,81,0,46,37,0,0.00,99,17,0.00,0.93,9.56,9.21,175,103,68,46,5.62,5.42,58.86,12,0.66,51,0,38.46,0,0.00,99,5,0.26,0.27,53,99,30,74,0,0,0,0,0,54,56,74,69,0,99,82,67,50,4,21,68,21,0,0
Adrián Sporle,31,805618800,1995/07/13,Primera División,2026,Defender,Belgrano,1089,477,612,Argentina,16,7,9,0,0,0,0,0,0,0,0,9,4,5,8,2,6,3,0,0,0,0,0,0,0,0.66,136,68,363,0,0.25,275,258,53,12,0,6.63,0,63,29.01,21.94,43,351,16.69,267,52,22.07,47,0.00,0.00,0.62,10,0.00,2.31,2.40,1.81,29,0.00,0.44,0.00,0.00,0.00,0.81,0.44,0.56,0.00,0.25,0.12,1.06,0.00,0.06,0.01,0.00,0.69,0.00,0.00,0,0,,3,0.19,15,1,0.08,26,2,0.17,15,5,4,12,83,0.00,99,0,13,1.07,62,37,41,3.06,77,0,0.00,99,0,0.00,0,0,0.00,0,0.83,59,17,1.40,56,7,0.58,41.18,0,0.00,0,0,0,0.00,0,9,0.00,77,0.74,21,N/A,N/A,N/A,N/A,0.00,0,0.00,0,0.20,0.00,0,76.07,33.33,62,33,0.62,0.83,10,54,45,0,0,0,0.12,0.17,2,49,106.03,1.31,1.74,21,0,0.00,0.00,99,0.00,0,0,0,0.00,0.00,0,0.00,0.00,0.08,0.06,1,0,0.00,56,67,88,56,77,1.10,47,0.07,0.09,0.20,20,0.01,0.02,10,3,0.19,0.25,1.32,1.00,62,16,0.02,20,29,55,81,0,54,37,0,0.00,99,11,0.00,0.91,7.93,6.00,96,50,28,25,4.13,3.12,52.08,7,0.58,56,0,18.92,0,0.00,99,7,0.44,0.58,69,65,75,92,0,0,0,0,0,41,56,74,68,0,99,96,61,57,3,19,60,3,0,0
Agustín Antonio Bravo,25,989564400,2001/05/11,Primera División,2026,Defender,Instituto,107,46,61,Argentina,2,1,1,0,0,0,0,0,0,0,0,0,0,0,2,1,1,0,0,0,0,0,0,0,0,1.68,54,54,0,0,0,-1,-1,-1,20,0,6.37,0,63,42.90,25.50,82,51,16.50,33,15,27.76,64,0.00,0.00,0.00,0,0.00,0.00,0.84,0.50,1,0.00,0.00,0.00,0.00,0.00,1.00,0.00,1.00,0.00,0.00,0.00,0.50,0.00,0.00,0.00,0.00,1.50,0.00,0.00,0,0,,0,0.00,8,0,0.00,22,0,0.00,9,1,1,1,18,0.00,99,0,2,1.68,89,0,28,0.00,12,0,0.00,99,0,0.00,0,0,0.00,0,0.00,8,1,0.84,39,0,0.00,0.00,0,0.00,0,0,0,0.00,0,2,0.00,4,1.68,89,N/A,N/A,N/A,N/A,0.00,0,0.00,0,0.00,0.00,0,64.71,0.00,22,99,0.00,0.00,0,12,12,0,0,0,0.00,0.00,0,29,12.74,2.50,4.21,5,0,0.00,0.00,99,0.00,0,0,0,0.00,0.00,0,0.00,0.00,0.00,0.00,0,0,0.00,56,0,0,56,4,0.08,36,0.04,0.07,0.00,9,0.00,0.00,42,1,0.50,0.84,0.00,0.00,6,0,0.00,9,14,81,81,0,46,81,0,0.00,99,3,0.00,2.52,5.89,3.50,7,5,31,10,4.21,2.50,71.43,0,0.00,99,0,0.00,0,0.00,99,0,0.00,0.00,28,0,44,41,0,0,0,0,0,41,56,74,68,0,99,1,15,15,0,0,16,32,0,0
Agustín Auzmendi,29,854784000,1997/02/01,Primera División,2026,Forward,Gimnasia La Plata,756,293,463,Argentina,18,8,10,2,1,1,2,2,0,0,0,6,3,3,7,3,4,1,0,0.48,0.24,0.24,0.31,0.19,378,0.83,108,42,756,378,0.12,78,48,-1,3,0,6.14,0.11,93,20.95,9.78,16,176,6.11,110,10,13.10,13,0.00,0.00,0.61,11,0.00,0.39,0.71,0.33,6,0.00,0.50,0.00,0.00,0.00,0.28,0.39,0.44,10.50,2.50,0.72,0.67,0.00,0.44,0.16,0.00,1.44,0.00,0.00,0,0,,21,1.17,91,8,0.95,88,13,1.55,88,3,12,6,16,0.00,99,0,5,0.60,36,7,95,0.83,47,0,0.00,99,0,0.00,0,0,0.00,0,1.31,78,12,1.43,58,7,0.83,58.33,0,0.00,0,0,0,0.00,0,8,0.00,59,0.95,43,N/A,N/A,N/A,N/A,0.00,0,0.00,0,2.85,0.00,0,62.50,38.10,68,63,0.22,0.48,4,67,76,0,0,0,0.17,0.36,3,73,110.52,0.72,1.55,13,0,0.00,0.00,99,0.00,0,0,1,0.06,0.12,0,0.00,0.00,0.48,0.22,4,0,9.52,70,43,98,70,59,1.82,88,0.10,0.22,2.85,90,0.16,0.34,95,22,1.22,2.62,1.19,0.56,55,10,0.34,90,9,51,93,0,90,89,0,0.00,99,26,0.00,3.10,15.24,7.11,128,61,92,92,7.26,3.39,47.66,9,1.07,30,0,57.14,0,0.00,99,4,0.22,0.48,64,27,99,74,0,0,0,0,0,93,87,82,87,0,99,54,90,27,1,6,21,29,0,0
Agustín Cardozo,29,864975600,1997/05/30,Primera División,2026,Midfielder,Lanús,1249,619,630,Argentina,14,7,7,0,0,0,1,1,0,0,0,6,4,2,12,4,8,0,0,0.07,0.07,0,0,0,0,0.86,104,89,0,1249,0,531,180,-1,26,0,7.02,0.07,69,58.44,57.93,96,811,51.57,722,99,52.03,97,0.00,0.00,0.43,6,0.00,0.21,1.44,1.43,20,0.00,0.64,0.00,0.00,0.00,1.00,0.36,1.07,0.00,0.29,0.21,0.43,0.00,0.07,0.02,0.00,1.43,0.00,0.00,0,0,,4,0.29,16,1,0.07,24,3,0.22,17,3,0,14,43,0.00,99,0,14,1.01,58,3,28,0.22,25,0,0.00,99,0,0.00,0,0,0.00,0,0.43,34,6,0.43,23,5,0.36,83.33,0,0.00,0,0,0,0.00,0,15,0.00,55,1.08,56,N/A,N/A,N/A,N/A,0.00,0,0.00,0,0.32,0.00,0,89.03,25.00,45,73,0.36,0.36,5,40,92,0,0,0,0.21,0.22,3,58,98.33,1.57,1.59,22,0,0.00,0.00,99,0.00,0,0,0,0.00,0.00,0,0.00,0.00,0.00,0.00,0,0,0.00,56,78,61,56,55,2.16,76,0.15,0.16,0.32,20,0.02,0.02,62,17,1.21,1.22,1.44,1.43,69,20,0.02,20,86,52,81,0,46,59,0,0.00,99,20,0.00,1.44,7.64,7.57,106,62,38,22,4.47,4.43,58.49,9,0.65,52,0,0.00,0,0.00,99,0,0.00,0.00,28,78,30,74,0,0,0,0,0,46,56,74,68,0,99,75,15,15,0,0,16,30,0,0
Agustín Falcón,21,1106294400,2005/01/21,Primera División,2026,Defender,Belgrano,359,109,250,Argentina,6,2,4,0,0,0,0,0,0,0,0,4,2,2,2,0,2,3,0,0,0,0,0,0,0,0.5,180,60,120,0,0.75,246,241,18,13,0,6.48,0,63,27.30,19.67,39,118,12.67,76,15,17.58,32,0.00,0.00,0.00,0,0.00,1.17,2.08,1.50,9,0.00,0.67,0.00,0.00,0.00,1.00,0.00,0.33,0.00,0.23,0.17,0.50,0.00,0.00,0.01,0.00,0.50,0.00,0.00,0,0,,1,0.17,13,0,0.00,22,1,0.23,18,6,3,3,73,0.00,99,0,6,1.39,79,7,68,1.62,59,0,0.00,99,0,0.00,0,0,0.00,0,0.00,8,3,0.69,35,0,0.00,0.00,0,0.00,0,0,0,0.00,0,2,0.00,91,0.46,4,N/A,N/A,N/A,N/A,0.00,0,0.00,0,0.05,0.00,0,64.41,0.00,22,45,0.50,0.69,3,12,12,0,0,0,0.00,0.00,0,29,38.90,1.67,2.31,10,0,0.00,0.00,99,0.00,0,0,0,0.00,0.00,0,0.00,0.00,0.00,0.00,0,0,0.00,56,0,4,56,91,0.17,11,0.03,0.04,0.05,13,0.01,0.01,47,4,0.67,0.93,1.62,1.17,79,7,0.01,13,17,64,81,0,46,28,0,0.00,99,3,0.00,0.69,7.87,5.67,34,15,16,24,3.47,2.50,44.12,4,0.93,37,0,28.57,0,0.00,99,2,0.33,0.46,63,3,66,96,0,0,0,0,0,41,56,74,68,0,99,99,16,99,3,50,99,45,0,0
Agustín Fernando Romero,19,1162454400,2006/11/02,Primera División,2026,Central Midfield,Central Córdoba SdE,0,0,0,Argentina,0,0,0,0,0,0,0,0,0,0,0,0,0,0,0,0,0,0,0,0,0,0,0,0,0,0,0,0,0,0,0,-1,-1,-1,-1,N/A,N/A,N/A,N/A,N/A,N/A,N/A,N/A,N/A,N/A,N/A,N/A,N/A,N/A,N/A,N/A,N/A,N/A,N/A,N/A,N/A,N/A,N/A,N/A,N/A,N/A,N/A,N/A,N/A,N/A,N/A,N/A,N/A,N/A,N/A,N/A,N/A,N/A,N/A,N/A,N/A,N/A,N/A,N/A,N/A,N/A,N/A,N/A,N/A,N/A,N/A,N/A,N/A,N/A,N/A,N/A,N/A,N/A,N/A,N/A,N/A,N/A,N/A,N/A,N/A,N/A,N/A,N/A,N/A,N/A,N/A,N/A,N/A,N/A,N/A,N/A,N/A,N/A,N/A,N/A,N/A,N/A,N/A,N/A,N/A,N/A,N/A,N/A,N/A,N/A,N/A,N/A,N/A,N/A,N/A,N/A,N/A,N/A,N/A,N/A,N/A,N/A,N/A,N/A,N/A,N/A,N/A,N/A,N/A,N/A,N/A,N/A,N/A,N/A,N/A,N/A,N/A,N/A,N/A,N/A,N/A,N/A,N/A,N/A,N/A,N/A,N/A,N/A,N/A,N/A,N/A,N/A,N/A,N/A,N/A,N/A,N/A,N/A,N/A,N/A,N/A,N/A,N/A,N/A,N/A,N/A,N/A,N/A,N/A,N/A,N/A,N/A,N/A,N/A,N/A,N/A,N/A,N/A,N/A,N/A,N/A,N/A,N/A,N/A,N/A,N/A,N/A,N/A,N/A,N/A,N/A,N/A,N/A,N/A,N/A,N/A,N/A,N/A,N/A,N/A,N/A,N/A,N/A,N/A,N/A,N/A,N/A,N/A,N/A,N/A,N/A,N/A,N/A,N/A,N/A,N/A,N/A,N/A,N/A,N/A,N/A,N/A,N/A,N/A,N/A,N/A,N/A,N/A,N/A,N/A,N/A,N/A,N/A,N/A,N/A,N/A,N/A,N/A,N/A,N/A,N/A,N/A,N/A,N/A
Agustín García Basso,34,701596800,1992/03/26,Primera División,2026,Defender,Racing Club,514,180,334,Argentina,7,2,5,0,0,0,0,0,0,0,0,0,0,0,8,3,5,3,1,0,0,0,0,0,0,1.4,64,73,129,0,0.7,501,493,216,17,0,6.66,0,63,63.74,52.00,98,364,44.14,309,91,54.11,98,0.00,0.00,0.43,3,0.00,2.14,1.23,1.00,7,0.00,0.29,0.00,0.00,0.00,1.57,0.29,1.29,0.00,0.53,0.43,0.43,0.00,0.00,0.02,0.00,2.29,0.00,0.00,0,0,,3,0.43,30,0,0.00,22,3,0.53,43,1,1,6,34,0.00,99,0,11,1.93,94,15,60,2.63,71,0,0.00,99,0,0.00,0,0,0.00,0,0.53,39,3,0.53,27,2,0.35,66.67,0,0.00,0,0,0,0.00,0,9,0.00,10,1.58,87,N/A,N/A,N/A,N/A,0.00,0,0.00,0,0.16,0.00,0,84.89,0.00,22,29,0.71,0.88,5,38,87,0,0,0,0.29,0.35,2,72,46.60,2.00,2.45,14,0,0.00,0.00,99,0.00,0,0,0,0.00,0.00,0,0.00,0.00,0.18,0.14,1,0,0.00,56,18,6,56,10,0.68,63,0.10,0.12,0.16,26,0.02,0.03,5,1,0.14,0.18,1.40,1.14,66,8,0.03,26,34,67,81,0,69,85,0,0.00,99,16,0.00,2.80,8.05,6.57,46,26,41,27,4.55,3.71,56.52,2,0.35,70,0,26.67,0,0.00,99,4,0.57,0.70,75,27,44,41,0,0,0,0,0,41,56,74,68,0,99,1,17,98,2,29,85,2,0,0
Agustín Hausch,23,1053500400,2003/05/21,Primera División,2026,Midfielder,Defensa y Justicia,660,370,290,Argentina,14,7,7,1,0,1,0,0,0,0,0,3,1,2,9,5,4,0,0,0.14,0,0.14,0,0.31,660,1.23,73,47,0,0,0,149,406,-1,9,0,6.32,0,63,22.74,11.93,24,167,10.00,140,86,19.06,37,0.00,0.00,0.43,6,0.00,2.21,1.09,0.57,8,0.00,0.36,0.00,0.00,0.00,0.50,0.79,0.79,12.00,1.63,0.36,1.43,0.00,0.50,0.13,0.00,0.07,0.00,0.00,0,0,,12,0.86,71,7,0.95,88,5,0.68,53,2,6,8,27,0.00,99,0,7,0.95,54,31,50,4.22,88,0,0.00,99,0,0.00,0,0,0.00,0,0.82,57,20,2.72,81,11,1.50,55.00,0,0.00,0,0,0,0.00,0,11,0.00,20,1.50,84,N/A,N/A,N/A,N/A,0.00,0,0.00,0,1.81,0.00,0,83.83,58.33,94,46,0.36,0.68,5,89,71,0,0,0,0.00,0.00,0,29,88.43,0.29,0.54,4,0,0.00,0.00,99,0.00,0,0,0,0.00,0.00,0,0.00,0.00,0.14,0.07,1,0,8.33,69,33,61,84,20,0.59,42,0.04,0.08,1.81,82,0.13,0.25,69,10,0.71,1.36,0.54,0.29,16,4,0.25,80,13,15,81,0,64,3,0,0.00,99,1,0.00,0.14,8.03,4.21,59,30,26,27,4.08,2.14,50.85,5,0.68,51,0,22.58,0,0.00,99,7,0.50,0.95,82,40,88,57,0,0,0,0,0,58,74,90,68,0,99,17,15,15,0,0,16,17,0,0
Agustín Ignacio Módica,23,1042358400,2003/01/12,Primera División,2026,Forward,Gimnasia Mendoza,880,410,470,Argentina,13,6,7,4,3,1,0,0,0,0,0,3,2,1,15,4,11,4,0,0.41,0,0.41,0.66,0.19,220,1.53,59,68,220,0,0.41,29,347,-1,1,0,6.78,0,63,12.78,9.62,2,125,6.85,89,31,9.10,3,0.00,0.00,0.23,3,0.00,0.31,0.72,0.54,7,0.00,1.31,0.00,0.00,0.00,0.31,1.08,1.15,6.25,2.56,0.85,2.08,0.00,1.08,0.36,0.00,1.77,0.00,0.00,0,0,,25,1.92,92,14,1.43,98,11,1.12,73,1,2,11,16,0.00,99,0,4,0.41,26,4,28,0.41,35,0,0.00,99,0,0.00,0,0,0.00,0,0.31,26,27,2.76,82,14,1.43,51.85,0,0.00,0,0,0,0.00,0,15,0.00,6,1.53,85,N/A,N/A,N/A,N/A,0.00,0,0.00,0,4.71,0.00,0,71.20,56.00,92,68,0.31,0.41,4,88,67,0,0,0,0.08,0.10,1,36,88.19,1.00,1.33,13,0,0.00,0.00,99,0.00,0,0,0,0.00,0.00,0,0.00,0.00,0.10,0.08,1,0,16.00,85,52,49,62,6,0.29,6,0.02,0.03,4.71,98,0.36,0.48,77,16,1.23,1.64,1.43,1.08,68,14,0.48,97,51,44,81,0,57,78,0,0.00,99,23,0.00,2.35,14.01,10.54,137,59,77,89,6.03,4.54,43.07,17,1.74,10,0,0.00,0,0.00,99,0,0.00,0.00,28,59,57,41,0,0,0,0,0,88,95,82,97,0,99,19,33,82,4,31,89,29,0,0
Agustín Jesús Lastra,25,978422400,2001/01/02,Primera División,2026,Goalkeeper,Estudiantes Río Cuarto,990,540,450,Argentina,11,6,5,0,0,0,0,0,0,0,0,2,1,1,13,8,5,0,0,0,0,0,0,0,0,1.18,76,90,0,0,0,352,346,182,14,0,6.74,0,63,25.82,25.82,34,284,16.27,179,11,16.27,27,0.00,0.00,0.09,1,0.00,0.00,0.00,0.00,0,0.00,0.00,0.00,0.00,2.36,0.09,0.09,3.73,0.00,0.00,0.00,0.09,0.00,0.00,0.00,0.00,0.18,0.00,0.00,0,0,,0,0.00,8,0,0.00,22,0,0.00,9,0,0,11,5,0.00,99,0,1,0.09,12,0,28,0.00,12,0,0.00,99,0,0.00,0,0,0.00,0,0.09,11,1,0.09,11,1,0.09,100.00,0,0.00,0,26,11,2.36,25,41,0.00,26,3.73,96,N/A,N/A,N/A,N/A,63.41,0,0.00,0,0.00,0.00,0,63.03,0.00,22,99,0.00,0.00,0,16,99,0,0,13,0.00,0.00,0,29,74.19,1.18,1.18,13,0,0.00,0.00,99,0.00,0,0,0,0.00,0.00,6,0.55,0.55,0.00,0.00,0,0,0.00,56,59,31,56,26,0.48,11,0.04,0.04,0.00,9,0.00,0.00,34,8,0.73,0.73,0.00,0.00,6,0,0.00,9,46,40,81,71,46,5,0,0.00,99,2,0.00,0.18,1.00,1.00,11,11,7,7,1.00,1.00,100.00,0,0.00,99,0,0.00,0,0.00,99,0,0.00,0.00,28,59,30,16,0,0,0,0,0,41,56,74,68,0,99,10,15,15,0,0,16,43,0,0
Agustín Ladstatter,21,1117954800,2005/06/05,Primera División,2026,Forward,San Lorenzo,409,241,168,Argentina,11,6,5,0,0,0,0,0,0,0,0,5,2,3,5,4,1,1,1,0,0,0,0,0,0,1.1,82,37,205,0,0.44,457,454,-1,17,0,6.44,0,63,22.89,9.45,24,104,7.09,78,46,17.16,30,0.00,0.00,0.55,6,0.00,1.64,0.66,0.27,3,0.00,0.36,0.00,0.00,0.00,0.00,0.73,0.45,0.00,1.98,0.64,1.55,0.00,0.18,0.05,0.00,0.18,0.00,0.00,0,0,,9,0.82,79,2,0.44,65,7,1.54,88,4,7,4,14,0.00,99,0,0,0.00,10,18,39,3.96,85,0,0.00,99,0,0.00,0,0,0.00,0,1.32,79,17,3.74,92,8,1.76,47.06,0,0.00,0,0,0,0.00,0,5,0.00,34,1.10,58,N/A,N/A,N/A,N/A,0.00,0,0.00,0,0.60,0.00,0,75.00,22.22,39,47,0.27,0.66,3,91,56,0,0,0,0.00,0.00,0,29,70.84,0.18,0.44,2,0,0.00,0.00,99,0.00,0,0,0,0.00,0.00,0,0.00,0.00,0.44,0.18,2,0,0.00,56,5,31,56,34,0.36,42,0.03,0.08,0.60,62,0.05,0.13,43,4,0.36,0.88,1.32,0.55,62,6,0.13,60,17,12,81,0,88,18,0,0.00,99,2,0.00,0.44,9.90,4.09,45,17,20,52,3.74,1.55,37.78,4,0.88,40,0,16.67,0,0.00,99,3,0.27,0.66,72,8,92,84,0,0,0,0,0,41,56,74,68,0,99,79,30,86,0,0,16,14,0,0
Agustín Lagos,24,1002610800,2001/10/09,Primera División,2026,Defender,Platense,171,147,24,Argentina,6,3,3,0,0,0,0,0,0,0,0,2,0,2,1,1,0,0,0,0,0,0,0,0,0,0.53,171,29,0,0,0,-1,-1,-1,19,0,5.51,0,63,42.63,13.50,81,81,8.83,53,17,27.89,65,0.00,0.00,0.67,4,0.00,0.67,3.68,1.17,7,0.00,0.33,0.00,0.00,0.00,0.33,0.50,0.17,0.00,0.53,0.17,0.67,0.00,0.00,0.01,0.00,0.67,0.00,0.00,0,0,,1,0.17,30,0,0.00,22,1,0.53,43,0,5,1,98,0.00,99,0,2,1.05,60,4,97,2.11,64,0,0.00,99,0,0.00,0,0,0.00,0,2.11,96,4,2.11,71,3,1.58,75.00,0,0.00,0,0,0,0.00,0,1,0.00,89,0.53,7,N/A,N/A,N/A,N/A,0.00,0,0.00,0,0.04,0.00,0,65.43,0.00,22,4,0.50,1.58,3,90,90,0,0,0,0.00,0.00,0,29,33.06,1.00,3.16,6,0,0.00,0.00,99,0.00,0,0,0,0.00,0.00,0,0.00,0.00,0.00,0.00,0,0,0.00,56,0,4,56,89,0.22,63,0.04,0.12,0.04,20,0.01,0.02,55,2,0.33,1.05,2.63,0.83,96,5,0.02,20,2,75,81,0,46,74,0,0.00,99,4,0.00,2.11,14.21,4.50,27,15,96,89,7.89,2.50,55.56,2,1.05,32,0,75.00,0,0.00,99,3,0.50,1.58,95,0,82,16,0,0,0,0,0,41,56,74,68,0,99,54,15,15,0,0,16,4,0,0
Agustín Marchesín,38,574502400,1988/03/16,Primera División,2026,Goalkeeper,Boca Juniors,1072,712,360,Argentina,12,8,4,0,0,0,0,0,0,0,0,6,5,1,8,3,5,0,0,0,0,0,0,0,0,0.67,134,89,0,0,0,244,240,60,22,0,6.92,0,63,23.17,23.00,24,276,15.58,187,22,15.70,24,0.00,0.00,0.00,0,0.00,0.00,0.00,0.00,0,0.00,0.00,0.00,0.00,2.17,0.00,0.00,2.83,0.00,0.00,0.00,0.00,0.00,0.00,0.00,0.00,0.08,0.00,0.00,0,0,,0,0.00,8,0,0.00,22,0,0.00,9,1,0,12,5,0.00,99,0,0,0.00,10,0,28,0.00,12,0,0.00,99,0,0.00,0,0,0.00,0,0.00,8,0,0.00,9,0,0.00,0.00,0,0.00,0,26,72,2.18,17,34,0.00,77,2.85,94,N/A,N/A,N/A,N/A,76.47,0,0.00,0,0.00,0.00,0,67.75,0.00,22,99,0.00,0.00,0,12,12,0,0,11,0.00,0.00,0,29,83.05,0.42,0.42,5,0,0.00,0.00,99,0.00,0,0,0,0.00,0.00,1,0.08,0.08,0.00,0.00,0,0,0.00,56,65,39,56,75,0.45,11,0.04,0.04,0.00,9,0.00,0.00,10,3,0.25,0.25,0.00,0.00,6,0,0.00,9,77,11,81,3,46,2,0,0.00,99,1,0.00,0.08,0.34,0.33,4,4,2,1,0.34,0.33,100.00,0,0.00,99,0,0.00,0,0.00,99,0,0.00,0.00,28,65,30,41,0,0,0,0,0,41,56,74,68,0,99,88,15,15,0,0,16,1,0,0
Agustín Martegani,26,958806000,2000/05/20,Primera División,2026,Midfielder,Boca Juniors,0,0,0,Argentina,0,0,0,0,0,0,0,0,0,0,0,0,0,0,0,0,0,0,0,0,0,0,0,0,0,0,0,0,0,0,0,-1,-1,-1,-1,N/A,N/A,N/A,N/A,N/A,N/A,N/A,N/A,N/A,N/A,N/A,N/A,N/A,N/A,N/A,N/A,N/A,N/A,N/A,N/A,N/A,N/A,N/A,N/A,N/A,N/A,N/A,N/A,N/A,N/A,N/A,N/A,N/A,N/A,N/A,N/A,N/A,N/A,N/A,N/A,N/A,N/A,N/A,N/A,N/A,N/A,N/A,N/A,N/A,N/A,N/A,N/A,N/A,N/A,N/A,N/A,N/A,N/A,N/A,N/A,N/A,N/A,N/A,N/A,N/A,N/A,N/A,N/A,N/A,N/A,N/A,N/A,N/A,N/A,N/A,N/A,N/A,N/A,N/A,N/A,N/A,N/A,N/A,N/A,N/A,N/A,N/A,N/A,N/A,N/A,N/A,N/A,N/A,N/A,N/A,N/A,N/A,N/A,N/A,N/A,N/A,N/A,N/A,N/A,N/A,N/A,N/A,N/A,N/A,N/A,N/A,N/A,N/A,N/A,N/A,N/A,N/A,N/A,N/A,N/A,N/A,N/A,N/A,N/A,N/A,N/A,N/A,N/A,N/A,N/A,N/A,N/A,N/A,N/A,N/A,N/A,N/A,N/A,N/A,N/A,N/A,N/A,N/A,N/A,N/A,N/A,N/A,N/A,N/A,N/A,N/A,N/A,N/A,N/A,N/A,N/A,N/A,N/A,N/A,N/A,N/A,N/A,N/A,N/A,N/A,N/A,N/A,N/A,N/A,N/A,N/A,N/A,N/A,N/A,N/A,N/A,N/A,N/A,N/A,N/A,N/A,N/A,N/A,N/A,N/A,N/A,N/A,N/A,N/A,N/A,N/A,N/A,N/A,N/A,N/A,N/A,N/A,N/A,N/A,N/A,N/A,N/A,N/A,N/A,N/A,N/A,N/A,N/A,N/A,N/A,N/A,N/A,N/A,N/A,N/A,N/A,N/A,N/A,N/A,N/A,N/A,N/A,N/A,N/A
Agustín Morales,27,918979200,1999/02/14,Primera División,2026,Forward,Estudiantes Río Cuarto,13,0,13,Argentina,1,0,1,0,0,0,0,0,0,0,0,0,0,0,1,0,1,0,0,0,0,0,0,0,0,6.92,13,13,0,0,0,-1,-1,-1,18,0,6.44,0,63,6.92,1.00,0,1,0.00,0,0,0.00,0,0.00,0.00,0.00,0,0.00,1.00,0.00,0.00,0,0.00,0.00,0.00,0.00,0.00,0.00,0.00,1.00,0.00,0.00,0.00,0.00,0.00,0.00,0.00,0.00,0.00,0.00,0.00,0,0,,0,0.00,8,0,0.00,22,0,0.00,9,0,1,0,5,0.00,99,0,0,0.00,10,1,28,6.92,97,0,0.00,99,0,0.00,0,0,0.00,0,0.00,8,0,0.00,9,0,0.00,0.00,0,0.00,0,0,0,0.00,0,1,0.00,0,6.92,99,N/A,N/A,N/A,N/A,0.00,0,0.00,0,0.00,0.00,0,0.00,0.00,22,99,0.00,0.00,0,12,12,0,0,0,0.00,0.00,0,29,6.44,0.00,0.00,0,0,0.00,0.00,99,0.00,0,0,0,0.00,0.00,0,0.00,0.00,0.00,0.00,0,0,0.00,56,0,0,56,0,0.00,0,0.00,0.00,0.00,9,0.00,0.00,2,0,0.00,0.00,0.00,0.00,6,0,0.00,9,17,1,81,0,46,1,0,0.00,99,0,0.00,0.00,6.92,1.00,1,0,0,17,0.00,0.00,0.00,0,0.00,99,0,0.00,0,0.00,99,0,0.00,0.00,28,0,44,16,0,0,0,0,0,41,56,74,68,0,99,1,15,15,0,0,16,18,0,0
Agustín Nicolás Alaniz Sani,24,1021532400,2002/05/16,Primera División,2026,Forward,Banfield,0,0,0,Uruguay,0,0,0,0,0,0,0,0,0,0,0,0,0,0,0,0,0,0,0,0,0,0,0,0,0,0,0,0,0,0,0,-1,-1,-1,-1,N/A,N/A,N/A,N/A,N/A,N/A,N/A,N/A,N/A,N/A,N/A,N/A,N/A,N/A,N/A,N/A,N/A,N/A,N/A,N/A,N/A,N/A,N/A,N/A,N/A,N/A,N/A,N/A,N/A,N/A,N/A,N/A,N/A,N/A,N/A,N/A,N/A,N/A,N/A,N/A,N/A,N/A,N/A,N/A,N/A,N/A,N/A,N/A,N/A,N/A,N/A,N/A,N/A,N/A,N/A,N/A,N/A,N/A,N/A,N/A,N/A,N/A,N/A,N/A,N/A,N/A,N/A,N/A,N/A,N/A,N/A,N/A,N/A,N/A,N/A,N/A,N/A,N/A,N/A,N/A,N/A,N/A,N/A,N/A,N/A,N/A,N/A,N/A,N/A,N/A,N/A,N/A,N/A,N/A,N/A,N/A,N/A,N/A,N/A,N/A,N/A,N/A,N/A,N/A,N/A,N/A,N/A,N/A,N/A,N/A,N/A,N/A,N/A,N/A,N/A,N/A,N/A,N/A,N/A,N/A,N/A,N/A,N/A,N/A,N/A,N/A,N/A,N/A,N/A,N/A,N/A,N/A,N/A,N/A,N/A,N/A,N/A,N/A,N/A,N/A,N/A,N/A,N/A,N/A,N/A,N/A,N/A,N/A,N/A,N/A,N/A,N/A,N/A,N/A,N/A,N/A,N/A,N/A,N/A,N/A,N/A,N/A,N/A,N/A,N/A,N/A,N/A,N/A,N/A,N/A,N/A,N/A,N/A,N/A,N/A,N/A,N/A,N/A,N/A,N/A,N/A,N/A,N/A,N/A,N/A,N/A,N/A,N/A,N/A,N/A,N/A,N/A,N/A,N/A,N/A,N/A,N/A,N/A,N/A,N/A,N/A,N/A,N/A,N/A,N/A,N/A,N/A,N/A,N/A,N/A,N/A,N/A,N/A,N/A,N/A,N/A,N/A,N/A,N/A,N/A,N/A,N/A,N/A,N/A
Agustín Nicolás Massaccesi,23,1032246000,2002/09/17,Primera División,2026,Defender,Instituto,255,81,174,Argentina,4,1,3,0,0,0,0,0,0,0,0,1,0,1,4,1,3,1,0,0,0,0,0,0,0,1.41,64,64,255,0,0.35,-1,-1,-1,15,0,6.67,0,63,25.76,18.25,34,73,12.00,48,18,16.94,29,0.00,0.00,0.25,1,0.00,0.00,2.47,1.75,7,0.00,0.00,0.00,0.00,0.00,1.25,0.25,1.00,0.00,0.35,0.00,0.25,0.00,0.25,0.03,0.00,0.50,0.00,0.00,0,0,,1,0.25,19,1,0.35,58,0,0.00,9,2,1,3,85,0.00,99,0,5,1.76,91,0,28,0.00,12,0,0.00,99,0,0.00,0,0,0.00,0,0.35,28,1,0.35,21,1,0.35,100.00,0,0.00,0,0,0,0.00,0,4,0.00,10,1.41,79,N/A,N/A,N/A,N/A,0.00,0,0.00,0,0.12,0.00,0,65.75,100.00,99,74,0.25,0.35,1,38,99,0,0,0,0.25,0.35,1,72,26.66,3.75,5.29,15,0,0.00,0.00,99,0.00,0,0,0,0.00,0.00,0,0.00,0.00,0.00,0.00,0,0,0.00,56,0,0,56,10,0.14,18,0.04,0.05,0.12,32,0.03,0.04,56,3,0.75,1.06,2.12,1.50,90,6,0.04,32,35,87,81,0,46,28,0,0.00,99,2,0.00,0.71,7.76,5.50,22,13,42,23,4.59,3.25,59.09,0,0.00,99,0,0.00,0,0.00,99,0,0.00,0.00,28,3,44,57,0,0,0,0,0,41,56,74,68,0,99,27,42,73,1,25,79,22,0,0
Agustin Quiroga,24,1018080000,2002/04/06,Primera División,2026,Defender,Central Córdoba SdE,802,450,352,Argentina,13,7,6,0,0,0,0,0,0,0,0,6,4,2,12,5,7,3,0,0,0,0,0,0,0,1.35,67,62,267,0,0.34,395,396,211,12,0,6.57,0,63,27.83,19.08,40,248,11.62,151,8,16.95,29,0.00,0.00,0.54,7,0.00,1.46,1.80,1.23,16,0.00,0.15,0.00,0.00,0.00,1.00,0.31,1.00,0.00,1.35,0.85,1.00,0.00,0.08,0.04,0.00,1.85,0.00,0.00,0,0,,12,0.92,64,1,0.11,30,11,1.23,79,2,4,9,61,0.00,99,0,13,1.46,82,19,47,2.13,65,0,0.00,99,0,0.00,0,0,0.00,0,0.79,56,13,1.46,59,4,0.45,30.77,0,0.00,0,0,0,0.00,0,13,0.00,13,1.46,82,N/A,N/A,N/A,N/A,0.00,0,0.00,0,0.57,0.00,0,60.89,8.33,23,21,0.69,1.01,9,48,26,0,0,0,0.15,0.22,2,58,85.39,3.00,4.38,39,0,0.00,0.00,99,0.00,0,0,0,0.00,0.00,0,0.00,0.00,0.22,0.15,2,0,0.00,56,46,49,56,14,0.65,36,0.05,0.07,0.57,42,0.04,0.06,44,8,0.62,0.90,1.68,1.15,82,15,0.06,42,23,82,81,0,73,83,0,0.00,99,24,0.00,2.69,11.11,7.62,99,52,73,66,5.84,4.00,52.53,2,0.22,78,0,21.05,0,0.00,99,4,0.31,0.45,63,48,75,57,0,0,0,0,0,41,56,74,68,0,99,81,44,72,3,23,72,23,0,0
Agustín Ruberto,20,1137225600,2006/01/14,Primera División,2026,Forward,River Plate,169,98,71,Argentina,4,3,1,0,0,0,0,0,0,0,0,0,0,0,3,2,1,1,0,0,0,0,0,0,0,1.6,56,42,169,0,0.53,-1,-1,-1,26,0,6.54,0,63,21.83,10.25,20,41,9.25,37,99,19.70,39,0.00,0.00,0.25,1,0.00,0.25,0.53,0.25,1,0.00,0.75,0.00,0.00,0.00,0.00,0.25,0.75,0.00,1.60,0.25,1.00,0.00,0.50,0.07,0.00,0.50,0.00,0.00,0,0,,3,0.75,70,2,1.07,91,1,0.53,43,3,2,2,12,0.00,99,0,0,0.00,10,1,28,0.53,39,0,0.00,99,0,0.00,0,0,0.00,0,0.53,39,4,2.13,72,1,0.53,25.00,0,0.00,0,0,0,0.00,0,3,0.00,4,1.60,87,N/A,N/A,N/A,N/A,0.00,0,0.00,0,0.28,0.00,0,90.24,66.67,98,99,0.00,0.00,0,53,21,0,0,0,0.00,0.00,0,29,26.18,0.25,0.53,1,0,0.00,0.00,99,0.00,0,0,0,0.00,0.00,0,0.00,0.00,0.00,0.00,0,0,0.00,56,0,0,56,4,0.11,26,0.03,0.06,0.28,66,0.07,0.15,26,1,0.25,0.53,1.07,0.50,48,2,0.15,64,20,15,81,0,46,45,0,0.00,99,2,0.00,1.07,12.78,6.00,24,5,9,81,2.66,1.25,20.83,3,1.60,14,0,0.00,0,0.00,99,0,0.00,0.00,28,0,57,74,0,0,0,0,0,41,56,74,68,0,99,1,23,92,1,25,79,32,0,0
Agustín Sández,25,979632000,2001/01/16,Primera División,2026,Defender,Rosario Central,1105,608,497,Argentina,15,8,7,0,0,0,1,1,0,0,0,3,1,2,12,7,5,5,0,0.08,0.08,0,0,0,0,0.98,92,74,221,1105,0.41,493,161,137,19,0,6.69,0.07,71,32.58,26.67,56,400,21.67,325,77,26.47,62,0.00,0.00,0.80,12,0.00,2.07,1.71,1.40,21,0.00,0.67,0.00,0.00,0.00,1.20,0.33,0.80,0.00,0.98,0.60,0.80,0.00,0.20,0.07,0.00,1.27,0.00,0.00,0,0,,12,0.80,53,3,0.24,49,9,0.73,56,2,1,14,57,0.00,99,0,18,1.47,82,31,58,2.52,69,0,0.00,99,0,0.00,0,0,0.00,0,0.98,65,12,0.98,44,5,0.41,41.67,0,0.00,0,0,0,0.00,0,12,0.00,43,0.98,47,N/A,N/A,N/A,N/A,0.00,0,0.00,0,0.98,0.00,0,81.25,25.00,45,23,0.80,0.98,12,45,46,0,0,0,0.27,0.33,4,70,100.39,1.93,2.36,29,0,0.00,0.00,99,0.00,0,0,0,0.00,0.00,0,0.00,0.00,0.08,0.07,1,0,0.00,56,67,73,56,43,1.64,66,0.11,0.13,0.98,48,0.07,0.08,27,7,0.47,0.57,1.30,1.07,61,16,0.08,48,37,65,81,0,54,62,0,0.00,99,19,0.00,1.55,8.31,6.80,102,49,24,29,3.99,3.27,48.04,10,0.81,43,0,25.81,0,0.00,99,8,0.53,0.65,72,78,44,57,0,0,0,0,0,48,56,74,68,0,99,15,34,82,5,33,92,3,0,0
Agustín Seyral Echecopar,21,1107158400,2005/01/31,Primera División,2026,Defender,Sarmiento,718,412,306,Argentina,11,7,4,0,0,0,0,0,0,0,0,5,5,0,5,1,4,2,0,0,0,0,0,0,0,0.63,144,65,359,0,0.25,334,326,45,16,0,5.70,0,63,33.59,24.36,60,268,17.91,197,39,24.69,55,0.00,0.00,0.00,0,0.00,0.09,1.50,1.09,12,0.00,0.00,0.00,0.00,0.00,1.91,0.00,0.73,0.00,0.25,0.18,0.00,0.00,0.00,0.01,0.00,1.36,0.00,0.00,0,0,,2,0.18,15,0,0.00,22,2,0.25,20,2,3,8,48,0.00,99,0,21,2.63,99,1,28,0.13,20,0,0.00,99,0,0.00,0,0,0.00,0,0.00,8,0,0.00,9,0,0.00,0.00,0,0.00,0,0,0,0.00,0,8,0.00,82,1.00,50,N/A,N/A,N/A,N/A,0.00,0,0.00,0,0.09,0.00,0,73.51,0.00,22,90,0.09,0.13,1,12,12,0,0,0,1.36,1.88,15,99,62.65,4.64,6.39,51,0,0.00,0.00,99,0.00,0,0,0,0.00,0.00,0,0.00,0.00,0.00,0.00,0,0,0.00,56,37,31,56,82,0.45,26,0.04,0.06,0.09,13,0.01,0.01,30,5,0.45,0.63,1.38,1.00,65,11,0.01,13,3,92,81,0,46,69,0,0.00,99,15,0.00,1.88,6.77,4.91,54,32,24,15,4.01,2.91,59.26,0,0.00,99,0,0.00,0,0.00,99,0,0.00,0.00,28,40,66,57,0,0,0,0,0,41,56,74,68,0,99,79,59,57,2,18,57,34,0,0
Alan Aarón Coria Rojas,19,1182150000,2007/06/18,Primera División,2026,Forward,Defensa y Justicia,117,46,71,Argentina,4,2,2,0,0,0,0,0,0,0,0,0,0,0,4,2,2,0,0,0,0,0,0,0,0,3.08,29,29,0,0,0,-1,-1,-1,12,0,6.47,0,63,15.38,6.67,3,20,4.67,14,28,10.77,6,0.00,0.00,0.33,1,0.00,0.33,0.77,0.33,1,0.00,0.00,0.00,0.00,0.00,0.00,1.00,1.67,0.00,3.08,1.00,2.33,0.00,0.33,0.08,0.00,0.00,0.00,0.00,0,0,,4,1.33,97,1,0.77,83,3,2.31,99,2,3,1,17,0.00,99,0,0,0.00,10,1,28,0.77,46,0,0.00,99,0,0.00,0,0,0.00,0,0.77,53,7,5.38,97,3,2.31,42.86,0,0.00,0,0,0,0.00,0,5,0.00,0,3.85,96,N/A,N/A,N/A,N/A,0.00,0,0.00,0,0.23,0.00,0,70.00,25.00,45,99,0.00,0.00,0,96,48,0,0,0,0.00,0.00,0,29,19.40,0.00,0.00,0,0,0.00,0.00,99,0.00,0,0,0,0.00,0.00,0,0.00,0.00,0.00,0.00,0,0,0.00,56,0,0,56,0,0.07,18,0.02,0.05,0.23,70,0.08,0.18,37,1,0.33,0.77,1.54,0.67,75,2,0.18,69,17,1,81,0,46,1,0,0.00,99,0,0.00,0.00,9.23,4.00,12,5,21,42,3.85,1.67,41.67,0,0.00,99,0,0.00,0,0.00,99,0,0.00,0.00,28,0,66,57,0,0,0,0,0,41,56,74,68,0,99,1,15,15,0,0,16,31,0,0
Alan Aguerre,35,651394800,1990/08/23,Primera División,2026,Goalkeeper,Central Córdoba SdE,1375,655,720,Argentina,16,8,8,0,0,0,1,1,0,0,0,6,4,2,18,7,11,2,0,0.07,0.07,0,0,0,0,1.18,76,86,688,1375,0.13,368,178,181,19,0,7.21,0.06,69,25.79,24.62,34,394,14.69,235,7,15.38,22,0.00,0.00,0.06,1,0.00,0.00,0.00,0.00,0,0.00,0.00,0.00,0.00,3.69,0.00,0.00,4.88,0.00,0.00,0.00,0.00,0.00,0.00,0.00,0.00,0.31,0.00,0.00,0,0,,0,0.00,8,0,0.00,22,0,0.00,9,1,0,16,5,0.00,99,0,0,0.00,10,0,28,0.00,12,0,0.00,99,0,0.00,0,0,0.00,0,0.07,10,0,0.00,9,0,0.00,0.00,0,0.00,0,59,67,3.86,86,78,0.00,26,5.11,99,N/A,N/A,N/A,N/A,75.64,0,0.00,0,0.00,0.00,0,59.64,0.00,22,99,0.00,0.00,0,12,12,0,0,40,0.00,0.00,0,29,115.44,0.69,0.72,11,0,0.00,0.00,99,0.00,1,0,0,0.00,0.00,4,0.25,0.26,0.00,0.00,0,0,0.00,56,88,88,56,26,1.11,36,0.07,0.07,0.00,9,0.00,0.00,7,3,0.19,0.20,0.00,0.00,6,0,0.00,9,96,22,81,20,46,11,0,0.00,99,5,0.00,0.33,0.52,0.50,8,8,5,3,0.52,0.50,100.00,0,0.00,99,0,0.00,0,0.00,99,0,0.00,0.00,28,93,30,41,0,0,0,0,0,46,56,74,68,0,99,65,87,29,2,12,41,1,0,0
Alan Barrionuevo,29,852192000,1997/01/02,Primera División,2026,Defender,Tigre,1350,720,630,Argentina,15,8,7,2,2,0,2,2,0,0,0,3,2,1,15,8,7,1,0,0.27,0.13,0.13,0.25,0,675,1,90,90,1350,675,0.07,162,115,145,4,0,7.15,0.13,81,33.73,33.73,61,506,27.27,409,76,27.27,64,0.00,0.00,0.33,5,0.00,0.07,1.33,1.33,20,0.00,0.13,0.00,0.00,0.00,1.20,0.20,1.00,12.00,1.60,1.20,0.33,0.00,0.40,0.18,0.00,2.73,0.00,0.00,0,0,,24,1.60,70,6,0.40,62,18,1.20,77,0,0,15,39,0.00,99,0,18,1.20,67,1,28,0.07,16,0,0.00,99,0,0.00,0,0,0.00,0,0.33,27,5,0.33,21,3,0.20,60.00,0,0.00,0,0,0,0.00,0,15,0.00,41,1.00,50,N/A,N/A,N/A,N/A,0.00,0,0.00,0,2.71,0.00,0,80.83,25.00,45,84,0.20,0.20,3,24,79,0,0,0,0.47,0.47,7,81,107.32,6.93,6.93,104,0,0.00,0.00,99,0.00,0,0,2,0.13,0.13,0,0.00,0.00,0.00,0.00,0,0,8.33,69,86,73,85,41,2.21,74,0.15,0.15,2.71,70,0.18,0.18,4,2,0.13,0.13,0.47,0.47,12,7,0.18,69,94,94,94,0,46,84,0,0.00,99,41,0.00,2.73,6.20,6.20,93,65,34,12,4.33,4.33,69.89,2,0.13,84,0,0.00,0,0.00,99,0,0.00,0.00,28,85,30,16,0,0,0,0,0,77,72,74,82,0,99,15,98,19,1,7,25,20,0,0
Alan Daian Laprida,21,1096527600,2004/09/30,Primera División,2026,Forward,Central Córdoba SdE,368,195,173,Argentina,8,4,4,0,0,0,0,0,0,0,0,3,3,0,3,0,3,1,0,0,0,0,0,0,0,0.73,123,46,368,0,0.24,270,253,-1,8,0,6.43,0,63,21.18,12.67,17,76,9.33,56,39,15.60,23,0.00,0.00,0.50,3,0.00,0.50,1.39,0.83,5,0.00,1.50,0.00,0.00,0.00,0.17,1.67,0.83,0.00,0.56,0.33,4.17,0.00,0.00,0.02,0.00,0.00,0.00,0.00,0,0,,2,0.33,32,0,0.00,22,2,0.56,45,1,5,3,41,0.00,99,0,1,0.28,21,3,28,0.84,47,0,0.00,99,0,0.00,0,0,0.00,0,0.84,59,25,6.97,99,10,2.79,40.00,0,0.00,0,0,0,0.00,0,5,0.00,69,1.39,78,N/A,N/A,N/A,N/A,0.00,0,0.00,0,0.11,0.00,0,73.68,0.00,22,32,0.50,0.84,3,99,43,0,0,0,0.00,0.00,0,29,38.58,0.17,0.28,1,0,0.00,0.00,99,0.00,0,0,0,0.00,0.00,0,0.00,0.00,0.28,0.17,1,0,0.00,56,1,11,56,69,0.21,26,0.03,0.06,0.11,26,0.02,0.03,99,13,2.17,3.62,1.67,1.00,81,6,0.03,26,16,8,81,0,79,1,0,0.00,99,0,0.00,0.00,18.11,10.83,65,27,94,98,7.52,4.50,41.54,9,2.51,3,0,0.00,0,0.00,99,0,0.00,0.00,28,3,82,41,0,0,0,0,0,41,56,74,68,0,99,65,62,54,1,12,41,37,0,0
Alan Forneris,21,1106899200,2005/01/28,Primera División,2026,Midfielder,Racing Club,99,40,59,Argentina,4,2,2,0,0,0,0,0,0,0,0,2,1,1,1,1,0,1,0,0,0,0,0,0,0,0.91,99,25,99,0,0.91,-1,-1,-1,22,0,6.56,0,63,44.55,12.25,84,49,8.75,35,31,31.82,76,0.00,0.00,0.00,0,0.00,0.25,3.64,1.00,4,0.00,0.25,0.00,0.00,0.00,0.00,0.00,0.25,0.00,0.00,0.00,0.00,0.00,0.00,0.00,0.00,0.75,0.00,0.00,0,0,,0,0.00,8,0,0.00,22,0,0.00,9,2,3,1,98,0.00,99,0,0,0.00,10,1,28,0.91,48,0,0.00,99,0,0.00,0,0,0.00,0,0.00,8,0,0.00,9,0,0.00,0.00,0,0.00,0,0,0,0.00,0,1,0.00,49,0.91,39,N/A,N/A,N/A,N/A,0.00,0,0.00,0,0.00,0.00,0,71.43,0.00,22,99,0.00,0.00,0,12,12,0,0,0,0.00,0.00,0,29,26.23,0.50,1.82,2,0,0.00,0.00,99,0.00,0,0,0,0.00,0.00,0,0.00,0.00,0.00,0.00,0,0,0.00,56,0,0,56,49,0.08,36,0.02,0.07,0.00,9,0.00,0.00,82,2,0.50,1.82,2.73,0.75,97,3,0.00,9,22,57,81,0,46,84,0,0.00,99,3,0.00,2.73,11.82,3.25,13,9,97,74,8.18,2.25,69.23,1,0.91,38,0,0.00,0,0.00,99,0,0.00,0.00,28,0,66,57,0,0,0,0,0,41,56,74,68,0,99,88,16,99,1,25,79,8,0,0
Alan Lescano,24,1005465600,2001/11/11,Primera División,2026,Midfielder,Argentinos Juniors,1585,1037,548,Argentina,19,12,7,3,3,0,0,0,0,0,0,10,8,2,13,4,9,3,0,0.17,0,0.17,0.26,0,528,0.74,122,83,528,0,0.17,118,344,-1,2,0,7.06,0,63,43.61,40.42,83,768,34.42,654,93,37.14,86,0.00,0.00,0.89,17,0.00,0.95,1.70,1.58,30,0.00,1.21,0.00,0.00,0.00,0.95,0.58,0.68,10.33,1.76,1.00,1.42,0.00,0.63,0.23,0.00,0.63,0.00,0.00,0,0,,31,1.63,73,12,0.68,80,19,1.08,71,1,0,19,56,0.00,99,0,18,1.02,58,18,39,1.02,50,0,0.00,99,0,0.00,0,0,0.00,0,0.97,65,27,1.53,61,11,0.62,40.74,0,0.00,0,0,0,0.00,0,13,0.00,69,0.74,21,N/A,N/A,N/A,N/A,0.00,0,0.00,0,4.43,0.00,0,85.16,38.71,69,40,0.68,0.74,13,57,44,1,0,0,0.11,0.11,2,38,134.09,0.42,0.45,8,0,0.00,0.00,99,0.00,0,1,2,0.11,0.11,0,0.00,0.00,0.11,0.11,2,0,9.68,71,98,99,78,69,2.01,59,0.11,0.11,3.73,76,0.20,0.21,78,29,1.53,1.65,1.14,1.05,52,20,0.25,80,90,12,91,0,58,27,0,0.00,99,12,0.00,0.68,8.97,8.32,158,79,38,40,4.49,4.16,50.00,23,1.31,23,0,16.67,0,0.00,99,3,0.16,0.17,42,99,30,41,0,0,0,0,0,65,80,74,83,0,99,91,79,37,3,16,50,10,0,0
Alan Sosa,23,1052118000,2003/05/05,Primera División,2026,Forward,Aldosivi,509,122,387,Argentina,10,4,6,0,0,0,0,0,0,0,0,2,2,0,9,2,7,2,1,0,0,0,0,0,0,1.59,57,51,170,0,0.53,423,417,-1,21,0,6.62,0,63,41.91,23.70,80,237,18.60,186,65,32.89,79,0.00,0.00,0.30,3,0.00,0.70,2.12,1.20,12,0.00,0.70,0.00,0.00,0.00,0.80,1.10,1.00,0.00,1.77,0.80,2.30,0.00,0.20,0.06,0.00,0.40,0.00,0.00,0,0,,10,1.00,74,2,0.35,58,8,1.41,84,2,5,5,75,0.00,99,0,8,1.41,80,7,68,1.24,54,0,0.00,99,0,0.00,0,0,0.00,0,0.53,39,23,4.07,93,11,1.94,47.83,0,0.00,0,0,0,0.00,0,10,0.00,5,1.77,91,N/A,N/A,N/A,N/A,0.00,0,0.00,0,0.59,0.00,0,78.48,20.00,35,2,1.00,1.77,10,93,56,0,0,0,0.10,0.18,1,50,66.21,0.40,0.71,4,0,0.00,0.00,99,0.00,0,0,0,0.00,0.00,0,0.00,0.00,0.00,0.00,0,0,0.00,56,17,23,56,5,0.55,54,0.06,0.10,0.59,54,0.06,0.10,72,8,0.80,1.41,0.71,0.40,26,4,0.10,53,29,22,81,0,46,28,0,0.00,99,4,0.00,0.71,12.55,7.10,71,34,77,80,6.01,3.40,47.89,7,1.24,24,0,28.57,0,0.00,99,2,0.20,0.35,58,18,82,57,0,0,0,0,0,41,56,74,68,0,99,15,23,92,1,10,34,10,0,0
Alan Velasco,23,1027753200,2002/07/27,Primera División,2026,Forward,Boca Juniors,339,156,183,Argentina,6,3,3,2,0,2,1,0,1,0,0,3,2,1,2,1,1,0,0,0.8,0.27,0.53,0,0.98,170,0.53,170,57,0,339,0,8,37,-1,4,0,7.37,0.17,95,40.88,25.67,78,154,21.33,128,84,33.98,81,0.00,0.00,1.17,7,0.00,2.33,3.45,2.17,13,0.00,1.17,0.00,0.00,0.00,0.17,1.17,0.33,4.00,2.12,0.67,1.83,0.00,0.67,0.32,0.00,0.17,0.00,0.00,0,0,,8,1.33,82,4,1.06,91,4,1.06,71,3,2,4,98,0.00,99,0,1,0.27,21,14,35,3.72,83,0,0.00,99,0,0.00,0,0,0.00,0,1.86,94,11,2.92,84,7,1.86,63.64,0,0.00,0,0,0,0.00,0,2,0.00,89,0.53,7,N/A,N/A,N/A,N/A,0.00,0,0.00,0,1.89,0.00,0,83.12,50.00,91,57,0.33,0.53,2,93,82,0,0,0,0.00,0.00,0,29,44.21,0.50,0.80,3,0,0.00,0.00,99,0.00,0,0,0,0.00,0.00,0,0.00,0.00,0.00,0.00,0,1,25.00,95,0,4,57,89,1.10,96,0.18,0.29,1.89,98,0.32,0.50,93,9,1.50,2.39,0.53,0.33,16,2,0.50,97,99,25,81,0,46,9,0,0.00,99,1,0.00,0.27,13.81,8.67,52,29,95,87,7.70,4.83,55.77,7,1.86,8,0,14.29,0,0.00,99,2,0.33,0.53,67,8,57,74,0,0,0,0,0,99,99,99,68,0,99,88,15,15,0,0,16,20,0,0
Alcides Javier Benítez Cabrera,24,1025247600,2002/06/28,Primera División,2026,Defender,Belgrano,1012,463,549,Paraguay,16,7,9,0,0,0,0,0,0,0,0,8,3,5,9,4,5,5,0,0,0,0,0,0,0,0.8,112,63,202,0,0.44,243,231,95,16,0,6.86,0,63,26.59,18.69,36,299,13.06,209,28,18.59,35,0.00,0.00,0.44,7,0.00,1.81,3.91,2.75,44,0.00,0.44,0.00,0.00,0.00,1.06,0.62,0.56,0.00,0.71,0.31,1.56,0.00,0.19,0.04,0.00,0.44,0.00,0.00,0,0,,8,0.50,40,3,0.27,52,5,0.44,36,5,4,12,99,0.00,99,0,17,1.51,84,29,64,2.58,70,0,0.00,99,0,0.00,0,0,0.00,0,0.62,44,25,2.22,74,10,0.89,40.00,0,0.00,0,0,0,0.00,0,9,0.00,62,0.80,27,N/A,N/A,N/A,N/A,0.00,0,0.00,0,0.70,0.00,0,69.90,37.50,68,57,0.38,0.53,6,71,43,0,0,0,0.19,0.27,3,64,109.73,1.75,2.49,28,0,0.00,0.00,99,0.00,0,0,0,0.00,0.00,0,0.00,0.00,0.00,0.00,0,0,0.00,56,61,88,56,60,0.60,18,0.04,0.05,0.70,42,0.04,0.06,86,22,1.38,1.96,1.51,1.06,75,17,0.06,42,66,68,81,0,46,26,0,0.00,99,7,0.00,0.62,12.01,8.44,135,80,91,76,7.11,5.00,59.26,7,0.62,54,0,27.59,0,0.00,99,8,0.50,0.71,75,65,75,92,0,0,0,0,0,41,56,74,68,0,99,88,29,86,5,31,89,26,0,0
Alejandro Joaquín Tello,18,1202457600,2008/02/08,Primera División,2026,Midfielder,Racing Club,0,0,0,Argentina,0,0,0,0,0,0,0,0,0,0,0,0,0,0,0,0,0,0,0,0,0,0,0,0,0,0,0,0,0,0,0,-1,-1,-1,-1,N/A,N/A,N/A,N/A,N/A,N/A,N/A,N/A,N/A,N/A,N/A,N/A,N/A,N/A,N/A,N/A,N/A,N/A,N/A,N/A,N/A,N/A,N/A,N/A,N/A,N/A,N/A,N/A,N/A,N/A,N/A,N/A,N/A,N/A,N/A,N/A,N/A,N/A,N/A,N/A,N/A,N/A,N/A,N/A,N/A,N/A,N/A,N/A,N/A,N/A,N/A,N/A,N/A,N/A,N/A,N/A,N/A,N/A,N/A,N/A,N/A,N/A,N/A,N/A,N/A,N/A,N/A,N/A,N/A,N/A,N/A,N/A,N/A,N/A,N/A,N/A,N/A,N/A,N/A,N/A,N/A,N/A,N/A,N/A,N/A,N/A,N/A,N/A,N/A,N/A,N/A,N/A,N/A,N/A,N/A,N/A,N/A,N/A,N/A,N/A,N/A,N/A,N/A,N/A,N/A,N/A,N/A,N/A,N/A,N/A,N/A,N/A,N/A,N/A,N/A,N/A,N/A,N/A,N/A,N/A,N/A,N/A,N/A,N/A,N/A,N/A,N/A,N/A,N/A,N/A,N/A,N/A,N/A,N/A,N/A,N/A,N/A,N/A,N/A,N/A,N/A,N/A,N/A,N/A,N/A,N/A,N/A,N/A,N/A,N/A,N/A,N/A,N/A,N/A,N/A,N/A,N/A,N/A,N/A,N/A,N/A,N/A,N/A,N/A,N/A,N/A,N/A,N/A,N/A,N/A,N/A,N/A,N/A,N/A,N/A,N/A,N/A,N/A,N/A,N/A,N/A,N/A,N/A,N/A,N/A,N/A,N/A,N/A,N/A,N/A,N/A,N/A,N/A,N/A,N/A,N/A,N/A,N/A,N/A,N/A,N/A,N/A,N/A,N/A,N/A,N/A,N/A,N/A,N/A,N/A,N/A,N/A,N/A,N/A,N/A,N/A,N/A,N/A,N/A,N/A,N/A,N/A,N/A,N/A
Alejandro Martín Cabrera,33,717836400,1992/09/30,Primera División,2026,Midfielder,Estudiantes Río Cuarto,713,394,319,Argentina,11,6,5,0,0,0,0,0,0,0,0,2,1,1,12,7,5,4,0,0,0,0,0,0,0,1.51,59,65,178,0,0.5,314,306,-1,20,0,6.84,0,63,58.82,42.36,96,466,35.73,393,88,49.61,96,0.00,0.00,0.64,7,0.00,0.27,2.40,1.73,19,0.00,0.18,0.00,0.00,0.00,1.45,0.09,1.18,0.00,0.76,0.55,0.27,0.00,0.00,0.03,0.00,0.73,0.00,0.00,0,0,,6,0.55,42,0,0.00,22,6,0.76,57,8,2,9,83,0.00,99,0,16,2.02,96,3,79,0.38,33,0,0.00,99,0,0.00,0,0,0.00,0,0.88,61,3,0.38,23,1,0.13,33.33,0,0.00,0,0,0,0.00,0,13,0.00,6,1.64,89,N/A,N/A,N/A,N/A,0.00,0,0.00,0,0.33,0.00,0,84.33,0.00,22,61,0.36,0.50,4,19,32,0,0,0,0.18,0.25,2,62,75.22,1.73,2.40,19,0,0.00,0.00,99,0.00,0,0,0,0.00,0.00,0,0.00,0.00,0.00,0.00,0,0,0.00,56,37,31,56,6,1.22,74,0.11,0.15,0.33,32,0.03,0.04,95,20,1.82,2.52,1.89,1.36,87,15,0.04,32,63,66,81,0,46,42,0,0.00,99,8,0.00,1.01,9.85,7.09,78,48,79,51,6.06,4.36,61.54,2,0.25,76,0,33.33,0,0.00,99,1,0.09,0.13,38,48,57,99,0,0,0,0,0,41,56,74,68,0,99,10,25,90,4,36,93,5,0,0
Alejandro Ramón Maciel,29,861692400,1997/04/22,Primera División,2026,Defender,Central Córdoba SdE,1260,630,630,Argentina,14,7,7,1,1,0,1,1,0,0,0,6,4,2,17,7,10,6,0,0.14,0.07,0.07,0.14,0,1260,1.21,74,90,210,1260,0.43,217,181,190,5,0,7.02,0.07,69,36.50,36.50,69,511,26.14,366,31,26.14,60,0.00,0.00,0.29,4,0.00,0.07,2.07,2.07,29,0.00,0.07,0.00,0.00,0.00,1.36,0.14,1.36,7.00,0.50,0.36,0.14,0.00,0.14,0.08,0.00,3.00,0.00,0.00,0,0,,7,0.50,28,2,0.14,34,5,0.36,30,0,0,14,71,0.00,99,0,19,1.36,76,1,28,0.07,16,0,0.00,99,0,0.00,0,0,0.00,0,0.29,25,2,0.14,12,2,0.14,100.00,0,0.00,0,0,0,0.00,0,19,0.00,22,1.36,75,N/A,N/A,N/A,N/A,0.00,0,0.00,0,1.09,0.00,0,71.62,28.57,50,21,1.00,1.00,14,19,99,0,0,0,1.00,1.00,14,99,98.25,9.07,9.07,127,2,0.00,0.14,3,0.14,0,0,0,0.00,0.00,0,0.00,0.00,0.07,0.07,1,0,14.29,83,80,61,96,21,1.54,59,0.11,0.11,1.09,48,0.08,0.08,19,6,0.43,0.43,1.07,1.07,48,15,0.08,48,86,99,81,0,51,89,0,0.00,99,42,0.00,3.00,9.79,9.79,137,78,66,50,5.57,5.57,56.93,1,0.07,87,0,0.00,0,0.00,99,0,0.00,0.00,28,78,30,16,0,0,0,0,0,58,61,74,73,0,99,75,31,85,6,43,97,2,0,0
Alejandro Villarreal Zuluaga,20,1122534000,2005/07/28,Primera División,2026,Forward,Aldosivi,236,125,111,Colombia,9,4,5,0,0,0,0,0,0,0,0,3,3,0,5,2,3,1,0,0,0,0,0,0,0,1.91,47,26,236,0,0.38,-1,-1,-1,15,0,4.95,0,63,11.82,3.44,1,31,1.78,16,3,6.10,0,0.00,0.00,0.11,1,0.00,0.89,0.38,0.11,1,0.00,0.56,0.00,0.00,0.00,0.44,0.00,0.67,0.00,2.29,0.67,0.22,0.00,0.00,0.03,0.00,0.33,0.00,0.00,0,0,,6,0.67,87,0,0.00,22,6,2.29,99,3,6,3,9,0.00,99,0,4,1.53,84,8,82,3.05,77,0,0.00,99,0,0.00,0,0,0.00,0,0.38,30,2,0.76,36,0,0.00,0.00,0,0.00,0,0,0,0.00,0,6,0.00,2,2.29,93,N/A,N/A,N/A,N/A,0.00,0,0.00,0,0.26,0.00,0,51.61,0.00,22,14,0.33,1.14,3,12,12,0,0,0,0.00,0.00,0,29,44.55,0.00,0.00,0,0,0.00,0.00,99,0.00,0,0,0,0.00,0.00,0,0.00,0.00,0.00,0.00,0,0,0.00,56,0,17,56,2,0.08,6,0.01,0.03,0.26,54,0.03,0.10,74,4,0.44,1.53,1.91,0.56,87,5,0.10,53,1,1,81,0,46,48,0,0.00,99,3,0.00,1.14,9.92,2.89,26,6,8,52,2.29,0.67,23.08,5,1.91,8,0,37.50,0,0.00,99,3,0.33,1.14,87,3,88,74,0,0,0,0,0,41,56,74,68,0,99,54,38,78,1,11,37,30,0,0
Alejo Dramisino,26,956127600,2000/04/19,Primera División,2026,Midfielder,Deportivo Riestra,70,64,6,Argentina,4,3,1,0,0,0,0,0,0,0,0,3,2,1,0,0,0,0,0,0,0,0,0,0,0,0,0,18,0,0,0,-1,-1,-1,11,0,6.48,0,63,38.57,7.50,73,30,5.00,20,19,25.71,58,0.00,0.00,0.00,0,0.00,0.25,2.57,0.50,2,0.00,0.00,0.00,0.00,0.00,0.00,0.00,0.00,0.00,1.29,0.25,0.50,0.00,0.00,0.01,0.00,0.25,0.00,0.00,0,0,,1,0.25,63,0,0.00,22,1,1.29,80,0,4,0,86,0.00,99,0,0,0.00,10,1,28,1.29,54,0,0.00,99,0,0.00,0,0,0.00,0,0.00,8,2,2.57,80,0,0.00,0.00,0,0.00,0,0,0,0.00,0,0,0.00,99,0.00,0,N/A,N/A,N/A,N/A,0.00,0,0.00,0,0.06,0.00,0,66.67,0.00,22,10,0.25,1.29,1,12,12,0,0,0,0.00,0.00,0,29,25.93,0.75,3.86,3,0,0.00,0.00,99,0.00,0,0,0,0.00,0.00,0,0.00,0.00,0.00,0.00,0,0,0.00,56,0,0,56,0,0.04,18,0.01,0.05,0.06,48,0.01,0.08,95,2,0.50,2.57,0.00,0.00,6,0,0.08,48,17,79,81,0,46,54,0,0.00,99,1,0.00,1.29,12.86,2.50,10,5,84,82,6.43,1.25,50.00,0,0.00,99,0,0.00,0,0.00,99,0,0.00,0.00,28,0,75,16,0,0,0,0,0,41,56,74,68,0,99,99,15,15,0,0,16,29,0,0
Alejo Gelsomino,21,1116140400,2005/05/15,Primera División,2026,Left Wing,Gimnasia La Plata,44,44,0,Argentina,1,1,0,0,0,0,0,0,0,0,0,0,0,0,1,1,0,0,0,0,0,0,0,0,0,2.05,44,44,0,0,0,-1,-1,-1,23,0,0.00,0,63,0.00,0.00,0,0,0.00,0,0,0.00,0,0.00,0.00,0.00,0,0.00,0.00,0.00,0.00,0,0.00,0.00,0.00,0.00,0.00,0.00,0.00,0.00,0.00,0.00,0.00,0.00,0.00,0.00,0.00,0.00,0.00,0.00,0.00,0,0,,0,0.00,8,0,0.00,22,0,0.00,9,0,1,0,5,0.00,99,0,0,0.00,10,0,28,0.00,12,0,0.00,99,0,0.00,0,0,0.00,0,0.00,8,0,0.00,9,0,0.00,0.00,0,0.00,0,0,0,0.00,0,0,0.00,1,0.00,0,N/A,N/A,N/A,N/A,0.00,0,0.00,0,0.00,0.00,0,0.00,0.00,22,99,0.00,0.00,0,12,12,0,0,0,0.00,0.00,0,29,0.00,0.00,0.00,0,0,0.00,0.00,99,0.00,0,0,0,0.00,0.00,0,0.00,0.00,0.00,0.00,0,0,0.00,56,0,0,56,1,0.00,0,0.00,0.00,0.00,9,0.00,0.00,2,0,0.00,0.00,0.00,0.00,6,0,0.00,9,0,1,81,0,46,1,0,0.00,99,0,0.00,0.00,0.00,0.00,0,0,0,0,0.00,0.00,0.00,0,0.00,99,0,0.00,0,0.00,99,0,0.00,0.00,28,0,44,16,0,0,0,0,0,41,56,74,68,0,99,1,15,15,0,0,16,15,0,0
Alejo Maximiliano Cordoba,22,1084777200,2004/05/17,Primera División,2026,Defender,San Lorenzo,0,0,0,Argentina,0,0,0,0,0,0,0,0,0,0,0,0,0,0,0,0,0,0,0,0,0,0,0,0,0,0,0,0,0,0,0,-1,-1,-1,-1,N/A,N/A,N/A,N/A,N/A,N/A,N/A,N/A,N/A,N/A,N/A,N/A,N/A,N/A,N/A,N/A,N/A,N/A,N/A,N/A,N/A,N/A,N/A,N/A,N/A,N/A,N/A,N/A,N/A,N/A,N/A,N/A,N/A,N/A,N/A,N/A,N/A,N/A,N/A,N/A,N/A,N/A,N/A,N/A,N/A,N/A,N/A,N/A,N/A,N/A,N/A,N/A,N/A,N/A,N/A,N/A,N/A,N/A,N/A,N/A,N/A,N/A,N/A,N/A,N/A,N/A,N/A,N/A,N/A,N/A,N/A,N/A,N/A,N/A,N/A,N/A,N/A,N/A,N/A,N/A,N/A,N/A,N/A,N/A,N/A,N/A,N/A,N/A,N/A,N/A,N/A,N/A,N/A,N/A,N/A,N/A,N/A,N/A,N/A,N/A,N/A,N/A,N/A,N/A,N/A,N/A,N/A,N/A,N/A,N/A,N/A,N/A,N/A,N/A,N/A,N/A,N/A,N/A,N/A,N/A,N/A,N/A,N/A,N/A,N/A,N/A,N/A,N/A,N/A,N/A,N/A,N/A,N/A,N/A,N/A,N/A,N/A,N/A,N/A,N/A,N/A,N/A,N/A,N/A,N/A,N/A,N/A,N/A,N/A,N/A,N/A,N/A,N/A,N/A,N/A,N/A,N/A,N/A,N/A,N/A,N/A,N/A,N/A,N/A,N/A,N/A,N/A,N/A,N/A,N/A,N/A,N/A,N/A,N/A,N/A,N/A,N/A,N/A,N/A,N/A,N/A,N/A,N/A,N/A,N/A,N/A,N/A,N/A,N/A,N/A,N/A,N/A,N/A,N/A,N/A,N/A,N/A,N/A,N/A,N/A,N/A,N/A,N/A,N/A,N/A,N/A,N/A,N/A,N/A,N/A,N/A,N/A,N/A,N/A,N/A,N/A,N/A,N/A,N/A,N/A,N/A,N/A,N/A,N/A
Alejo Osella,25,970297200,2000/09/30,Primera División,2026,Defender,Independiente Rivadavia,958,526,432,Argentina,13,7,6,4,4,0,0,0,0,0,0,2,0,2,12,9,3,1,0,0.38,0,0.38,0.68,0,240,1.13,80,74,958,0,0.09,40,506,172,3,0,6.87,0,63,25.43,20.85,32,271,14.23,185,23,17.36,31,0.00,0.00,0.31,4,0.00,0.62,1.60,1.31,17,0.00,0.62,0.00,0.00,0.00,0.62,0.54,0.92,4.50,1.69,0.77,1.23,0.00,0.62,0.30,0.00,2.69,0.00,0.00,0,0,,18,1.38,72,8,0.75,82,10,0.94,67,2,1,12,51,0.00,99,0,8,0.75,45,8,57,0.75,45,0,0.00,99,0,0.00,0,0,0.00,0,0.38,30,16,1.50,60,7,0.66,43.75,0,0.00,0,0,0,0.00,0,12,0.00,30,1.13,60,N/A,N/A,N/A,N/A,0.00,0,0.00,0,3.85,0.00,0,68.27,44.44,80,32,0.69,0.84,9,58,50,0,0,0,0.31,0.38,4,75,89.35,2.69,3.28,35,0,0.00,0.00,99,0.00,0,0,0,0.00,0.00,0,0.00,0.00,0.09,0.08,1,0,22.22,93,57,49,64,31,0.49,18,0.04,0.05,3.85,93,0.30,0.36,27,6,0.46,0.56,0.38,0.31,10,4,0.36,91,68,76,81,0,55,92,0,0.00,99,35,0.00,3.28,11.07,9.08,118,65,79,65,6.10,5.00,55.08,8,0.75,47,0,25.00,0,0.00,99,2,0.15,0.19,43,65,44,57,0,0,0,0,0,86,94,74,98,0,99,7,93,23,1,8,29,13,0,0
Alejo Véliz,22,1063954800,2003/09/19,Primera División,2026,Forward,Rosario Central,1132,678,454,Argentina,17,9,8,4,3,1,0,0,0,0,0,4,2,2,8,4,4,1,0,0.32,0,0.32,0.4,0.2,283,0.64,142,67,1132,0,0.08,52,485,-1,3,0,6.56,0,63,12.40,9.18,1,156,6.41,109,27,8.67,2,0.00,0.00,0.29,5,0.00,0.18,0.16,0.12,2,0.00,1.12,0.00,0.00,0.00,0.06,0.47,0.53,9.50,3.02,1.35,0.65,0.00,0.88,0.32,0.00,2.24,0.00,0.00,0,0,,38,2.24,96,15,1.19,94,23,1.83,94,1,4,13,7,0.00,99,0,1,0.08,11,3,28,0.24,26,0,0.00,99,0,0.00,0,0,0.00,0,0.40,32,11,0.87,40,8,0.64,72.73,0,0.00,0,0,0,0.00,0,9,0.00,80,0.72,19,N/A,N/A,N/A,N/A,0.00,0,0.00,0,5.42,0.00,0,69.87,39.47,70,92,0.06,0.08,1,58,89,0,1,0,0.12,0.16,2,47,111.51,0.65,0.87,11,0,0.00,0.00,99,0.00,0,1,0,0.00,0.00,0,0.00,0.00,0.40,0.29,5,1,10.53,73,70,94,66,80,1.00,42,0.06,0.08,4.72,94,0.28,0.38,80,22,1.29,1.75,1.03,0.76,45,13,0.43,94,22,30,81,0,86,89,0,0.00,99,38,0.00,3.02,11.69,8.65,147,70,66,72,5.57,4.12,47.62,19,1.51,17,0,0.00,0,0.00,99,0,0.00,0.00,28,71,75,41,0,1,0,6,0,82,91,84,91,0,99,21,96,21,1,6,21,9,0,0
Alessandro Riep,23,1057215600,2003/07/03,Primera División,2026,Forward,Independiente Rivadavia,90,0,90,Argentina,1,0,1,0,0,0,0,0,0,0,0,0,0,0,1,0,1,1,0,0,0,0,0,0,0,1,90,90,90,0,1,-1,-1,-1,27,0,6.64,0,63,46.00,46.00,86,46,39.00,39,91,39.00,89,0.00,0.00,0.00,0,0.00,3.00,2.00,2.00,2,0.00,2.00,0.00,0.00,0.00,0.00,0.00,1.00,0.00,2.00,1.00,0.00,0.00,1.00,0.20,0.00,0.00,0.00,0.00,0,0,,2,2.00,80,1,1.00,89,1,1.00,69,0,0,1,69,0.00,99,0,0,0.00,10,3,79,3.00,76,0,0.00,99,0,0.00,0,0,0.00,0,0.00,8,0,0.00,9,0,0.00,0.00,0,0.00,0,0,0,0.00,0,1,0.00,41,1.00,50,N/A,N/A,N/A,N/A,0.00,0,0.00,0,0.20,0.00,0,84.78,50.00,91,21,1.00,1.00,1,12,12,0,0,0,0.00,0.00,0,29,6.64,6.00,6.00,6,0,0.00,0.00,99,0.00,0,0,0,0.00,0.00,0,0.00,0.00,0.00,0.00,0,0,0.00,56,0,0,56,41,0.10,54,0.10,0.10,0.20,74,0.20,0.20,2,0,0.00,0.00,2.00,2.00,89,2,0.20,73,31,89,81,0,46,1,0,0.00,99,0,0.00,0.00,8.00,8.00,8,2,8,26,2.00,2.00,25.00,2,2.00,7,0,33.33,0,0.00,99,1,1.00,1.00,83,0,30,16,0,0,0,0,0,41,56,74,68,0,99,1,16,99,1,100,99,20,0,0
Alex Adrián Arce Barrios,31,803286000,1995/06/16,Primera División,2026,Forward,Independiente Rivadavia,475,421,54,Paraguay,10,7,3,2,2,0,0,0,0,0,0,3,1,2,4,4,0,1,0,0.38,0,0.38,0.43,0,238,0.76,119,48,475,0,0.19,38,481,-1,6,0,6.79,0,63,23.49,12.40,25,124,7.90,79,13,14.97,21,0.00,0.00,0.40,4,0.00,0.10,0.38,0.20,2,0.00,0.40,0.00,0.00,0.00,0.10,0.10,0.40,7.00,2.65,0.90,0.10,0.00,0.50,0.23,0.00,3.50,0.00,0.00,0,0,,14,1.40,94,5,0.95,88,9,1.71,92,2,6,4,9,0.00,99,0,1,0.19,17,1,28,0.19,24,0,0.00,99,0,0.00,0,0,0.00,0,0.76,53,1,0.19,16,1,0.19,100.00,0,0.00,0,0,0,0.00,0,4,0.00,65,0.76,23,N/A,N/A,N/A,N/A,0.00,0,0.00,0,2.27,0.00,0,63.71,35.71,65,38,0.40,0.76,4,23,99,0,0,0,0.10,0.19,1,52,67.92,0.60,1.14,6,0,0.00,0.00,99,0.00,0,0,0,0.00,0.00,0,0.00,0.00,0.95,0.50,5,0,14.29,83,14,23,63,66,0.38,36,0.04,0.07,2.27,96,0.23,0.43,67,7,0.70,1.33,1.89,1.00,87,10,0.43,94,53,38,81,0,98,99,0,0.00,99,35,0.00,6.63,19.89,10.50,105,44,97,99,8.34,4.40,41.90,4,0.76,46,0,0.00,0,0.00,99,0,0.00,0.00,28,8,88,57,0,0,0,0,0,86,94,74,92,0,99,41,75,41,1,10,34,9,0,0
Álex Maizon Rodríguez González,23,1053586800,2003/05/22,Primera División,2026,Defender,Unión Santa Fe,1552,720,832,Uruguay,18,8,10,1,0,1,0,0,0,0,0,5,5,0,19,5,14,2,0,0.06,0,0.06,0,0.11,1552,1.1,82,86,776,0,0.12,223,429,161,6,0,6.87,0,63,37.58,36.00,71,648,28.11,506,62,29.34,70,0.00,0.00,0.39,7,0.00,0.11,1.28,1.22,22,0.00,0.11,0.00,0.00,0.00,1.11,0.11,1.22,11.00,0.64,0.50,0.17,0.00,0.11,0.07,0.00,3.67,0.00,0.00,0,0,,11,0.61,37,2,0.12,33,9,0.52,42,1,0,18,36,0.00,99,0,20,1.16,66,2,28,0.12,19,0,0.00,99,0,0.00,0,0,0.00,0,0.41,32,3,0.17,15,2,0.12,66.67,0,0.00,0,0,0,0.00,0,22,0.00,34,1.28,71,N/A,N/A,N/A,N/A,0.00,0,0.00,0,1.24,0.00,0,78.09,18.18,32,86,0.17,0.17,3,18,87,0,0,0,0.72,0.75,13,92,123.63,5.22,5.45,94,1,0.00,0.06,11,0.06,0,0,0,0.00,0.00,0,0.00,0.00,0.00,0.00,0,0,9.09,70,97,98,99,34,1.27,36,0.07,0.07,1.24,44,0.07,0.07,15,6,0.33,0.35,0.70,0.67,25,12,0.07,44,68,88,81,0,46,96,0,0.00,99,66,0.00,3.83,8.64,8.28,149,96,66,34,5.57,5.33,64.43,2,0.12,85,0,0.00,0,0.00,99,0,0.00,0.00,28,98,30,41,0,0,0,0,0,43,59,75,68,0,99,39,90,27,2,11,37,2,0,0
Alex Nahuel Luna,22,1080720000,2004/03/31,Primera División,2026,Midfielder,Instituto,1223,662,561,Argentina,15,8,7,5,3,2,1,1,0,0,0,3,2,1,14,7,7,5,0,0.44,0.07,0.37,0.41,0.32,245,1.03,87,82,245,1223,0.37,42,185,-1,1,0,7.10,0.07,69,23.92,21.67,27,325,16.13,242,43,17.81,33,0.00,0.00,0.73,11,0.00,1.93,1.40,1.27,19,0.00,2.53,0.00,0.00,0.00,0.53,1.73,1.07,7.33,3.24,1.73,3.80,0.00,1.20,0.47,0.00,0.40,0.00,0.00,0,0,,44,2.93,98,18,1.32,96,26,1.91,96,2,0,15,41,0.00,99,0,8,0.59,35,29,46,2.13,65,0,0.00,99,0,0.00,0,0,0.00,0,0.81,57,57,4.19,94,26,1.91,45.61,0,0.00,0,0,0,0.00,0,16,0.00,38,1.18,63,N/A,N/A,N/A,N/A,0.00,0,0.00,0,7.02,0.00,0,74.46,40.91,74,40,0.67,0.74,10,93,53,2,0,0,0.00,0.00,0,29,106.56,0.13,0.15,2,0,0.00,0.00,99,0.00,0,2,0,0.00,0.00,0,0.00,0.00,0.22,0.20,3,1,13.64,80,76,73,64,38,1.59,63,0.11,0.12,5.62,95,0.37,0.41,99,44,2.93,3.24,1.47,1.33,71,20,0.52,98,93,4,81,0,73,18,0,0.00,99,6,0.00,0.44,14.94,13.53,203,95,90,91,6.99,6.33,46.80,38,2.80,2,0,20.69,0,0.00,99,6,0.40,0.44,62,85,30,57,0,0,0,0,0,90,93,90,91,0,99,15,40,77,5,33,92,10,0,0
Alex Vigo,27,925282800,1999/04/28,Primera División,2026,Defender,Talleres Córdoba,368,101,267,Argentina,8,3,5,0,0,0,0,0,0,0,0,4,2,2,1,0,1,3,0,0,0,0,0,0,0,0.24,368,46,123,0,0.73,266,250,2,9,0,5.81,0,63,29.35,15.00,45,120,13.12,105,96,25.68,58,0.00,0.00,0.12,1,0.00,1.50,2.69,1.38,11,0.00,0.00,0.00,0.00,0.00,1.00,0.12,0.25,0.00,0.24,0.12,0.62,0.00,0.00,0.01,0.00,0.88,0.00,0.00,0,0,,1,0.12,14,0,0.00,22,1,0.24,19,1,4,4,89,0.00,99,0,8,1.96,95,12,39,2.93,76,0,0.00,99,0,0.00,0,0,0.00,0,0.24,22,5,1.22,50,1,0.24,20.00,0,0.00,0,0,0,0.00,0,2,0.00,99,0.49,5,N/A,N/A,N/A,N/A,0.00,0,0.00,0,0.06,0.00,0,87.50,0.00,22,23,0.50,0.98,4,28,17,0,0,0,0.00,0.00,0,29,46.46,2.12,4.16,17,0,0.00,0.00,99,0.00,0,0,1,0.12,0.24,0,0.00,0.00,0.24,0.12,1,0,0.00,56,1,11,56,99,0.25,26,0.03,0.06,0.06,13,0.01,0.01,9,1,0.12,0.24,1.47,0.75,71,6,0.01,13,4,81,98,0,75,66,0,0.00,99,7,0.00,1.71,8.56,4.38,35,20,49,33,4.89,2.50,57.14,0,0.00,99,0,16.67,0,0.00,99,2,0.25,0.49,65,8,75,41,0,0,0,0,0,41,56,74,68,0,99,88,16,99,3,38,94,28,0,0
Alex Zahir Verón,17,1224831600,2008/10/24,Primera División,2026,Forward,Vélez Sarsfield,154,76,78,Argentina,6,4,2,0,0,0,0,0,0,0,0,1,1,0,1,0,1,0,0,0,0,0,0,0,0,0.58,154,26,0,0,0,-1,-1,-1,9,0,5.48,0,63,18.70,5.33,8,32,4.33,26,77,15.19,21,0.00,0.00,0.17,1,0.00,0.50,1.75,0.50,3,0.00,0.50,0.00,0.00,0.00,0.33,1.00,0.50,0.00,0.58,0.17,1.67,0.00,0.00,0.01,0.00,0.00,0.00,0.00,0,0,,1,0.17,34,0,0.00,22,1,0.58,47,1,5,1,60,0.00,99,0,2,1.17,66,3,28,1.75,60,0,0.00,99,0,0.00,0,0,0.00,0,0.58,41,10,5.84,99,6,3.51,60.00,0,0.00,0,0,0,0.00,0,3,0.00,86,1.75,91,N/A,N/A,N/A,N/A,0.00,0,0.00,0,0.05,0.00,0,81.25,0.00,22,54,0.17,0.58,1,99,79,0,0,0,0.33,1.17,2,99,32.91,0.00,0.00,0,0,0.00,0.00,99,0.00,0,0,0,0.00,0.00,0,0.00,0.00,0.58,0.17,1,0,0.00,56,0,4,56,85,0.10,26,0.02,0.06,0.05,26,0.01,0.03,27,1,0.17,0.58,0.00,0.00,6,0,0.03,26,2,1,81,0,92,1,0,0.00,99,0,0.00,0.00,11.69,3.33,20,10,73,72,5.84,1.67,50.00,3,1.75,10,0,0.00,0,0.00,99,0,0.00,0.00,28,0,82,41,0,0,0,0,0,41,56,74,68,0,99,8,15,15,0,0,16,17,0,0
Alexander Díaz,26,953712000,2000/03/22,Primera División,2026,Forward,Deportivo Riestra,619,336,283,Argentina,10,5,5,0,0,0,0,0,0,0,0,3,2,1,6,3,3,0,0,0,0,0,0,0,0,0.87,103,62,0,0,0,262,216,-1,21,0,6.79,0,63,22.25,15.30,21,153,9.70,97,12,14.10,17,0.00,0.00,1.00,10,0.00,2.40,1.74,1.20,12,0.00,1.50,0.00,0.00,0.00,0.20,0.70,0.60,0.00,0.87,0.40,1.50,0.00,0.20,0.05,0.00,1.20,0.00,0.00,0,0,,6,0.60,49,2,0.29,53,4,0.58,47,3,2,8,59,0.00,99,0,2,0.29,22,24,46,3.49,81,0,0.00,99,0,0.00,0,0,0.00,0,1.45,83,15,2.18,73,7,1.02,46.67,0,0.00,0,0,0,0.00,0,6,0.00,54,0.87,37,N/A,N/A,N/A,N/A,0.00,0,0.00,0,0.52,0.00,0,63.40,33.33,62,67,0.30,0.44,3,77,54,0,0,0,0.20,0.29,2,65,67.85,0.10,0.15,1,0,0.00,0.00,99,0.00,0,0,0,0.00,0.00,0,0.00,0.00,0.58,0.40,4,0,0.00,56,29,23,56,53,0.61,47,0.06,0.09,0.52,48,0.05,0.08,99,26,2.60,3.78,1.45,1.00,70,10,0.08,48,53,4,81,0,92,67,0,0.00,99,12,0.00,1.74,16.87,11.60,116,57,97,96,8.29,5.70,49.14,15,2.18,5,0,20.83,0,0.00,99,5,0.50,0.73,76,40,57,74,0,0,0,0,0,41,56,74,68,0,99,41,15,15,0,0,16,10,0,0
Alexandro Maidana Mendieta,20,1122361200,2005/07/26,Primera División,2026,Defender,Talleres Córdoba,723,273,450,Paraguay,9,4,5,2,0,2,0,0,0,0,0,4,2,2,3,1,2,3,1,0.25,0,0.25,0,0.4,362,0.37,241,80,181,0,0.5,77,276,6,4,0,6.98,0,63,28.76,25.67,42,231,17.56,158,24,19.67,39,0.00,0.00,0.33,3,0.00,2.11,2.24,2.00,18,0.00,0.56,0.00,0.00,0.00,1.56,0.00,0.44,3.50,0.87,0.33,1.11,0.00,0.44,0.21,0.00,2.44,0.00,0.00,0,0,,7,0.78,49,4,0.50,70,3,0.37,31,0,1,8,77,0.00,99,0,14,1.74,90,19,47,2.37,67,0,0.00,99,0,0.00,0,0,0.00,0,0.37,30,10,1.24,51,0,0.00,0.00,0,0.00,0,0,0,0.00,0,4,0.00,98,0.50,5,N/A,N/A,N/A,N/A,0.00,0,0.00,0,1.86,0.00,0,68.40,57.14,93,51,0.56,0.62,5,12,12,0,0,0,0.11,0.12,1,41,62.80,4.00,4.48,36,0,0.00,0.00,99,0.00,0,0,1,0.11,0.12,0,0.00,0.00,0.25,0.22,2,0,28.57,96,39,17,69,97,1.02,66,0.11,0.13,1.86,78,0.21,0.23,35,6,0.67,0.75,1.00,0.89,44,8,0.23,77,83,83,93,0,76,84,0,0.00,99,22,0.00,2.74,10.46,9.33,84,46,72,57,5.73,5.11,54.76,5,0.62,54,0,21.05,0,0.00,99,4,0.44,0.50,66,40,44,16,0,1,0,11,0,76,87,94,68,0,99,78,26,90,2,22,71,3,0,0
Alexis Castro,31,782463600,1994/10/18,Primera División,2026,Midfielder,Estudiantes,639,259,380,Argentina,15,8,7,3,2,1,0,0,0,0,0,8,4,4,4,2,2,2,0,0.42,0,0.42,0.69,0.24,213,0.56,160,43,320,0,0.28,27,556,-1,4,0,6.41,0,63,34.93,16.53,65,248,14.00,210,90,29.58,71,0.00,0.00,0.67,10,0.00,0.53,2.68,1.27,19,0.00,0.80,0.00,0.00,0.00,0.53,0.47,0.33,2.67,1.13,0.27,0.80,0.00,0.27,0.16,0.00,0.40,0.00,0.00,0,0,,8,0.53,57,4,0.56,74,4,0.56,45,7,8,7,89,0.00,99,0,8,1.13,64,8,57,1.13,52,0,0.00,99,0,0.00,0,0,0.00,0,1.41,82,12,1.69,65,7,0.99,58.33,0,0.00,0,0,0,0.00,0,5,0.00,87,0.70,17,N/A,N/A,N/A,N/A,0.00,0,0.00,0,2.39,0.00,0,84.68,50.00,91,22,0.47,0.99,7,76,76,0,0,0,0.20,0.42,3,78,96.19,0.53,1.13,8,0,0.00,0.00,99,0.00,0,0,0,0.00,0.00,0,0.00,0.00,0.14,0.07,1,0,37.50,99,31,73,61,86,0.78,59,0.05,0.11,2.39,90,0.16,0.34,79,12,0.80,1.69,1.97,0.93,88,14,0.34,90,16,38,81,0,64,34,0,0.00,99,6,0.00,0.85,12.54,5.93,89,43,79,79,6.06,2.87,48.31,12,1.69,11,0,25.00,0,0.00,99,2,0.13,0.28,54,33,95,98,0,0,0,0,0,89,95,86,98,0,99,91,54,62,2,13,43,22,0,0
Alexis González,21,1108281600,2005/02/13,Primera División,2026,Forward,Sarmiento,19,0,19,Argentina,2,0,2,0,0,0,0,0,0,0,0,0,0,0,0,0,0,0,0,0,0,0,0,0,0,0,0,10,0,0,0,-1,-1,-1,9,0,6.48,0,63,47.37,5.00,87,10,3.00,6,7,28.42,67,0.00,0.00,0.00,0,0.00,0.00,4.74,0.50,1,0.00,0.50,0.00,0.00,0.00,0.00,0.00,0.00,0.00,0.00,0.00,0.00,0.00,0.00,0.00,0.00,1.00,0.00,0.00,0,0,,0,0.00,8,0,0.00,22,0,0.00,9,0,2,0,99,0.00,99,0,0,0.00,10,0,28,0.00,12,0,0.00,99,0,0.00,0,0,0.00,0,0.00,8,0,0.00,9,0,0.00,0.00,0,0.00,0,0,0,0.00,0,0,0.00,99,0.00,0,N/A,N/A,N/A,N/A,0.00,0,0.00,0,0.00,0.00,0,60.00,0.00,22,0,1.00,9.47,2,12,12,0,0,0,0.50,4.74,1,99,12.96,1.00,9.47,2,0,0.00,0.00,99,0.00,0,0,0,0.00,0.00,0,0.00,0.00,0.00,0.00,0,0,0.00,56,0,0,56,0,0.01,18,0.01,0.05,0.00,9,0.00,0.00,2,0,0.00,0.00,9.47,1.00,99,2,0.00,9,17,99,81,0,46,99,0,0.00,99,2,0.00,9.47,47.37,5.00,10,3,99,99,14.21,1.50,30.00,1,4.74,0,0,0.00,0,0.00,99,0,0.00,0.00,28,0,57,16,0,0,0,0,0,41,56,74,68,0,99,1,15,15,0,0,16,32,0,0
Alexis Maldonado,28,873183600,1997/09/02,Primera División,2026,Defender,Belgrano,1232,555,677,Argentina,17,8,9,0,0,0,0,0,0,0,0,8,5,3,12,3,9,3,0,0,0,0,0,0,0,0.88,103,72,411,0,0.22,459,235,113,24,0,6.39,0,63,30.81,25.41,50,432,21.76,370,93,26.39,61,0.00,0.00,0.06,1,0.00,0.00,1.71,1.41,24,0.00,0.00,0.00,0.00,0.00,1.12,0.06,0.76,0.00,0.36,0.24,0.12,0.00,0.06,0.02,0.00,1.12,0.00,0.00,0,0,,5,0.29,20,1,0.07,24,4,0.29,23,1,2,15,57,0.00,99,0,19,1.35,76,0,28,0.00,12,0,0.00,99,0,0.00,0,0,0.00,0,0.07,10,2,0.14,12,1,0.07,50.00,0,0.00,0,0,0,0.00,0,13,0.00,53,0.93,41,N/A,N/A,N/A,N/A,0.00,0,0.00,0,0.36,0.00,0,85.65,20.00,35,79,0.24,0.29,4,15,66,0,0,0,0.47,0.57,8,86,108.57,4.82,5.85,82,0,0.00,0.00,99,0.00,0,0,0,0.00,0.00,0,0.00,0.00,0.00,0.00,0,0,0.00,56,77,94,56,53,0.72,18,0.04,0.05,0.36,26,0.02,0.03,12,4,0.24,0.29,0.71,0.59,26,10,0.03,26,15,89,81,0,46,56,0,0.00,99,19,0.00,1.35,5.49,4.53,77,48,15,10,3.42,2.82,62.34,0,0.00,99,0,0.00,0,0.00,99,0,0.00,0.00,28,85,57,41,0,0,0,0,0,41,56,74,68,0,99,82,67,50,3,18,57,2,0,0
Alexis Nahuel Soto,32,751100400,1993/10/20,Primera División,2026,Defender,Rosario Central,792,401,391,Argentina,16,10,6,1,1,0,0,0,0,0,0,3,2,1,6,2,4,2,0,0.11,0,0.11,0.22,0,792,0.68,132,50,396,0,0.23,186,455,65,8,0,6.76,0,63,48.50,27.69,90,443,23.50,376,91,41.17,91,0.00,0.00,0.31,5,0.00,0.81,2.08,1.19,19,0.00,0.25,0.00,0.00,0.00,0.69,0.25,0.44,3.00,0.33,0.12,0.38,0.00,0.06,0.05,0.00,0.50,0.00,0.00,0,0,,3,0.19,18,1,0.11,30,2,0.22,17,1,8,8,73,0.00,99,0,11,1.20,67,13,36,1.42,57,0,0.00,99,0,0.00,0,0,0.00,0,0.55,40,6,0.66,33,4,0.44,66.67,0,0.00,0,0,0,0.00,0,7,0.00,74,0.77,23,N/A,N/A,N/A,N/A,0.00,0,0.00,0,0.78,0.00,0,84.88,33.33,62,47,0.38,0.66,6,47,87,0,0,0,0.38,0.66,6,89,108.18,2.19,3.83,35,0,0.00,0.00,99,0.00,0,0,0,0.00,0.00,0,0.00,0.00,0.00,0.00,0,0,33.33,99,45,88,89,74,0.85,47,0.05,0.09,0.78,52,0.05,0.09,26,5,0.31,0.55,0.77,0.44,28,7,0.09,51,49,79,81,0,46,35,0,0.00,99,8,0.00,0.88,7.12,4.06,65,36,23,18,3.94,2.25,55.38,4,0.44,66,0,15.38,0,0.00,99,2,0.12,0.22,49,40,95,41,0,0,0,0,0,54,68,74,80,0,99,11,65,52,2,12,41,33,0,0
Alexis Pereyra,19,1170489600,2007/02/03,Primera División,2026,Defender,Vélez Sarsfield,0,0,0,Argentina,0,0,0,0,0,0,0,0,0,0,0,0,0,0,0,0,0,0,0,0,0,0,0,0,0,0,0,0,0,0,0,-1,-1,-1,-1,N/A,N/A,N/A,N/A,N/A,N/A,N/A,N/A,N/A,N/A,N/A,N/A,N/A,N/A,N/A,N/A,N/A,N/A,N/A,N/A,N/A,N/A,N/A,N/A,N/A,N/A,N/A,N/A,N/A,N/A,N/A,N/A,N/A,N/A,N/A,N/A,N/A,N/A,N/A,N/A,N/A,N/A,N/A,N/A,N/A,N/A,N/A,N/A,N/A,N/A,N/A,N/A,N/A,N/A,N/A,N/A,N/A,N/A,N/A,N/A,N/A,N/A,N/A,N/A,N/A,N/A,N/A,N/A,N/A,N/A,N/A,N/A,N/A,N/A,N/A,N/A,N/A,N/A,N/A,N/A,N/A,N/A,N/A,N/A,N/A,N/A,N/A,N/A,N/A,N/A,N/A,N/A,N/A,N/A,N/A,N/A,N/A,N/A,N/A,N/A,N/A,N/A,N/A,N/A,N/A,N/A,N/A,N/A,N/A,N/A,N/A,N/A,N/A,N/A,N/A,N/A,N/A,N/A,N/A,N/A,N/A,N/A,N/A,N/A,N/A,N/A,N/A,N/A,N/A,N/A,N/A,N/A,N/A,N/A,N/A,N/A,N/A,N/A,N/A,N/A,N/A,N/A,N/A,N/A,N/A,N/A,N/A,N/A,N/A,N/A,N/A,N/A,N/A,N/A,N/A,N/A,N/A,N/A,N/A,N/A,N/A,N/A,N/A,N/A,N/A,N/A,N/A,N/A,N/A,N/A,N/A,N/A,N/A,N/A,N/A,N/A,N/A,N/A,N/A,N/A,N/A,N/A,N/A,N/A,N/A,N/A,N/A,N/A,N/A,N/A,N/A,N/A,N/A,N/A,N/A,N/A,N/A,N/A,N/A,N/A,N/A,N/A,N/A,N/A,N/A,N/A,N/A,N/A,N/A,N/A,N/A,N/A,N/A,N/A,N/A,N/A,N/A,N/A,N/A,N/A,N/A,N/A,N/A,N/A
Alexis Ricardo Cuello,26,950860800,2000/02/18,Primera División,2026,Forward,San Lorenzo,1370,694,676,Argentina,16,8,8,4,3,1,3,2,1,0,0,9,4,5,13,10,3,6,1,0.46,0.2,0.26,0.39,0.13,343,0.85,105,86,228,457,0.39,73,72,-1,2,0,6.98,0.19,89,15.37,14.62,3,234,9.25,148,12,9.72,4,0.00,0.00,0.81,13,0.00,1.00,0.92,0.88,14,0.00,1.88,0.00,0.00,0.00,0.38,1.88,0.88,6.75,1.77,1.06,4.00,0.00,0.62,0.28,0.00,2.44,0.00,0.00,0,0,,27,1.69,74,10,0.66,79,17,1.12,73,4,0,16,21,0.00,99,0,6,0.39,25,16,41,1.05,51,0,0.00,99,0,0.00,0,0,0.00,0,0.85,60,64,4.20,94,30,1.97,46.88,0,0.00,0,0,0,0.00,0,14,0.00,57,0.92,40,N/A,N/A,N/A,N/A,0.00,0,0.00,0,4.44,0.00,0,63.25,37.04,66,90,0.12,0.13,2,94,54,1,1,0,0.12,0.13,2,43,111.67,0.50,0.53,8,0,0.00,0.00,99,0.00,0,2,0,0.00,0.00,0,0.00,0.00,0.46,0.44,7,0,14.81,83,87,88,69,56,2.46,76,0.15,0.16,3.04,74,0.19,0.20,92,34,2.12,2.23,1.51,1.44,75,23,0.29,85,83,15,81,0,90,81,0,0.00,99,39,0.00,2.56,16.55,15.75,252,117,95,95,7.69,7.31,46.43,30,1.97,7,0,18.75,0,0.00,99,3,0.19,0.20,46,93,30,84,0,0,0,0,0,91,88,78,90,0,99,96,36,80,5,31,89,9,0,0
Alexis Segovia,22,1087282800,2004/06/15,Primera División,2026,Forward,Atlético Tucumán,96,34,62,Argentina,7,4,3,0,0,0,0,0,0,0,0,1,1,0,2,1,1,0,0,0,0,0,0,0,0,1.88,48,14,0,0,0,-1,-1,-1,10,0,5.65,0,63,35.26,5.43,65,38,4.86,34,99,31.55,76,0.00,0.00,0.43,3,0.00,0.86,2.78,0.43,3,0.00,0.29,0.00,0.00,0.00,0.00,0.14,0.29,0.00,0.00,0.00,0.57,0.00,0.00,0.00,0.00,0.00,0.00,0.00,0,0,,0,0.00,8,0,0.00,22,0,0.00,9,0,7,0,91,0.00,99,0,0,0.00,10,6,96,5.57,95,0,0.00,99,0,0.00,0,0,0.00,0,2.78,99,4,3.71,91,1,0.93,25.00,0,0.00,0,0,0,0.00,0,2,0.00,2,1.86,92,N/A,N/A,N/A,N/A,0.00,0,0.00,0,0.00,0.00,0,89.47,0.00,22,27,0.14,0.93,1,72,21,0,0,0,0.00,0.00,0,29,39.58,0.00,0.00,0,0,0.00,0.00,99,0.00,0,0,0,0.00,0.00,0,0.00,0.00,0.00,0.00,0,0,0.00,56,0,6,56,2,0.18,80,0.03,0.17,0.00,9,0.00,0.00,96,3,0.43,2.78,0.93,0.14,39,1,0.00,9,3,1,81,0,46,1,0,0.00,99,0,0.00,0.00,12.99,2.00,14,7,85,83,6.49,1.00,50.00,2,1.86,8,0,66.67,0,0.00,99,4,0.57,3.71,99,0,92,16,0,0,0,0,0,41,56,74,68,0,99,6,15,15,0,0,16,27,0,0
Alexis Steimbach,23,1027580400,2002/07/25,Primera División,2026,Midfielder,Gimnasia La Plata,1518,618,900,Argentina,17,7,10,0,0,0,3,0,3,0,0,6,3,3,17,6,11,6,0,0.18,0.18,0,0,0,0,1.01,89,89,253,506,0.36,503,86,-1,28,0,6.99,0.18,86,33.21,32.94,58,527,23.50,376,31,23.70,52,0.00,0.00,1.31,21,0.00,3.81,2.65,2.62,42,0.00,0.88,0.00,0.00,0.00,1.50,1.75,1.06,0.00,0.57,0.56,2.88,0.00,0.00,0.03,0.00,1.06,0.00,0.00,0,0,,9,0.56,33,0,0.00,22,9,0.57,46,1,0,17,88,0.00,99,0,24,1.51,84,61,38,3.84,84,0,0.00,99,0,0.00,0,0,0.00,0,1.32,79,46,2.90,84,28,1.76,60.87,0,0.00,0,0,0,0.00,0,17,0.00,39,1.07,55,N/A,N/A,N/A,N/A,0.00,0,0.00,0,0.40,0.00,0,71.35,0.00,22,18,1.06,1.07,17,91,79,0,0,0,0.31,0.32,5,69,111.76,2.81,2.84,45,0,0.00,0.00,99,0.00,0,0,0,0.00,0.00,0,0.00,0.00,0.13,0.12,2,0,0.00,56,95,94,56,39,3.91,93,0.24,0.25,0.40,26,0.03,0.03,52,16,1.00,1.01,0.95,0.94,40,15,0.03,26,84,73,81,0,63,45,0,0.00,99,17,0.00,1.07,11.03,10.94,175,100,83,65,6.30,6.25,57.14,14,0.88,40,0,16.39,0,0.00,99,10,0.62,0.63,72,95,30,41,0,0,0,0,0,65,56,74,68,0,99,56,42,75,6,35,93,25,0,0
Alfio Oviedo,30,819273600,1995/12/18,Primera División,2026,Forward,Tigre,276,110,166,Paraguay,9,4,5,1,1,0,0,0,0,0,0,3,1,2,4,2,2,2,0,0.33,0,0.33,0.82,0,276,1.3,69,31,138,0,0.65,50,308,-1,6,0,6.66,0,63,21.20,7.22,17,65,4.44,40,9,13.04,12,0.00,0.00,0.44,4,0.00,0.22,0.98,0.33,3,0.00,0.22,0.00,0.00,0.00,0.00,0.11,0.44,5.00,1.63,0.22,0.11,0.00,0.33,0.12,0.00,2.78,0.00,0.00,0,0,,5,0.56,71,3,0.98,89,2,0.65,52,4,7,2,23,0.00,99,0,0,0.00,10,2,28,0.65,42,0,0.00,99,0,0.00,0,0,0.00,0,1.30,78,1,0.33,21,1,0.33,100.00,0,0.00,0,0,0,0.00,0,4,0.00,16,1.30,73,N/A,N/A,N/A,N/A,0.00,0,0.00,0,1.07,0.00,0,61.54,60.00,95,75,0.11,0.33,1,36,99,0,0,0,0.00,0.00,0,29,59.98,0.33,0.98,3,0,0.00,0.00,99,0.00,0,0,0,0.00,0.00,0,0.00,0.00,0.33,0.11,1,0,20.00,93,0,17,66,16,0.21,36,0.02,0.07,1.07,91,0.12,0.35,92,7,0.78,2.28,3.59,1.22,99,11,0.35,90,34,34,81,0,83,99,0,0.00,99,25,0.00,8.15,24.78,8.44,76,36,99,99,11.74,4.00,47.37,2,0.65,52,0,0.00,0,0.00,99,0,0.00,0.00,28,0,92,84,0,0,0,0,0,82,91,74,98,0,99,54,18,97,2,22,71,19,0,0
Álvaro Busso,19,1160550000,2006/10/11,Primera División,2026,Goalkeeper,Vélez Sarsfield,0,0,0,Argentina,0,0,0,0,0,0,0,0,0,0,0,0,0,0,0,0,0,0,0,0,0,0,0,0,0,0,0,0,0,0,0,-1,-1,-1,-1,N/A,N/A,N/A,N/A,N/A,N/A,N/A,N/A,N/A,N/A,N/A,N/A,N/A,N/A,N/A,N/A,N/A,N/A,N/A,N/A,N/A,N/A,N/A,N/A,N/A,N/A,N/A,N/A,N/A,N/A,N/A,N/A,N/A,N/A,N/A,N/A,N/A,N/A,N/A,N/A,N/A,N/A,N/A,N/A,N/A,N/A,N/A,N/A,N/A,N/A,N/A,N/A,N/A,N/A,N/A,N/A,N/A,N/A,N/A,N/A,N/A,N/A,N/A,N/A,N/A,N/A,N/A,N/A,N/A,N/A,N/A,N/A,N/A,N/A,N/A,N/A,N/A,N/A,N/A,N/A,N/A,N/A,N/A,N/A,N/A,N/A,N/A,N/A,N/A,N/A,N/A,N/A,N/A,N/A,N/A,N/A,N/A,N/A,N/A,N/A,N/A,N/A,N/A,N/A,N/A,N/A,N/A,N/A,N/A,N/A,N/A,N/A,N/A,N/A,N/A,N/A,N/A,N/A,N/A,N/A,N/A,N/A,N/A,N/A,N/A,N/A,N/A,N/A,N/A,N/A,N/A,N/A,N/A,N/A,N/A,N/A,N/A,N/A,N/A,N/A,N/A,N/A,N/A,N/A,N/A,N/A,N/A,N/A,N/A,N/A,N/A,N/A,N/A,N/A,N/A,N/A,N/A,N/A,N/A,N/A,N/A,N/A,N/A,N/A,N/A,N/A,N/A,N/A,N/A,N/A,N/A,N/A,N/A,N/A,N/A,N/A,N/A,N/A,N/A,N/A,N/A,N/A,N/A,N/A,N/A,N/A,N/A,N/A,N/A,N/A,N/A,N/A,N/A,N/A,N/A,N/A,N/A,N/A,N/A,N/A,N/A,N/A,N/A,N/A,N/A,N/A,N/A,N/A,N/A,N/A,N/A,N/A,N/A,N/A,N/A,N/A,N/A,N/A,N/A,N/A,N/A,N/A,N/A,N/A
Alvaro Güich,17,1237791600,2009/03/23,Primera División,2026,Centre Back,Rosario Central,0,0,0,Argentina,0,0,0,0,0,0,0,0,0,0,0,0,0,0,0,0,0,0,0,0,0,0,0,0,0,0,0,0,0,0,0,-1,-1,-1,-1,N/A,N/A,N/A,N/A,N/A,N/A,N/A,N/A,N/A,N/A,N/A,N/A,N/A,N/A,N/A,N/A,N/A,N/A,N/A,N/A,N/A,N/A,N/A,N/A,N/A,N/A,N/A,N/A,N/A,N/A,N/A,N/A,N/A,N/A,N/A,N/A,N/A,N/A,N/A,N/A,N/A,N/A,N/A,N/A,N/A,N/A,N/A,N/A,N/A,N/A,N/A,N/A,N/A,N/A,N/A,N/A,N/A,N/A,N/A,N/A,N/A,N/A,N/A,N/A,N/A,N/A,N/A,N/A,N/A,N/A,N/A,N/A,N/A,N/A,N/A,N/A,N/A,N/A,N/A,N/A,N/A,N/A,N/A,N/A,N/A,N/A,N/A,N/A,N/A,N/A,N/A,N/A,N/A,N/A,N/A,N/A,N/A,N/A,N/A,N/A,N/A,N/A,N/A,N/A,N/A,N/A,N/A,N/A,N/A,N/A,N/A,N/A,N/A,N/A,N/A,N/A,N/A,N/A,N/A,N/A,N/A,N/A,N/A,N/A,N/A,N/A,N/A,N/A,N/A,N/A,N/A,N/A,N/A,N/A,N/A,N/A,N/A,N/A,N/A,N/A,N/A,N/A,N/A,N/A,N/A,N/A,N/A,N/A,N/A,N/A,N/A,N/A,N/A,N/A,N/A,N/A,N/A,N/A,N/A,N/A,N/A,N/A,N/A,N/A,N/A,N/A,N/A,N/A,N/A,N/A,N/A,N/A,N/A,N/A,N/A,N/A,N/A,N/A,N/A,N/A,N/A,N/A,N/A,N/A,N/A,N/A,N/A,N/A,N/A,N/A,N/A,N/A,N/A,N/A,N/A,N/A,N/A,N/A,N/A,N/A,N/A,N/A,N/A,N/A,N/A,N/A,N/A,N/A,N/A,N/A,N/A,N/A,N/A,N/A,N/A,N/A,N/A,N/A,N/A,N/A,N/A,N/A,N/A,N/A
Álvaro Montero,31,796464000,1995/03/29,Primera División,2026,Goalkeeper,Vélez Sarsfield,1530,810,720,Colombia,17,9,8,0,0,0,0,0,0,0,0,7,3,4,11,6,5,0,0,0,0,0,0,0,0,0.65,139,90,0,0,0,374,350,50,21,0,7.21,0,63,21.71,21.71,19,369,10.24,174,2,10.24,4,0.00,0.00,0.12,2,0.00,0.00,0.00,0.00,0,0.00,0.00,0.00,0.00,3.88,0.00,0.00,4.71,0.00,0.00,0.00,0.00,0.00,0.00,0.00,0.00,0.41,0.00,0.00,0,0,,0,0.00,8,0,0.00,22,0,0.00,9,0,0,17,5,0.00,99,0,0,0.00,10,0,28,0.00,12,0,0.00,99,0,0.00,0,0,0.00,0,0.12,12,0,0.00,9,0,0.00,0.00,0,0.00,0,66,94,3.88,89,80,0.00,79,4.71,99,N/A,N/A,N/A,N/A,82.50,0,0.00,0,0.00,0.00,0,47.15,0.00,22,99,0.00,0.00,0,12,12,0,0,33,0.00,0.00,0,29,122.53,1.47,1.47,25,0,0.00,0.00,99,0.00,0,0,0,0.00,0.00,12,0.71,0.71,0.00,0.00,0,0,0.00,56,96,94,56,79,0.51,6,0.03,0.03,0.00,9,0.00,0.00,2,1,0.06,0.06,0.00,0.00,6,0,0.00,9,96,48,81,77,46,16,0,0.00,99,7,0.00,0.41,0.47,0.47,8,8,4,3,0.47,0.47,100.00,0,0.00,99,0,0.00,0,0.00,99,0,0.00,0.00,28,95,30,16,0,0,0,0,0,41,56,74,68,0,99,71,15,15,0,0,16,12,0,0
Álvaro Ocampo,22,1089615600,2004/07/12,Primera División,2026,Defender,Belgrano,335,178,157,Argentina,9,4,5,0,0,0,0,0,0,0,0,4,2,2,3,2,1,0,0,0,0,0,0,0,0,0.81,112,37,0,0,0,235,239,96,19,0,5.78,0,63,33.55,14.33,60,129,9.22,83,14,21.59,46,0.00,0.00,0.11,1,0.00,0.11,1.30,0.56,5,0.00,0.00,0.00,0.00,0.00,0.11,0.11,0.44,0.00,0.00,0.00,0.11,0.00,0.00,0.00,0.00,0.56,0.00,0.00,0,0,,0,0.00,8,0,0.00,22,0,0.00,9,0,7,2,37,0.00,99,0,1,0.26,21,1,28,0.26,26,0,0.00,99,0,0.00,0,0,0.00,0,0.26,23,1,0.26,19,1,0.26,100.00,0,0.00,0,0,0,0.00,0,4,0.00,60,1.04,53,N/A,N/A,N/A,N/A,0.00,0,0.00,0,0.00,0.00,0,64.34,0.00,22,80,0.11,0.26,1,30,99,0,0,0,0.22,0.52,2,83,52.01,2.44,5.72,22,0,0.00,0.00,99,0.00,0,0,0,0.00,0.00,0,0.00,0.00,0.00,0.00,0,0,0.00,56,0,17,56,60,0.20,18,0.02,0.05,0.00,9,0.00,0.00,2,0,0.00,0.00,0.78,0.33,29,3,0.00,9,4,88,81,0,46,55,0,0.00,99,5,0.00,1.30,5.46,2.33,21,11,10,10,2.86,1.22,52.38,0,0.00,99,0,0.00,0,0.00,99,0,0.00,0.00,28,0,92,16,0,0,0,0,0,41,56,74,68,0,99,78,15,15,0,0,16,13,0,0
Ander Herrera,36,619081200,1989/08/14,Primera División,2026,Midfielder,Boca Juniors,467,305,162,Spain,9,5,4,0,0,0,0,0,0,0,0,5,3,2,1,1,0,1,0,0,0,0,0,0,0,0.19,467,52,467,0,0.19,250,208,-1,28,0,6.90,0,63,71.11,41.00,99,369,36.00,324,97,62.44,99,0.00,0.00,0.78,7,0.00,0.56,2.70,1.56,14,0.00,0.33,0.00,0.00,0.00,0.44,0.11,0.11,0.00,1.35,0.67,0.33,0.00,0.11,0.05,0.00,0.44,0.00,0.00,0,0,,7,0.78,64,1,0.19,42,6,1.16,75,4,4,5,89,0.00,99,0,4,0.77,45,5,45,0.96,49,0,0.00,99,0,0.00,0,0,0.00,0,1.35,79,3,0.58,29,1,0.19,33.33,0,0.00,0,0,0,0.00,0,1,0.00,99,0.19,0,N/A,N/A,N/A,N/A,0.00,0,0.00,0,0.46,0.00,0,87.80,14.29,27,38,0.44,0.77,4,23,32,0,0,0,0.11,0.19,1,52,62.06,0.44,0.77,4,0,0.00,0.00,99,0.00,0,0,0,0.00,0.00,0,0.00,0.00,0.00,0.00,0,0,0.00,56,14,17,56,99,0.89,80,0.10,0.17,0.46,52,0.05,0.09,68,7,0.78,1.35,0.77,0.44,28,4,0.09,51,72,24,81,0,46,31,0,0.00,99,4,0.00,0.77,8.09,4.67,42,26,53,27,5.01,2.89,61.90,3,0.58,56,0,20.00,0,0.00,99,1,0.11,0.19,43,18,75,84,0,0,0,0,0,41,56,74,68,0,99,96,75,41,1,11,37,21,0,0
Ángel Di María,38,571824000,1988/02/14,Primera División,2026,Forward,Rosario Central,1048,603,445,Argentina,14,8,6,5,3,2,4,2,2,0,0,3,2,1,11,6,5,2,0,0.77,0.34,0.43,0.45,0.4,210,0.94,95,75,524,262,0.17,26,22,-1,1,0,7.47,0.29,97,49.04,40.79,90,571,30.36,425,43,36.50,84,0.00,0.00,2.64,37,0.00,7.14,0.69,0.57,8,0.00,1.36,0.00,0.00,0.00,0.57,1.71,0.79,7.40,3.18,1.43,4.79,0.00,1.21,0.45,0.00,0.00,0.00,0.00,0,0,,37,2.64,97,17,1.46,98,20,1.72,92,1,3,11,15,0.00,99,0,8,0.69,43,100,68,8.59,99,0,0.00,99,0,0.00,0,0,0.00,0,3.18,99,67,5.75,99,24,2.06,35.82,0,0.00,0,0,0,0.00,0,11,0.00,47,0.94,42,N/A,N/A,N/A,N/A,0.00,0,0.00,0,6.25,0.00,0,74.43,45.95,81,58,0.43,0.52,6,95,34,1,0,0,0.00,0.00,0,29,104.64,0.21,0.26,3,0,0.00,0.00,99,0.00,0,1,3,0.21,0.26,0,0.00,0.00,0.34,0.29,4,1,13.51,80,64,61,61,46,4.57,98,0.33,0.39,5.55,98,0.40,0.48,81,21,1.50,1.80,0.26,0.21,8,3,0.54,98,99,7,98,0,84,1,0,0.00,99,0,0.00,0.00,10.91,9.07,127,52,38,63,4.47,3.71,40.94,19,1.63,13,0,29.00,0,0.00,99,29,2.07,2.49,99,59,66,41,0,0,0,0,0,99,96,94,93,0,99,17,79,37,2,14,47,11,0,0
Ángel Mario Stringa,30,828777600,1996/04/06,Primera División,2026,Forward,Deportivo Riestra,35,35,0,Argentina,2,2,0,0,0,0,0,0,0,0,0,2,2,0,0,0,0,1,0,0,0,0,0,0,0,0,0,18,35,0,2.57,-1,-1,-1,15,0,3.15,0,63,20.00,4.00,11,8,2.50,5,10,12.50,11,0.00,0.00,0.00,0,0.00,0.50,2.50,0.50,1,0.00,0.00,0.00,0.00,0.00,0.00,0.00,0.00,0.00,0.00,0.00,0.00,0.00,0.00,0.00,0.00,0.00,0.00,0.00,0,0,,0,0.00,8,0,0.00,22,0,0.00,9,0,2,0,85,0.00,99,0,0,0.00,10,1,28,2.50,69,0,0.00,99,0,0.00,0,0,0.00,0,0.00,8,0,0.00,9,0,0.00,0.00,0,0.00,0,0,0,0.00,0,0,0.00,99,0.00,0,N/A,N/A,N/A,N/A,0.00,0,0.00,0,0.00,0.00,0,62.50,0.00,22,0,0.50,2.50,1,12,12,0,0,0,0.00,0.00,0,29,6.31,1.00,5.00,2,0,0.00,0.00,99,0.00,0,0,0,0.00,0.00,0,0.00,0.00,0.00,0.00,0,0,0.00,56,0,0,56,0,0.01,6,0.01,0.03,0.00,9,0.00,0.00,2,0,0.00,0.00,7.50,1.50,99,3,0.00,9,0,84,81,0,46,1,0,0.00,99,0,0.00,0.00,15.00,3.00,6,1,8,92,2.50,0.50,16.67,0,0.00,99,0,0.00,0,0.00,99,0,0.00,0.00,28,0,57,16,0,0,0,0,0,41,56,74,68,0,99,99,15,99,1,50,99,35,0,0
Ángel Romero,34,710233200,1992/07/04,Primera División,2026,Forward,Boca Juniors,332,168,164,Paraguay,9,5,4,1,1,0,0,0,0,0,0,5,3,2,4,1,3,0,0,0.27,0,0.27,0.54,0,332,1.08,83,37,0,0,0,68,248,-1,10,0,6.83,0,63,26.85,12.00,37,108,10.00,90,84,22.38,48,0.00,0.00,0.33,3,0.00,0.11,1.24,0.56,5,0.00,0.67,0.00,0.00,0.00,0.22,0.44,0.44,8.00,1.99,0.44,1.00,0.00,0.44,0.15,0.00,1.11,0.00,0.00,0,0,,8,0.89,80,4,0.99,89,4,0.99,68,4,5,4,34,0.00,99,0,2,0.50,31,1,28,0.25,26,0,0.00,99,0,0.00,0,0,0.00,0,0.75,52,9,2.24,74,4,0.99,44.44,0,0.00,0,0,0,0.00,0,4,0.00,35,0.99,48,N/A,N/A,N/A,N/A,0.00,0,0.00,0,1.32,0.00,0,83.33,50.00,91,82,0.11,0.25,1,76,52,0,0,0,0.11,0.25,1,62,61.44,0.33,0.75,3,0,0.00,0.00,99,0.00,0,0,0,0.00,0.00,0,0.00,0.00,0.75,0.33,3,1,12.50,79,0,17,68,35,0.31,42,0.03,0.08,1.32,89,0.15,0.33,97,12,1.33,2.98,0.50,0.22,15,2,0.33,88,62,23,81,0,95,80,0,0.00,99,10,0.00,2.49,15.41,6.89,62,31,95,93,7.71,3.44,50.00,6,1.49,17,0,0.00,0,0.00,99,0,0.00,0.00,28,8,82,84,0,0,0,0,0,77,88,74,95,0,99,96,15,15,0,0,16,29,0,0
Angelo Marchese,21,1091430000,2004/08/02,Primera División,2026,Defender,Tigre,0,0,0,Argentina,0,0,0,0,0,0,0,0,0,0,0,0,0,0,0,0,0,0,0,0,0,0,0,0,0,0,0,0,0,0,0,-1,-1,-1,-1,N/A,N/A,N/A,N/A,N/A,N/A,N/A,N/A,N/A,N/A,N/A,N/A,N/A,N/A,N/A,N/A,N/A,N/A,N/A,N/A,N/A,N/A,N/A,N/A,N/A,N/A,N/A,N/A,N/A,N/A,N/A,N/A,N/A,N/A,N/A,N/A,N/A,N/A,N/A,N/A,N/A,N/A,N/A,N/A,N/A,N/A,N/A,N/A,N/A,N/A,N/A,N/A,N/A,N/A,N/A,N/A,N/A,N/A,N/A,N/A,N/A,N/A,N/A,N/A,N/A,N/A,N/A,N/A,N/A,N/A,N/A,N/A,N/A,N/A,N/A,N/A,N/A,N/A,N/A,N/A,N/A,N/A,N/A,N/A,N/A,N/A,N/A,N/A,N/A,N/A,N/A,N/A,N/A,N/A,N/A,N/A,N/A,N/A,N/A,N/A,N/A,N/A,N/A,N/A,N/A,N/A,N/A,N/A,N/A,N/A,N/A,N/A,N/A,N/A,N/A,N/A,N/A,N/A,N/A,N/A,N/A,N/A,N/A,N/A,N/A,N/A,N/A,N/A,N/A,N/A,N/A,N/A,N/A,N/A,N/A,N/A,N/A,N/A,N/A,N/A,N/A,N/A,N/A,N/A,N/A,N/A,N/A,N/A,N/A,N/A,N/A,N/A,N/A,N/A,N/A,N/A,N/A,N/A,N/A,N/A,N/A,N/A,N/A,N/A,N/A,N/A,N/A,N/A,N/A,N/A,N/A,N/A,N/A,N/A,N/A,N/A,N/A,N/A,N/A,N/A,N/A,N/A,N/A,N/A,N/A,N/A,N/A,N/A,N/A,N/A,N/A,N/A,N/A,N/A,N/A,N/A,N/A,N/A,N/A,N/A,N/A,N/A,N/A,N/A,N/A,N/A,N/A,N/A,N/A,N/A,N/A,N/A,N/A,N/A,N/A,N/A,N/A,N/A,N/A,N/A,N/A,N/A,N/A,N/A
Anibal Ismael Moreno,27,926578800,1999/05/13,Primera División,2026,Midfielder,River Plate,1719,1014,705,Argentina,20,12,8,0,0,0,3,3,0,0,0,9,5,4,16,12,4,3,0,0.16,0.16,0,0,0,0,0.84,107,86,573,573,0.16,482,97,-1,21,0,7.07,0.15,84,60.51,58.80,97,1176,49.90,998,91,51.36,97,0.00,0.00,0.70,14,0.00,0.35,3.24,3.15,63,0.00,0.60,0.00,0.00,0.00,1.50,0.40,0.85,0.00,0.93,0.80,0.60,0.00,0.10,0.05,0.00,0.90,0.00,0.00,0,0,,18,0.90,52,2,0.10,29,16,0.82,60,3,0,20,97,0.00,99,0,30,1.54,85,7,35,0.36,32,0,0.00,99,0,0.00,0,0,0.00,0,0.72,51,12,0.62,31,8,0.41,66.67,0,0.00,0,0,0,0.00,0,17,0.00,58,0.87,37,N/A,N/A,N/A,N/A,0.00,0,0.00,0,0.98,0.00,0,84.86,11.11,24,27,0.90,0.93,18,45,87,0,0,0,0.15,0.15,3,45,141.38,1.70,1.75,34,0,0.00,0.00,99,0.00,0,0,0,0.00,0.00,0,0.00,0.00,0.00,0.00,0,0,0.00,56,99,99,56,57,4.48,90,0.22,0.23,0.98,36,0.05,0.05,34,14,0.70,0.72,1.34,1.30,64,26,0.05,36,91,55,81,0,46,37,0,0.00,99,18,0.00,0.93,9.57,9.30,186,101,59,46,5.20,5.05,54.30,12,0.62,54,0,14.29,0,0.00,99,1,0.05,0.05,28,99,30,74,0,0,0,0,0,62,56,74,68,0,99,79,82,35,3,15,50,6,0,0
Antoliano Santiago Moyano,28,874998000,1997/09/23,Primera División,2026,Defender,Central Córdoba SdE,1044,513,531,Argentina,14,7,7,0,0,0,0,0,0,0,0,5,4,1,10,3,7,1,0,0,0,0,0,0,0,0.86,104,75,1044,0,0.09,362,374,107,21,0,6.71,0,63,27.41,22.71,39,318,17.07,239,47,20.60,42,0.00,0.00,0.64,9,0.00,1.57,1.64,1.36,19,0.00,0.57,0.00,0.00,0.00,1.00,0.93,0.71,0.00,0.52,0.29,1.43,0.00,0.14,0.04,0.00,1.00,0.00,0.00,0,0,,6,0.43,29,2,0.17,39,4,0.34,27,3,1,13,53,0.00,99,0,14,1.21,67,22,64,1.90,62,0,0.00,99,0,0.00,0,0,0.00,0,0.78,55,20,1.72,65,13,1.12,65.00,0,0.00,0,0,0,0.00,0,10,0.00,55,0.86,34,N/A,N/A,N/A,N/A,0.00,0,0.00,0,0.54,0.00,0,75.16,33.33,62,26,0.79,0.95,11,81,83,0,0,0,0.36,0.43,5,78,94.00,2.00,2.41,28,0,0.00,0.00,99,0.00,0,0,0,0.00,0.00,0,0.00,0.00,0.09,0.07,1,0,0.00,56,63,61,56,55,0.80,36,0.06,0.07,0.54,36,0.04,0.05,32,8,0.57,0.69,1.64,1.36,80,19,0.05,36,41,66,81,0,55,51,0,0.00,99,14,0.00,1.21,9.48,7.86,110,54,43,45,4.66,3.86,49.09,8,0.69,50,0,27.27,0,0.00,99,6,0.43,0.52,67,71,44,74,0,0,0,0,0,41,56,74,68,0,99,59,94,23,1,7,25,33,0,0
Antony Daniel Alonso Espinoza,28,894870000,1998/05/11,Primera División,2026,Midfielder,Deportivo Riestra,1212,628,584,Argentina,16,8,8,2,1,1,0,0,0,0,0,6,4,2,7,3,4,2,0,0.15,0,0.15,0.14,0.15,606,0.52,173,76,606,0,0.15,134,223,-1,1,0,6.72,0,63,15.67,13.19,4,211,7.31,117,4,8.69,2,0.00,0.00,0.56,9,0.00,0.44,1.19,1.00,16,0.00,0.50,0.00,0.00,0.00,0.38,0.31,0.50,12.00,1.78,0.56,1.00,0.00,0.94,0.24,0.00,2.69,0.00,0.00,0,0,,24,1.50,74,15,1.11,92,9,0.67,53,3,2,14,32,0.00,99,0,6,0.45,28,7,28,0.52,39,0,0.00,99,0,0.00,0,0,0.00,0,0.67,47,16,1.19,49,5,0.37,31.25,0,0.00,0,0,0,0.00,0,8,0.00,90,0.59,10,N/A,N/A,N/A,N/A,0.00,0,0.00,0,3.85,0.00,0,55.45,62.50,96,58,0.44,0.52,7,41,26,0,0,0,0.12,0.15,2,45,107.55,0.88,1.04,14,1,0.00,0.07,10,0.06,0,0,0,0.00,0.00,0,0.00,0.00,0.45,0.38,6,0,8.33,69,75,88,82,90,0.62,18,0.04,0.05,3.85,86,0.24,0.29,21,6,0.38,0.45,1.49,1.25,73,20,0.29,85,42,36,81,0,88,90,0,0.00,99,43,0.00,3.19,12.55,10.56,169,69,55,80,5.12,4.31,40.83,8,0.59,56,0,0.00,0,0.00,99,0,0.00,0.00,28,78,57,74,0,0,0,0,0,60,76,80,73,0,99,65,84,33,2,12,41,7,0,0
Armando Jesús Méndez Alcorta,30,828259200,1996/03/31,Primera División,2026,Defender,Newell's Old Boys,1177,662,515,Uruguay,14,8,6,0,0,0,0,0,0,0,0,2,2,0,18,8,10,5,1,0,0,0,0,0,0,1.38,65,84,235,0,0.38,542,541,215,27,0,6.79,0,63,20.49,19.14,13,268,13.36,187,27,14.30,18,0.00,0.00,0.93,13,0.00,3.14,3.98,3.71,52,0.00,0.43,0.00,0.00,0.00,1.21,0.71,1.29,0.00,0.61,0.43,1.57,0.00,0.14,0.05,0.00,1.36,0.00,0.00,0,0,,8,0.57,35,2,0.15,36,6,0.46,38,1,0,14,99,0.00,99,0,17,1.30,73,44,40,3.36,80,0,0.00,99,0,0.00,0,0,0.00,0,0.99,66,22,1.68,65,10,0.76,45.45,0,0.00,0,0,0,0.00,0,18,0.00,11,1.38,77,N/A,N/A,N/A,N/A,0.00,0,0.00,0,0.64,0.00,0,69.78,25.00,45,38,0.71,0.76,10,63,53,0,0,0,0.07,0.08,1,33,95.07,2.79,2.98,39,0,0.00,0.00,99,0.00,0,0,0,0.00,0.00,0,0.00,0.00,0.00,0.00,0,1,0.00,56,73,61,56,11,0.90,36,0.06,0.07,0.64,36,0.05,0.05,57,14,1.00,1.07,1.07,1.00,48,14,0.05,36,53,74,81,0,46,59,0,0.00,99,19,0.00,1.45,11.70,10.93,153,95,92,72,7.26,6.79,62.09,6,0.46,64,0,18.18,0,0.00,99,8,0.57,0.61,70,78,30,41,0,0,0,0,0,41,56,74,68,0,99,6,38,78,4,29,85,14,0,0
Augusto Fernández,20,1136534400,2006/01/06,Primera División,2026,Midfielder,Aldosivi,9,9,0,Argentina,1,1,0,0,0,0,0,0,0,0,0,0,0,0,0,0,0,0,0,0,0,0,0,0,0,0,0,9,0,0,0,-1,-1,-1,30,0,6.62,0,63,60.00,6.00,97,6,2.00,2,0,20.00,39,0.00,0.00,1.00,1,0.00,2.00,20.00,2.00,2,0.00,0.00,0.00,0.00,0.00,0.00,0.00,0.00,0.00,0.00,0.00,1.00,0.00,0.00,0.00,0.00,1.00,0.00,0.00,0,0,,0,0.00,8,0,0.00,22,0,0.00,9,0,1,0,99,0.00,99,0,0,0.00,10,2,28,20.00,99,0,0.00,99,0,0.00,0,0,0.00,0,10.00,99,1,10.00,99,0,0.00,0.00,0,0.00,0,0,0,0.00,0,0,0.00,99,0.00,0,N/A,N/A,N/A,N/A,0.00,0,0.00,0,0.00,0.00,0,33.33,0.00,22,0,1.00,10.00,1,12,12,0,0,0,0.00,0.00,0,29,6.62,0.00,0.00,0,0,0.00,0.00,99,0.00,0,0,0,0.00,0.00,0,0.00,0.00,0.00,0.00,0,0,0.00,56,0,0,56,0,0.04,98,0.04,0.40,0.00,9,0.00,0.00,99,1,1.00,10.00,0.00,0.00,6,0,0.00,9,29,1,81,0,46,99,0,0.00,99,1,0.00,10.00,60.00,6.00,6,4,99,99,40.00,4.00,66.67,0,0.00,99,0,0.00,0,0.00,99,0,0.00,0.00,28,0,44,16,0,0,0,0,0,41,56,74,68,0,99,1,15,15,0,0,16,48,0,0
Augusto Lotti,30,834390000,1996/06/10,Primera División,2026,Forward,Platense,181,73,108,Italy,8,4,4,2,1,1,0,0,0,0,0,4,2,2,0,0,0,0,0,0.99,0,0.99,1.23,0.83,91,0,0,23,0,0,0,-1,-1,-1,2,0,6.78,0,63,20.39,5.12,13,41,3.50,28,23,13.92,16,0.00,0.00,0.25,2,0.00,0.50,1.49,0.38,3,0.00,0.12,0.00,0.00,0.00,0.25,0.12,0.12,2.50,2.49,0.25,0.25,0.00,0.38,0.20,0.00,0.38,0.00,0.00,0,0,,5,0.62,90,3,1.49,98,2,0.99,68,3,7,1,46,0.00,99,0,2,0.99,57,4,57,1.99,63,0,0.00,99,0,0.00,0,0,0.00,0,0.99,66,2,0.99,44,1,0.50,50.00,0,0.00,0,0,0,0.00,0,1,0.00,99,0.50,5,N/A,N/A,N/A,N/A,0.00,0,0.00,0,1.59,0.00,0,68.29,60.00,95,61,0.12,0.50,1,51,66,0,0,0,0.00,0.00,0,29,54.22,0.00,0.00,0,0,0.00,0.00,99,0.00,0,0,0,0.00,0.00,0,0.00,0.00,0.50,0.12,1,0,40.00,99,0,11,56,0,0.14,36,0.02,0.07,1.59,99,0.20,0.79,2,0,0.00,0.00,0.99,0.25,43,2,0.79,99,51,1,81,0,91,61,0,0.00,99,3,0.00,1.49,8.45,2.12,17,6,10,31,2.98,0.75,35.29,1,0.50,62,0,25.00,0,0.00,99,1,0.12,0.50,66,0,92,74,0,0,0,0,0,99,99,99,99,0,99,88,15,15,0,0,16,21,0,0
Augusto Max,33,713430000,1992/08/10,Primera División,2026,Midfielder,Gimnasia La Plata,1248,509,739,Argentina,15,6,9,0,0,0,1,0,1,0,0,5,2,3,15,6,9,5,0,0.07,0.07,0,0,0,0,1.08,83,83,250,1248,0.36,506,188,-1,31,0,6.86,0.07,69,35.62,32.93,66,494,27.73,416,87,30.00,72,0.00,0.00,0.20,3,0.00,0.07,3.46,3.20,48,0.00,0.53,0.00,0.00,0.00,1.13,0.53,1.07,0.00,0.22,0.07,0.80,0.00,0.13,0.02,0.00,0.67,0.00,0.00,0,0,,3,0.20,12,2,0.14,34,1,0.07,10,1,0,15,98,0.00,99,0,17,1.23,69,1,28,0.07,16,0,0.00,99,0,0.00,0,0,0.00,0,0.22,21,12,0.87,40,8,0.58,66.67,0,0.00,0,0,0,0.00,0,16,0.00,35,1.15,61,N/A,N/A,N/A,N/A,0.00,0,0.00,0,0.27,0.00,0,84.21,66.67,98,26,0.87,0.94,13,54,87,0,0,0,0.53,0.58,8,86,102.88,1.87,2.02,28,0,0.00,0.00,99,0.00,0,0,0,0.00,0.00,0,0.00,0.00,0.00,0.00,0,0,0.00,56,78,73,56,35,1.58,59,0.11,0.11,0.27,20,0.02,0.02,52,14,0.93,1.01,1.51,1.40,75,21,0.02,20,66,60,81,0,46,29,0,0.00,99,10,0.00,0.72,9.59,8.87,133,80,72,46,5.77,5.33,60.15,8,0.58,56,0,0.00,0,0.00,99,0,0.00,0.00,28,85,30,41,0,0,0,0,0,46,56,74,68,0,99,54,41,75,5,33,92,16,0,0
Augusto Schott,26,948096000,2000/01/17,Primera División,2026,Defender,Talleres Córdoba,1401,693,708,Argentina,16,8,8,3,1,2,0,0,0,0,0,5,3,2,11,5,6,5,0,0.19,0,0.19,0.13,0.25,467,0.71,127,88,280,0,0.32,105,552,70,2,0,6.89,0,63,31.80,30.94,53,495,21.81,349,29,22.42,49,0.00,0.00,0.38,6,0.00,2.19,2.44,2.38,38,0.00,0.19,0.00,0.00,0.00,0.94,0.19,0.88,5.33,1.03,0.62,0.75,0.00,0.38,0.19,0.00,1.75,0.00,0.00,0,0,,16,1.00,55,6,0.39,60,10,0.64,52,3,0,16,84,0.00,99,0,15,0.96,55,35,32,2.25,66,0,0.00,99,0,0.00,0,0,0.00,0,0.39,31,12,0.77,37,3,0.19,25.00,0,0.00,0,0,0,0.00,0,14,0.00,71,0.90,39,N/A,N/A,N/A,N/A,0.00,0,0.00,0,3.02,0.00,0,70.51,37.50,68,66,0.44,0.45,7,23,21,0,0,0,0.31,0.32,5,69,110.23,3.06,3.15,49,0,0.00,0.00,99,0.00,0,0,0,0.00,0.00,0,0.00,0.00,0.06,0.06,1,0,18.75,90,89,88,75,71,1.07,36,0.07,0.07,3.02,72,0.19,0.19,37,12,0.75,0.77,0.96,0.94,40,15,0.19,71,70,75,81,0,48,68,0,0.00,99,28,0.00,1.80,8.61,8.38,134,79,54,33,5.07,4.94,58.96,3,0.19,80,0,11.43,0,0.00,99,4,0.25,0.26,52,93,30,74,0,0,0,0,0,67,82,87,71,0,99,47,47,69,5,31,89,20,0,0
Augusto Solari,34,694425600,1992/01/03,Primera División,2026,Midfielder,Unión Santa Fe,185,13,172,Argentina,10,2,8,0,0,0,0,0,0,0,0,2,2,0,0,0,0,0,0,0,0,0,0,0,0,0,0,19,0,0,0,-1,-1,-1,11,0,5.85,0,63,39.68,8.20,76,82,6.10,61,42,29.52,70,0.00,0.00,0.20,2,0.00,0.50,2.42,0.50,5,0.00,0.50,0.00,0.00,0.00,0.20,0.50,0.20,0.00,2.42,0.30,0.70,0.00,0.20,0.04,0.00,0.30,0.00,0.00,0,0,,5,0.50,89,2,0.97,89,3,1.45,85,1,9,1,84,0.00,99,0,2,0.97,56,5,45,2.42,68,0,0.00,99,0,0.00,0,0,0.00,0,0.97,65,7,3.39,88,5,2.42,71.43,0,0.00,0,0,0,0.00,0,2,0.00,99,0.97,46,N/A,N/A,N/A,N/A,0.00,0,0.00,0,0.44,0.00,0,74.39,40.00,74,0,0.60,2.90,6,97,88,0,0,0,0.10,0.48,1,81,58.54,0.30,1.45,3,0,0.00,0.00,99,0.00,0,0,0,0.00,0.00,0,0.00,0.00,0.97,0.20,2,0,0.00,56,0,23,56,0,0.18,47,0.02,0.09,0.44,76,0.04,0.21,23,1,0.10,0.48,1.94,0.40,88,4,0.21,74,4,48,81,0,98,59,0,0.00,99,3,0.00,1.45,18.39,3.80,38,14,87,98,6.77,1.40,36.84,5,2.42,4,0,20.00,0,0.00,99,1,0.10,0.48,64,0,97,41,0,0,0,0,0,41,56,74,68,0,99,15,15,15,0,0,16,23,0,0
Axel Werner,30,825494400,1996/02/28,Primera División,2026,Goalkeeper,Aldosivi,1350,630,720,Argentina,15,7,8,0,0,0,0,0,0,0,0,4,4,0,17,4,13,3,0,0,0,0,0,0,0,1.13,79,90,450,0,0.2,261,348,168,6,0,6.86,0,63,24.13,24.13,27,362,15.20,228,10,15.20,22,0.00,0.00,0.00,0,0.00,0.00,0.00,0.00,0,0.00,0.00,0.00,0.00,2.80,0.00,0.00,4.00,0.00,0.00,0.00,0.00,0.00,0.00,0.00,0.00,0.40,0.00,0.00,0,0,,0,0.00,8,0,0.00,22,0,0.00,9,0,0,15,5,0.00,99,0,0,0.00,10,0,28,0.00,12,0,0.00,99,0,0.00,0,0,0.00,0,0.00,8,0,0.00,9,0,0.00,0.00,0,0.00,0,42,33,2.80,50,60,0.00,30,4.00,97,N/A,N/A,N/A,N/A,70.00,0,0.00,0,0.00,0.00,0,62.98,0.00,22,93,0.07,0.07,1,12,12,0,0,23,0.00,0.00,0,29,102.83,0.47,0.47,7,0,0.00,0.00,99,0.00,1,0,0,0.00,0.00,3,0.20,0.20,0.00,0.00,0,0,0.00,56,86,73,56,29,0.50,6,0.03,0.03,0.00,9,0.00,0.00,7,3,0.20,0.20,0.00,0.00,6,0,0.00,9,66,13,81,17,46,15,0,0.00,99,6,0.00,0.40,0.60,0.60,9,8,5,5,0.53,0.53,88.89,0,0.00,99,0,0.00,0,0.00,99,0,0.00,0.00,28,85,30,16,0,0,0,0,0,41,56,74,68,0,99,33,73,45,3,20,65,1,0,0
Ayrton Enrique Costa,27,931762800,1999/07/12,Primera División,2026,Defender,Boca Juniors,1186,736,450,Argentina,13,8,5,0,0,0,0,0,0,0,0,7,5,2,10,5,5,2,0,0,0,0,0,0,0,0.76,119,91,593,0,0.15,253,215,82,25,0,6.93,0,63,52.44,53.15,93,691,46.85,609,98,46.21,95,0.00,0.00,0.31,4,0.00,0.15,1.59,1.62,21,0.00,0.31,0.00,0.00,0.00,1.38,0.31,0.77,0.00,0.46,0.46,0.54,0.00,0.00,0.03,0.00,2.54,0.00,0.00,0,0,,6,0.46,26,0,0.00,22,6,0.46,38,5,0,13,51,0.00,99,0,18,1.37,77,2,95,0.15,22,0,0.00,99,0,0.00,0,0,0.00,0,0.30,26,7,0.53,27,4,0.30,57.14,0,0.00,0,0,0,0.00,0,10,0.00,65,0.76,23,N/A,N/A,N/A,N/A,0.00,0,0.00,0,0.33,0.00,0,88.13,0.00,22,65,0.46,0.46,6,33,75,0,0,0,0.23,0.23,3,59,90.12,5.85,5.77,76,1,0.00,0.08,7,0.08,0,0,0,0.00,0.00,0,0.00,0.00,0.38,0.38,5,0,0.00,56,74,49,56,66,1.67,66,0.13,0.13,0.33,26,0.03,0.03,50,13,1.00,0.99,0.61,0.62,19,8,0.03,26,78,88,81,0,85,80,0,0.00,99,33,0.00,2.50,8.65,8.77,114,70,61,34,5.31,5.38,61.40,4,0.30,73,0,50.00,0,0.00,99,1,0.08,0.08,32,71,30,92,0,0,0,0,0,41,56,74,68,0,99,92,83,33,2,15,50,32,0,0
Ayrton Portillo,25,966582000,2000/08/18,Primera División,2026,Defender,Defensa y Justicia,879,388,491,Argentina,11,5,6,3,1,2,1,0,1,0,0,3,1,2,10,4,6,2,0,0.41,0.1,0.31,0.23,0.37,293,1.02,88,80,440,879,0.2,60,139,148,2,0,6.87,0.09,76,21.81,19.36,19,213,13.18,145,22,14.85,20,0.00,0.00,0.64,7,0.00,3.55,1.54,1.36,15,0.00,0.45,0.00,0.00,0.00,0.91,0.27,1.00,3.33,1.02,0.45,1.27,0.00,0.45,0.24,0.00,0.36,0.00,0.00,0,0,,10,0.91,54,5,0.51,70,5,0.51,42,3,0,11,49,0.00,99,0,10,1.02,58,39,51,3.99,85,0,0.00,99,0,0.00,0,0,0.00,0,0.72,51,14,1.43,58,3,0.31,21.43,0,0.00,0,0,0,0.00,0,11,0.00,39,1.13,60,N/A,N/A,N/A,N/A,0.00,0,0.00,0,2.63,0.00,0,68.08,50.00,91,77,0.27,0.31,3,34,17,0,0,0,0.09,0.10,1,36,75.54,1.45,1.64,16,1,0.00,0.10,6,0.09,0,0,0,0.00,0.00,0,0.00,0.00,0.41,0.36,4,1,30.00,97,51,31,67,39,1.17,63,0.11,0.12,2.63,84,0.24,0.27,53,10,0.91,1.02,0.82,0.73,32,8,0.27,83,68,53,81,0,86,16,0,0.00,99,4,0.00,0.41,7.27,6.45,71,32,13,19,3.28,2.91,45.07,5,0.51,62,0,23.08,0,0.00,99,9,0.82,0.92,81,59,30,74,0,0,0,0,0,88,90,93,80,0,99,33,70,45,2,18,57,16,0,0
Baltasar Gallego Rodríguez,23,1057734000,2003/07/09,Primera División,2026,Midfielder,Racing Club,632,302,330,Argentina,13,7,6,0,0,0,1,1,0,0,0,4,2,2,7,3,4,5,0,0.14,0.14,0,0,0,0,1,90,49,126,632,0.71,495,103,-1,18,0,6.77,0.08,82,30.76,16.62,49,216,12.62,164,51,23.35,52,0.00,0.00,0.62,8,0.00,1.69,2.42,1.31,17,0.00,0.77,0.00,0.00,0.00,0.62,1.08,0.54,0.00,2.56,1.15,1.85,0.00,0.23,0.09,0.00,0.54,0.00,0.00,0,0,,18,1.38,92,3,0.43,65,15,2.14,98,8,5,8,84,0.00,99,0,8,1.14,65,22,64,3.13,78,0,0.00,99,0,0.00,0,0,0.00,0,1.14,72,24,3.42,89,14,1.99,58.33,0,0.00,0,0,0,0.00,0,7,0.00,41,1.00,50,N/A,N/A,N/A,N/A,0.00,0,0.00,0,1.18,0.00,0,75.93,16.67,31,55,0.31,0.57,4,94,76,0,0,0,0.00,0.00,0,29,88.00,0.38,0.71,5,0,0.00,0.00,99,0.00,0,0,0,0.00,0.00,0,0.00,0.00,0.28,0.15,2,0,0.00,56,31,49,56,41,1.21,80,0.09,0.17,1.18,69,0.09,0.17,87,14,1.08,1.99,2.71,1.46,96,19,0.17,68,50,22,81,0,79,41,0,0.00,99,7,0.00,1.00,14.67,7.92,103,52,93,91,7.41,4.00,50.49,10,1.42,19,0,27.27,0,0.00,99,6,0.46,0.85,80,40,82,99,0,0,0,0,0,58,56,74,68,0,99,47,17,99,5,38,94,20,0,0
Bautista Barros Schelotto,26,947750400,2000/01/13,Primera División,2026,Defender,Gimnasia La Plata,114,100,14,Argentina,3,2,1,0,0,0,0,0,0,0,0,2,1,1,3,3,0,2,0,0,0,0,0,0,0,2.37,38,38,57,0,1.58,-1,-1,-1,8,0,8.53,0,63,33.95,14.33,62,43,11.67,35,78,27.63,64,0.00,0.00,0.67,2,0.00,2.33,2.37,1.00,3,0.00,0.33,0.00,0.00,0.00,0.00,0.00,1.00,0.00,0.79,0.33,0.67,0.00,0.00,0.02,0.00,0.67,0.00,0.00,0,0,,1,0.33,45,0,0.00,22,1,0.79,58,1,2,1,81,0.00,99,0,0,0.00,10,7,68,5.53,95,0,0.00,99,0,0.00,0,0,0.00,0,1.58,88,2,1.58,62,0,0.00,0.00,0,0.00,0,0,0,0.00,0,3,0.00,0,2.37,93,N/A,N/A,N/A,N/A,0.00,0,0.00,0,0.05,0.00,0,81.40,0.00,22,99,0.00,0.00,0,12,12,0,0,0,0.00,0.00,0,29,25.58,1.00,2.37,3,0,0.00,0.00,99,0.00,0,0,0,0.00,0.00,0,0.00,0.00,0.00,0.00,0,0,0.00,56,0,0,56,0,0.17,66,0.06,0.13,0.05,32,0.02,0.04,2,0,0.00,0.00,2.37,1.00,94,3,0.04,32,99,65,81,0,46,63,0,0.00,99,2,0.00,1.58,7.89,3.33,10,5,23,25,3.95,1.67,50.00,1,0.79,45,0,28.57,0,0.00,99,2,0.67,1.58,95,0,57,41,0,0,0,0,0,41,56,74,68,0,99,99,15,99,1,33,92,31,0,0
Bautista Dadín,20,1148108400,2006/05/20,Primera División,2026,Forward,Independiente Rivadavia,80,1,79,Argentina,5,1,4,0,0,0,0,0,0,0,0,1,0,1,0,0,0,1,0,0,0,0,0,0,0,0,0,16,80,0,1.13,-1,-1,-1,22,0,5.44,0,63,29.39,5.33,45,32,3.67,22,24,20.20,40,0.00,0.00,0.17,1,0.00,0.00,2.76,0.50,3,0.00,0.17,0.00,0.00,0.00,0.00,0.00,0.00,0.00,2.76,0.33,0.50,0.00,0.17,0.04,0.00,0.00,0.00,0.00,0,0,,3,0.50,94,1,0.92,87,2,1.84,95,0,5,0,90,0.00,99,0,0,0.00,10,0,28,0.00,12,0,0.00,99,0,0.00,0,0,0.00,0,0.92,62,3,2.76,82,0,0.00,0.00,0,0.00,0,0,0,0.00,0,0,0.00,99,0.00,0,N/A,N/A,N/A,N/A,0.00,0,0.00,0,0.25,0.00,0,68.75,33.33,62,27,0.17,0.92,1,12,12,0,0,0,0.17,0.92,1,97,32.63,0.00,0.00,0,0,0.00,0.00,99,0.00,0,0,0,0.00,0.00,0,0.00,0.00,0.00,0.00,0,0,0.00,56,0,1,56,0,0.10,47,0.02,0.09,0.25,78,0.04,0.23,2,0,0.00,0.00,2.76,0.50,97,3,0.23,77,2,1,81,0,46,1,0,0.00,99,0,0.00,0.00,19.29,3.50,21,3,9,98,2.76,0.50,14.29,1,0.92,38,0,0.00,0,0.00,99,0,0.00,0.00,28,0,82,16,0,0,0,0,0,41,56,74,68,0,99,15,15,99,1,20,65,17,0,0
Bautista Gerez,19,1168675200,2007/01/13,Primera División,2026,Forward,Central Córdoba SdE,14,10,4,Argentina,2,1,1,0,0,0,0,0,0,0,0,0,0,0,0,0,0,0,0,0,0,0,0,0,0,0,0,7,0,0,0,-1,-1,-1,9,0,0.00,0,63,67.50,3.00,99,3,3.00,3,99,67.50,99,0.00,0.00,0.00,0,0.00,0.00,0.00,0.00,0,0.00,0.00,0.00,0.00,0.00,0.00,0.00,0.00,0.00,0.00,0.00,0.00,0.00,0.00,0.00,0.00,0.00,0.00,0.00,0,0,,0,0.00,8,0,0.00,22,0,0.00,9,0,2,0,5,0.00,99,0,0,0.00,10,0,28,0.00,12,0,0.00,99,0,0.00,0,0,0.00,0,0.00,8,0,0.00,9,0,0.00,0.00,0,0.00,0,0,0,0.00,0,0,0.00,99,0.00,0,N/A,N/A,N/A,N/A,0.00,0,0.00,0,0.00,0.00,0,100.00,0.00,22,99,0.00,0.00,0,12,12,0,0,0,0.00,0.00,0,29,0.00,0.00,0.00,0,0,0.00,0.00,99,0.00,0,0,0,0.00,0.00,0,0.00,0.00,0.00,0.00,0,0,0.00,56,0,0,56,0,0.01,90,0.01,0.23,0.00,9,0.00,0.00,2,0,0.00,0.00,0.00,0.00,6,0,0.00,9,0,1,81,0,46,1,0,0.00,99,0,0.00,0.00,0.00,0.00,0,0,0,0,0.00,0.00,0.00,0,0.00,99,0,0.00,0,0.00,99,0,0.00,0.00,28,0,57,16,0,0,0,0,0,41,56,74,68,0,99,1,15,15,0,0,16,39,0,0
Bautista Merlini,31,804841200,1995/07/04,Primera División,2026,Forward,Platense,456,170,286,Argentina,14,8,6,1,0,1,0,0,0,0,0,4,2,2,5,3,2,0,0,0.2,0,0.2,0,0.31,456,0.99,91,33,0,0,0,101,371,-1,6,0,6.72,0,63,50.92,18.43,93,258,15.64,219,91,43.22,93,0.00,0.00,0.36,5,0.00,0.21,1.38,0.50,7,0.00,0.57,0.00,0.00,0.00,0.21,0.14,0.36,10.00,1.97,0.43,0.79,0.00,0.29,0.10,0.00,0.29,0.00,0.00,0,0,,10,0.71,79,4,0.79,84,6,1.18,76,3,11,3,41,0.00,99,0,3,0.59,35,3,28,0.59,41,0,0.00,99,0,0.00,0,0,0.00,0,0.99,66,11,2.17,73,2,0.39,18.18,0,0.00,0,0,0,0.00,0,5,0.00,41,0.99,48,N/A,N/A,N/A,N/A,0.00,0,0.00,0,1.38,0.00,0,84.88,40.00,74,36,0.29,0.79,4,43,15,0,0,0,0.00,0.00,0,29,94.08,0.07,0.20,1,0,0.00,0.00,99,0.00,0,0,1,0.07,0.20,0,0.00,0.00,0.20,0.07,1,0,10.00,72,11,61,74,41,0.63,63,0.04,0.12,1.38,84,0.10,0.27,99,22,1.57,4.34,0.99,0.36,43,5,0.27,83,42,5,97,0,72,32,0,0.00,99,4,0.00,0.79,12.83,4.64,65,35,89,82,6.91,2.50,53.85,8,1.58,14,0,0.00,0,0.00,99,0,0.00,0.00,28,3,99,74,0,0,0,0,0,69,83,90,68,0,99,39,15,15,0,0,16,18,0,0
Bautista Pieroni,17,1216796400,2008/07/23,Primera División,2026,Defender,Estudiantes Río Cuarto,7,7,0,Argentina,1,1,0,0,0,0,0,0,0,0,0,0,0,0,0,0,0,0,0,0,0,0,0,0,0,0,0,7,0,0,0,-1,-1,-1,31,0,0.00,0,63,0.00,0.00,0,0,0.00,0,0,0.00,0,0.00,0.00,0.00,0,0.00,0.00,0.00,0.00,0,0.00,0.00,0.00,0.00,0.00,0.00,0.00,0.00,0.00,0.00,0.00,0.00,0.00,0.00,0.00,0.00,0.00,0.00,0.00,0,0,,0,0.00,8,0,0.00,22,0,0.00,9,0,1,0,5,0.00,99,0,0,0.00,10,0,28,0.00,12,0,0.00,99,0,0.00,0,0,0.00,0,0.00,8,0,0.00,9,0,0.00,0.00,0,0.00,0,0,0,0.00,0,0,0.00,99,0.00,0,N/A,N/A,N/A,N/A,0.00,0,0.00,0,0.00,0.00,0,0.00,0.00,22,99,0.00,0.00,0,12,12,0,0,0,0.00,0.00,0,29,0.00,0.00,0.00,0,0,0.00,0.00,99,0.00,0,0,0,0.00,0.00,0,0.00,0.00,0.00,0.00,0,0,0.00,56,0,0,56,0,0.00,0,0.00,0.00,0.00,9,0.00,0.00,2,0,0.00,0.00,0.00,0.00,6,0,0.00,9,0,1,81,0,46,1,0,0.00,99,0,0.00,0.00,0.00,0.00,0,0,0,0,0.00,0.00,0.00,0,0.00,99,0,0.00,0,0.00,99,0,0.00,0.00,28,0,44,16,0,0,0,0,0,41,56,74,68,0,99,1,15,15,0,0,16,47,0,0
Benjamín Acosta,20,1139385600,2006/02/08,Primera División,2026,Forward,Lanús,21,21,0,Argentina,1,1,0,0,0,0,0,0,0,0,0,1,1,0,0,0,0,0,0,0,0,0,0,0,0,0,0,21,0,0,0,-1,-1,-1,11,0,6.41,0,63,30.00,7.00,47,7,5.00,5,31,21.43,46,0.00,0.00,0.00,0,0.00,1.00,0.00,0.00,0,0.00,0.00,0.00,0.00,0.00,0.00,0.00,0.00,0.00,8.57,2.00,1.00,0.00,0.00,0.10,0.00,1.00,0.00,0.00,0,0,,2,2.00,99,0,0.00,22,2,8.57,99,0,1,0,5,0.00,99,0,0,0.00,10,1,28,4.29,88,0,0.00,99,0,0.00,0,0,0.00,0,0.00,8,1,4.29,95,0,0.00,0.00,0,0.00,0,0,0,0.00,0,0,0.00,99,0.00,0,N/A,N/A,N/A,N/A,0.00,0,0.00,0,0.10,0.00,0,71.43,0.00,22,99,0.00,0.00,0,12,12,0,0,0,0.00,0.00,0,29,6.41,0.00,0.00,0,0,0.00,0.00,99,0.00,0,0,0,0.00,0.00,0,0.00,0.00,0.00,0.00,0,0,0.00,56,0,0,56,0,0.01,11,0.01,0.04,0.10,96,0.10,0.43,99,1,1.00,4.29,4.29,1.00,99,1,0.43,94,16,1,81,0,46,97,0,0.00,99,1,0.00,4.29,25.71,6.00,6,1,33,99,4.29,1.00,16.67,0,0.00,99,0,0.00,0,0.00,99,0,0.00,0.00,28,0,44,16,0,0,0,0,0,41,56,74,68,0,99,99,15,15,0,0,16,38,0,0
Benjamín Bosch,21,1118818800,2005/06/15,Primera División,2026,Forward,Platense,21,21,0,Argentina,2,2,0,0,0,0,0,0,0,0,0,0,0,0,0,0,0,0,0,0,0,0,0,0,0,0,0,11,0,0,0,-1,-1,-1,13,0,6.46,0,63,55.71,6.50,95,13,4.00,8,9,34.29,81,0.00,0.00,0.00,0,0.00,1.00,0.00,0.00,0,0.00,0.50,0.00,0.00,0.00,0.00,0.00,0.00,0.00,4.29,0.50,0.00,0.00,0.00,0.03,0.00,0.00,0.00,0.00,0,0,,1,0.50,99,0,0.00,22,1,4.29,99,0,2,0,5,0.00,99,0,0,0.00,10,2,28,8.57,99,0,0.00,99,0,0.00,0,0,0.00,0,0.00,8,0,0.00,9,0,0.00,0.00,0,0.00,0,0,0,0.00,0,0,0.00,99,0.00,0,N/A,N/A,N/A,N/A,0.00,0,0.00,0,0.05,0.00,0,61.54,0.00,22,0,0.50,4.29,1,12,12,0,0,0,0.00,0.00,0,29,12.93,0.50,4.29,1,0,0.00,0.00,99,0.00,0,0,0,0.00,0.00,0,0.00,0.00,0.00,0.00,0,0,0.00,56,0,0,56,0,0.01,11,0.01,0.04,0.05,76,0.03,0.21,99,1,0.50,4.29,0.00,0.00,6,0,0.21,74,17,82,81,0,46,1,0,0.00,99,0,0.00,0.00,17.14,2.00,4,1,33,96,4.29,0.50,25.00,1,4.29,0,0,0.00,0,0.00,99,0,0.00,0.00,28,0,57,16,0,0,0,0,0,41,56,74,68,0,99,1,15,15,0,0,16,47,0,0
Benjamín González,19,1179990000,2007/05/24,Primera División,2026,Midfielder,Racing Club,0,0,0,Argentina,0,0,0,0,0,0,0,0,0,0,0,0,0,0,0,0,0,0,0,0,0,0,0,0,0,0,0,0,0,0,0,-1,-1,-1,-1,N/A,N/A,N/A,N/A,N/A,N/A,N/A,N/A,N/A,N/A,N/A,N/A,N/A,N/A,N/A,N/A,N/A,N/A,N/A,N/A,N/A,N/A,N/A,N/A,N/A,N/A,N/A,N/A,N/A,N/A,N/A,N/A,N/A,N/A,N/A,N/A,N/A,N/A,N/A,N/A,N/A,N/A,N/A,N/A,N/A,N/A,N/A,N/A,N/A,N/A,N/A,N/A,N/A,N/A,N/A,N/A,N/A,N/A,N/A,N/A,N/A,N/A,N/A,N/A,N/A,N/A,N/A,N/A,N/A,N/A,N/A,N/A,N/A,N/A,N/A,N/A,N/A,N/A,N/A,N/A,N/A,N/A,N/A,N/A,N/A,N/A,N/A,N/A,N/A,N/A,N/A,N/A,N/A,N/A,N/A,N/A,N/A,N/A,N/A,N/A,N/A,N/A,N/A,N/A,N/A,N/A,N/A,N/A,N/A,N/A,N/A,N/A,N/A,N/A,N/A,N/A,N/A,N/A,N/A,N/A,N/A,N/A,N/A,N/A,N/A,N/A,N/A,N/A,N/A,N/A,N/A,N/A,N/A,N/A,N/A,N/A,N/A,N/A,N/A,N/A,N/A,N/A,N/A,N/A,N/A,N/A,N/A,N/A,N/A,N/A,N/A,N/A,N/A,N/A,N/A,N/A,N/A,N/A,N/A,N/A,N/A,N/A,N/A,N/A,N/A,N/A,N/A,N/A,N/A,N/A,N/A,N/A,N/A,N/A,N/A,N/A,N/A,N/A,N/A,N/A,N/A,N/A,N/A,N/A,N/A,N/A,N/A,N/A,N/A,N/A,N/A,N/A,N/A,N/A,N/A,N/A,N/A,N/A,N/A,N/A,N/A,N/A,N/A,N/A,N/A,N/A,N/A,N/A,N/A,N/A,N/A,N/A,N/A,N/A,N/A,N/A,N/A,N/A,N/A,N/A,N/A,N/A,N/A,N/A
Blas Agustín Palavecino,23,1047196800,2003/03/09,Primera División,2026,Forward,Aldosivi,926,607,319,Argentina,15,8,7,0,0,0,0,0,0,0,0,4,4,0,10,4,6,4,0,0,0,0,0,0,0,0.97,93,62,232,0,0.39,425,420,-1,24,0,6.76,0,63,18.84,12.87,8,193,8.93,134,26,13.08,12,0.00,0.00,0.47,7,0.00,1.87,1.46,1.00,15,0.00,0.80,0.00,0.00,0.00,0.60,1.07,0.67,0.00,1.27,0.60,2.13,0.00,0.27,0.06,0.00,1.67,0.00,0.00,0,0,,13,0.87,63,4,0.39,60,9,0.88,64,1,4,11,45,0.00,99,0,9,0.88,51,28,57,2.73,73,0,0.00,99,0,0.00,0,0,0.00,0,0.68,47,32,3.12,86,16,1.56,50.00,0,0.00,0,0,0,0.00,0,10,0.00,44,0.98,47,N/A,N/A,N/A,N/A,0.00,0,0.00,0,0.92,0.00,0,69.43,30.77,54,29,0.60,0.88,9,90,66,0,0,0,0.13,0.20,2,55,101.37,0.60,0.88,9,0,0.00,0.00,99,0.00,0,0,1,0.07,0.10,0,0.00,0.00,0.29,0.20,3,0,0.00,56,55,73,56,44,0.55,18,0.04,0.05,0.92,52,0.06,0.09,93,24,1.60,2.34,1.37,0.93,65,14,0.09,51,49,31,90,0,79,80,0,0.00,99,25,0.00,2.44,15.62,10.67,160,79,95,93,7.71,5.27,49.38,12,1.17,26,0,25.00,0,0.00,99,7,0.47,0.68,73,59,75,41,0,0,0,0,0,41,56,74,68,0,99,33,37,80,4,27,82,11,0,0
Blas Esteban Armoa Núñez,26,949564800,2000/02/03,Primera División,2026,Forward,Gimnasia Mendoza,249,158,91,Paraguay,7,5,2,1,0,1,0,0,0,0,0,1,1,0,6,4,2,1,0,0.36,0,0.36,0,0.99,249,2.17,42,36,249,0,0.36,-1,-1,-1,4,0,6.51,0,63,18.07,7.14,7,50,4.43,31,9,11.20,8,0.00,0.00,0.00,0,0.00,0.43,0.00,0.00,0,0.00,0.71,0.00,0.00,0.00,0.00,0.29,0.86,5.00,1.81,0.43,0.71,0.00,0.29,0.14,0.00,0.71,0.00,0.00,0,0,,5,0.71,75,2,0.72,81,3,1.08,71,1,5,2,5,0.00,99,0,0,0.00,10,3,28,1.08,51,0,0.00,99,0,0.00,0,0,0.00,0,0.00,8,5,1.81,67,2,0.72,40.00,0,0.00,0,0,0,0.00,0,6,0.00,0,2.17,92,N/A,N/A,N/A,N/A,0.00,0,0.00,0,0.99,0.00,0,62.00,40.00,74,73,0.14,0.36,1,61,43,0,0,0,0.00,0.00,0,29,45.59,0.29,0.72,2,0,0.00,0.00,99,0.00,0,0,0,0.00,0.00,0,0.00,0.00,0.72,0.29,2,0,20.00,93,0,6,65,0,0.06,2,0.01,0.02,0.99,93,0.14,0.36,91,6,0.86,2.17,1.45,0.57,70,4,0.36,91,18,22,81,0,95,68,0,0.00,99,5,0.00,1.81,12.29,4.86,34,13,44,78,4.70,1.86,38.24,5,1.81,9,0,0.00,0,0.00,99,0,0.00,0.00,28,0,82,41,0,0,0,0,0,84,92,99,68,0,99,6,41,75,1,14,47,27,0,0
Brahian Cuello,28,875602800,1997/09/30,Primera División,2026,Midfielder,Unión Santa Fe,877,310,567,Argentina,14,6,8,3,0,3,0,0,0,0,0,3,3,0,14,4,10,3,0,0.31,0,0.31,0,0.48,292,1.44,63,63,292,0,0.31,59,288,-1,4,0,6.70,0,63,27.71,19.29,39,270,14.21,199,40,20.42,41,0.00,0.00,0.14,2,0.00,1.29,1.23,0.86,12,0.00,0.71,0.00,0.00,0.00,0.57,0.36,1.00,7.00,2.16,0.93,1.00,0.00,0.57,0.24,0.00,1.43,0.00,0.00,0,0,,21,1.50,83,8,0.82,85,13,1.33,82,1,2,12,34,0.00,99,0,8,0.82,49,18,49,1.85,61,0,0.00,99,0,0.00,0,0,0.00,0,0.21,20,14,1.44,58,5,0.51,35.71,0,0.00,0,0,0,0.00,0,14,0.00,9,1.44,81,N/A,N/A,N/A,N/A,0.00,0,0.00,0,3.39,0.00,0,73.70,38.10,68,59,0.36,0.51,5,51,34,0,0,0,0.14,0.21,2,56,93.73,0.71,1.03,10,0,0.00,0.00,99,0.00,0,0,0,0.00,0.00,0,0.00,0.00,0.21,0.14,2,0,14.29,83,51,61,67,9,0.44,18,0.03,0.05,3.39,91,0.24,0.35,80,17,1.21,1.74,1.74,1.21,83,17,0.35,90,38,36,81,0,73,72,0,0.00,99,20,0.00,2.05,11.60,8.07,113,53,64,71,5.44,3.79,46.90,10,1.03,33,0,22.22,0,0.00,99,4,0.29,0.41,61,65,57,41,0,0,0,0,0,81,90,96,68,0,99,17,50,67,3,21,68,22,0,0
Braian Ezequiel Romero,35,676969200,1991/06/15,Primera División,2026,Forward,Vélez Sarsfield,294,167,127,Argentina,10,5,5,1,0,1,0,0,0,0,0,5,2,3,2,2,0,3,0,0.31,0,0.31,0,0.71,294,0.61,147,29,98,0,0.92,63,361,-1,5,0,5.25,0,63,14.13,4.60,2,46,2.20,22,2,6.76,0,0.00,0.00,0.30,3,0.00,0.10,0.31,0.10,1,0.00,0.50,0.00,0.00,0.00,0.00,0.10,0.30,12.00,3.69,0.80,0.30,0.00,0.40,0.15,0.00,0.60,0.00,0.00,0,0,,12,1.20,99,4,1.23,95,8,2.46,99,5,8,2,9,0.00,99,0,0,0.00,10,1,28,0.31,29,0,0.00,99,0,0.00,0,0,0.00,0,0.92,62,3,0.92,41,1,0.31,33.33,0,0.00,0,0,0,0.00,0,3,0.00,83,0.92,40,N/A,N/A,N/A,N/A,0.00,0,0.00,0,1.52,0.00,0,47.83,33.33,62,27,0.30,0.92,3,34,32,1,0,0,0.00,0.00,0,29,52.47,0.60,1.84,6,0,0.00,0.00,99,0.00,0,1,0,0.00,0.00,0,0.00,0.00,0.31,0.10,1,0,8.33,69,0,23,67,83,0.18,26,0.02,0.06,0.82,82,0.08,0.25,82,6,0.60,1.84,1.23,0.40,57,4,0.47,96,1,57,81,0,81,69,0,0.00,99,6,0.00,1.84,11.67,3.80,38,14,34,72,4.30,1.40,36.84,5,1.54,16,0,0.00,0,0.00,99,0,0.00,0.00,28,0,95,92,0,0,0,0,0,81,90,99,68,0,99,88,16,99,3,30,87,9,0,0
Branco Lautaro Salinardi,19,1177570800,2007/04/26,Primera División,2026,Forward,San Lorenzo,0,0,0,Argentina,0,0,0,0,0,0,0,0,0,0,0,0,0,0,0,0,0,0,0,0,0,0,0,0,0,0,0,0,0,0,0,-1,-1,-1,-1,N/A,N/A,N/A,N/A,N/A,N/A,N/A,N/A,N/A,N/A,N/A,N/A,N/A,N/A,N/A,N/A,N/A,N/A,N/A,N/A,N/A,N/A,N/A,N/A,N/A,N/A,N/A,N/A,N/A,N/A,N/A,N/A,N/A,N/A,N/A,N/A,N/A,N/A,N/A,N/A,N/A,N/A,N/A,N/A,N/A,N/A,N/A,N/A,N/A,N/A,N/A,N/A,N/A,N/A,N/A,N/A,N/A,N/A,N/A,N/A,N/A,N/A,N/A,N/A,N/A,N/A,N/A,N/A,N/A,N/A,N/A,N/A,N/A,N/A,N/A,N/A,N/A,N/A,N/A,N/A,N/A,N/A,N/A,N/A,N/A,N/A,N/A,N/A,N/A,N/A,N/A,N/A,N/A,N/A,N/A,N/A,N/A,N/A,N/A,N/A,N/A,N/A,N/A,N/A,N/A,N/A,N/A,N/A,N/A,N/A,N/A,N/A,N/A,N/A,N/A,N/A,N/A,N/A,N/A,N/A,N/A,N/A,N/A,N/A,N/A,N/A,N/A,N/A,N/A,N/A,N/A,N/A,N/A,N/A,N/A,N/A,N/A,N/A,N/A,N/A,N/A,N/A,N/A,N/A,N/A,N/A,N/A,N/A,N/A,N/A,N/A,N/A,N/A,N/A,N/A,N/A,N/A,N/A,N/A,N/A,N/A,N/A,N/A,N/A,N/A,N/A,N/A,N/A,N/A,N/A,N/A,N/A,N/A,N/A,N/A,N/A,N/A,N/A,N/A,N/A,N/A,N/A,N/A,N/A,N/A,N/A,N/A,N/A,N/A,N/A,N/A,N/A,N/A,N/A,N/A,N/A,N/A,N/A,N/A,N/A,N/A,N/A,N/A,N/A,N/A,N/A,N/A,N/A,N/A,N/A,N/A,N/A,N/A,N/A,N/A,N/A,N/A,N/A,N/A,N/A,N/A,N/A,N/A,N/A
Brandon Márquez,21,1109059200,2005/02/22,Primera División,2026,Forward,Sarmiento,56,8,48,Argentina,4,1,3,0,0,0,0,0,0,0,0,0,0,0,0,0,0,1,0,0,0,0,0,0,0,0,0,14,56,0,1.61,-1,-1,-1,15,0,6.50,0,63,16.36,2.50,5,10,2.25,9,99,14.73,20,0.00,0.00,0.50,2,0.00,0.75,1.64,0.25,1,0.00,0.50,0.00,0.00,0.00,0.25,0.00,0.50,0.00,0.00,0.00,0.25,0.00,0.00,0.00,0.00,0.50,0.00,0.00,0,0,,0,0.00,8,0,0.00,22,0,0.00,9,0,4,0,53,0.00,99,0,1,1.64,87,3,28,4.91,92,0,0.00,99,0,0.00,0,0,0.00,0,3.27,99,1,1.64,63,0,0.00,0.00,0,0.00,0,0,0,0.00,0,2,0.00,99,3.27,94,N/A,N/A,N/A,N/A,0.00,0,0.00,0,0.00,0.00,0,90.00,0.00,22,99,0.00,0.00,0,12,12,0,0,0,0.00,0.00,0,29,25.99,0.25,1.64,1,0,0.00,0.00,99,0.00,0,0,0,0.00,0.00,0,0.00,0.00,1.64,0.25,1,0,0.00,56,0,0,56,0,0.09,74,0.02,0.15,0.00,9,0.00,0.00,2,0,0.00,0.00,1.64,0.25,80,1,0.00,9,17,53,81,0,99,92,0,0.00,99,2,0.00,3.27,14.73,2.25,9,3,49,91,4.91,0.75,33.33,2,3.27,1,0,0.00,0,0.00,99,0,0.00,0.00,28,0,75,16,0,0,0,0,0,41,56,74,68,0,99,1,15,99,1,25,79,40,0,0
Brayan Josué Cortés Fernández,31,794908800,1995/03/11,Primera División,2026,Goalkeeper,Argentinos Juniors,1710,1080,630,Chile,19,12,7,0,0,0,0,0,0,0,0,10,8,2,13,4,9,3,0,0,0,0,0,0,0,0.68,132,90,570,0,0.16,349,341,64,22,0,6.87,0,63,32.14,33.26,55,632,26.00,494,62,25.12,56,0.00,0.00,0.05,1,0.00,0.00,0.05,0.05,1,0.00,0.00,0.00,0.00,2.00,0.00,0.05,2.74,0.00,0.00,0.00,0.05,0.00,0.00,0.00,0.00,0.42,0.00,0.00,0,0,,0,0.00,8,0,0.00,22,0,0.00,9,0,0,19,5,0.00,99,0,0,0.00,10,0,28,0.00,12,0,0.00,99,0,0.00,0,0,0.00,0,0.05,8,1,0.05,9,1,0.05,100.00,0,0.00,0,38,44,1.93,8,52,0.00,74,2.64,93,N/A,N/A,N/A,N/A,73.08,0,0.00,0,0.00,0.00,0,78.16,0.00,22,99,0.00,0.00,0,12,99,0,0,17,0.00,0.00,0,29,130.61,0.89,0.86,17,0,0.00,0.00,99,0.00,0,0,0,0.00,0.00,8,0.42,0.41,0.00,0.00,0,0,0.00,56,99,99,56,74,1.06,18,0.06,0.05,0.00,9,0.00,0.00,2,0,0.00,0.00,0.00,0.00,6,0,0.00,9,68,30,81,57,46,16,0,0.00,99,8,0.00,0.41,0.51,0.53,10,10,5,3,0.51,0.53,100.00,0,0.00,99,0,0.00,0,0.00,99,0,0.00,0.00,28,99,30,16,0,0,0,0,0,41,56,74,68,0,99,91,81,35,3,16,50,25,0,0
Brian Aguirre,23,1041840000,2003/01/06,Primera División,2026,Forward,Estudiantes,493,260,233,Argentina,11,8,3,1,0,1,2,2,0,0,0,7,4,3,3,3,0,2,0,0.55,0.37,0.18,0,0.39,493,0.55,164,45,247,247,0.37,106,21,-1,10,0,6.71,0.18,98,21.38,10.00,18,110,7.64,84,54,16.33,27,0.00,0.00,0.36,4,0.00,2.73,1.36,0.64,7,0.00,0.73,0.00,0.00,0.00,0.36,0.64,0.36,12.00,2.33,0.55,1.64,0.00,0.55,0.14,0.00,0.45,0.00,0.00,0,0,,12,1.09,88,6,1.17,94,6,1.17,75,2,7,4,40,0.00,99,0,4,0.78,46,30,45,5.83,95,0,0.00,99,0,0.00,0,0,0.00,0,0.78,55,18,3.50,89,7,1.36,38.89,0,0.00,0,0,0,0.00,0,4,0.00,88,0.78,25,N/A,N/A,N/A,N/A,0.00,0,0.00,0,1.56,0.00,0,76.36,50.00,91,37,0.36,0.78,4,86,39,0,0,0,0.00,0.00,0,29,73.78,0.18,0.39,2,0,0.00,0.00,99,0.00,0,0,0,0.00,0.00,0,0.00,0.00,0.39,0.18,2,0,8.33,69,16,31,75,87,1.42,95,0.13,0.28,1.56,87,0.14,0.30,38,4,0.36,0.78,2.72,1.27,97,14,0.30,86,41,10,81,0,85,39,0,0.00,99,5,0.00,0.97,12.25,5.73,63,23,38,78,4.47,2.09,36.51,8,1.56,15,0,20.00,0,0.00,99,6,0.55,1.17,88,8,92,57,0,0,0,0,0,95,81,94,68,0,99,98,41,77,2,18,57,33,0,0
Brian Nicolás Ferreyra,29,847699200,1996/11/11,Primera División,2026,Forward,Gimnasia Mendoza,231,100,131,Argentina,10,5,5,0,0,0,0,0,0,0,0,3,1,2,5,1,4,1,0,0,0,0,0,0,0,1.95,46,23,231,0,0.39,-1,-1,-1,22,0,6.54,0,63,18.31,4.70,7,47,2.50,25,3,9.74,4,0.00,0.00,0.20,2,0.00,0.00,1.95,0.50,5,0.00,0.30,0.00,0.00,0.00,0.10,0.10,0.50,0.00,1.95,0.40,0.40,0.00,0.10,0.03,0.00,1.40,0.00,0.00,0,0,,5,0.50,79,1,0.39,60,4,1.56,88,0,10,0,68,0.00,99,0,1,0.39,25,0,28,0.00,12,0,0.00,99,0,0.00,0,0,0.00,0,0.78,55,4,1.56,61,1,0.39,25.00,0,0.00,0,0,0,0.00,0,5,0.00,1,1.95,92,N/A,N/A,N/A,N/A,0.00,0,0.00,0,0.33,0.00,0,53.19,20.00,35,37,0.20,0.78,2,43,21,0,0,0,0.00,0.00,0,29,65.40,0.60,2.34,6,0,0.00,0.00,99,0.00,0,0,0,0.00,0.00,0,0.00,0.00,1.17,0.30,3,0,0.00,56,0,23,56,1,0.12,18,0.01,0.05,0.33,62,0.03,0.13,85,5,0.50,1.95,3.90,1.00,99,10,0.13,60,20,64,81,0,99,99,0,0.00,99,14,0.00,5.45,21.82,5.60,56,24,98,99,9.35,2.40,42.86,3,1.17,26,0,0.00,0,0.00,99,0,0.00,0.00,28,0,98,16,0,0,0,0,0,41,56,74,68,0,99,41,37,80,1,10,34,9,0,0
Bruno Alejandro Pittón,33,728553600,1993/02/01,Primera División,2026,Defender,Unión Santa Fe,276,90,186,Argentina,10,3,7,0,0,0,0,0,0,0,0,3,3,0,2,0,2,0,0,0,0,0,0,0,0,0.65,138,28,0,0,0,434,435,49,18,0,5.90,0,63,38.30,12.00,72,120,9.30,93,59,29.68,71,0.00,0.00,0.20,2,0.00,0.60,3.83,1.20,12,0.00,0.20,0.00,0.00,0.00,0.60,0.10,0.40,0.00,0.32,0.10,0.30,0.00,0.00,0.01,0.00,0.60,0.00,0.00,0,0,,1,0.10,17,0,0.00,22,1,0.32,25,1,7,3,98,0.00,99,0,6,1.91,93,6,39,1.91,62,0,0.00,99,0,0.00,0,0,0.00,0,0.64,45,3,0.96,43,1,0.32,33.33,0,0.00,0,0,0,0.00,0,4,0.00,79,1.28,71,N/A,N/A,N/A,N/A,0.00,0,0.00,0,0.06,0.00,0,77.50,0.00,22,10,0.40,1.28,4,36,32,0,0,0,0.10,0.32,1,69,58.97,0.50,1.60,5,0,0.00,0.00,99,0.00,0,0,0,0.00,0.00,0,0.00,0.00,0.00,0.00,0,0,0.00,56,0,23,56,77,0.31,54,0.03,0.10,0.06,20,0.01,0.02,14,1,0.10,0.32,0.96,0.30,40,3,0.02,20,5,52,81,0,46,70,0,0.00,99,6,0.00,1.91,10.85,3.40,34,20,83,62,6.38,2.00,58.82,2,0.64,52,0,16.67,0,0.00,99,1,0.10,0.32,56,3,92,41,0,0,0,0,0,41,56,74,68,0,99,41,15,15,0,0,16,12,0,0
Bruno Barticciotto,25,989218800,2001/05/07,Primera División,2026,Forward,Talleres Córdoba,52,52,0,Chile,3,3,0,0,0,0,1,1,0,0,0,1,1,0,0,0,0,0,0,1.73,1.73,0,0,0,0,0,0,17,0,52,0,-1,-1,-1,18,0,6.59,0.33,99,41.54,8.00,79,24,6.67,20,84,34.62,81,0.00,0.00,1.00,3,0.00,0.33,1.73,0.33,1,0.00,0.33,0.00,0.00,0.00,0.00,0.33,0.33,0.00,0.00,0.00,1.33,0.00,0.00,0.00,0.00,0.00,0.00,0.00,0,0,,0,0.00,8,0,0.00,22,0,0.00,9,4,2,1,58,0.00,99,0,0,0.00,10,1,28,1.73,60,0,0.00,99,0,0.00,0,0,0.00,0,5.19,99,4,6.92,99,1,1.73,25.00,0,0.00,0,0,0,0.00,0,1,0.00,99,1.73,91,N/A,N/A,N/A,N/A,0.00,0,0.00,0,0.00,0.00,0,83.33,0.00,22,0,0.67,3.46,2,91,21,0,0,0,0.00,0.00,0,29,19.77,0.33,1.73,1,0,0.00,0.00,99,0.00,0,0,0,0.00,0.00,0,0.00,0.00,0.00,0.00,0,0,0.00,56,0,0,56,0,0.69,99,0.23,1.19,0.00,9,0.00,0.00,79,1,0.33,1.73,3.46,0.67,99,2,0.00,9,25,55,81,0,46,1,0,0.00,99,0,0.00,0.00,20.77,4.00,12,3,58,99,5.19,1.00,25.00,1,1.73,10,0,0.00,0,0.00,99,0,0.00,0.00,28,0,57,84,0,0,0,0,0,99,56,74,68,0,99,54,15,15,0,0,16,10,0,0
Bruno Cabrera,23,1056178800,2003/06/21,Primera División,2026,Forward,Lanús,299,74,225,Argentina,8,3,5,0,0,0,0,0,0,0,0,4,2,2,3,0,3,1,0,0,0,0,0,0,0,0.9,100,37,299,0,0.3,525,522,-1,10,0,6.54,0,63,25.28,10.50,32,84,8.12,65,59,19.57,38,0.00,0.00,0.25,2,0.00,0.50,1.51,0.62,5,0.00,0.25,0.00,0.00,0.00,0.38,0.50,0.38,0.00,2.11,0.75,1.25,0.00,0.12,0.06,0.00,0.62,0.00,0.00,0,0,,7,0.88,82,1,0.30,54,6,1.81,94,2,6,2,48,0.00,99,0,3,0.90,52,4,57,1.20,53,0,0.00,99,0,0.00,0,0,0.00,0,0.60,43,10,3.01,85,4,1.20,40.00,0,0.00,0,0,0,0.00,0,3,0.00,50,0.90,39,N/A,N/A,N/A,N/A,0.00,0,0.00,0,0.44,0.00,0,77.38,14.29,27,13,0.50,1.20,4,83,43,0,0,0,0.00,0.00,0,29,52.36,0.50,1.20,4,0,0.00,0.00,99,0.00,0,0,0,0.00,0.00,0,0.00,0.00,0.90,0.38,3,0,0.00,56,0,11,56,50,0.19,26,0.02,0.06,0.44,62,0.06,0.13,93,8,1.00,2.41,3.31,1.38,99,11,0.13,60,20,40,81,0,97,61,0,0.00,99,5,0.00,1.51,14.45,6.00,48,20,77,90,6.02,2.50,41.67,2,0.60,55,0,25.00,0,0.00,99,1,0.12,0.30,55,0,88,57,0,0,0,0,0,41,56,74,68,0,99,88,51,65,1,12,41,20,0,0
Bruno Cabrera,29,862210800,1997/04/28,Primera División,2026,Defender,Newell's Old Boys,335,215,120,Argentina,6,3,3,0,0,0,0,0,0,0,0,1,1,0,7,4,3,2,1,0,0,0,0,0,0,1.88,48,56,168,0,0.54,539,538,235,24,0,6.35,0,63,37.61,23.33,71,140,18.83,113,75,30.36,74,0.00,0.00,0.00,0,0.00,0.67,0.81,0.50,3,0.00,0.00,0.00,0.00,0.00,0.67,0.00,1.17,0.00,1.07,0.67,0.17,0.00,0.00,0.03,0.00,1.83,0.00,0.00,0,0,,4,0.67,55,0,0.00,22,4,1.07,71,1,2,4,18,0.00,99,0,4,1.07,62,4,57,1.07,51,0,0.00,99,0,0.00,0,0,0.00,0,0.00,8,1,0.27,19,0,0.00,0.00,0,0.00,0,0,0,0.00,0,7,0.00,2,1.88,92,N/A,N/A,N/A,N/A,0.00,0,0.00,0,0.18,0.00,0,80.71,0.00,22,57,0.33,0.54,2,12,12,0,0,0,0.50,0.81,3,94,38.13,1.67,2.69,10,0,0.00,0.00,99,0.00,0,0,1,0.17,0.27,0,0.00,0.00,0.00,0.00,0,0,0.00,56,0,4,56,2,0.25,36,0.04,0.07,0.18,36,0.03,0.05,26,2,0.33,0.54,1.34,0.83,64,5,0.05,36,13,71,99,0,46,88,0,0.00,99,11,0.00,2.96,7.79,4.83,29,16,34,24,4.30,2.67,55.17,0,0.00,99,0,25.00,0,0.00,99,1,0.17,0.27,53,8,57,41,0,0,0,0,0,41,56,74,68,0,99,8,23,93,1,17,53,25,0,0
Bruno Christian Sepúlveda,33,716713200,1992/09/17,Primera División,2026,Forward,Banfield,253,147,106,Argentina,10,5,5,0,0,0,1,1,0,0,0,1,1,0,2,0,2,0,0,0.36,0.36,0,0,0,0,0.71,127,25,0,253,0,-1,-1,-1,24,0,6.54,0.1,97,23.57,6.60,26,66,4.80,48,36,17.14,30,0.00,0.00,0.30,3,0.00,0.20,0.71,0.20,2,0.00,0.40,0.00,0.00,0.00,0.20,0.30,0.20,0.00,1.43,0.40,0.70,0.00,0.00,0.02,0.00,0.70,0.00,0.00,0,0,,4,0.40,66,0,0.00,22,4,1.43,84,4,8,2,16,0.00,99,0,2,0.71,43,2,28,0.71,44,0,0.00,99,0,0.00,0,0,0.00,0,1.07,70,7,2.50,79,3,1.07,42.86,0,0.00,0,0,0,0.00,0,2,0.00,71,0.71,18,N/A,N/A,N/A,N/A,0.00,0,0.00,0,0.19,0.00,0,72.73,0.00,22,43,0.20,0.71,2,80,48,0,0,0,0.00,0.00,0,29,65.42,0.40,1.43,4,0,0.00,0.00,99,0.00,0,0,1,0.10,0.36,0,0.00,0.00,0.71,0.20,2,0,0.00,56,0,23,56,71,0.77,95,0.08,0.28,0.19,44,0.02,0.07,33,2,0.20,0.71,1.79,0.50,85,5,0.07,44,20,47,99,0,94,80,0,0.00,99,7,0.00,2.50,16.43,4.60,46,14,52,95,5.00,1.40,30.43,4,1.43,19,0,0.00,0,0.00,99,0,0.00,0.00,28,0,95,84,0,0,0,0,0,84,56,74,68,0,99,3,15,15,0,0,16,9,0,0
Bruno Javier Leyes Sosa,24,1004428800,2001/10/30,Primera División,2026,Midfielder,Tigre,1141,665,476,Argentina,15,8,7,0,0,0,0,0,0,0,0,4,2,2,9,6,3,4,0,0,0,0,0,0,0,0.71,127,76,285,0,0.32,326,316,-1,19,0,6.77,0,63,41.96,35.47,80,532,27.33,410,58,32.34,78,0.00,0.00,0.33,5,0.00,0.27,2.45,2.07,31,0.00,0.27,0.00,0.00,0.00,1.53,0.27,0.60,0.00,0.63,0.53,0.67,0.00,0.00,0.02,0.00,0.93,0.00,0.00,0,0,,8,0.53,36,0,0.00,22,8,0.63,51,7,2,13,84,0.00,99,0,23,1.81,91,4,57,0.32,30,0,0.00,99,0,0.00,0,0,0.00,0,0.39,31,10,0.79,37,4,0.32,40.00,0,0.00,0,0,0,0.00,0,9,0.00,71,0.71,18,N/A,N/A,N/A,N/A,0.00,0,0.00,0,0.36,0.00,0,77.07,0.00,22,50,0.53,0.63,8,36,43,0,0,0,0.13,0.16,2,47,101.62,2.07,2.45,31,0,0.00,0.00,99,0.00,0,0,0,0.00,0.00,0,0.00,0.00,0.00,0.00,0,0,0.00,56,71,73,56,71,0.91,36,0.06,0.07,0.36,26,0.02,0.03,68,17,1.13,1.34,1.89,1.60,87,24,0.03,26,50,67,81,0,46,46,0,0.00,99,14,0.00,1.10,9.70,8.20,123,65,56,48,5.13,4.33,52.85,4,0.32,71,0,25.00,0,0.00,99,1,0.07,0.08,32,71,57,98,0,0,0,0,0,41,56,74,68,0,99,33,48,69,4,27,82,5,0,0
Bruno Zuculini,33,733737600,1993/04/02,Primera División,2026,Midfielder,Racing Club,721,317,404,Argentina,16,6,10,0,0,0,1,0,1,0,0,7,2,5,6,3,3,3,0,0.12,0.12,0,0,0,0,0.75,120,45,240,721,0.37,494,118,-1,15,0,6.65,0.06,79,33.08,17.25,57,276,13.69,219,68,26.25,61,0.00,0.00,0.25,4,0.00,0.62,3.36,1.75,28,0.00,0.44,0.00,0.00,0.00,0.50,0.19,0.44,0.00,0.36,0.19,0.38,0.00,0.00,0.01,0.00,0.38,0.00,0.00,0,0,,3,0.19,20,0,0.00,22,3,0.36,30,1,9,7,98,0.00,99,0,8,0.96,55,10,31,1.20,53,0,0.00,99,0,0.00,0,0,0.00,0,0.48,36,6,0.72,35,3,0.36,50.00,0,0.00,0,0,0,0.00,0,7,0.00,67,0.84,32,N/A,N/A,N/A,N/A,0.00,0,0.00,0,0.14,0.00,0,79.35,0.00,22,9,0.69,1.32,11,40,66,0,0,0,0.12,0.24,2,60,106.36,0.62,1.20,10,0,0.00,0.00,99,0.00,0,0,0,0.00,0.00,0,0.00,0.00,0.12,0.06,1,0,0.00,56,38,88,56,67,1.23,74,0.08,0.15,0.14,20,0.01,0.02,34,6,0.38,0.72,1.44,0.75,69,12,0.02,20,32,40,81,0,60,29,0,0.00,99,6,0.00,0.72,9.95,5.19,83,43,57,53,5.15,2.69,51.81,7,0.84,42,0,10.00,0,0.00,99,1,0.06,0.12,37,33,97,41,0,0,0,0,0,55,56,74,68,0,99,78,39,77,3,19,60,36,0,0
Camilo Rey Domenech,20,1141977600,2006/03/10,Primera División,2026,Midfielder,Boca Juniors,74,74,0,Argentina,2,2,0,0,0,0,0,0,0,0,0,1,1,0,1,1,0,0,0,0,0,0,0,0,0,1.22,74,37,0,0,0,-1,-1,-1,17,0,6.67,0,63,55.98,25.50,95,51,22.50,45,98,49.39,96,0.00,0.00,0.00,0,0.00,0.00,1.10,0.50,1,0.00,0.50,0.00,0.00,0.00,1.00,0.00,0.50,0.00,0.00,0.00,0.00,0.00,0.00,0.00,0.00,0.50,0.00,0.00,0,0,,0,0.00,8,0,0.00,22,0,0.00,9,2,1,1,27,0.00,99,0,2,2.20,98,0,28,0.00,12,0,0.00,99,0,0.00,0,0,0.00,0,0.00,8,0,0.00,9,0,0.00,0.00,0,0.00,0,0,0,0.00,0,1,0.00,20,1.10,58,N/A,N/A,N/A,N/A,0.00,0,0.00,0,0.00,0.00,0,88.24,0.00,22,99,0.00,0.00,0,12,12,0,0,0,0.00,0.00,0,29,13.34,1.50,3.29,3,0,0.00,0.00,99,0.00,0,0,0,0.00,0.00,0,0.00,0.00,0.00,0.00,0,0,0.00,56,0,0,56,21,0.09,54,0.04,0.10,0.00,9,0.00,0.00,57,1,0.50,1.10,0.00,0.00,6,0,0.00,9,35,76,81,0,46,46,0,0.00,99,1,0.00,1.10,4.39,2.00,4,3,13,7,3.29,1.50,75.00,1,1.10,29,0,0.00,0,0.00,99,0,0.00,0.00,28,0,44,57,0,0,0,0,0,41,56,74,68,0,99,88,15,15,0,0,16,38,0,0
Carlos Gabriel Abeldaño,21,1113030000,2005/04/09,Primera División,2026,Forward,Atlético Tucumán,575,260,315,Argentina,9,4,5,1,0,1,0,0,0,0,0,1,1,0,8,2,6,2,0,0.16,0,0.16,0,0.29,575,1.25,72,64,288,0,0.31,128,466,-1,7,0,5.95,0,63,11.74,8.33,1,75,4.89,44,6,6.89,1,0.00,0.00,0.33,3,0.00,0.00,1.25,0.89,8,0.00,0.78,0.00,0.00,0.00,0.22,0.33,1.00,12.00,1.88,1.11,0.89,0.00,0.22,0.14,0.00,1.78,0.00,0.00,0,0,,12,1.33,77,2,0.31,55,10,1.57,89,5,3,6,35,0.00,99,0,2,0.31,23,0,28,0.00,12,0,0.00,99,0,0.00,0,0,0.00,0,0.47,35,8,1.25,52,3,0.47,37.50,0,0.00,0,0,0,0.00,0,9,0.00,19,1.41,79,N/A,N/A,N/A,N/A,0.00,0,0.00,0,1.30,0.00,0,58.67,16.67,31,88,0.11,0.16,1,49,38,0,0,0,0.00,0.00,0,29,53.56,0.22,0.31,2,0,0.00,0.00,99,0.00,0,0,0,0.00,0.00,0,0.00,0.00,1.10,0.78,7,1,8.33,69,25,17,80,19,0.19,6,0.02,0.03,1.30,74,0.14,0.20,47,6,0.67,0.94,1.10,0.78,50,7,0.20,73,6,8,81,0,99,80,0,0.00,99,16,0.00,2.50,13.77,9.78,88,33,58,87,5.17,3.67,37.50,7,1.10,29,0,0.00,0,0.00,99,0,0.00,0.00,28,27,66,92,0,0,0,0,0,62,78,89,68,0,99,3,49,67,2,22,71,35,0,0
Carlos Gabriel Villalba,28,900831600,1998/07/19,Primera División,2026,Midfielder,Sarmiento,532,220,312,Argentina,11,6,5,1,0,1,0,0,0,0,0,3,3,0,7,2,5,4,0,0.17,0,0.17,0,0.29,532,1.18,76,48,133,0,0.68,116,327,-1,6,0,6.06,0,63,23.35,13.18,25,145,9.73,107,40,17.23,30,0.00,0.00,0.18,2,0.00,0.64,1.45,0.82,9,0.00,0.27,0.00,0.00,0.00,1.09,0.00,0.73,12.00,1.93,0.55,0.09,0.00,0.55,0.16,0.00,1.18,0.00,0.00,0,0,,12,1.09,78,6,0.97,89,6,0.97,68,4,3,8,44,0.00,99,0,12,1.93,94,7,68,1.13,52,0,0.00,99,0,0.00,0,0,0.00,0,0.32,27,1,0.16,13,0,0.00,0.00,0,0.00,0,0,0,0.00,0,8,0.00,26,1.29,72,N/A,N/A,N/A,N/A,0.00,0,0.00,0,1.76,0.00,0,73.79,50.00,91,24,0.55,0.97,6,12,12,0,0,0,0.36,0.64,4,89,66.68,1.00,1.77,11,0,0.00,0.00,99,0.00,0,0,0,0.00,0.00,0,0.00,0.00,0.32,0.18,2,0,8.33,69,20,31,78,26,0.29,18,0.03,0.05,1.76,85,0.16,0.28,40,5,0.45,0.81,1.93,1.09,88,12,0.28,84,7,56,81,0,82,73,0,0.00,99,13,0.00,2.09,9.98,5.64,62,26,30,53,4.19,2.36,41.94,3,0.48,63,0,28.57,0,0.00,99,2,0.18,0.32,56,40,66,84,0,0,0,0,0,65,80,89,68,0,99,33,18,98,4,36,93,25,0,0
Carlos Gustavo David Quintana,38,571564800,1988/02/11,Primera División,2026,Defender,Rosario Central,223,103,120,Argentina,7,4,3,0,0,0,1,1,0,0,0,0,0,0,3,1,2,0,0,0.4,0.4,0,0,0,0,1.21,74,32,0,223,0,-1,-1,-1,17,0,4.72,0.14,98,37.20,15.00,70,105,11.57,81,58,28.70,68,0.00,0.00,0.14,1,0.00,0.00,0.00,0.00,0,0.00,0.00,0.00,0.00,0.00,0.29,0.14,0.57,0.00,0.00,0.00,0.14,0.00,0.00,0.00,0.00,1.43,0.00,0.00,0,0,,0,0.00,8,0,0.00,22,0,0.00,9,0,5,2,5,0.00,99,0,2,0.71,43,0,28,0.00,12,0,0.00,99,0,0.00,0,0,0.00,0,0.35,28,1,0.35,21,1,0.35,100.00,0,0.00,0,0,0,0.00,0,4,0.00,22,1.42,80,N/A,N/A,N/A,N/A,0.00,0,0.00,0,0.00,0.00,0,77.14,0.00,22,99,0.00,0.00,0,38,99,0,0,0,0.14,0.35,1,72,33.03,3.14,7.80,22,0,0.00,0.00,99,0.00,0,0,0,0.00,0.00,0,0.00,0.00,0.00,0.00,0,0,0.00,56,0,6,56,21,0.80,95,0.11,0.28,0.00,9,0.00,0.00,56,3,0.43,1.06,1.42,0.57,67,4,0.00,9,0,97,81,0,46,94,0,0.00,99,10,0.00,3.54,6.73,2.71,19,13,42,15,4.61,1.86,68.42,0,0.00,99,0,0.00,0,0.00,99,0,0.00,0.00,28,0,82,16,0,0,0,0,0,87,56,74,68,0,99,1,15,15,0,0,16,2,0,0
Carlos Manuel Insaurralde,27,917769600,1999/01/31,Primera División,2026,Midfielder,San Lorenzo,575,243,332,Argentina,8,4,4,1,1,0,0,0,0,0,0,5,2,3,3,2,1,1,0,0.16,0,0.16,0.37,0,575,0.47,192,72,575,0,0.16,127,402,-1,6,0,6.98,0,63,47.60,40.00,88,320,33.12,265,82,39.42,89,0.00,0.00,0.38,3,0.00,0.25,2.68,2.25,18,0.00,0.25,0.00,0.00,0.00,1.12,0.25,0.50,3.00,0.45,0.12,0.62,0.00,0.25,0.11,0.00,1.12,0.00,0.00,0,0,,3,0.38,25,2,0.30,54,1,0.15,13,1,1,7,89,0.00,99,0,9,1.34,75,2,28,0.30,29,0,0.00,99,0,0.00,0,0,0.00,0,0.45,35,5,0.74,36,2,0.30,40.00,0,0.00,0,0,0,0.00,0,4,0.00,93,0.60,11,N/A,N/A,N/A,N/A,0.00,0,0.00,0,0.90,0.00,0,82.81,66.67,98,40,0.62,0.74,5,33,43,0,0,0,0.38,0.45,3,80,55.83,1.12,1.34,9,0,0.00,0.00,99,0.00,0,0,0,0.00,0.00,0,0.00,0.00,0.00,0.00,0,0,33.33,99,25,11,80,93,0.59,47,0.07,0.09,0.90,62,0.11,0.13,68,9,1.12,1.34,1.04,0.88,46,7,0.13,60,83,45,81,0,46,56,0,0.00,99,9,0.00,1.34,8.93,7.50,60,38,69,39,5.65,4.75,63.33,2,0.30,73,0,0.00,0,0.00,99,0,0.00,0.00,28,33,44,41,0,0,0,0,0,62,78,74,89,0,99,98,82,35,1,12,41,8,0,0
Carlos Nicolás Colazo,36,647420400,1990/07/08,Primera División,2026,Defender,Banfield,100,46,54,Argentina,3,1,2,0,0,0,0,0,0,0,0,0,0,0,1,1,0,0,0,0,0,0,0,0,0,0.9,100,33,0,0,0,-1,-1,-1,17,0,6.64,0,63,22.50,8.33,23,25,5.67,17,22,15.30,22,0.00,0.00,0.33,1,0.00,2.33,2.70,1.00,3,0.00,0.67,0.00,0.00,0.00,0.00,0.33,0.33,0.00,0.90,0.33,0.33,0.00,0.00,0.02,0.00,0.33,0.00,0.00,0,0,,1,0.33,51,0,0.00,22,1,0.90,64,2,1,2,89,0.00,99,0,0,0.00,10,7,35,6.30,96,0,0.00,99,0,0.00,0,0,0.00,0,0.90,62,1,0.90,41,1,0.90,100.00,0,0.00,0,0,0,0.00,0,1,0.00,50,0.90,39,N/A,N/A,N/A,N/A,0.00,0,0.00,0,0.05,0.00,0,68.00,0.00,22,99,0.00,0.00,0,71,99,0,0,0,0.00,0.00,0,29,19.91,0.67,1.80,2,0,0.00,0.00,99,0.00,0,0,0,0.00,0.00,0,0.00,0.00,0.00,0.00,0,0,0.00,56,0,0,56,50,0.06,18,0.02,0.05,0.05,32,0.02,0.04,44,1,0.33,0.90,0.90,0.33,37,1,0.04,32,31,56,81,0,46,36,0,0.00,99,1,0.00,0.90,7.20,2.67,8,6,64,19,5.40,2.00,75.00,2,1.80,9,0,14.29,0,0.00,99,1,0.33,0.90,81,0,44,57,0,0,0,0,0,41,56,74,68,0,99,1,15,15,0,0,16,19,0,0
Carlos Roberto Izquierdoz,37,594547200,1988/11/03,Primera División,2026,Defender,Lanús,1260,720,540,Argentina,14,8,6,2,0,2,0,0,0,0,0,7,5,2,10,4,6,4,0,0.14,0,0.14,0,0.33,630,0.71,126,90,315,0,0.29,153,529,71,5,0,7.10,0,63,54.00,54.00,95,756,45.86,642,92,45.86,94,0.00,0.00,0.29,4,0.00,0.14,1.07,1.07,15,0.00,0.29,0.00,0.00,0.00,1.29,0.00,0.93,5.50,0.79,0.50,0.00,0.00,0.29,0.14,0.00,3.29,0.00,0.00,0,0,,11,0.79,45,4,0.29,53,7,0.50,41,0,0,14,26,0.00,99,0,18,1.29,72,2,95,0.14,21,0,0.00,99,0,0.00,0,0,0.00,0,0.29,25,0,0.00,9,0,0.00,0.00,0,0.00,0,0,0,0.00,0,13,0.00,71,0.93,41,N/A,N/A,N/A,N/A,0.00,0,0.00,0,2.03,0.00,0,84.92,36.36,66,68,0.43,0.43,6,12,12,0,1,0,0.64,0.64,9,89,99.36,6.64,6.64,93,1,0.00,0.07,10,0.07,0,1,0,0.00,0.00,0,0.00,0.00,0.07,0.07,1,0,18.18,89,80,61,83,71,1.42,54,0.10,0.10,1.33,54,0.10,0.10,38,11,0.79,0.79,0.64,0.64,21,9,0.14,63,93,93,81,0,51,92,0,0.00,99,46,0.00,3.29,7.79,7.79,109,71,54,24,5.07,5.07,65.14,4,0.29,73,0,50.00,0,0.00,99,1,0.07,0.07,31,78,30,16,0,0,0,0,0,58,74,91,68,0,99,88,54,64,4,29,85,24,0,0
Carlos Ulises Delgado Escobar,23,1036915200,2002/11/10,Primera División,2026,Forward,Sarmiento,6,0,6,Paraguay,1,0,1,0,0,0,0,0,0,0,0,0,0,0,0,0,0,0,0,0,0,0,0,0,0,0,0,6,0,0,0,-1,-1,-1,21,0,0.00,0,63,0.00,0.00,0,0,0.00,0,0,0.00,0,0.00,0.00,0.00,0,0.00,0.00,0.00,0.00,0,0.00,0.00,0.00,0.00,0.00,0.00,0.00,0.00,0.00,0.00,0.00,0.00,0.00,0.00,0.00,0.00,0.00,0.00,0.00,0,0,,0,0.00,8,0,0.00,22,0,0.00,9,0,1,0,5,0.00,99,0,0,0.00,10,0,28,0.00,12,0,0.00,99,0,0.00,0,0,0.00,0,0.00,8,0,0.00,9,0,0.00,0.00,0,0.00,0,0,0,0.00,0,0,0.00,99,0.00,0,N/A,N/A,N/A,N/A,0.00,0,0.00,0,0.00,0.00,0,0.00,0.00,22,99,0.00,0.00,0,12,12,0,0,0,0.00,0.00,0,29,0.00,0.00,0.00,0,0,0.00,0.00,99,0.00,0,0,0,0.00,0.00,0,0.00,0.00,0.00,0.00,0,0,0.00,56,0,0,56,0,0.00,0,0.00,0.00,0.00,9,0.00,0.00,2,0,0.00,0.00,0.00,0.00,6,0,0.00,9,0,1,81,0,46,1,0,0.00,99,0,0.00,0.00,0.00,0.00,0,0,0,0,0.00,0.00,0.00,0,0.00,99,0,0.00,0,0.00,99,0,0.00,0.00,28,0,44,16,0,0,0,0,0,41,56,74,68,0,99,1,15,15,0,0,16,16,0,0
Cayetano Vita,20,1142323200,2006/03/14,Primera División,2026,Forward,Gimnasia La Plata,36,12,24,Argentina,3,1,2,0,0,0,0,0,0,0,0,1,1,0,0,0,0,0,0,0,0,0,0,0,0,0,0,12,0,0,0,-1,-1,-1,14,0,3.08,0,63,12.86,1.00,2,2,0.50,1,2,6.43,0,0.00,0.00,0.50,1,0.00,0.00,0.00,0.00,0,0.00,0.50,0.00,0.00,0.00,0.00,0.00,0.00,0.00,6.43,0.50,0.50,0.00,0.00,0.03,0.00,0.00,0.00,0.00,0,0,,1,0.50,99,0,0.00,22,1,6.43,99,0,3,0,5,0.00,99,0,0,0.00,10,0,28,0.00,12,0,0.00,99,0,0.00,0,0,0.00,0,6.43,99,1,6.43,99,0,0.00,0.00,0,0.00,0,0,0,0.00,0,0,0.00,99,0.00,0,N/A,N/A,N/A,N/A,0.00,0,0.00,0,0.06,0.00,0,50.00,0.00,22,99,0.00,0.00,0,12,12,0,0,0,0.00,0.00,0,29,6.17,0.00,0.00,0,0,0.00,0.00,99,0.00,0,0,0,0.00,0.00,0,0.00,0.00,6.43,0.50,1,0,0.00,56,0,0,56,0,0.04,93,0.02,0.26,0.06,94,0.03,0.39,2,0,0.00,0.00,0.00,0.00,6,0,0.39,92,0,1,81,0,99,1,0,0.00,99,0,0.00,0.00,25.71,2.00,4,0,0,99,0.00,0.00,0.00,1,6.43,0,0,0.00,0,0.00,99,0,0.00,0.00,28,0,66,16,0,0,0,0,0,41,56,74,68,0,99,54,15,15,0,0,16,28,0,0
César Gabriel Florentín,27,921312000,1999/03/13,Primera División,2026,Midfielder,Argentinos Juniors,73,54,19,Argentina,4,3,1,0,0,0,0,0,0,0,0,1,1,0,0,0,0,2,0,0,0,0,0,0,0,0,0,18,37,0,2.47,-1,-1,-1,25,0,6.84,0,63,81.26,23.25,99,93,19.50,78,86,68.16,99,0.00,0.00,1.25,5,0.00,1.50,2.62,0.75,3,0.00,0.50,0.00,0.00,0.00,0.00,1.00,0.25,0.00,0.00,0.00,1.25,0.00,0.00,0.00,0.00,0.75,0.00,0.00,0,0,,0,0.00,8,0,0.00,22,0,0.00,9,0,4,0,87,0.00,99,0,0,0.00,10,6,79,5.24,94,0,0.00,99,0,0.00,0,0,0.00,0,4.37,99,5,4.37,95,4,3.50,80.00,0,0.00,0,0,0,0.00,0,1,0.00,99,0.87,37,N/A,N/A,N/A,N/A,0.00,0,0.00,0,0.00,0.00,0,83.87,0.00,22,99,0.00,0.00,0,99,91,0,0,0,0.00,0.00,0,29,27.37,0.50,1.75,2,0,0.00,0.00,99,0.00,0,0,0,0.00,0.00,0,0.00,0.00,0.87,0.25,1,0,0.00,56,0,0,56,0,0.36,97,0.09,0.31,0.00,9,0.00,0.00,95,3,0.75,2.62,4.37,1.25,99,5,0.00,9,63,55,81,0,96,82,0,0.00,99,3,0.00,2.62,19.22,5.50,22,12,99,98,10.49,3.00,54.55,2,1.75,10,0,33.33,0,0.00,99,2,0.50,1.75,97,0,75,16,0,0,0,0,0,41,56,74,68,0,99,27,15,99,2,50,99,21,0,0
César Ibáñez,26,935046000,1999/08/19,Primera División,2026,Defender,Huracán,1314,712,602,Argentina,16,8,8,0,0,0,1,1,0,0,0,6,3,3,12,8,4,9,1,0.07,0.07,0,0,0,0,0.82,110,82,146,1314,0.62,450,173,97,17,0,6.73,0.06,69,29.33,27.38,44,438,19.38,310,30,20.76,42,0.00,0.00,0.56,9,0.00,1.94,2.81,2.62,42,0.00,0.62,0.00,0.00,0.00,1.06,0.44,0.81,0.00,0.94,0.81,1.00,0.00,0.06,0.06,0.00,1.12,0.00,0.00,0,0,,14,0.88,52,1,0.07,24,13,0.87,63,4,1,15,91,0.00,99,0,17,1.14,65,31,30,2.08,64,0,0.00,99,0,0.00,0,0,0.00,0,0.60,43,16,1.07,46,7,0.47,43.75,0,0.00,0,0,0,0.00,0,13,0.00,60,0.87,37,N/A,N/A,N/A,N/A,0.00,0,0.00,0,0.90,0.00,0,70.78,7.14,22,47,0.62,0.67,10,49,50,0,0,0,0.25,0.27,4,64,107.64,2.62,2.81,42,0,0.00,0.00,99,0.00,0,0,0,0.00,0.00,0,0.00,0.00,0.13,0.12,2,0,0.00,56,83,88,56,60,1.63,59,0.10,0.11,0.90,42,0.06,0.06,72,21,1.31,1.41,2.28,2.12,93,34,0.06,42,44,72,81,0,63,51,0,0.00,99,18,0.00,1.21,11.25,10.50,168,88,75,67,5.89,5.50,52.38,10,0.67,51,0,9.68,0,0.00,99,3,0.19,0.20,46,85,44,84,0,0,0,0,0,46,56,74,68,0,99,65,20,96,8,50,99,25,0,0
César Ignacio Pérez Maldonado,23,1038556800,2002/11/29,Primera División,2026,Midfielder,Defensa y Justicia,130,26,104,Chile,3,1,2,0,0,0,0,0,0,0,0,0,0,0,1,0,1,0,0,0,0,0,0,0,0,0.69,130,43,0,0,0,-1,-1,-1,27,0,6.64,0,63,36.00,17.33,67,52,12.00,36,25,24.92,55,0.00,0.00,0.00,0,0.00,1.33,2.08,1.00,3,0.00,1.00,0.00,0.00,0.00,0.67,0.67,0.67,0.00,3.46,1.67,1.33,0.00,0.00,0.07,0.00,0.33,0.00,0.00,0,0,,5,1.67,98,0,0.00,22,5,3.46,99,2,2,1,73,0.00,99,0,2,1.38,78,4,28,2.77,74,0,0.00,99,0,0.00,0,0,0.00,0,0.00,8,4,2.77,82,2,1.38,50.00,0,0.00,0,0,0,0.00,0,2,0.00,73,1.38,77,N/A,N/A,N/A,N/A,0.00,0,0.00,0,0.22,0.00,0,69.23,0.00,22,45,0.33,0.69,1,87,66,0,0,0,0.00,0.00,0,29,19.93,0.00,0.00,0,0,0.00,0.00,99,0.00,0,0,0,0.00,0.00,0,0.00,0.00,0.69,0.33,1,0,0.00,56,0,0,56,73,0.06,11,0.02,0.04,0.22,66,0.07,0.15,2,0,0.00,0.00,2.77,1.33,97,4,0.15,64,31,1,81,0,94,28,0,0.00,99,1,0.00,0.69,13.15,6.33,19,6,29,85,4.15,2.00,31.58,3,2.08,6,0,0.00,0,0.00,99,0,0.00,0.00,28,0,57,57,0,0,0,0,0,41,56,74,68,0,99,1,15,15,0,0,16,8,0,0
César Pablo Rigamonti,39,544777200,1987/04/07,Primera División,2026,Goalkeeper,Gimnasia Mendoza,1260,630,630,Argentina,14,7,7,0,0,0,0,0,0,0,0,4,2,2,20,7,13,2,0,0,0,0,0,0,0,1.43,63,90,630,0,0.14,401,392,219,19,0,6.91,0,63,26.29,26.29,35,368,16.29,228,9,16.29,27,0.00,0.00,0.00,0,0.00,0.00,0.07,0.07,1,0.00,0.00,0.00,0.00,3.21,0.00,0.07,4.64,0.00,0.00,0.00,0.07,0.00,0.00,0.00,0.00,0.21,0.00,0.00,0,0,,0,0.00,8,0,0.00,22,0,0.00,9,0,0,14,6,0.00,99,0,0,0.00,10,0,28,0.00,12,0,0.00,99,0,0.00,0,0,0.00,0,0.00,8,1,0.07,10,1,0.07,100.00,0,0.00,0,45,28,3.21,75,65,0.00,9,4.64,98,N/A,N/A,N/A,N/A,69.23,0,0.00,0,0.00,0.00,0,61.96,0.00,22,99,0.00,0.00,0,15,99,0,0,29,0.00,0.00,0,29,96.72,0.64,0.64,9,0,0.00,0.00,99,0.00,1,0,0,0.00,0.00,4,0.29,0.29,0.00,0.00,0,0,0.00,56,80,61,56,9,0.42,6,0.03,0.03,0.00,9,0.00,0.00,3,1,0.07,0.07,0.07,0.07,7,1,0.00,9,74,19,81,29,46,7,0,0.00,99,3,0.00,0.21,0.43,0.43,6,5,2,2,0.36,0.36,83.33,0,0.00,99,0,0.00,0,0.00,99,0,0.00,0.00,28,78,30,16,0,0,0,0,0,41,56,74,68,0,99,39,85,31,2,14,47,23,0,0
Claudio Andrés Baeza Baeza,32,756633600,1993/12/23,Primera División,2026,Midfielder,Vélez Sarsfield,1014,493,521,Chile,15,8,7,0,0,0,0,0,0,0,0,6,3,3,8,3,5,4,0,0,0,0,0,0,0,0.71,127,68,254,0,0.36,376,364,-1,18,0,6.87,0,63,58.85,44.20,96,663,36.73,551,84,48.91,96,0.00,0.00,0.20,3,0.00,0.27,2.93,2.20,33,0.00,0.47,0.00,0.00,0.00,1.20,0.47,0.67,0.00,0.44,0.33,0.73,0.00,0.00,0.01,0.00,1.47,0.00,0.00,0,0,,5,0.33,25,0,0.00,22,5,0.44,36,3,4,11,93,0.00,99,0,18,1.60,87,4,57,0.36,32,0,0.00,99,0,0.00,0,0,0.00,0,0.27,23,11,0.98,44,7,0.62,63.64,0,0.00,0,0,0,0.00,0,10,0.00,71,0.89,38,N/A,N/A,N/A,N/A,0.00,0,0.00,0,0.22,0.00,0,83.11,0.00,22,4,1.20,1.60,18,57,82,0,0,0,0.20,0.27,3,64,103.07,1.80,2.40,27,0,0.00,0.00,99,0.00,0,0,0,0.00,0.00,0,0.00,0.00,0.00,0.00,0,0,0.00,56,61,73,56,71,1.17,54,0.08,0.10,0.22,20,0.01,0.02,57,12,0.80,1.07,1.24,0.93,58,14,0.02,20,68,66,81,0,46,71,0,0.00,99,22,0.00,1.95,10.92,8.20,123,73,85,63,6.48,4.87,59.35,7,0.62,54,0,25.00,0,0.00,99,1,0.07,0.09,34,59,75,74,0,0,0,0,0,41,56,74,68,0,99,69,42,75,4,27,82,5,0,0
Claudio Bravo,29,858240000,1997/03/13,Primera División,2026,Defender,Argentinos Juniors,138,66,72,Argentina,6,2,4,0,0,0,0,0,0,0,0,4,2,2,0,0,0,1,0,0,0,0,0,0,0,0,0,23,138,0,0.65,-1,-1,-1,18,0,5.55,0,63,59.57,15.33,97,92,11.83,71,58,45.97,94,0.00,0.00,0.33,2,0.00,0.67,7.12,1.83,11,0.00,0.50,0.00,0.00,0.00,0.17,0.00,0.00,0.00,0.65,0.17,0.17,0.00,0.00,0.01,0.00,0.17,0.00,0.00,0,0,,1,0.17,38,0,0.00,22,1,0.65,52,1,5,1,99,0.00,99,0,1,0.65,40,4,95,2.59,70,0,0.00,99,0,0.00,0,0,0.00,0,1.29,77,1,0.65,33,0,0.00,0.00,0,0.00,0,0,0,0.00,0,0,0.00,99,0.00,0,N/A,N/A,N/A,N/A,0.00,0,0.00,0,0.05,0.00,0,77.17,0.00,22,47,0.17,0.65,1,12,12,0,0,0,0.00,0.00,0,29,33.32,0.67,2.59,4,0,0.00,0.00,99,0.00,0,0,0,0.00,0.00,0,0.00,0.00,0.65,0.17,1,0,0.00,56,0,4,56,0,0.20,66,0.03,0.13,0.05,26,0.01,0.03,2,0,0.00,0.00,1.29,0.33,61,2,0.03,26,2,69,81,0,94,27,0,0.00,99,1,0.00,0.65,14.24,3.67,22,12,96,89,7.77,2.00,54.55,3,1.94,7,0,50.00,0,0.00,99,2,0.33,1.29,91,0,82,41,0,0,0,0,0,41,56,74,68,0,99,99,18,97,1,17,53,26,0,0
Clever Domingo Ferreira Ñamandu,23,1045728000,2003/02/20,Primera División,2026,Defender,Atlético Tucumán,743,360,383,Paraguay,10,4,6,1,1,0,0,0,0,0,0,3,2,1,8,2,6,3,0,0.12,0,0.12,0.25,0,743,0.97,93,74,248,0,0.36,171,467,135,5,0,6.33,0,63,31.98,26.40,54,264,17.10,171,16,20.71,42,0.00,0.00,0.30,3,0.00,0.40,1.33,1.10,11,0.00,0.10,0.00,0.00,0.00,1.00,0.20,0.80,10.00,1.21,0.80,0.30,0.00,0.20,0.12,0.00,4.00,0.00,0.00,0,0,,10,1.00,60,2,0.24,49,8,0.97,68,0,2,8,39,0.00,99,0,10,1.21,67,4,28,0.48,38,0,0.00,99,0,0.00,0,0,0.00,0,0.36,29,3,0.36,22,2,0.24,66.67,0,0.00,0,0,0,0.00,0,8,0.00,44,0.97,46,N/A,N/A,N/A,N/A,0.00,0,0.00,0,1.23,0.00,0,64.77,20.00,35,41,0.60,0.73,6,28,87,0,0,0,0.80,0.97,8,98,63.30,6.10,7.39,61,0,0.00,0.00,99,0.00,0,0,0,0.00,0.00,0,0.00,0.00,0.00,0.00,0,0,10.00,72,41,23,87,44,0.45,18,0.04,0.05,1.23,66,0.12,0.15,57,9,0.90,1.09,0.73,0.60,26,6,0.15,64,13,96,81,0,46,98,0,0.00,99,40,0.00,4.85,11.02,9.10,91,60,92,65,7.27,6.00,65.93,1,0.12,85,0,0.00,0,0.00,99,0,0.00,0.00,28,40,57,16,0,0,0,0,0,55,70,74,82,0,99,41,41,75,3,30,87,26,0,0
Cristian Alberto Tarragona,35,671180400,1991/04/09,Primera División,2026,Forward,Unión Santa Fe,1565,684,881,Argentina,18,8,10,8,3,5,0,0,0,0,0,5,5,0,20,5,15,4,0,0.46,0,0.46,0.39,0.51,196,1.15,78,87,391,0,0.23,17,437,-1,1,0,7.07,0,63,22.37,21.61,21,389,16.33,294,49,16.91,29,0.00,0.00,1.39,25,0.00,0.56,0.75,0.72,13,0.00,1.33,0.00,0.00,0.00,0.11,0.61,1.22,5.62,2.59,1.17,1.56,0.00,1.33,0.49,0.00,2.11,0.00,0.00,0,0,,45,2.50,93,24,1.38,97,21,1.21,78,1,0,18,16,0.00,99,0,2,0.12,14,10,85,0.58,41,0,0.00,99,0,0.00,0,0,0.00,0,1.44,83,28,1.61,63,11,0.63,39.29,0,0.00,0,0,0,0.00,0,22,0.00,28,1.27,70,N/A,N/A,N/A,N/A,0.00,0,0.00,0,8.77,0.00,0,75.58,53.33,91,86,0.17,0.17,3,57,39,1,0,0,0.17,0.17,3,49,127.28,0.61,0.63,11,0,0.00,0.00,99,0.00,0,1,0,0.00,0.00,0,0.00,0.00,0.69,0.67,12,0,17.78,88,97,98,59,28,1.39,42,0.08,0.08,8.07,97,0.45,0.46,55,18,1.00,1.04,1.61,1.56,79,28,0.50,97,91,19,81,0,94,75,0,0.00,99,38,0.00,2.19,11.85,11.44,206,78,38,75,4.49,4.33,37.86,24,1.38,21,0,40.00,0,0.00,99,4,0.22,0.23,50,98,30,41,0,0,0,0,0,91,97,97,90,0,99,39,64,52,4,22,71,25,0,0
Cristian Exequiel Zabala,28,888998400,1998/03/04,Primera División,2026,Midfielder,Sarmiento,1366,671,695,Argentina,16,8,8,1,1,0,0,0,0,0,0,5,5,0,17,5,12,3,0,0.07,0,0.07,0.13,0,1366,1.12,80,85,455,0,0.2,209,332,-1,4,0,6.90,0,63,48.43,45.94,89,735,36.69,587,71,38.67,88,0.00,0.00,0.94,15,0.00,1.06,2.11,2.00,32,0.00,0.88,0.00,0.00,0.00,1.25,1.00,1.19,10.00,0.66,0.44,2.06,0.00,0.19,0.08,0.00,2.00,0.00,0.00,0,0,,10,0.62,38,3,0.20,43,7,0.46,38,4,1,15,73,0.00,99,0,20,1.32,74,17,80,1.12,52,0,0.00,99,0,0.00,0,0,0.00,0,0.99,66,33,2.17,73,16,1.05,48.48,0,0.00,0,0,0,0.00,0,19,0.00,31,1.25,68,N/A,N/A,N/A,N/A,0.00,0,0.00,0,1.32,0.00,0,79.86,30.00,53,22,0.94,0.99,15,79,58,0,0,0,0.38,0.40,6,76,110.46,1.94,2.04,31,0,0.00,0.00,99,0.00,0,0,0,0.00,0.00,0,0.00,0.00,0.26,0.25,4,0,10.00,72,87,88,97,31,1.56,54,0.10,0.10,1.32,52,0.08,0.09,46,14,0.88,0.92,1.19,1.12,55,18,0.09,51,72,60,81,0,78,74,0,0.00,99,32,0.00,2.11,11.33,10.75,172,92,79,69,6.06,5.75,53.49,14,0.92,38,0,35.29,0,0.00,99,6,0.38,0.40,61,85,44,84,0,0,0,0,0,46,61,74,71,0,99,47,74,45,3,19,60,15,0,0
Cristian Ignacio Paz,31,798706800,1995/04/24,Primera División,2026,Defender,Deportivo Riestra,1333,703,630,Argentina,15,8,7,0,0,0,0,0,0,0,0,6,4,2,8,4,4,3,0,0,0,0,0,0,0,0.54,167,89,444,0,0.2,239,237,25,24,0,6.84,0,63,17.62,17.40,6,261,12.07,181,25,12.22,10,0.00,0.00,0.07,1,0.00,0.27,1.96,1.93,29,0.00,0.00,0.00,0.00,0.00,1.73,0.20,0.67,0.00,0.00,0.00,0.20,0.00,0.00,0.00,0.00,1.20,0.00,0.00,0,0,,0,0.00,8,0,0.00,22,0,0.00,9,1,0,15,68,0.00,99,0,26,1.76,91,4,57,0.27,27,0,0.00,99,0,0.00,0,0,0.00,0,0.07,10,3,0.20,16,3,0.20,100.00,0,0.00,0,0,0,0.00,0,10,0.00,88,0.68,16,N/A,N/A,N/A,N/A,0.00,0,0.00,0,0.00,0.00,0,69.35,0.00,22,64,0.47,0.47,7,24,99,0,0,0,0.53,0.54,8,84,102.66,7.20,7.29,108,0,0.00,0.00,99,0.00,0,0,0,0.00,0.00,0,0.00,0.00,0.07,0.07,1,0,0.00,56,83,73,56,88,0.48,6,0.03,0.03,0.00,9,0.00,0.00,18,6,0.40,0.41,1.62,1.60,79,24,0.00,9,63,96,81,0,51,52,0,0.00,99,18,0.00,1.22,6.89,6.80,102,55,19,17,3.71,3.67,53.92,0,0.00,99,0,25.00,0,0.00,99,1,0.07,0.07,31,85,30,41,0,0,0,0,0,41,56,74,68,0,99,69,71,45,3,20,65,22,0,0
Cristian Jaime,20,1152860400,2006/07/14,Primera División,2026,Forward,River Plate,18,0,18,Argentina,1,0,1,0,0,0,0,0,0,0,0,0,0,0,0,0,0,0,0,0,0,0,0,0,0,0,0,18,0,0,0,-1,-1,-1,27,0,6.29,0,63,35.00,7.00,65,7,5.00,5,31,25.00,56,0.00,0.00,0.00,0,0.00,0.00,0.00,0.00,0,0.00,1.00,0.00,0.00,0.00,0.00,1.00,0.00,0.00,0.00,0.00,3.00,0.00,0.00,0.00,0.00,0.00,0.00,0.00,0,0,,0,0.00,8,0,0.00,22,0,0.00,9,0,1,0,5,0.00,99,0,0,0.00,10,0,28,0.00,12,0,0.00,99,0,0.00,0,0,0.00,0,0.00,8,3,15.00,99,1,5.00,33.33,0,0.00,0,0,0,0.00,0,0,0.00,99,0.00,0,N/A,N/A,N/A,N/A,0.00,0,0.00,0,0.00,0.00,0,71.43,0.00,22,0,1.00,5.00,1,99,32,0,0,0,0.00,0.00,0,29,6.29,0.00,0.00,0,0,0.00,0.00,99,0.00,0,0,0,0.00,0.00,0,0.00,0.00,0.00,0.00,0,0,0.00,56,0,0,56,0,0.01,18,0.01,0.05,0.00,9,0.00,0.00,99,1,1.00,5.00,0.00,0.00,6,0,0.00,9,12,1,81,0,46,1,0,0.00,99,0,0.00,0.00,30.00,6.00,6,2,99,99,10.00,2.00,33.33,1,5.00,0,0,0.00,0,0.00,99,0,0.00,0.00,28,0,44,16,0,0,0,0,0,41,56,74,68,0,99,1,15,15,0,0,16,30,0,0
Cristian Medina,24,1022914800,2002/06/01,Primera División,2026,Midfielder,Estudiantes,445,175,270,Argentina,5,2,3,0,0,0,1,0,1,0,0,3,1,2,2,1,1,0,0,0.2,0.2,0,0,0,0,0.4,223,89,0,445,0,534,75,-1,21,0,6.97,0.2,89,33.78,33.40,61,167,29.60,148,98,29.93,72,0.00,0.00,1.00,5,0.00,0.40,2.22,2.20,11,0.00,1.00,0.00,0.00,0.00,0.00,0.80,0.40,0.00,1.21,0.60,2.80,0.00,0.60,0.10,0.00,0.60,0.00,0.00,0,0,,6,1.20,60,3,0.61,76,3,0.61,50,7,0,5,77,0.00,99,0,0,0.00,10,2,95,0.40,34,0,0.00,99,0,0.00,0,0,0.00,0,1.01,67,14,2.83,83,4,0.81,28.57,0,0.00,0,0,0,0.00,0,2,0.00,96,0.40,2,N/A,N/A,N/A,N/A,0.00,0,0.00,0,0.49,0.00,0,88.62,50.00,91,70,0.40,0.40,2,65,23,0,0,0,0.00,0.00,0,29,34.83,0.80,0.81,4,0,0.00,0.00,99,0.00,0,0,0,0.00,0.00,0,0.00,0.00,0.00,0.00,0,0,0.00,56,9,1,56,96,1.08,88,0.22,0.22,0.49,54,0.10,0.10,96,13,2.60,2.63,0.40,0.40,10,2,0.10,53,82,27,81,0,46,26,0,0.00,99,3,0.00,0.61,11.12,11.00,55,31,82,66,6.27,6.20,56.36,5,1.01,34,0,50.00,0,0.00,99,1,0.20,0.20,46,18,30,98,0,0,0,0,0,69,56,74,68,0,99,97,15,15,0,0,16,25,0,0
Cristian Nahuel Barrios,28,894524400,1998/05/07,Primera División,2026,Forward,San Lorenzo,304,120,184,Argentina,8,4,4,0,0,0,2,1,1,0,0,4,2,2,3,1,2,1,0,0.59,0.59,0,0,0,0,0.89,101,38,304,152,0.3,408,6,-1,16,0,6.69,0.25,99,34.05,14.38,62,115,11.62,93,76,27.53,64,0.00,0.00,0.88,7,0.00,1.50,3.26,1.38,11,0.00,0.75,0.00,0.00,0.00,0.25,0.62,0.38,0.00,0.89,0.25,2.25,0.00,0.12,0.03,0.00,0.25,0.00,0.00,0,0,,3,0.38,50,1,0.30,54,2,0.59,48,6,5,3,97,0.00,99,0,2,0.59,35,12,86,3.55,81,0,0.00,99,0,0.00,0,0,0.00,0,2.07,95,18,5.33,97,5,1.48,27.78,0,0.00,0,0,0,0.00,0,3,0.00,52,0.89,38,N/A,N/A,N/A,N/A,0.00,0,0.00,0,0.22,0.00,0,80.87,33.33,62,6,0.62,1.48,5,89,22,0,0,0,0.00,0.00,0,29,53.55,0.25,0.59,2,0,0.00,0.00,99,0.00,0,0,0,0.00,0.00,0,0.00,0.00,0.00,0.00,0,0,0.00,56,0,11,56,52,1.57,99,0.20,0.46,0.22,44,0.03,0.07,99,12,1.50,3.55,0.89,0.38,36,3,0.07,44,37,17,81,0,46,25,0,0.00,99,2,0.00,0.59,17.47,7.38,59,30,98,97,8.88,3.75,50.85,6,1.78,10,0,41.67,0,0.00,99,5,0.62,1.48,94,3,82,96,0,0,0,0,0,96,56,74,68,0,99,88,51,65,1,12,41,28,0,0
Cristopher Javier Fiermarin Forlán,28,883641600,1998/01/01,Primera División,2026,Goalkeeper,Defensa y Justicia,1440,720,720,Uruguay,16,8,8,0,0,0,0,0,0,0,0,5,2,3,18,9,9,0,0,0,0,0,0,0,0,1.13,80,90,0,0,0,418,412,173,25,0,6.82,0,63,23.94,23.94,27,383,16.25,260,22,16.25,26,0.00,0.00,0.00,0,0.00,0.00,0.06,0.06,1,0.00,0.00,0.00,0.00,2.56,0.00,0.00,3.88,0.00,0.00,0.00,0.00,0.00,0.00,0.00,0.00,0.38,0.00,0.00,0,0,,0,0.00,8,0,0.00,22,0,0.00,9,0,0,16,6,0.00,99,0,0,0.00,10,0,28,0.00,12,0,0.00,99,0,0.00,0,0,0.00,0,0.00,8,0,0.00,9,0,0.00,0.00,0,0.00,0,41,19,2.56,36,62,0.00,30,3.88,96,N/A,N/A,N/A,N/A,66.13,0,0.00,0,0.00,0.00,0,67.89,0.00,22,82,0.25,0.25,4,12,12,0,0,26,0.00,0.00,0,29,109.06,0.75,0.75,12,0,0.00,0.00,99,0.00,1,0,0,0.00,0.00,6,0.38,0.38,0.00,0.00,0,0,0.00,56,93,88,56,31,0.46,6,0.03,0.03,0.00,9,0.00,0.00,13,5,0.31,0.31,0.00,0.00,6,0,0.00,9,59,23,81,49,46,13,0,0.00,99,6,0.00,0.38,0.81,0.81,13,10,5,6,0.62,0.62,76.92,0,0.00,99,0,0.00,0,0.00,99,0,0.00,0.00,28,93,30,16,0,0,0,0,0,41,56,74,68,0,99,47,15,15,0,0,16,22,0,0
Damián Alberto Martínez,36,633772800,1990/01/31,Primera División,2026,Defender,Barracas Central,518,183,335,Argentina,10,5,5,1,0,1,0,0,0,0,0,2,1,1,6,3,3,1,0,0.17,0,0.17,0,0.27,518,1.04,86,52,518,0,0.17,117,270,152,3,0,6.51,0,63,21.20,12.20,17,122,7.90,79,15,13.73,15,0.00,0.00,0.30,3,0.00,1.40,2.08,1.20,12,0.00,0.30,0.00,0.00,0.00,0.60,0.00,0.70,4.00,0.69,0.30,0.20,0.00,0.10,0.08,0.00,0.20,0.00,0.00,0,0,,4,0.40,40,1,0.17,39,3,0.52,42,1,3,7,73,0.00,99,0,6,1.04,60,14,68,2.43,68,0,0.00,99,0,0.00,0,0,0.00,0,0.52,38,2,0.35,21,0,0.00,0.00,0,0.00,0,0,0,0.00,0,7,0.00,37,1.22,67,N/A,N/A,N/A,N/A,0.00,0,0.00,0,0.84,0.00,0,64.75,25.00,45,8,0.80,1.39,8,12,12,0,0,0,0.00,0.00,0,29,65.11,1.50,2.61,15,0,0.00,0.00,99,0.00,0,0,1,0.10,0.17,0,0.00,0.00,0.00,0.00,0,0,25.00,95,19,23,77,37,0.28,18,0.03,0.05,0.84,66,0.08,0.15,32,4,0.40,0.69,0.87,0.50,35,5,0.15,64,18,70,96,0,46,12,0,0.00,99,2,0.00,0.35,6.78,3.90,39,18,11,15,3.13,1.80,46.15,3,0.52,61,0,28.57,0,0.00,99,4,0.40,0.69,74,33,66,41,0,0,0,0,0,65,80,88,68,0,99,15,78,37,1,10,34,4,0,0
Damián Ariel Fernández,25,978422400,2001/01/02,Primera División,2026,Defender,Defensa y Justicia,865,345,520,Argentina,12,5,7,0,0,0,0,0,0,0,0,3,1,2,13,7,6,3,0,0,0,0,0,0,0,1.35,67,72,288,0,0.31,417,410,210,24,0,6.87,0,63,43.80,35.08,83,421,29.67,356,90,37.04,85,0.00,0.00,0.17,2,0.00,0.17,3.95,3.17,38,0.00,0.08,0.00,0.00,0.00,1.50,0.08,1.33,0.00,0.31,0.17,0.17,0.00,0.08,0.02,0.00,1.83,0.00,0.00,0,0,,3,0.25,17,1,0.10,29,2,0.21,17,1,2,10,99,0.00,99,0,18,1.87,93,2,95,0.21,25,0,0.00,99,0,0.00,0,0,0.00,0,0.21,20,2,0.21,17,1,0.10,50.00,0,0.00,0,0,0,0.00,0,16,0.00,13,1.66,89,N/A,N/A,N/A,N/A,0.00,0,0.00,0,0.27,0.00,0,84.56,33.33,62,51,0.50,0.62,6,17,66,0,0,0,0.50,0.62,6,88,82.43,5.75,7.18,69,0,0.00,0.00,99,0.00,0,0,0,0.00,0.00,0,0.00,0.00,0.00,0.00,0,0,0.00,56,50,39,56,14,0.71,36,0.06,0.07,0.27,26,0.02,0.03,3,1,0.08,0.10,0.83,0.67,33,8,0.03,26,68,95,81,0,46,77,0,0.00,99,22,0.00,2.29,9.68,7.75,93,62,84,48,6.45,5.17,66.67,1,0.10,85,0,50.00,0,0.00,99,1,0.08,0.10,35,52,57,41,0,0,0,0,0,41,56,74,68,0,99,27,49,67,3,25,79,29,0,0
Damián Marcelino Moreno,32,772527600,1994/06/25,Primera División,2026,Midfielder,Lanús,620,323,297,Argentina,9,5,4,3,1,2,1,0,1,0,0,3,3,0,5,1,4,1,0,0.58,0.15,0.44,0.28,0.61,207,0.73,124,69,620,620,0.15,19,102,-1,2,0,7.17,0.11,83,33.24,25.44,58,229,21.11,190,83,27.58,64,0.00,0.00,2.00,18,0.00,3.33,0.87,0.67,6,0.00,1.44,0.00,0.00,0.00,0.11,0.89,0.89,8.67,3.77,1.33,2.78,0.00,1.56,0.47,0.00,0.22,0.00,0.00,0,0,,26,2.89,99,14,2.03,99,12,1.74,93,1,3,6,19,0.00,99,0,1,0.15,15,30,87,4.35,88,0,0.00,99,0,0.00,0,0,0.00,0,2.61,98,25,3.63,91,8,1.16,32.00,0,0.00,0,0,0,0.00,0,8,0.00,69,1.16,62,N/A,N/A,N/A,N/A,0.00,0,0.00,0,4.25,0.00,0,82.97,53.85,92,67,0.33,0.44,3,82,27,0,0,0,0.11,0.15,1,45,64.51,0.33,0.44,3,0,0.00,0.00,99,0.00,0,0,0,0.00,0.00,0,0.00,0.00,0.15,0.11,1,0,11.54,76,30,17,60,70,1.65,92,0.18,0.24,4.25,99,0.47,0.62,83,13,1.44,1.89,1.02,0.78,45,7,0.62,99,94,12,81,0,66,10,0,0.00,99,2,0.00,0.29,10.45,8.00,72,29,31,57,4.21,3.22,40.28,13,1.89,8,0,43.33,0,0.00,99,13,1.44,1.89,97,27,66,41,0,0,0,0,0,96,97,98,85,0,99,54,84,33,1,11,37,10,0,0
Damián Pizarro,21,1111996800,2005/03/28,Primera División,2026,Forward,Racing Club,117,0,117,Chile,2,0,2,0,0,0,1,0,1,0,0,2,0,2,0,0,0,0,0,0.77,0.77,0,0,0,0,0,0,59,0,117,0,-1,-1,-1,10,0,6.87,0.5,99,8.46,5.50,0,11,4.00,8,36,6.15,0,0.00,0.00,1.00,2,0.00,0.00,1.54,1.00,2,0.00,0.00,0.00,0.00,0.00,0.00,0.00,0.00,0.00,1.54,0.00,1.00,0.00,1.00,0.15,0.00,0.50,0.00,0.00,0,0,,2,1.00,68,2,1.54,98,0,0.00,9,5,0,2,49,0.00,99,0,0,0.00,10,0,28,0.00,12,0,0.00,99,0,0.00,0,0,0.00,0,1.54,87,2,1.54,61,0,0.00,0.00,0,0.00,0,0,0,0.00,0,0,0.00,99,0.00,0,N/A,N/A,N/A,N/A,0.00,0,0.00,0,0.31,0.00,0,72.73,100.00,99,99,0.00,0.00,0,12,12,0,0,0,0.00,0.00,0,29,13.74,0.00,0.00,0,0,0.00,0.00,99,0.00,0,0,0,0.00,0.00,0,0.00,0.00,0.77,0.50,1,0,0.00,56,0,0,56,0,0.63,99,0.32,0.48,0.31,80,0.15,0.24,37,1,0.50,0.77,2.31,1.50,94,3,0.24,78,68,1,81,0,96,31,0,0.00,99,1,0.00,0.77,10.00,6.50,13,4,11,53,3.08,2.00,30.77,0,0.00,99,0,0.00,0,0.00,99,0,0.00,0.00,28,0,30,92,0,0,0,0,0,99,56,74,68,0,99,99,15,15,0,0,16,14,0,0
Danilo Arboleda Hurtado,31,800607600,1995/05/16,Primera División,2026,Defender,Banfield,1195,655,540,Colombia,14,8,6,0,0,0,0,0,0,0,0,4,4,0,17,6,11,2,0,0,0,0,0,0,0,1.28,70,85,598,0,0.15,413,426,198,18,0,7.05,0,63,25.23,23.93,32,335,20.36,285,92,21.46,46,0.00,0.00,0.00,0,0.00,0.07,2.03,1.93,27,0.00,0.07,0.00,0.00,0.00,1.00,0.29,1.21,0.00,0.08,0.00,0.36,0.00,0.07,0.01,0.00,2.29,0.00,0.00,0,0,,1,0.07,9,1,0.08,26,0,0.00,9,1,0,14,70,0.00,99,0,14,1.05,60,1,28,0.08,17,0,0.00,99,0,0.00,0,0,0.00,0,0.00,8,5,0.38,23,4,0.30,80.00,0,0.00,0,0,0,0.00,0,17,0.00,17,1.28,71,N/A,N/A,N/A,N/A,0.00,0,0.00,0,0.15,0.00,0,85.07,100.00,99,82,0.21,0.23,3,33,91,0,0,0,1.07,1.13,15,99,98.70,9.86,10.39,138,0,0.00,0.00,99,0.00,0,0,1,0.07,0.08,0,0.00,0.00,0.08,0.07,1,0,0.00,56,74,61,56,17,0.67,18,0.05,0.05,0.15,13,0.01,0.01,9,3,0.21,0.23,0.38,0.36,10,5,0.01,13,89,99,87,0,54,79,0,0.00,99,32,0.00,2.41,6.63,6.29,88,66,51,14,4.97,4.71,75.00,1,0.08,86,0,0.00,0,0.00,99,0,0.00,0.00,28,78,30,41,0,0,0,0,0,41,56,74,68,0,99,39,84,33,2,14,47,2,0,0
Dardo Federico Miloc,35,656060400,1990/10/16,Primera División,2026,Midfielder,Barracas Central,984,471,513,Argentina,15,7,8,0,0,0,0,0,0,0,0,4,2,2,9,5,4,3,0,0,0,0,0,0,0,0.82,109,66,328,0,0.27,357,559,-1,16,0,6.72,0,63,35.30,25.73,66,386,20.87,313,76,28.63,68,0.00,0.00,0.33,5,0.00,0.07,2.01,1.47,22,0.00,0.40,0.00,0.00,0.00,1.07,0.20,0.80,0.00,0.09,0.00,0.20,0.00,0.07,0.01,0.00,0.73,0.00,0.00,0,0,,1,0.07,9,1,0.09,27,0,0.00,9,3,5,10,69,0.00,99,0,16,1.46,82,1,99,0.09,18,0,0.00,99,0,0.00,0,0,0.00,0,0.46,35,3,0.27,19,3,0.27,100.00,0,0.00,0,0,0,0.00,0,12,0.00,60,1.10,58,N/A,N/A,N/A,N/A,0.00,0,0.00,0,0.13,0.00,0,81.09,100.00,99,65,0.33,0.46,5,30,99,0,0,0,0.07,0.09,1,34,100.82,1.53,2.10,23,0,0.00,0.00,99,0.00,0,0,0,0.00,0.00,0,0.00,0.00,0.00,0.00,0,0,0.00,56,59,73,56,59,0.72,36,0.05,0.07,0.13,13,0.01,0.01,41,9,0.60,0.82,0.91,0.67,38,10,0.01,13,42,61,81,0,46,42,0,0.00,99,11,0.00,1.01,6.13,4.47,67,44,25,12,4.02,2.93,65.67,6,0.55,59,0,100.00,0,0.00,99,1,0.07,0.09,34,52,82,74,0,0,0,0,0,41,56,74,68,0,99,33,55,61,3,20,65,5,0,0
Dariel Ganly,20,1141545600,2006/03/05,Primera División,2026,Midfielder,Deportivo Riestra,0,0,0,Argentina,0,0,0,0,0,0,0,0,0,0,0,0,0,0,0,0,0,0,0,0,0,0,0,0,0,0,0,0,0,0,0,-1,-1,-1,-1,N/A,N/A,N/A,N/A,N/A,N/A,N/A,N/A,N/A,N/A,N/A,N/A,N/A,N/A,N/A,N/A,N/A,N/A,N/A,N/A,N/A,N/A,N/A,N/A,N/A,N/A,N/A,N/A,N/A,N/A,N/A,N/A,N/A,N/A,N/A,N/A,N/A,N/A,N/A,N/A,N/A,N/A,N/A,N/A,N/A,N/A,N/A,N/A,N/A,N/A,N/A,N/A,N/A,N/A,N/A,N/A,N/A,N/A,N/A,N/A,N/A,N/A,N/A,N/A,N/A,N/A,N/A,N/A,N/A,N/A,N/A,N/A,N/A,N/A,N/A,N/A,N/A,N/A,N/A,N/A,N/A,N/A,N/A,N/A,N/A,N/A,N/A,N/A,N/A,N/A,N/A,N/A,N/A,N/A,N/A,N/A,N/A,N/A,N/A,N/A,N/A,N/A,N/A,N/A,N/A,N/A,N/A,N/A,N/A,N/A,N/A,N/A,N/A,N/A,N/A,N/A,N/A,N/A,N/A,N/A,N/A,N/A,N/A,N/A,N/A,N/A,N/A,N/A,N/A,N/A,N/A,N/A,N/A,N/A,N/A,N/A,N/A,N/A,N/A,N/A,N/A,N/A,N/A,N/A,N/A,N/A,N/A,N/A,N/A,N/A,N/A,N/A,N/A,N/A,N/A,N/A,N/A,N/A,N/A,N/A,N/A,N/A,N/A,N/A,N/A,N/A,N/A,N/A,N/A,N/A,N/A,N/A,N/A,N/A,N/A,N/A,N/A,N/A,N/A,N/A,N/A,N/A,N/A,N/A,N/A,N/A,N/A,N/A,N/A,N/A,N/A,N/A,N/A,N/A,N/A,N/A,N/A,N/A,N/A,N/A,N/A,N/A,N/A,N/A,N/A,N/A,N/A,N/A,N/A,N/A,N/A,N/A,N/A,N/A,N/A,N/A,N/A,N/A,N/A,N/A,N/A,N/A,N/A,N/A
David Fernandez,20,1136448000,2006/01/05,Primera División,2026,Forward,Defensa y Justicia,34,29,5,Paraguay,3,1,2,0,0,0,0,0,0,0,0,0,0,0,0,0,0,0,0,0,0,0,0,0,0,0,0,11,0,0,0,-1,-1,-1,18,0,6.37,0,63,21.43,3.33,18,10,1.00,3,0,6.43,0,0.00,0.00,0.00,0,0.00,0.33,0.00,0.00,0,0.00,0.00,0.00,0.00,0.00,0.00,0.00,0.33,0.00,2.14,0.00,0.33,0.00,0.33,0.04,0.00,0.33,0.00,0.00,0,0,,1,0.33,83,1,2.14,99,0,0.00,9,0,3,0,5,0.00,99,0,0,0.00,10,1,28,2.14,65,0,0.00,99,0,0.00,0,0,0.00,0,0.00,8,1,2.14,72,0,0.00,0.00,0,0.00,0,0,0,0.00,0,1,0.00,99,2.14,92,N/A,N/A,N/A,N/A,0.00,0,0.00,0,0.13,0.00,0,30.00,100.00,99,0,0.33,2.14,1,12,12,0,0,0,0.33,2.14,1,99,19.10,0.33,2.14,1,0,0.00,0.00,99,0.00,0,0,0,0.00,0.00,0,0.00,0.00,2.14,0.33,1,0,0.00,56,0,0,56,0,0.01,2,0.00,0.02,0.13,85,0.04,0.28,2,0,0.00,0.00,4.29,0.67,99,2,0.28,84,14,62,81,0,99,74,0,0.00,99,1,0.00,2.14,10.71,1.67,5,1,8,60,2.14,0.33,20.00,0,0.00,99,0,0.00,0,0.00,99,0,0.00,0.00,28,0,66,16,0,0,0,0,0,41,56,74,68,0,99,1,15,15,0,0,16,30,0,0
David Juan José Juárez,18,1195891200,2007/11/24,Primera División,2026,Forward,Aldosivi,19,19,0,Argentina,1,1,0,0,0,0,0,0,0,0,0,0,0,0,0,0,0,0,0,0,0,0,0,0,0,0,0,19,0,0,0,-1,-1,-1,16,0,6.23,0,63,9.47,2.00,0,2,2.00,2,99,9.47,3,0.00,0.00,0.00,0,0.00,0.00,0.00,0.00,0,0.00,0.00,0.00,0.00,0.00,0.00,0.00,0.00,0.00,4.74,0.00,3.00,0.00,1.00,0.15,0.00,0.00,0.00,0.00,0,0,,1,1.00,99,1,4.74,99,0,0.00,9,0,1,0,5,0.00,99,0,0,0.00,10,0,28,0.00,12,0,0.00,99,0,0.00,0,0,0.00,0,0.00,8,3,14.21,99,0,0.00,0.00,0,0.00,0,0,0,0.00,0,0,0.00,99,0.00,0,N/A,N/A,N/A,N/A,0.00,0,0.00,0,0.15,0.00,0,100.00,100.00,99,99,0.00,0.00,0,12,12,0,0,0,0.00,0.00,0,29,6.23,0.00,0.00,0,0,0.00,0.00,99,0.00,0,0,0,0.00,0.00,0,0.00,0.00,0.00,0.00,0,0,0.00,56,0,0,56,0,0.00,0,0.00,0.00,0.15,99,0.15,0.71,2,0,0.00,0.00,0.00,0.00,6,0,0.71,99,11,1,81,0,46,1,0,0.00,99,0,0.00,0.00,18.95,4.00,4,0,0,98,0.00,0.00,0.00,0,0.00,99,0,0.00,0,0.00,99,0,0.00,0.00,28,0,44,16,0,0,0,0,0,41,56,74,68,0,99,1,15,15,0,0,16,29,0,0
David Matías Barbona,31,793440000,1995/02/22,Primera División,2026,Forward,Defensa y Justicia,280,241,39,Argentina,9,6,3,1,0,1,0,0,0,0,0,1,1,0,7,4,3,0,0,0.32,0,0.32,0,2.31,280,2.25,40,31,0,0,0,55,405,-1,10,0,6.69,0,63,42.58,14.67,81,132,12.44,112,91,36.13,84,0.00,0.00,0.56,5,0.00,1.22,0.65,0.22,2,0.00,0.11,0.00,0.00,0.00,0.00,0.00,0.78,5.00,1.61,0.22,0.22,0.00,0.33,0.12,0.00,0.44,0.00,0.00,0,0,,5,0.56,70,3,0.97,89,2,0.65,52,2,7,2,14,0.00,99,0,0,0.00,10,11,30,3.55,81,0,0.00,99,0,0.00,0,0,0.00,0,1.61,88,2,0.65,33,0,0.00,0.00,0,0.00,0,0,0,0.00,0,7,0.00,0,2.26,93,N/A,N/A,N/A,N/A,0.00,0,0.00,0,1.07,0.00,0,84.85,60.00,95,47,0.22,0.65,2,12,12,0,0,0,0.00,0.00,0,29,60.18,0.11,0.32,1,0,0.00,0.00,99,0.00,0,0,0,0.00,0.00,0,0.00,0.00,0.32,0.11,1,0,20.00,93,0,17,66,0,0.47,74,0.05,0.15,1.07,91,0.12,0.35,14,1,0.11,0.32,0.97,0.33,41,3,0.35,90,37,9,81,0,82,54,0,0.00,99,4,0.00,1.29,6.45,2.22,20,6,8,13,1.94,0.67,30.00,1,0.32,71,0,9.09,0,0.00,99,1,0.11,0.32,56,0,92,57,0,0,0,0,0,82,91,99,68,0,99,3,15,15,0,0,16,19,0,0
David Sotelo,22,1059548400,2003/07/30,Primera División,2026,Midfielder,Newell's Old Boys,263,112,151,Argentina,9,4,5,0,0,0,0,0,0,0,0,1,1,0,7,1,6,0,0,0,0,0,0,0,0,2.4,38,29,0,0,0,-1,-1,-1,18,0,6.65,0,63,41.56,13.44,79,121,10.56,95,65,32.63,79,0.00,0.00,0.67,6,0.00,1.89,1.72,0.56,5,0.00,0.22,0.00,0.00,0.00,0.33,0.11,0.78,0.00,2.06,0.33,0.33,0.00,0.33,0.06,0.00,0.33,0.00,0.00,0,0,,6,0.67,81,3,1.03,91,3,1.03,70,2,7,2,58,0.00,99,0,3,1.03,59,17,52,5.84,95,0,0.00,99,0,0.00,0,0,0.00,0,2.06,95,3,1.03,45,1,0.34,33.33,0,0.00,0,0,0,0.00,0,7,0.00,0,2.40,93,N/A,N/A,N/A,N/A,0.00,0,0.00,0,0.50,0.00,0,78.51,50.00,91,20,0.33,1.03,3,37,32,0,0,0,0.11,0.34,1,71,59.83,0.56,1.72,5,0,0.00,0.00,99,0.00,0,0,0,0.00,0.00,0,0.00,0.00,0.00,0.00,0,0,0.00,56,0,17,56,0,0.47,76,0.05,0.16,0.50,69,0.06,0.17,54,3,0.33,1.03,1.72,0.56,83,5,0.17,68,32,55,81,0,46,42,0,0.00,99,3,0.00,1.03,9.27,3.00,27,12,28,43,4.12,1.33,44.44,2,0.69,50,0,23.53,0,0.00,99,4,0.44,1.37,93,0,92,57,0,0,0,0,0,41,56,74,68,0,99,3,15,15,0,0,16,8,0,0
David Zalazar,24,1020927600,2002/05/09,Primera División,2026,Forward,Banfield,740,354,386,Argentina,12,6,6,1,0,1,2,2,0,0,0,4,4,0,8,2,6,1,0,0.36,0.24,0.12,0,0.23,740,0.97,93,62,740,370,0.12,168,52,-1,5,0,7.01,0.17,93,23.35,16.00,25,192,9.67,116,7,14.11,17,0.00,0.00,1.08,13,0.00,6.00,1.22,0.83,10,0.00,0.50,0.00,0.00,0.00,0.67,1.33,0.67,27.00,3.28,1.75,2.50,0.00,0.50,0.22,0.00,0.83,0.00,0.00,0,0,,27,2.25,98,6,0.73,81,21,2.55,99,1,4,8,33,0.00,99,0,8,0.97,56,72,42,8.76,99,0,0.00,99,0,0.00,0,0,0.00,0,1.58,88,30,3.65,91,16,1.95,53.33,0,0.00,0,0,0,0.00,0,8,0.00,44,0.97,46,N/A,N/A,N/A,N/A,0.00,0,0.00,0,2.59,0.00,0,60.42,22.22,39,12,0.83,1.22,10,94,69,0,0,0,0.00,0.00,0,29,84.15,1.33,1.95,16,0,0.00,0.00,99,0.00,0,0,2,0.17,0.24,0,0.00,0.00,0.12,0.08,1,0,3.70,57,41,39,87,44,1.88,90,0.16,0.23,2.59,87,0.22,0.31,82,15,1.25,1.82,0.24,0.17,8,2,0.31,87,85,59,98,0,60,52,0,0.00,99,10,0.00,1.22,11.31,7.75,93,52,83,68,6.32,4.33,55.91,6,0.73,47,0,19.44,0,0.00,99,14,1.17,1.70,97,40,75,41,0,0,0,0,0,84,70,85,68,0,99,54,89,27,1,8,29,40,0,0
Demián Domínguez,20,1137225600,2006/01/14,Primera División,2026,Defender,Vélez Sarsfield,0,0,0,Argentina,0,0,0,0,0,0,0,0,0,0,0,0,0,0,0,0,0,0,0,0,0,0,0,0,0,0,0,0,0,0,0,-1,-1,-1,-1,N/A,N/A,N/A,N/A,N/A,N/A,N/A,N/A,N/A,N/A,N/A,N/A,N/A,N/A,N/A,N/A,N/A,N/A,N/A,N/A,N/A,N/A,N/A,N/A,N/A,N/A,N/A,N/A,N/A,N/A,N/A,N/A,N/A,N/A,N/A,N/A,N/A,N/A,N/A,N/A,N/A,N/A,N/A,N/A,N/A,N/A,N/A,N/A,N/A,N/A,N/A,N/A,N/A,N/A,N/A,N/A,N/A,N/A,N/A,N/A,N/A,N/A,N/A,N/A,N/A,N/A,N/A,N/A,N/A,N/A,N/A,N/A,N/A,N/A,N/A,N/A,N/A,N/A,N/A,N/A,N/A,N/A,N/A,N/A,N/A,N/A,N/A,N/A,N/A,N/A,N/A,N/A,N/A,N/A,N/A,N/A,N/A,N/A,N/A,N/A,N/A,N/A,N/A,N/A,N/A,N/A,N/A,N/A,N/A,N/A,N/A,N/A,N/A,N/A,N/A,N/A,N/A,N/A,N/A,N/A,N/A,N/A,N/A,N/A,N/A,N/A,N/A,N/A,N/A,N/A,N/A,N/A,N/A,N/A,N/A,N/A,N/A,N/A,N/A,N/A,N/A,N/A,N/A,N/A,N/A,N/A,N/A,N/A,N/A,N/A,N/A,N/A,N/A,N/A,N/A,N/A,N/A,N/A,N/A,N/A,N/A,N/A,N/A,N/A,N/A,N/A,N/A,N/A,N/A,N/A,N/A,N/A,N/A,N/A,N/A,N/A,N/A,N/A,N/A,N/A,N/A,N/A,N/A,N/A,N/A,N/A,N/A,N/A,N/A,N/A,N/A,N/A,N/A,N/A,N/A,N/A,N/A,N/A,N/A,N/A,N/A,N/A,N/A,N/A,N/A,N/A,N/A,N/A,N/A,N/A,N/A,N/A,N/A,N/A,N/A,N/A,N/A,N/A,N/A,N/A,N/A,N/A,N/A,N/A
Demian Troya,21,1111478400,2005/03/22,Primera División,2026,Midfielder,Platense,0,0,0,Argentina,0,0,0,0,0,0,0,0,0,0,0,0,0,0,0,0,0,0,0,0,0,0,0,0,0,0,0,0,0,0,0,-1,-1,-1,-1,N/A,N/A,N/A,N/A,N/A,N/A,N/A,N/A,N/A,N/A,N/A,N/A,N/A,N/A,N/A,N/A,N/A,N/A,N/A,N/A,N/A,N/A,N/A,N/A,N/A,N/A,N/A,N/A,N/A,N/A,N/A,N/A,N/A,N/A,N/A,N/A,N/A,N/A,N/A,N/A,N/A,N/A,N/A,N/A,N/A,N/A,N/A,N/A,N/A,N/A,N/A,N/A,N/A,N/A,N/A,N/A,N/A,N/A,N/A,N/A,N/A,N/A,N/A,N/A,N/A,N/A,N/A,N/A,N/A,N/A,N/A,N/A,N/A,N/A,N/A,N/A,N/A,N/A,N/A,N/A,N/A,N/A,N/A,N/A,N/A,N/A,N/A,N/A,N/A,N/A,N/A,N/A,N/A,N/A,N/A,N/A,N/A,N/A,N/A,N/A,N/A,N/A,N/A,N/A,N/A,N/A,N/A,N/A,N/A,N/A,N/A,N/A,N/A,N/A,N/A,N/A,N/A,N/A,N/A,N/A,N/A,N/A,N/A,N/A,N/A,N/A,N/A,N/A,N/A,N/A,N/A,N/A,N/A,N/A,N/A,N/A,N/A,N/A,N/A,N/A,N/A,N/A,N/A,N/A,N/A,N/A,N/A,N/A,N/A,N/A,N/A,N/A,N/A,N/A,N/A,N/A,N/A,N/A,N/A,N/A,N/A,N/A,N/A,N/A,N/A,N/A,N/A,N/A,N/A,N/A,N/A,N/A,N/A,N/A,N/A,N/A,N/A,N/A,N/A,N/A,N/A,N/A,N/A,N/A,N/A,N/A,N/A,N/A,N/A,N/A,N/A,N/A,N/A,N/A,N/A,N/A,N/A,N/A,N/A,N/A,N/A,N/A,N/A,N/A,N/A,N/A,N/A,N/A,N/A,N/A,N/A,N/A,N/A,N/A,N/A,N/A,N/A,N/A,N/A,N/A,N/A,N/A,N/A,N/A
Diego Agustín Medina,19,1161673200,2006/10/24,Primera División,2026,Midfielder,Lanús,874,470,404,Argentina,13,6,7,0,0,0,0,0,0,0,0,5,3,2,8,4,4,4,0,0,0,0,0,0,0,0.82,109,67,219,0,0.41,510,530,-1,22,0,6.25,0,63,58.49,43.69,96,568,35.92,467,79,48.09,95,0.00,0.00,0.46,6,0.00,0.38,3.50,2.62,34,0.00,0.38,0.00,0.00,0.00,0.92,0.54,0.62,0.00,0.72,0.46,0.92,0.00,0.08,0.04,0.00,0.62,0.00,0.00,0,0,,7,0.54,41,1,0.10,29,6,0.62,50,5,2,11,98,0.00,99,0,12,1.24,70,5,28,0.51,39,0,0.00,99,0,0.00,0,0,0.00,0,0.62,44,12,1.24,51,7,0.72,58.33,0,0.00,0,0,0,0.00,0,8,0.00,60,0.82,29,N/A,N/A,N/A,N/A,0.00,0,0.00,0,0.49,0.00,0,82.22,14.29,27,0,1.62,2.16,21,61,76,0,0,0,0.08,0.10,1,36,81.26,0.62,0.82,8,0,0.00,0.00,99,0.00,0,0,0,0.00,0.00,0,0.00,0.00,0.00,0.00,0,0,0.00,56,51,49,56,59,1.12,63,0.09,0.12,0.49,36,0.04,0.05,25,5,0.38,0.51,2.47,1.85,95,24,0.05,36,11,27,81,0,46,33,0,0.00,99,8,0.00,0.82,12.05,9.00,117,53,64,76,5.46,4.08,45.30,5,0.51,62,0,0.00,0,0.00,99,0,0.00,0.00,28,59,57,92,0,0,0,0,0,41,56,74,68,0,99,65,33,82,4,31,89,17,0,0
Diego Alfonso Valdés Contreras,32,759916800,1994/01/30,Primera División,2026,Midfielder,Vélez Sarsfield,697,410,287,Chile,14,7,7,0,0,0,5,4,1,0,0,4,1,3,7,4,3,0,0,0.65,0.65,0,0,0,0,0.9,100,50,0,139,0,369,3,-1,17,0,7.04,0.36,99,45.19,25.00,85,350,20.57,288,80,37.19,86,0.00,0.00,1.50,21,0.00,3.29,1.94,1.07,15,0.00,0.64,0.00,0.00,0.00,0.29,1.14,0.57,0.00,2.32,1.14,2.21,0.00,0.14,0.07,0.00,0.79,0.00,0.00,0,0,,18,1.29,88,2,0.26,51,16,2.07,97,2,6,8,67,0.00,99,0,4,0.52,32,46,48,5.94,96,0,0.00,99,0,0.00,0,0,0.00,0,2.71,99,31,4.00,93,16,2.07,51.61,0,0.00,0,0,0,0.00,0,8,0.00,50,1.03,52,N/A,N/A,N/A,N/A,0.00,0,0.00,0,0.98,0.00,0,82.29,11.11,24,28,0.50,0.90,7,95,67,0,0,0,0.07,0.13,1,43,98.50,0.29,0.52,4,0,0.00,0.00,99,0.00,0,0,0,0.00,0.00,0,0.00,0.00,0.26,0.14,2,0,0.00,56,36,61,56,50,4.23,99,0.30,0.55,0.98,62,0.07,0.13,60,9,0.64,1.16,0.52,0.29,16,4,0.13,60,88,15,81,0,78,58,0,0.00,99,11,0.00,1.42,13.04,7.21,101,50,84,84,6.46,3.57,49.50,9,1.16,26,0,21.74,0,0.00,99,10,0.71,1.29,91,40,88,57,0,0,0,0,0,98,56,74,68,0,99,39,15,15,0,0,16,10,0,0
Diego Barrera,22,1087887600,2004/06/22,Primera División,2026,Forward,Central Córdoba SdE,1040,504,536,Argentina,15,7,8,3,3,0,0,0,0,0,0,5,3,2,15,8,7,4,0,0.26,0,0.26,0.54,0,347,1.3,69,69,260,0,0.35,74,353,-1,2,0,6.71,0,63,22.01,17.13,20,257,11.60,174,22,14.90,21,0.00,0.00,0.73,11,0.00,3.33,2.06,1.60,24,0.00,1.20,0.00,0.00,0.00,0.33,1.20,1.07,6.00,1.54,0.73,2.53,0.00,0.47,0.21,0.00,0.87,0.00,0.00,0,0,,18,1.20,68,7,0.60,76,11,0.94,67,4,3,12,71,0.00,99,0,5,0.43,27,50,33,4.28,88,0,0.00,99,0,0.00,0,0,0.00,0,0.94,64,38,3.25,87,18,1.54,47.37,0,0.00,0,0,0,0.00,0,16,0.00,16,1.37,77,N/A,N/A,N/A,N/A,0.00,0,0.00,0,3.19,0.00,0,67.70,38.89,69,45,0.53,0.69,8,90,56,0,0,0,0.20,0.26,3,63,100.61,1.07,1.37,16,0,0.00,0.00,99,0.00,0,0,0,0.00,0.00,0,0.00,0.00,0.17,0.13,2,0,16.67,88,63,73,69,16,0.86,36,0.06,0.07,3.19,84,0.21,0.27,74,17,1.13,1.46,1.28,1.00,61,15,0.27,83,41,45,81,0,69,47,0,0.00,99,13,0.00,1.11,13.19,10.27,154,71,79,85,6.08,4.73,46.10,18,1.54,16,0,12.00,0,0.00,99,6,0.40,0.51,66,65,66,84,0,0,0,0,0,77,88,74,95,0,99,54,43,73,4,27,82,7,0,0
Diego Churín,36,628502400,1989/12/01,Primera División,2026,Forward,Sarmiento,690,305,385,Argentina,14,7,7,2,2,0,0,0,0,0,0,5,5,0,8,3,5,2,1,0.26,0,0.26,0.59,0,345,1.04,86,49,230,0,0.39,72,333,-1,2,0,6.75,0,63,25.57,14.00,33,196,9.21,129,18,16.83,29,0.00,0.00,0.50,7,0.00,0.43,1.57,0.86,12,0.00,0.79,0.00,0.00,0.00,0.07,0.43,0.64,7.00,1.83,0.57,0.71,0.00,0.43,0.17,0.00,3.07,0.00,0.00,0,0,,14,1.00,76,6,0.78,84,8,1.04,71,1,6,8,50,0.00,99,0,1,0.13,14,6,28,0.78,46,0,0.00,99,0,0.00,0,0,0.00,0,0.91,62,10,1.30,53,6,0.78,60.00,0,0.00,0,0,0,0.00,0,9,0.00,37,1.17,62,N/A,N/A,N/A,N/A,0.00,0,0.00,0,2.31,0.00,0,65.82,42.86,77,37,0.43,0.78,6,64,79,1,0,0,0.00,0.00,0,29,94.55,1.07,1.96,15,0,0.00,0.00,99,0.00,0,1,0,0.00,0.00,0,0.00,0.00,0.39,0.21,3,1,14.29,83,35,61,69,37,0.58,42,0.04,0.08,1.61,76,0.12,0.21,90,16,1.14,2.09,1.70,0.93,83,13,0.30,86,47,59,81,0,85,99,0,0.00,99,43,0.00,5.61,18.26,10.00,140,76,99,98,9.91,5.43,54.29,11,1.43,19,0,0.00,0,0.00,99,0,0.00,0.00,28,40,88,41,0,0,0,0,0,77,88,74,97,0,99,59,37,80,1,7,25,9,0,0
Diego Crego,31,789724800,1995/01/10,Primera División,2026,Forward,Independiente Rivadavia,249,54,195,Argentina,8,4,4,0,0,0,0,0,0,0,0,2,1,1,2,0,2,0,0,0,0,0,0,0,0,0.72,125,31,0,0,0,-1,-1,-1,20,0,5.74,0,63,18.60,6.25,8,50,4.12,33,18,12.27,10,0.00,0.00,0.12,1,0.00,0.88,2.60,0.88,7,0.00,0.50,0.00,0.00,0.00,0.12,0.62,0.25,0.00,2.23,0.62,1.25,0.00,0.12,0.04,0.00,0.38,0.00,0.00,0,0,,6,0.75,85,1,0.37,59,5,1.86,95,1,6,2,86,0.00,99,0,1,0.37,24,7,28,2.60,71,0,0.00,99,0,0.00,0,0,0.00,0,0.37,30,10,3.72,91,5,1.86,50.00,0,0.00,0,0,0,0.00,0,2,0.00,71,0.74,21,N/A,N/A,N/A,N/A,0.00,0,0.00,0,0.33,0.00,0,66.00,16.67,31,15,0.38,1.12,3,93,66,0,0,0,0.00,0.00,0,29,45.89,0.38,1.12,3,0,0.00,0.00,99,0.00,0,0,0,0.00,0.00,0,0.00,0.00,0.00,0.00,0,0,0.00,56,0,11,56,70,0.12,11,0.01,0.04,0.33,58,0.04,0.12,92,6,0.75,2.23,0.74,0.25,27,2,0.12,57,3,38,81,0,46,48,0,0.00,99,3,0.00,1.12,15.25,5.12,41,21,96,92,7.81,2.62,51.22,4,1.49,17,0,0.00,0,0.00,99,0,0.00,0.00,28,0,88,41,0,0,0,0,0,41,56,74,68,0,99,27,15,15,0,0,16,27,0,0
Diego Fernando Herazo Moreno,30,829465200,1996/04/14,Primera División,2026,Forward,San Lorenzo,88,39,49,Colombia,8,4,4,1,0,1,1,1,0,0,0,3,1,2,0,0,0,0,0,2.05,1.02,1.02,0,1.84,88,0,0,11,0,88,0,-1,-1,-1,8,0,5.73,0.12,99,12.97,2.12,2,17,1.50,12,29,9.15,3,0.00,0.00,0.25,2,0.00,0.12,0.00,0.00,0,0.00,0.50,0.00,0.00,0.00,0.00,0.12,0.12,5.00,3.81,0.50,0.75,0.00,0.12,0.12,0.00,0.50,0.00,0.00,0,0,,5,0.62,99,1,0.76,83,4,3.05,99,0,8,0,5,0.00,99,0,0,0.00,10,1,28,0.76,46,0,0.00,99,0,0.00,0,0,0.00,0,1.53,87,6,4.58,95,1,0.76,16.67,0,0.00,0,0,0,0.00,0,1,0.00,99,0.76,23,N/A,N/A,N/A,N/A,0.00,0,0.00,0,0.92,0.00,0,70.59,20.00,35,99,0.00,0.00,0,63,14,0,0,0,0.12,0.76,1,93,45.81,0.12,0.76,1,0,0.00,0.00,99,0.00,0,0,0,0.00,0.00,0,0.00,0.00,0.76,0.12,1,0,20.00,93,0,11,56,0,0.65,99,0.08,0.50,0.92,99,0.12,0.70,2,0,0.00,0.00,1.53,0.25,75,2,0.70,99,3,24,81,0,96,89,0,0.00,99,4,0.00,3.05,16.78,2.75,22,5,21,95,3.81,0.62,22.73,4,3.05,1,0,0.00,0,0.00,99,0,0.00,0.00,28,0,95,16,0,0,0,0,0,99,99,99,68,0,99,65,15,15,0,0,16,18,0,0
Diego Gustavo Mondino,31,784800000,1994/11/14,Primera División,2026,Defender,Gimnasia Mendoza,871,459,412,Argentina,11,6,5,0,0,0,0,0,0,0,0,3,2,1,15,6,9,1,0,0,0,0,0,0,0,1.55,58,79,871,0,0.1,399,389,226,26,0,6.86,0,63,34.31,30.18,63,332,22.64,249,46,25.73,58,0.00,0.00,0.00,0,0.00,0.00,2.17,1.91,21,0.00,0.00,0.00,0.00,0.00,1.82,0.00,1.36,0.00,0.21,0.18,0.00,0.00,0.00,0.01,0.00,2.64,0.00,0.00,0,0,,2,0.18,12,0,0.00,22,2,0.21,17,0,2,9,75,0.00,99,0,20,2.07,97,0,28,0.00,12,0,0.00,99,0,0.00,0,0,0.00,0,0.00,8,0,0.00,9,0,0.00,0.00,0,0.00,0,0,0,0.00,0,15,0.00,6,1.55,85,N/A,N/A,N/A,N/A,0.00,0,0.00,0,0.09,0.00,0,75.00,0.00,22,33,0.73,0.83,8,12,12,0,0,0,0.82,0.93,9,97,75.45,7.09,8.06,78,0,0.00,0.00,99,0.00,0,0,1,0.09,0.10,0,0.00,0.00,0.00,0.00,0,0,0.00,56,51,31,56,6,0.56,26,0.05,0.06,0.09,13,0.01,0.01,26,5,0.45,0.52,0.41,0.36,10,4,0.01,13,66,97,90,0,46,89,0,0.00,99,29,0.00,3.00,8.68,7.64,84,54,67,35,5.58,4.91,64.29,0,0.00,99,0,0.00,0,0.00,99,0,0.00,0.00,28,48,57,16,0,0,0,0,0,41,56,74,68,0,99,33,92,24,1,9,32,2,0,0
Diego Luis Valoyes Ruíz,29,843375600,1996/09/22,Primera División,2026,Forward,Talleres Córdoba,322,179,143,Colombia,9,5,4,0,0,0,1,0,1,0,0,3,1,2,2,2,0,0,0,0.28,0.28,0,0,0,0,0.56,161,36,0,322,0,268,34,-1,11,0,6.55,0.11,95,22.92,9.11,24,82,6.11,55,20,15.37,22,0.00,0.00,0.33,3,0.00,1.56,1.96,0.78,7,0.00,0.78,0.00,0.00,0.00,0.11,1.33,0.22,0.00,2.24,0.56,3.78,0.00,0.33,0.06,0.00,0.67,0.00,0.00,0,0,,8,0.89,85,3,0.84,85,5,1.40,84,7,5,4,68,0.00,99,0,1,0.28,21,14,48,3.91,84,0,0.00,99,0,0.00,0,0,0.00,0,0.84,59,34,9.50,99,12,3.35,35.29,0,0.00,0,0,0,0.00,0,2,0.00,87,0.56,9,N/A,N/A,N/A,N/A,0.00,0,0.00,0,0.58,0.00,0,67.07,37.50,68,32,0.33,0.84,3,99,34,0,0,0,0.00,0.00,0,29,58.96,0.44,1.12,4,0,0.00,0.00,99,0.00,0,0,0,0.00,0.00,0,0.00,0.00,0.56,0.22,2,0,0.00,56,0,17,56,87,0.81,90,0.09,0.23,0.58,68,0.06,0.16,42,3,0.33,0.84,3.07,1.22,98,11,0.16,66,21,38,81,0,92,65,0,0.00,99,6,0.00,1.68,21.52,8.56,77,26,92,99,7.27,2.89,33.77,7,1.96,7,0,21.43,0,0.00,99,3,0.33,0.84,79,8,82,98,0,0,0,0,0,78,56,74,68,0,99,54,15,15,0,0,16,7,0,0
Diego Mastrángelo,23,1036656000,2002/11/07,Primera División,2026,Defender,Gimnasia La Plata,84,0,84,Argentina,5,0,5,0,0,0,0,0,0,0,0,1,0,1,0,0,0,1,0,0,0,0,0,0,0,0,0,17,84,0,1.07,-1,-1,-1,26,0,6.61,0,63,71.79,13.40,99,67,9.60,48,31,51.43,97,0.00,0.00,0.60,3,0.00,0.80,5.36,1.00,5,0.00,0.40,0.00,0.00,0.00,0.80,0.00,0.00,0.00,1.07,0.00,0.00,0.00,0.20,0.03,0.00,0.40,0.00,0.00,0,0,,1,0.20,55,1,1.07,91,0,0.00,9,0,5,0,99,0.00,99,0,4,4.29,99,4,95,4.29,88,0,0.00,99,0,0.00,0,0,0.00,0,3.21,99,0,0.00,9,0,0.00,0.00,0,0.00,0,0,0,0.00,0,0,0.00,99,0.00,0,N/A,N/A,N/A,N/A,0.00,0,0.00,0,0.13,0.00,0,71.64,100.00,99,18,0.20,1.07,1,12,12,0,0,0,0.00,0.00,0,29,33.04,0.40,2.14,2,0,0.00,0.00,99,0.00,0,0,0,0.00,0.00,0,0.00,0.00,0.00,0.00,0,0,0.00,56,0,1,56,0,0.18,83,0.04,0.19,0.13,64,0.03,0.14,57,1,0.20,1.07,6.43,1.20,99,6,0.14,63,27,62,81,0,46,74,0,0.00,99,2,0.00,2.14,19.29,3.60,18,8,97,98,8.57,1.60,44.44,2,2.14,6,0,50.00,0,0.00,99,2,0.40,2.14,98,0,82,16,0,0,0,0,0,41,56,74,68,0,99,15,15,99,1,20,65,6,0,0
Diego Ortegoza,29,861433200,1997/04/19,Primera División,2026,Midfielder,Talleres Córdoba,854,371,483,Argentina,15,7,8,0,0,0,2,1,1,0,0,4,2,2,6,2,4,3,0,0.21,0.21,0,0,0,0,0.63,142,57,285,427,0.32,552,67,-1,24,0,6.74,0.13,90,35.30,22.33,66,335,18.20,273,78,28.77,69,0.00,0.00,1.00,15,0.00,1.27,2.63,1.67,25,0.00,0.67,0.00,0.00,0.00,0.40,0.33,0.53,0.00,1.90,0.87,1.20,0.00,0.33,0.09,0.00,0.67,0.00,0.00,0,0,,18,1.20,77,5,0.53,72,13,1.37,84,4,5,10,87,0.00,99,0,6,0.63,38,19,73,2.00,63,0,0.00,99,0,0.00,0,0,0.00,0,1.58,88,18,1.90,68,5,0.53,27.78,0,0.00,0,0,0,0.00,0,8,0.00,82,0.84,32,N/A,N/A,N/A,N/A,0.00,0,0.00,0,1.37,0.00,0,81.49,27.78,48,50,0.40,0.63,6,53,22,0,0,0,0.20,0.32,3,69,101.11,0.53,0.84,8,1,0.00,0.11,5,0.07,0,0,0,0.00,0.00,0,0.00,0.00,0.21,0.13,2,0,0.00,56,50,73,56,80,2.34,93,0.16,0.25,1.37,64,0.09,0.14,19,4,0.27,0.42,2.42,1.53,94,23,0.14,63,46,29,81,0,73,44,0,0.00,99,10,0.00,1.05,11.38,7.20,108,43,40,69,4.53,2.87,39.81,10,1.05,32,0,31.58,0,0.00,99,6,0.40,0.63,72,52,82,84,0,0,0,0,0,71,56,74,68,0,99,33,48,69,3,20,65,8,0,0
Diego Rodrigo Porcel,21,1106294400,2005/01/21,Primera División,2026,Forward,Argentinos Juniors,537,345,192,Argentina,15,9,6,0,0,0,0,0,0,0,0,8,7,1,4,2,2,2,0,0,0,0,0,0,0,0.67,134,36,269,0,0.34,348,340,-1,21,0,6.19,0,63,21.75,8.67,19,130,6.40,96,40,16.06,26,0.00,0.00,0.60,9,0.00,1.33,2.01,0.80,12,0.00,0.67,0.00,0.00,0.00,0.07,0.33,0.27,0.00,2.51,0.73,1.13,0.00,0.27,0.06,0.00,0.53,0.00,0.00,0,0,,15,1.00,92,4,0.67,80,11,1.84,95,2,10,5,69,0.00,99,0,1,0.17,16,20,45,3.35,79,0,0.00,99,0,0.00,0,0,0.00,0,1.51,86,17,2.84,83,5,0.84,29.41,0,0.00,0,0,0,0.00,0,4,0.00,77,0.67,15,N/A,N/A,N/A,N/A,0.00,0,0.00,0,0.97,0.00,0,73.85,26.67,46,32,0.33,0.84,5,68,24,0,0,0,0.00,0.00,0,29,92.79,0.33,0.84,5,0,0.00,0.00,99,0.00,0,0,2,0.13,0.33,0,0.00,0.00,1.17,0.47,7,0,0.00,56,21,73,56,75,0.64,59,0.04,0.11,0.97,68,0.06,0.16,94,15,1.00,2.51,2.68,1.07,96,16,0.16,66,10,29,99,0,99,56,0,0.00,99,8,0.00,1.34,15.22,6.07,91,39,85,92,6.52,2.60,42.86,10,1.67,12,0,20.00,0,0.00,99,4,0.27,0.67,73,18,98,57,0,0,0,0,0,41,56,74,68,0,99,91,45,72,2,13,43,47,0,0
Diego Sosa,28,870073200,1997/07/28,Primera División,2026,Defender,Instituto,1372,711,661,Argentina,16,8,8,1,0,1,2,1,1,0,0,4,2,2,13,7,6,1,0,0.2,0.13,0.07,0,0.14,1372,0.85,106,86,1372,686,0.07,210,111,103,3,0,6.91,0.12,81,32.73,31.19,57,499,22.75,364,37,23.88,53,0.00,0.00,1.06,17,0.00,4.88,1.51,1.44,23,0.00,0.38,0.00,0.00,0.00,0.81,0.38,0.94,17.00,1.12,0.88,0.69,0.00,0.19,0.11,0.00,0.56,0.00,0.00,0,0,,17,1.06,56,3,0.20,43,14,0.92,66,1,0,16,48,0.00,99,0,13,0.85,49,78,51,5.12,94,0,0.00,99,0,0.00,0,0,0.00,0,1.12,71,11,0.72,35,6,0.39,54.55,0,0.00,0,0,0,0.00,0,15,0.00,57,0.98,47,N/A,N/A,N/A,N/A,0.00,0,0.00,0,1.77,0.00,0,72.95,17.65,31,42,0.69,0.72,11,43,70,0,0,0,0.25,0.26,4,63,110.53,2.88,3.02,46,0,0.00,0.00,99,0.00,0,0,1,0.06,0.07,0,0.00,0.00,0.07,0.06,1,0,5.88,61,87,88,97,57,2.48,76,0.15,0.16,1.77,58,0.11,0.12,27,9,0.56,0.59,0.79,0.75,30,12,0.12,57,74,74,85,0,51,25,0,0.00,99,9,0.00,0.59,5.90,5.62,90,47,11,10,3.08,2.94,52.22,6,0.39,68,0,23.08,0,0.00,99,18,1.12,1.18,88,93,30,41,0,0,0,0,0,69,61,78,68,0,99,27,98,19,1,6,21,3,0,0
Diego Tarzia,23,1051340400,2003/04/26,Primera División,2026,Forward,Independiente,23,0,23,Argentina,1,0,1,0,0,0,0,0,0,0,0,0,0,0,1,0,1,0,0,0,0,0,0,0,0,3.91,23,23,0,0,0,-1,-1,-1,14,0,6.45,0,63,23.48,6.00,25,6,3.00,3,2,11.74,9,0.00,0.00,0.00,0,0.00,1.00,0.00,0.00,0,0.00,0.00,0.00,0.00,0.00,0.00,0.00,1.00,0.00,0.00,0.00,0.00,0.00,0.00,0.00,0.00,0.00,0.00,0.00,0,0,,0,0.00,8,0,0.00,22,0,0.00,9,0,1,0,5,0.00,99,0,0,0.00,10,1,28,3.91,84,0,0.00,99,0,0.00,0,0,0.00,0,0.00,8,0,0.00,9,0,0.00,0.00,0,0.00,0,0,0,0.00,0,1,0.00,0,3.91,97,N/A,N/A,N/A,N/A,0.00,0,0.00,0,0.00,0.00,0,50.00,0.00,22,99,0.00,0.00,0,12,12,0,0,0,0.00,0.00,0,29,6.45,1.00,3.91,1,0,0.00,0.00,99,0.00,0,0,0,0.00,0.00,0,0.00,0.00,0.00,0.00,0,0,0.00,56,0,0,56,0,0.01,11,0.01,0.04,0.00,9,0.00,0.00,2,0,0.00,0.00,7.83,2.00,99,2,0.00,9,17,79,81,0,46,1,0,0.00,99,0,0.00,0.00,3.91,1.00,1,0,0,7,0.00,0.00,0.00,0,0.00,99,0,0.00,0,0.00,99,0,0.00,0.00,28,0,44,16,0,0,0,0,0,41,56,74,68,0,99,1,15,15,0,0,16,27,0,0
Dilan Godoy,20,1139126400,2006/02/05,Primera División,2026,Forward,Vélez Sarsfield,487,247,240,Argentina,12,6,6,0,0,0,3,0,3,0,0,4,2,2,2,1,1,1,0,0.55,0.55,0,0,0,0,0.37,244,41,487,162,0.18,359,10,-1,16,0,6.08,0.25,99,26.19,11.83,35,142,7.50,90,12,16.60,28,0.00,0.00,0.75,9,0.00,0.58,1.84,0.83,10,0.00,0.42,0.00,0.00,0.00,0.17,0.25,0.25,0.00,3.69,1.08,1.33,0.00,0.58,0.12,0.00,1.50,0.00,0.00,0,0,,20,1.67,99,7,1.29,96,13,2.40,99,5,7,5,64,0.00,99,0,2,0.37,24,7,68,1.29,54,0,0.00,99,0,0.00,0,0,0.00,0,1.66,90,16,2.95,84,3,0.55,18.75,0,0.00,0,0,0,0.00,0,3,0.00,98,0.55,8,N/A,N/A,N/A,N/A,0.00,0,0.00,0,1.47,0.00,0,63.38,35.00,63,1,0.83,1.84,10,53,15,0,0,0,0.08,0.18,1,50,72.98,0.25,0.55,3,0,0.00,0.00,99,0.00,0,0,0,0.00,0.00,0,0.00,0.00,0.00,0.00,0,0,0.00,56,15,39,56,97,2.36,99,0.20,0.44,1.47,84,0.12,0.27,74,8,0.67,1.48,1.48,0.67,72,8,0.27,83,8,16,81,0,46,93,0,0.00,99,18,0.00,3.32,16.97,7.67,92,36,86,96,6.64,3.00,39.13,5,0.92,38,0,28.57,0,0.00,99,2,0.17,0.37,59,18,92,92,0,0,0,0,0,95,56,74,68,0,99,54,76,39,1,8,29,15,0,0
Duván Andrés Vergara Hernández,29,842252400,1996/09/09,Primera División,2026,Forward,Racing Club,416,113,303,Colombia,13,5,8,2,0,2,0,0,0,0,0,4,1,3,6,0,6,2,0,0.43,0,0.43,0,0.59,208,1.3,69,32,208,0,0.43,23,482,-1,5,0,6.20,0,63,26.23,10.00,35,130,7.92,103,67,20.78,43,0.00,0.00,0.23,3,0.00,0.92,1.41,0.54,7,0.00,0.15,0.00,0.00,0.00,0.54,0.54,0.54,4.00,1.61,0.23,2.00,0.00,0.38,0.15,0.00,0.31,0.00,0.00,0,0,,8,0.62,70,5,1.01,90,3,0.61,50,5,8,5,42,0.00,99,0,7,1.41,80,12,28,2.42,68,0,0.00,99,0,0.00,0,0,0.00,0,0.61,44,26,5.25,97,7,1.41,26.92,0,0.00,0,0,0,0.00,0,7,0.00,16,1.41,79,N/A,N/A,N/A,N/A,0.00,0,0.00,0,1.96,0.00,0,79.23,62.50,96,70,0.15,0.40,2,87,21,0,0,0,0.00,0.00,0,29,80.57,0.00,0.00,0,0,0.00,0.00,99,0.00,0,0,0,0.00,0.00,0,0.00,0.00,0.20,0.08,1,0,25.00,95,6,49,60,16,0.31,26,0.02,0.06,1.96,95,0.15,0.40,92,11,0.85,2.22,1.82,0.69,85,9,0.40,93,11,1,81,0,72,33,0,0.00,99,4,0.00,0.81,12.71,4.85,63,28,69,81,5.65,2.15,44.44,2,0.40,67,0,0.00,0,0.00,99,0,0.00,0.00,28,18,95,92,0,1,0,8,0,90,96,98,68,0,99,47,31,85,2,15,50,7,0,0
Dylan Aquino,21,1117868400,2005/06/04,Primera División,2026,Forward,Lanús,508,237,271,Argentina,13,6,7,5,4,1,1,1,0,0,0,6,4,2,3,1,2,4,0,1.06,0.18,0.89,1.52,0.33,102,0.53,169,39,127,508,0.71,1,85,-1,1,0,6.81,0.08,86,31.54,13.69,52,178,10.54,137,57,24.27,54,0.00,0.00,0.77,10,0.00,1.54,1.95,0.85,11,0.00,1.08,0.00,0.00,0.00,0.23,0.69,0.38,3.00,2.66,0.46,2.46,0.00,0.69,0.34,0.00,0.00,0.00,0.00,0,0,,15,1.15,94,9,1.59,99,6,1.06,71,3,8,5,68,0.00,99,0,3,0.53,33,20,28,3.54,81,0,0.00,99,0,0.00,0,0,0.00,0,1.77,93,32,5.67,98,9,1.59,28.12,0,0.00,0,0,0,0.00,0,5,0.00,89,0.89,38,N/A,N/A,N/A,N/A,0.00,0,0.00,0,4.39,0.00,0,76.97,60.00,95,57,0.23,0.53,3,90,22,0,0,0,0.00,0.00,0,29,88.59,0.15,0.35,2,0,0.00,0.00,99,0.00,0,0,0,0.00,0.00,0,0.00,0.00,0.53,0.23,3,0,33.33,99,17,49,56,89,1.25,88,0.10,0.22,4.39,99,0.34,0.78,76,9,0.69,1.59,2.13,0.92,90,12,0.78,99,57,10,81,0,91,1,0,0.00,99,0,0.00,0.00,15.41,6.69,87,28,51,93,4.96,2.15,32.18,14,2.48,3,0,5.00,0,0.00,99,1,0.08,0.18,42,18,95,74,1,1,1,8,8,99,99,91,99,0,99,81,17,99,4,31,89,25,0,0
Dylan Gorosito,20,1138953600,2006/02/03,Primera División,2026,Defender,Boca Juniors,0,0,0,Argentina,0,0,0,0,0,0,0,0,0,0,0,0,0,0,0,0,0,0,0,0,0,0,0,0,0,0,0,0,0,0,0,-1,-1,-1,-1,N/A,N/A,N/A,N/A,N/A,N/A,N/A,N/A,N/A,N/A,N/A,N/A,N/A,N/A,N/A,N/A,N/A,N/A,N/A,N/A,N/A,N/A,N/A,N/A,N/A,N/A,N/A,N/A,N/A,N/A,N/A,N/A,N/A,N/A,N/A,N/A,N/A,N/A,N/A,N/A,N/A,N/A,N/A,N/A,N/A,N/A,N/A,N/A,N/A,N/A,N/A,N/A,N/A,N/A,N/A,N/A,N/A,N/A,N/A,N/A,N/A,N/A,N/A,N/A,N/A,N/A,N/A,N/A,N/A,N/A,N/A,N/A,N/A,N/A,N/A,N/A,N/A,N/A,N/A,N/A,N/A,N/A,N/A,N/A,N/A,N/A,N/A,N/A,N/A,N/A,N/A,N/A,N/A,N/A,N/A,N/A,N/A,N/A,N/A,N/A,N/A,N/A,N/A,N/A,N/A,N/A,N/A,N/A,N/A,N/A,N/A,N/A,N/A,N/A,N/A,N/A,N/A,N/A,N/A,N/A,N/A,N/A,N/A,N/A,N/A,N/A,N/A,N/A,N/A,N/A,N/A,N/A,N/A,N/A,N/A,N/A,N/A,N/A,N/A,N/A,N/A,N/A,N/A,N/A,N/A,N/A,N/A,N/A,N/A,N/A,N/A,N/A,N/A,N/A,N/A,N/A,N/A,N/A,N/A,N/A,N/A,N/A,N/A,N/A,N/A,N/A,N/A,N/A,N/A,N/A,N/A,N/A,N/A,N/A,N/A,N/A,N/A,N/A,N/A,N/A,N/A,N/A,N/A,N/A,N/A,N/A,N/A,N/A,N/A,N/A,N/A,N/A,N/A,N/A,N/A,N/A,N/A,N/A,N/A,N/A,N/A,N/A,N/A,N/A,N/A,N/A,N/A,N/A,N/A,N/A,N/A,N/A,N/A,N/A,N/A,N/A,N/A,N/A,N/A,N/A,N/A,N/A,N/A,N/A
Edinson Cavani,39,540288000,1987/02/14,Primera División,2026,Forward,Boca Juniors,104,104,0,Uruguay,2,2,0,0,0,0,0,0,0,0,0,2,2,0,0,0,0,0,0,0,0,0,0,0,0,0,0,52,0,0,0,-1,-1,-1,14,0,6.56,0,63,16.44,9.50,5,19,6.50,13,24,11.25,8,0.00,0.00,0.00,0,0.00,0.00,0.00,0.00,0,0.00,0.00,0.00,0.00,0.00,0.00,0.00,0.00,0.00,0.00,0.00,0.00,0.00,0.00,0.00,0.00,0.50,0.00,0.00,0,0,,0,0.00,8,0,0.00,22,0,0.00,9,4,1,1,5,0.00,99,0,0,0.00,10,0,28,0.00,12,0,0.00,99,0,0.00,0,0,0.00,0,0.00,8,0,0.00,9,0,0.00,0.00,0,0.00,0,0,0,0.00,0,0,0.00,99,0.00,0,N/A,N/A,N/A,N/A,0.00,0,0.00,0,0.00,0.00,0,68.42,0.00,22,99,0.00,0.00,0,12,12,0,0,0,0.00,0.00,0,29,13.13,0.50,0.87,1,0,0.00,0.00,99,0.00,0,0,0,0.00,0.00,0,0.00,0.00,3.46,2.00,4,0,0.00,56,0,0,56,0,0.02,2,0.01,0.02,0.00,9,0.00,0.00,43,1,0.50,0.87,0.00,0.00,6,0,0.00,9,22,30,81,0,99,35,0,0.00,99,1,0.00,0.87,3.46,2.00,4,2,8,7,1.73,1.00,50.00,0,0.00,99,0,0.00,0,0.00,99,0,0.00,0.00,28,0,44,84,0,0,0,0,0,41,56,74,68,0,99,99,15,15,0,0,16,10,0,0
Edison Luciano González Ribeiro,20,1136102400,2006/01/01,Primera División,2026,Forward,Defensa y Justicia,126,52,74,Uruguay,4,2,2,0,0,0,0,0,0,0,0,1,1,0,4,2,2,0,0,0,0,0,0,0,0,2.86,32,32,0,0,0,-1,-1,-1,14,0,6.66,0,63,20.71,7.25,14,29,5.00,20,25,14.29,18,0.00,0.00,0.50,2,0.00,0.00,1.43,0.50,2,0.00,0.00,0.00,0.00,0.00,0.00,1.25,1.25,0.00,2.14,0.50,2.50,0.00,0.25,0.06,0.00,0.75,0.00,0.00,0,0,,3,0.75,83,1,0.71,80,2,1.43,84,0,4,0,43,0.00,99,0,0,0.00,10,0,28,0.00,12,0,0.00,99,0,0.00,0,0,0.00,0,1.43,83,10,7.14,99,5,3.57,50.00,0,0.00,0,0,0,0.00,0,5,0.00,0,3.57,95,N/A,N/A,N/A,N/A,0.00,0,0.00,0,0.25,0.00,0,68.97,33.33,62,43,0.25,0.71,1,99,66,0,0,0,0.00,0.00,0,29,26.65,0.00,0.00,0,0,0.00,0.00,99,0.00,0,0,0,0.00,0.00,0,0.00,0.00,0.00,0.00,0,0,0.00,56,0,0,56,0,0.11,42,0.03,0.08,0.25,70,0.06,0.18,90,3,0.75,2.14,2.14,0.75,91,3,0.18,69,34,1,81,0,46,74,0,0.00,99,3,0.00,2.14,20.00,7.00,28,13,98,99,9.29,3.25,46.43,0,0.00,99,0,0.00,0,0.00,99,0,0.00,0.00,28,0,75,16,0,0,0,0,0,41,56,74,68,0,99,27,15,15,0,0,16,9,0,0
Eduardo Antonio Salvio,36,647852400,1990/07/13,Primera División,2026,Forward,Lanús,1132,529,603,Argentina,17,8,9,1,1,0,3,1,2,0,0,7,5,2,10,3,7,1,0,0.32,0.24,0.08,0.17,0,1132,0.8,113,67,1132,377,0.08,205,51,-1,8,0,6.77,0.18,93,33.47,24.76,60,421,21.24,361,93,28.70,68,0.00,0.00,1.00,17,0.00,1.88,1.27,0.94,16,0.00,0.94,0.00,0.00,0.00,0.53,1.24,0.65,19.00,1.51,0.65,3.06,0.00,0.47,0.12,0.00,0.41,0.00,0.00,0,0,,19,1.12,68,8,0.64,78,11,0.87,63,2,3,14,36,0.00,99,0,9,0.72,44,32,73,2.54,70,0,0.00,99,0,0.00,0,0,0.00,0,1.35,79,52,4.13,94,21,1.67,40.38,0,0.00,0,0,0,0.00,0,11,0.00,62,0.87,37,N/A,N/A,N/A,N/A,0.00,0,0.00,0,2.05,0.00,0,85.75,42.11,75,30,0.65,0.87,11,91,44,0,0,0,0.00,0.00,0,29,115.12,0.82,1.11,14,0,0.00,0.00,99,0.00,0,0,1,0.06,0.08,0,0.00,0.00,0.32,0.24,4,0,5.26,60,70,94,94,62,3.15,93,0.19,0.25,2.05,68,0.12,0.16,54,13,0.76,1.03,0.64,0.47,21,8,0.16,66,50,37,87,0,82,24,0,0.00,99,7,0.00,0.56,10.65,7.88,134,57,40,59,4.53,3.35,42.54,16,1.27,23,0,31.25,0,0.00,99,10,0.59,0.80,78,78,66,57,0,0,0,0,0,82,63,74,77,0,99,71,96,21,1,6,21,11,0,0
Edwuin Cetré,28,883641600,1998/01/01,Primera División,2026,Forward,Estudiantes,660,410,250,Colombia,12,6,6,0,0,0,1,0,1,0,0,6,3,3,3,3,0,2,0,0.14,0.14,0,0,0,0,0.41,220,55,330,660,0.27,557,105,-1,15,0,6.91,0.08,82,23.48,13.85,25,180,10.85,141,64,18.39,34,0.00,0.00,1.46,19,0.00,4.85,0.65,0.38,5,0.00,0.77,0.00,0.00,0.00,0.23,0.54,0.31,0.00,2.22,0.62,1.46,0.00,0.69,0.14,0.00,0.23,0.00,0.00,0,0,,17,1.31,85,9,1.17,94,8,1.04,71,2,6,6,14,0.00,99,0,3,0.39,25,63,61,8.22,98,0,0.00,99,0,0.00,0,0,0.00,0,2.48,97,19,2.48,79,7,0.91,36.84,0,0.00,0,0,0,0.00,0,4,0.00,95,0.52,7,N/A,N/A,N/A,N/A,0.00,0,0.00,0,1.82,0.00,0,78.33,52.94,91,80,0.15,0.26,2,71,35,0,0,0,0.00,0.00,0,29,89.84,0.69,1.17,9,0,0.00,0.00,99,0.00,0,0,1,0.08,0.13,0,0.00,0.00,0.91,0.54,7,0,0.00,56,33,39,56,95,1.63,87,0.13,0.21,1.82,80,0.14,0.24,97,22,1.69,2.87,0.65,0.38,22,5,0.24,78,74,39,94,0,97,13,0,0.00,99,3,0.00,0.39,8.74,5.15,67,36,44,36,4.70,2.77,53.73,10,1.30,23,0,26.98,0,0.00,99,17,1.31,2.22,99,27,88,57,0,0,0,0,0,58,56,74,68,0,99,88,55,61,2,17,53,18,0,0
Elías José Gómez,32,771145200,1994/06/09,Primera División,2026,Defender,Vélez Sarsfield,1440,720,720,Argentina,16,8,8,0,0,0,1,0,1,0,0,7,3,4,10,5,5,5,0,0.06,0.06,0,0,0,0,0.63,144,90,288,1440,0.31,377,190,43,15,0,6.84,0.06,65,41.44,41.44,79,663,31.06,497,45,31.06,75,0.00,0.00,0.69,11,0.00,3.25,1.62,1.62,26,0.00,0.56,0.00,0.00,0.00,1.12,0.75,0.75,0.00,0.31,0.31,1.94,0.00,0.00,0.01,0.00,1.75,0.00,0.00,0,0,,5,0.31,17,0,0.00,22,5,0.31,25,0,0,16,53,0.00,99,0,18,1.12,64,52,36,3.25,79,0,0.00,99,0,0.00,0,0,0.00,0,0.69,49,31,1.94,68,12,0.75,38.71,0,0.00,0,0,0,0.00,0,12,0.00,82,0.75,22,N/A,N/A,N/A,N/A,0.00,0,0.00,0,0.24,0.00,0,74.96,0.00,22,39,0.75,0.75,12,62,39,0,0,0,0.12,0.12,2,41,109.43,2.88,2.88,46,0,0.00,0.00,99,0.00,0,0,0,0.00,0.00,0,0.00,0.00,0.06,0.06,1,0,0.00,56,93,88,56,82,2.16,70,0.14,0.14,0.24,13,0.01,0.01,67,21,1.31,1.31,1.12,1.12,51,18,0.01,13,63,73,81,0,48,67,0,0.00,99,28,0.00,1.75,9.69,9.69,155,87,64,48,5.44,5.44,56.13,9,0.56,58,0,15.38,0,0.00,99,8,0.50,0.50,66,93,30,16,0,0,0,0,0,43,56,74,68,0,99,78,49,67,5,31,89,3,0,0
Elías Lautaro Cabrera,23,1046160000,2003/02/25,Primera División,2026,Midfielder,Tigre,559,275,284,Argentina,10,5,5,0,0,0,0,0,0,0,0,2,2,0,4,2,2,2,0,0,0,0,0,0,0,0.64,140,56,280,0,0.32,311,312,-1,22,0,6.75,0,63,28.34,17.60,41,176,13.30,133,49,21.41,46,0.00,0.00,1.00,10,0.00,2.10,1.61,1.00,10,0.00,1.00,0.00,0.00,0.00,0.50,0.60,0.40,0.00,1.93,1.00,1.00,0.00,0.20,0.08,0.00,0.30,0.00,0.00,0,0,,12,1.20,78,2,0.32,56,10,1.61,90,1,3,7,52,0.00,99,0,5,0.81,48,21,83,3.38,80,0,0.00,99,0,0.00,0,0,0.00,0,1.61,88,10,1.61,63,6,0.97,60.00,0,0.00,0,0,0,0.00,0,4,0.00,80,0.64,13,N/A,N/A,N/A,N/A,0.00,0,0.00,0,0.83,0.00,0,75.57,16.67,31,14,0.70,1.13,7,75,79,0,0,0,0.00,0.00,0,29,67.55,0.50,0.81,5,0,0.00,0.00,99,0.00,0,0,1,0.10,0.16,0,0.00,0.00,0.00,0.00,0,0,0.00,56,23,23,56,79,0.78,66,0.08,0.13,0.83,62,0.08,0.13,80,11,1.10,1.77,1.13,0.70,51,7,0.13,60,47,27,95,0,46,20,0,0.00,99,3,0.00,0.48,10.47,6.50,65,29,43,58,4.67,2.90,44.62,10,1.61,14,0,38.10,0,0.00,99,8,0.80,1.29,91,33,66,41,0,0,0,0,0,41,56,74,68,0,99,15,47,69,2,20,65,33,0,0
Elías Pereyra,27,919065600,1999/02/15,Primera División,2026,Defender,Defensa y Justicia,560,368,192,Argentina,11,7,4,2,1,1,0,0,0,0,0,4,2,2,8,6,2,0,0,0.32,0,0.32,0.24,0.47,280,1.29,70,51,0,0,0,57,411,200,5,0,5.91,0,63,25.07,14.18,31,156,10.73,118,50,18.96,36,0.00,0.00,0.18,2,0.00,1.45,1.45,0.82,9,0.00,0.64,0.00,0.00,0.00,0.45,0.27,0.82,3.50,1.12,0.27,1.09,0.00,0.36,0.17,0.00,0.09,0.00,0.00,0,0,,7,0.64,56,4,0.64,78,3,0.48,40,3,5,6,44,0.00,99,0,5,0.80,47,16,73,2.57,70,0,0.00,99,0,0.00,0,0,0.00,0,0.32,27,12,1.93,68,3,0.48,25.00,0,0.00,0,0,0,0.00,0,9,0.00,16,1.45,82,N/A,N/A,N/A,N/A,0.00,0,0.00,0,1.83,0.00,0,75.64,57.14,93,3,0.91,1.61,10,49,21,0,0,0,0.00,0.00,0,29,65.03,0.73,1.29,8,0,0.00,0.00,99,0.00,0,0,0,0.00,0.00,0,0.00,0.00,0.00,0.00,0,0,28.57,96,24,31,66,17,0.38,26,0.03,0.06,1.83,86,0.17,0.29,65,8,0.73,1.29,0.48,0.27,13,3,0.29,85,5,42,81,0,46,4,0,0.00,99,1,0.00,0.16,9.16,5.18,57,21,14,42,3.38,1.91,36.84,7,1.12,28,0,31.25,0,0.00,99,5,0.45,0.80,78,27,82,74,0,0,0,0,0,82,91,96,81,0,99,59,15,15,0,0,16,27,0,0
Elías Verón,19,1183446000,2007/07/03,Primera División,2026,Defender,Rosario Central,98,98,0,Argentina,2,2,0,1,1,0,0,0,0,0,0,0,0,0,1,1,0,1,0,0.92,0,0.92,0.92,0,98,0.92,98,49,98,0,0.92,-1,-1,-1,7,0,7.08,0,63,31.22,17.00,51,34,12.00,24,29,22.04,47,0.00,0.00,1.00,2,0.00,1.50,2.76,1.50,3,0.00,1.50,0.00,0.00,0.00,0.50,0.50,0.50,2.00,1.84,0.50,1.00,0.00,0.50,0.36,0.00,0.00,0.00,0.00,0,0,,2,1.00,76,1,0.92,87,1,0.92,66,0,1,1,90,0.00,99,0,1,0.92,52,3,28,2.76,73,0,0.00,99,0,0.00,0,0,0.00,0,1.84,93,2,1.84,67,1,0.92,50.00,0,0.00,0,0,0,0.00,0,1,0.00,48,0.92,40,N/A,N/A,N/A,N/A,0.00,0,0.00,0,0.72,0.00,0,70.59,50.00,91,99,0.00,0.00,0,72,66,0,0,0,0.00,0.00,0,29,14.17,2.50,4.59,5,0,0.00,0.00,99,0.00,0,0,0,0.00,0.00,0,0.00,0.00,0.00,0.00,0,0,50.00,99,0,0,56,49,0.13,63,0.07,0.12,0.72,99,0.36,0.66,2,0,0.00,0.00,0.00,0.00,6,0,0.66,99,91,83,81,0,46,1,0,0.00,99,0,0.00,0.00,9.18,5.00,10,4,18,42,3.67,2.00,40.00,3,2.76,2,0,0.00,0,0.00,99,0,0.00,0.00,28,0,44,16,0,0,0,0,0,99,99,74,99,0,99,1,16,99,1,50,99,42,0,0
Emanuel Coronel,29,854784000,1997/02/01,Primera División,2026,Defender,Rosario Central,951,395,556,Argentina,14,7,7,0,0,0,1,1,0,0,0,3,2,1,10,5,5,4,0,0.09,0.09,0,0,0,0,0.95,95,68,238,951,0.38,486,152,133,21,0,6.77,0.07,74,44.40,34.57,84,484,27.21,381,65,34.95,82,0.00,0.00,0.43,6,0.00,1.14,2.02,1.57,22,0.00,0.57,0.00,0.00,0.00,1.07,0.86,0.86,0.00,0.64,0.36,1.29,0.00,0.14,0.04,0.00,1.21,0.00,0.00,0,0,,7,0.50,37,2,0.18,40,5,0.46,38,3,3,11,70,0.00,99,0,15,1.38,78,16,29,1.47,58,0,0.00,99,0,0.00,0,0,0.00,0,0.55,40,18,1.65,64,12,1.10,66.67,0,0.00,0,0,0,0.00,0,12,0.00,46,1.10,58,N/A,N/A,N/A,N/A,0.00,0,0.00,0,0.56,0.00,0,78.72,28.57,50,13,0.93,1.19,13,80,87,0,0,0,0.43,0.55,6,85,94.79,2.79,3.58,39,0,0.00,0.00,99,0.00,0,0,0,0.00,0.00,0,0.00,0.00,0.09,0.07,1,0,0.00,56,57,61,56,46,1.63,74,0.12,0.15,0.56,36,0.04,0.05,61,13,0.93,1.19,1.65,1.29,81,18,0.05,36,50,78,81,0,55,62,0,0.00,99,17,0.00,1.56,11.38,8.86,124,62,70,69,5.69,4.43,50.00,8,0.73,47,0,6.25,0,0.00,99,1,0.07,0.09,34,59,66,74,0,0,0,0,0,50,56,74,68,0,99,17,38,78,4,29,85,32,0,0
Emanuel Iñíguez,29,842857200,1996/09/16,Primera División,2026,Defender,Aldosivi,57,57,0,Argentina,2,2,0,0,0,0,0,0,0,0,0,0,0,0,2,2,0,0,0,0,0,0,0,0,0,3.16,29,29,0,0,0,-1,-1,-1,8,0,2.94,0,63,33.16,10.50,58,21,6.50,13,9,20.53,41,0.00,0.00,0.00,0,0.00,0.50,6.32,2.00,4,0.00,0.50,0.00,0.00,0.00,0.50,0.00,1.00,0.00,0.00,0.00,1.00,0.00,0.00,0.00,0.00,0.50,0.00,0.00,0,0,,0,0.00,8,0,0.00,22,0,0.00,9,3,1,1,99,0.00,99,0,1,1.58,86,1,28,1.58,58,0,0.00,99,0,0.00,0,0,0.00,0,0.00,8,2,3.16,86,0,0.00,0.00,0,0.00,0,0,0,0.00,0,2,0.00,0,3.16,94,N/A,N/A,N/A,N/A,0.00,0,0.00,0,0.00,0.00,0,61.90,0.00,22,99,0.00,0.00,0,12,12,0,0,0,0.00,0.00,0,29,5.87,0.50,1.58,1,0,0.00,0.00,99,0.00,0,0,0,0.00,0.00,0,0.00,0.00,0.00,0.00,0,0,0.00,56,0,0,56,0,0.03,18,0.01,0.05,0.00,9,0.00,0.00,75,1,0.50,1.58,1.58,0.50,77,1,0.00,9,0,52,81,0,46,63,0,0.00,99,1,0.00,1.58,17.37,5.50,11,6,99,97,9.47,3.00,54.55,1,1.58,14,0,0.00,0,0.00,99,0,0.00,0.00,28,0,44,74,0,0,0,0,0,41,56,74,68,0,99,1,15,15,0,0,16,21,0,0
Emanuel Mammana,30,823939200,1996/02/10,Primera División,2026,Defender,Vélez Sarsfield,1349,719,630,Argentina,17,9,8,0,0,0,0,0,0,0,0,7,3,4,10,5,5,1,0,0,0,0,0,0,0,0.67,135,79,1349,0,0.07,371,357,59,23,0,6.10,0,63,42.67,37.65,81,640,31.53,536,86,35.73,83,0.00,0.00,0.12,2,0.00,0.00,1.27,1.12,19,0.00,0.00,0.00,0.00,0.00,0.94,0.00,0.76,0.00,0.40,0.12,0.00,0.00,0.24,0.04,0.00,1.53,0.00,0.00,0,0,,6,0.35,22,4,0.27,52,2,0.13,12,1,2,15,36,0.00,99,0,16,1.07,62,0,28,0.00,12,0,0.00,99,0,0.00,0,0,0.00,0,0.13,13,0,0.00,9,0,0.00,0.00,0,0.00,0,0,0,0.00,0,13,0.00,77,0.87,37,N/A,N/A,N/A,N/A,0.00,0,0.00,0,0.66,0.00,0,83.75,66.67,98,84,0.18,0.20,3,12,12,0,0,0,0.47,0.53,8,84,103.74,6.59,7.47,112,0,0.00,0.00,99,0.00,0,0,0,0.00,0.00,0,0.00,0.00,0.00,0.00,0,0,0.00,56,84,94,56,77,1.16,42,0.07,0.08,0.66,32,0.04,0.04,7,3,0.18,0.20,0.53,0.47,16,8,0.04,32,9,97,81,0,46,66,0,0.00,99,26,0.00,1.73,4.47,3.94,67,46,10,8,3.07,2.71,68.66,0,0.00,99,0,0.00,0,0.00,99,0,0.00,0.00,28,85,57,41,0,0,0,0,0,41,56,74,68,0,99,71,97,19,1,6,21,2,0,0
Emanuel Omar Sittaro Miranda,26,939970800,1999/10/15,Primera División,2026,Goalkeeper,Instituto,0,0,0,Argentina,0,0,0,0,0,0,0,0,0,0,0,0,0,0,0,0,0,0,0,0,0,0,0,0,0,0,0,0,0,0,0,-1,-1,-1,-1,N/A,N/A,N/A,N/A,N/A,N/A,N/A,N/A,N/A,N/A,N/A,N/A,N/A,N/A,N/A,N/A,N/A,N/A,N/A,N/A,N/A,N/A,N/A,N/A,N/A,N/A,N/A,N/A,N/A,N/A,N/A,N/A,N/A,N/A,N/A,N/A,N/A,N/A,N/A,N/A,N/A,N/A,N/A,N/A,N/A,N/A,N/A,N/A,N/A,N/A,N/A,N/A,N/A,N/A,N/A,N/A,N/A,N/A,N/A,N/A,N/A,N/A,N/A,N/A,N/A,N/A,N/A,N/A,N/A,N/A,N/A,N/A,N/A,N/A,N/A,N/A,N/A,N/A,N/A,N/A,N/A,N/A,N/A,N/A,N/A,N/A,N/A,N/A,N/A,N/A,N/A,N/A,N/A,N/A,N/A,N/A,N/A,N/A,N/A,N/A,N/A,N/A,N/A,N/A,N/A,N/A,N/A,N/A,N/A,N/A,N/A,N/A,N/A,N/A,N/A,N/A,N/A,N/A,N/A,N/A,N/A,N/A,N/A,N/A,N/A,N/A,N/A,N/A,N/A,N/A,N/A,N/A,N/A,N/A,N/A,N/A,N/A,N/A,N/A,N/A,N/A,N/A,N/A,N/A,N/A,N/A,N/A,N/A,N/A,N/A,N/A,N/A,N/A,N/A,N/A,N/A,N/A,N/A,N/A,N/A,N/A,N/A,N/A,N/A,N/A,N/A,N/A,N/A,N/A,N/A,N/A,N/A,N/A,N/A,N/A,N/A,N/A,N/A,N/A,N/A,N/A,N/A,N/A,N/A,N/A,N/A,N/A,N/A,N/A,N/A,N/A,N/A,N/A,N/A,N/A,N/A,N/A,N/A,N/A,N/A,N/A,N/A,N/A,N/A,N/A,N/A,N/A,N/A,N/A,N/A,N/A,N/A,N/A,N/A,N/A,N/A,N/A,N/A,N/A,N/A,N/A,N/A,N/A,N/A
Emiliano Amor,31,800607600,1995/05/16,Primera División,2026,Defender,Defensa y Justicia,1306,676,630,Argentina,15,8,7,1,1,0,0,0,0,0,0,4,2,2,16,7,9,2,0,0.07,0,0.07,0.13,0,1306,1.1,82,87,653,0,0.14,214,259,164,8,0,6.90,0,63,42.28,40.87,81,613,35.80,537,97,37.03,85,0.00,0.00,0.27,4,0.00,0.07,0.76,0.73,11,0.00,0.07,0.00,0.00,0.00,1.87,0.07,1.20,3.00,0.21,0.13,0.07,0.00,0.07,0.05,0.00,3.33,0.00,0.00,0,0,,3,0.20,12,1,0.07,24,2,0.14,13,2,0,15,17,0.00,99,0,28,1.93,94,1,28,0.07,16,0,0.00,99,0,0.00,0,0,0.00,0,0.28,24,1,0.07,10,1,0.07,100.00,0,0.00,0,0,0,0.00,0,18,0.00,34,1.24,68,N/A,N/A,N/A,N/A,0.00,0,0.00,0,0.78,0.00,0,87.60,33.33,62,83,0.20,0.21,3,15,99,0,0,0,0.80,0.83,12,95,103.43,6.00,6.21,90,1,0.00,0.07,10,0.07,0,0,0,0.00,0.00,0,0.00,0.00,0.07,0.07,1,0,33.33,99,82,73,97,34,1.45,54,0.10,0.10,0.78,36,0.05,0.05,4,2,0.13,0.14,0.62,0.60,20,9,0.05,36,72,91,81,0,51,93,0,0.00,99,50,0.00,3.45,7.45,7.20,108,64,36,20,4.41,4.27,59.26,1,0.07,87,0,0.00,0,0.00,99,0,0.00,0.00,28,85,30,57,0,0,0,0,0,46,61,74,71,0,99,33,86,31,2,13,43,6,0,0
Emiliano Federico Álvarez Silva,25,981446400,2001/02/06,Primera División,2026,Defender,Unión Santa Fe,73,24,49,Uruguay,4,1,3,0,0,0,1,1,0,0,0,1,1,0,1,0,1,0,0,1.23,1.23,0,0,0,0,1.23,73,18,0,73,0,-1,-1,-1,21,0,6.50,0.25,99,44.38,9.00,84,36,7.75,31,94,38.22,87,0.00,0.00,0.50,2,0.00,2.25,0.00,0.00,0,0.00,0.25,0.00,0.00,0.00,0.25,0.00,0.50,0.00,0.00,0.00,0.25,0.00,0.00,0.00,0.00,0.25,0.00,0.00,0,0,,0,0.00,8,0,0.00,22,0,0.00,9,0,4,0,5,0.00,99,0,1,1.23,69,9,95,11.10,99,0,0.00,99,0,0.00,0,0,0.00,0,2.47,97,1,1.23,50,0,0.00,0.00,0,0.00,0,0,0,0.00,0,2,0.00,20,2.47,93,N/A,N/A,N/A,N/A,0.00,0,0.00,0,0.00,0.00,0,86.11,0.00,22,99,0.00,0.00,0,12,12,0,0,0,0.00,0.00,0,29,25.99,0.50,2.47,2,0,0.00,0.00,99,0.00,0,0,0,0.00,0.00,0,0.00,0.00,0.00,0.00,0,0,0.00,56,0,0,56,20,0.67,99,0.17,0.83,0.00,9,0.00,0.00,2,0,0.00,0.00,2.47,0.50,95,2,0.00,9,17,68,81,0,46,52,0,0.00,99,1,0.00,1.23,7.40,1.50,6,1,7,20,1.23,0.25,16.67,1,1.23,24,0,55.56,0,0.00,99,5,1.25,6.16,99,0,75,16,0,0,0,0,0,99,56,74,68,0,99,27,15,15,0,0,16,4,0,0
Emiliano Miguel Chiavassa,20,1136188800,2006/01/02,Primera División,2026,Forward,Talleres Córdoba,26,18,8,Argentina,3,1,2,0,0,0,0,0,0,0,0,2,1,1,0,0,0,0,0,0,0,0,0,0,0,0,0,9,0,0,0,-1,-1,-1,8,0,4.26,0,63,30.00,3.00,47,9,2.33,7,60,23.33,51,0.00,0.00,0.33,1,0.00,0.33,3.33,0.33,1,0.00,0.00,0.00,0.00,0.00,0.00,0.33,0.00,0.00,0.00,0.00,2.33,0.00,0.00,0.00,0.00,0.00,0.00,0.00,0,0,,0,0.00,8,0,0.00,22,0,0.00,9,0,3,0,97,0.00,99,0,0,0.00,10,1,28,3.33,79,0,0.00,99,0,0.00,0,0,0.00,0,3.33,99,7,23.33,99,1,3.33,14.29,0,0.00,0,0,0,0.00,0,0,0.00,99,0.00,0,N/A,N/A,N/A,N/A,0.00,0,0.00,0,0.00,0.00,0,77.78,0.00,22,99,0.00,0.00,0,99,14,0,0,0,0.00,0.00,0,29,12.77,0.00,0.00,0,0,0.00,0.00,99,0.00,0,0,0,0.00,0.00,0,0.00,0.00,0.00,0.00,0,0,0.00,56,0,0,56,0,0.06,85,0.02,0.20,0.00,9,0.00,0.00,2,0,0.00,0.00,0.00,0.00,6,0,0.00,9,0,1,81,0,46,1,0,0.00,99,0,0.00,0.00,36.67,3.67,11,2,87,99,6.67,0.67,18.18,0,0.00,99,0,0.00,0,0.00,99,0,0.00,0.00,28,0,66,16,0,0,0,0,0,41,56,74,68,0,99,99,15,15,0,0,16,36,0,0
Emiliano Rigoni,33,728812800,1993/02/04,Primera División,2026,Forward,Belgrano,1344,566,778,Argentina,17,8,9,1,1,0,3,2,1,0,0,8,5,3,11,2,9,2,1,0.27,0.2,0.07,0.16,0,1344,0.74,122,79,448,448,0.2,219,74,-1,9,0,6.71,0.18,89,20.63,18.53,14,315,13.65,232,39,15.20,22,0.00,0.00,1.12,19,0.00,3.94,0.85,0.76,13,0.00,0.47,0.00,0.00,0.00,0.65,1.18,0.71,19.00,1.24,0.76,3.06,0.00,0.35,0.11,0.00,1.47,0.00,0.00,0,0,,19,1.12,61,6,0.39,60,13,0.85,62,4,0,17,19,0.00,99,0,11,0.72,44,67,61,4.39,89,0,0.00,99,0,0.00,0,0,0.00,0,1.24,76,52,3.41,88,20,1.31,38.46,0,0.00,0,0,0,0.00,0,12,0.00,69,0.79,26,N/A,N/A,N/A,N/A,0.00,0,0.00,0,1.89,0.00,0,73.65,31.58,56,71,0.35,0.39,6,85,38,0,0,0,0.06,0.07,1,31,114.01,0.94,1.05,16,0,0.00,0.00,99,0.00,0,0,0,0.00,0.00,0,0.00,0.00,0.46,0.41,7,0,5.26,60,84,94,97,69,2.94,83,0.17,0.19,1.89,58,0.11,0.12,17,6,0.35,0.39,1.05,0.94,47,16,0.12,57,41,36,81,0,90,64,0,0.00,99,25,0.00,1.64,9.63,8.65,147,64,30,47,4.19,3.76,43.54,8,0.52,61,0,26.87,0,0.00,99,18,1.06,1.18,88,95,30,84,0,0,0,0,0,77,61,74,75,0,99,82,71,45,1,6,21,24,0,0
Emiliano Sebastián Viveros Mereles,23,1033369200,2002/09/30,Primera División,2026,Forward,Argentinos Juniors,631,350,281,Argentina,11,7,4,1,1,0,1,1,0,0,0,6,4,2,6,2,4,1,0,0.29,0.14,0.14,0.26,0,631,0.86,105,57,631,631,0.14,154,106,-1,7,0,6.80,0.09,82,36.94,23.55,70,259,18.91,208,74,29.67,71,0.00,0.00,0.64,7,0.00,1.82,1.43,0.91,10,0.00,1.00,0.00,0.00,0.00,0.18,0.64,0.55,12.00,1.71,0.73,1.45,0.00,0.36,0.13,0.00,0.64,0.00,0.00,0,0,,12,1.09,73,4,0.57,74,8,1.14,74,1,2,9,43,0.00,99,0,2,0.29,22,20,70,2.85,75,0,0.00,99,0,0.00,0,0,0.00,0,1.00,67,16,2.28,75,7,1.00,43.75,0,0.00,0,0,0,0.00,0,6,0.00,55,0.86,34,N/A,N/A,N/A,N/A,0.00,0,0.00,0,1.47,0.00,0,80.31,33.33,62,43,0.45,0.71,5,76,50,0,0,0,0.00,0.00,0,29,74.80,0.27,0.43,3,0,0.00,0.00,99,0.00,0,0,0,0.00,0.00,0,0.00,0.00,0.14,0.09,1,0,8.33,69,31,31,83,56,1.29,81,0.12,0.18,1.47,76,0.13,0.21,95,18,1.64,2.57,1.43,0.91,68,10,0.21,74,55,12,81,0,64,41,0,0.00,99,7,0.00,1.00,11.84,7.55,83,40,70,74,5.71,3.64,48.19,11,1.57,15,0,30.00,0,0.00,99,6,0.55,0.86,80,48,57,41,0,0,0,0,0,79,74,74,83,0,99,93,85,31,1,9,32,29,0,0
Emilio Giaccone,21,1105689600,2005/01/14,Primera División,2026,Midfielder,Unión Santa Fe,35,8,27,Argentina,2,1,1,0,0,0,0,0,0,0,0,1,1,0,0,0,0,0,0,0,0,0,0,0,0,0,0,18,0,0,0,-1,-1,-1,13,0,6.83,0,63,28.29,5.50,41,11,3.50,7,13,18.00,33,0.00,0.00,0.50,1,0.00,0.00,7.71,1.50,3,0.00,0.00,0.00,0.00,0.00,0.00,0.00,0.00,0.00,5.14,0.50,0.00,0.00,0.50,0.09,0.00,1.50,0.00,0.00,0,0,,2,1.00,99,1,2.57,99,1,2.57,99,0,2,0,99,0.00,99,0,0,0.00,10,0,28,0.00,12,0,0.00,99,0,0.00,0,0,0.00,0,2.57,98,0,0.00,9,0,0.00,0.00,0,0.00,0,0,0,0.00,0,0,0.00,99,0.00,0,N/A,N/A,N/A,N/A,0.00,0,0.00,0,0.17,0.00,0,63.64,50.00,91,99,0.00,0.00,0,12,12,0,0,0,0.00,0.00,0,29,13.66,1.50,7.71,3,0,0.00,0.00,99,0.00,0,0,0,0.00,0.00,0,0.00,0.00,0.00,0.00,0,0,0.00,56,0,0,56,0,0.05,66,0.03,0.13,0.17,96,0.09,0.44,2,0,0.00,0.00,0.00,0.00,6,0,0.44,95,62,97,81,0,46,99,0,0.00,99,3,0.00,7.71,18.00,3.50,7,6,99,98,15.43,3.00,85.71,0,0.00,99,0,0.00,0,0.00,99,0,0.00,0.00,28,0,57,16,0,0,0,0,0,41,56,74,68,0,99,88,15,15,0,0,16,43,0,0
Emmanuel Francisco Gómez Riga,24,1000450800,2001/09/14,Primera División,2026,Goalkeeper,Independiente Rivadavia,90,0,90,Argentina,1,0,1,0,0,0,0,0,0,0,0,0,0,0,1,0,1,0,0,0,0,0,0,0,0,1,90,90,0,0,0,-1,-1,-1,14,0,6.73,0,63,30.00,30.00,47,30,13.00,13,1,13.00,12,0.00,0.00,0.00,0,0.00,0.00,0.00,0.00,0,0.00,0.00,0.00,0.00,3.00,0.00,0.00,4.00,0.00,0.00,0.00,0.00,0.00,0.00,0.00,0.00,0.00,0.00,0.00,0,0,,0,0.00,8,0,0.00,22,0,0.00,9,0,0,1,5,0.00,99,0,0,0.00,10,0,28,0.00,12,0,0.00,99,0,0.00,0,0,0.00,0,0.00,8,0,0.00,9,0,0.00,0.00,0,0.00,0,3,61,3.00,69,4,0.00,41,4.00,97,N/A,N/A,N/A,N/A,75.00,0,0.00,0,0.00,0.00,0,43.33,0.00,22,99,0.00,0.00,0,12,12,0,0,2,0.00,0.00,0,29,6.73,1.00,1.00,1,0,0.00,0.00,99,0.00,0,0,0,0.00,0.00,1,1.00,1.00,0.00,0.00,0,0,0.00,56,0,0,56,41,0.03,6,0.03,0.03,0.00,9,0.00,0.00,51,1,1.00,1.00,0.00,0.00,6,0,0.00,9,44,35,81,94,46,1,0,0.00,99,0,0.00,0.00,1.00,1.00,1,1,7,7,1.00,1.00,100.00,0,0.00,99,0,0.00,0,0.00,99,0,0.00,0.00,28,0,30,16,0,0,0,0,0,41,56,74,68,0,99,1,15,15,0,0,16,21,0,0
Enzo Copetti,30,821779200,1996/01/16,Primera División,2026,Forward,Rosario Central,905,504,401,Argentina,17,9,8,5,2,3,0,0,0,0,0,3,2,1,12,7,5,3,0,0.5,0,0.5,0.36,0.67,181,1.19,75,53,302,0,0.3,12,233,-1,2,0,6.75,0,63,20.49,12.12,13,206,8.41,143,26,14.22,18,0.00,0.00,0.47,8,0.00,0.41,0.80,0.47,8,0.00,0.41,0.00,0.00,0.00,0.35,0.24,0.82,4.20,2.09,0.53,0.53,0.00,0.71,0.29,0.00,1.00,0.00,0.00,0,0,,21,1.24,82,12,1.19,94,9,0.90,64,3,8,9,17,0.00,99,0,6,0.60,36,7,87,0.70,43,0,0.00,99,0,0.00,0,0,0.00,0,0.80,56,9,0.90,41,4,0.40,44.44,0,0.00,0,0,0,0.00,0,14,0.00,25,1.39,78,N/A,N/A,N/A,N/A,0.00,0,0.00,0,4.91,0.00,0,69.42,57.14,93,53,0.35,0.60,6,44,52,0,0,0,0.06,0.10,1,36,114.82,0.47,0.80,8,0,0.00,0.00,99,0.00,0,0,0,0.00,0.00,0,0.00,0.00,0.30,0.18,3,0,23.81,93,53,94,58,24,0.55,18,0.03,0.05,4.91,98,0.29,0.49,71,14,0.82,1.39,1.19,0.71,55,12,0.49,97,47,25,81,0,79,65,0,0.00,99,17,0.00,1.69,9.94,5.88,100,42,30,52,4.18,2.47,42.00,7,0.70,49,0,42.86,0,0.00,99,3,0.18,0.30,55,48,95,74,0,0,0,0,0,94,99,99,89,0,99,10,51,65,3,18,57,22,0,0
Enzo Gabriel Martínez Suárez,28,893833200,1998/04/29,Primera División,2026,Defender,Gimnasia La Plata,1405,630,775,Uruguay,16,7,9,2,1,1,0,0,0,0,0,5,2,3,18,9,9,5,1,0.13,0,0.13,0.14,0.12,703,1.15,78,88,234,0,0.38,157,498,177,4,0,6.92,0,63,41.89,40.88,79,654,32.44,519,68,33.25,80,0.00,0.00,0.25,4,0.00,0.06,1.54,1.50,24,0.00,0.19,0.00,0.00,0.00,1.94,0.31,1.19,5.00,0.64,0.44,0.44,0.00,0.19,0.12,0.00,2.62,0.00,0.00,0,0,,10,0.62,37,3,0.19,42,7,0.45,37,0,0,16,49,0.00,99,0,31,1.99,96,1,99,0.06,13,0,0.00,99,0,0.00,0,0,0.00,0,0.26,23,7,0.45,24,5,0.32,71.43,0,0.00,0,0,0,0.00,0,19,0.00,28,1.22,67,N/A,N/A,N/A,N/A,0.00,0,0.00,0,1.90,0.00,0,79.36,30.00,53,77,0.31,0.32,5,36,88,0,0,0,0.88,0.90,14,97,110.78,6.25,6.41,100,0,0.00,0.00,99,0.00,0,0,0,0.00,0.00,0,0.00,0.00,0.06,0.06,1,0,20.00,93,89,88,85,28,1.29,42,0.08,0.08,1.90,58,0.12,0.12,25,8,0.50,0.51,1.28,1.25,61,20,0.12,57,77,92,81,0,48,83,0,0.00,99,42,0.00,2.69,8.39,8.19,131,77,50,30,4.93,4.81,58.78,3,0.19,80,0,100.00,0,0.00,99,1,0.06,0.06,29,93,30,16,0,0,0,0,0,56,72,75,73,0,99,47,37,78,4,25,79,21,0,0
Enzo Giménez,28,887702400,1998/02/17,Primera División,2026,Midfielder,Rosario Central,1441,740,701,Paraguay,17,9,8,1,0,1,1,0,1,0,0,4,2,2,15,7,8,5,0,0.12,0.06,0.06,0,0.13,1441,0.94,96,85,288,1441,0.31,231,200,-1,10,0,6.83,0.06,65,38.72,36.47,73,620,28.88,491,67,30.67,75,0.00,0.00,0.88,15,0.00,1.88,2.31,2.18,37,0.00,0.88,0.00,0.00,0.00,0.88,0.47,0.94,20.00,1.25,0.76,1.35,0.00,0.41,0.13,0.00,1.65,0.00,0.00,0,0,,20,1.18,62,7,0.44,65,13,0.81,59,5,0,17,79,0.00,99,0,15,0.94,54,32,37,2.00,63,0,0.00,99,0,0.00,0,0,0.00,0,0.94,64,23,1.44,58,8,0.50,34.78,0,0.00,0,0,0,0.00,0,16,0.00,47,1.00,50,N/A,N/A,N/A,N/A,0.00,0,0.00,0,2.15,0.00,0,79.19,35.00,63,51,0.59,0.62,10,51,33,0,0,0,0.29,0.31,5,67,116.18,2.00,2.12,34,1,0.00,0.06,11,0.06,0,0,1,0.06,0.06,0,0.00,0.00,0.31,0.29,5,0,5.00,58,93,94,98,47,2.08,66,0.12,0.13,2.15,62,0.13,0.13,79,27,1.59,1.69,1.69,1.59,82,27,0.13,60,62,61,82,0,81,67,0,0.00,99,28,0.00,1.75,12.24,11.53,196,99,81,78,6.18,5.82,50.51,15,0.94,36,0,15.62,0,0.00,99,5,0.29,0.31,56,95,30,92,0,0,0,0,0,55,59,78,68,0,99,21,49,67,5,29,85,16,0,0
Enzo Leonel Taborda,21,1116572400,2005/05/20,Primera División,2026,Forward,Barracas Central,170,99,71,Argentina,6,4,2,0,0,0,0,0,0,0,0,2,1,1,1,1,0,0,0,0,0,0,0,0,0,0.53,170,28,0,0,0,-1,-1,-1,21,0,6.65,0,63,24.35,7.67,28,46,7.00,42,99,22.24,48,0.00,0.00,0.33,2,0.00,0.83,2.12,0.67,4,0.00,1.00,0.00,0.00,0.00,0.00,1.33,0.17,0.00,3.18,1.00,2.67,0.00,0.00,0.05,0.00,0.00,0.00,0.00,0,0,,6,1.00,97,0,0.00,22,6,3.18,99,2,5,1,75,0.00,99,0,0,0.00,10,5,28,2.65,72,0,0.00,99,0,0.00,0,0,0.00,0,1.06,69,16,8.47,99,8,4.24,50.00,0,0.00,0,0,0,0.00,0,1,0.00,89,0.53,7,N/A,N/A,N/A,N/A,0.00,0,0.00,0,0.30,0.00,0,91.30,0.00,22,57,0.17,0.53,1,99,66,0,0,0,0.00,0.00,0,29,39.88,0.00,0.00,0,0,0.00,0.00,99,0.00,0,0,0,0.00,0.00,0,0.00,0.00,0.53,0.17,1,0,0.00,56,0,4,56,89,0.14,36,0.02,0.07,0.30,68,0.05,0.16,76,3,0.50,1.59,2.12,0.67,90,4,0.16,66,32,1,81,0,91,1,0,0.00,99,0,0.00,0.00,16.94,5.33,32,15,96,96,7.94,2.50,46.88,6,3.18,1,0,0.00,0,0.00,99,0,0.00,0.00,28,0,82,57,0,0,0,0,0,41,56,74,68,0,99,54,15,15,0,0,16,24,0,0
Enzo Pérez,40,509443200,1986/02/22,Primera División,2026,Midfielder,Argentinos Juniors,115,45,70,Argentina,8,6,2,0,0,0,0,0,0,0,0,6,5,1,2,0,2,0,0,0,0,0,0,0,0,1.57,58,14,0,0,0,-1,-1,-1,15,0,5.78,0,63,43.52,11.00,83,88,9.12,73,83,36.10,84,0.00,0.00,0.12,1,0.00,0.12,1.98,0.50,4,0.00,0.00,0.00,0.00,0.00,0.75,0.00,0.38,0.00,0.00,0.00,0.12,0.00,0.00,0.00,0.00,0.25,0.00,0.00,0,0,,0,0.00,8,0,0.00,22,0,0.00,9,2,7,1,68,0.00,99,0,6,2.97,99,1,99,0.49,38,0,0.00,99,0,0.00,0,0,0.00,0,0.49,36,1,0.49,25,0,0.00,0.00,0,0.00,0,0,0,0.00,0,3,0.00,5,1.48,83,N/A,N/A,N/A,N/A,0.00,0,0.00,0,0.00,0.00,0,82.95,0.00,22,99,0.00,0.00,0,12,12,0,0,0,0.00,0.00,0,29,46.22,0.50,1.98,4,0,0.00,0.00,99,0.00,0,0,0,0.00,0.00,0,0.00,0.00,0.00,0.00,0,0,0.00,56,0,11,56,6,0.20,54,0.03,0.10,0.00,9,0.00,0.00,99,7,0.88,3.46,1.48,0.38,72,3,0.00,9,4,59,81,0,46,40,0,0.00,99,2,0.00,0.99,10.88,2.75,22,13,84,62,6.43,1.62,59.09,0,0.00,99,0,100.00,0,0.00,99,1,0.12,0.49,65,0,92,57,0,0,0,0,0,41,56,74,68,0,99,99,15,15,0,0,16,33,0,0
Eric Exequiel Meza,27,923554800,1999/04/08,Primera División,2026,Defender,Estudiantes,914,384,530,Argentina,12,5,7,0,0,0,0,0,0,0,0,7,3,4,5,2,3,5,0,0,0,0,0,0,0,0.49,183,76,183,0,0.49,522,547,14,22,0,6.83,0,63,29.32,24.08,44,289,17.33,208,33,21.10,44,0.00,0.00,0.75,9,0.00,2.92,2.33,1.92,23,0.00,0.33,0.00,0.00,0.00,0.67,1.33,0.42,0.00,1.32,0.75,2.25,0.00,0.33,0.08,0.00,0.33,0.00,0.00,0,0,,13,1.08,64,4,0.41,63,9,0.91,65,2,0,12,80,0.00,99,0,8,0.81,48,35,73,3.55,81,0,0.00,99,0,0.00,0,0,0.00,0,0.91,62,27,2.74,81,16,1.62,59.26,0,0.00,0,0,0,0.00,0,5,0.00,92,0.51,6,N/A,N/A,N/A,N/A,0.00,0,0.00,0,0.96,0.00,0,71.97,30.77,54,34,0.67,0.81,8,90,77,0,0,0,0.17,0.20,2,55,81.98,1.50,1.83,18,0,0.00,0.00,99,0.00,0,0,0,0.00,0.00,0,0.00,0.00,0.00,0.00,0,0,0.00,56,55,39,56,92,0.69,36,0.06,0.07,0.96,54,0.08,0.10,45,9,0.75,0.91,1.42,1.17,67,14,0.10,53,62,57,81,0,46,16,0,0.00,99,4,0.00,0.41,9.23,7.58,91,52,61,42,5.28,4.33,57.14,4,0.41,67,0,31.43,0,0.00,99,11,0.92,1.12,87,65,30,57,0,0,0,0,0,41,56,74,68,0,99,96,27,89,5,42,96,20,0,0
Eric Iván Jesús Ramírez,29,843289200,1996/09/21,Primera División,2026,Forward,Huracán,150,26,124,Argentina,10,3,7,0,0,0,1,0,1,0,0,4,1,3,2,0,2,2,1,0.6,0.6,0,0,0,0,1.2,75,15,50,150,1.8,-1,-1,-1,20,0,5.25,0.1,99,19.88,3.80,10,38,3.10,31,78,16.22,26,0.00,0.00,0.10,1,0.00,0.20,0.52,0.10,1,0.00,0.10,0.00,0.00,0.00,0.10,0.10,0.30,0.00,4.19,0.60,0.30,0.00,0.20,0.07,0.00,0.40,0.00,0.00,0,0,,8,0.80,99,2,1.05,91,6,3.14,99,2,9,1,12,0.00,99,0,1,0.52,32,2,95,1.05,51,0,0.00,99,0,0.00,0,0,0.00,0,0.52,38,3,1.57,62,1,0.52,33.33,0,0.00,0,0,0,0.00,0,3,0.00,24,1.57,86,N/A,N/A,N/A,N/A,0.00,0,0.00,0,0.65,0.00,0,81.58,25.00,45,58,0.10,0.52,1,52,32,0,0,0,0.00,0.00,0,29,52.49,0.10,0.52,1,0,0.00,0.00,99,0.00,0,0,0,0.00,0.00,0,0.00,0.00,0.52,0.10,1,0,0.00,56,0,23,56,24,0.69,98,0.07,0.36,0.65,90,0.07,0.34,26,1,0.10,0.52,3.66,0.70,99,7,0.34,90,1,15,81,0,91,73,0,0.00,99,4,0.00,2.09,13.60,2.60,26,7,17,86,3.66,0.70,26.92,1,0.52,61,0,50.00,0,0.00,99,1,0.10,0.52,67,0,97,57,0,0,0,0,0,97,56,74,68,0,99,69,15,99,1,10,34,11,0,0
Erik Fernando Godoy,32,745484400,1993/08/16,Primera División,2026,Defender,Argentinos Juniors,542,179,363,Argentina,13,8,5,1,0,1,0,0,0,0,0,6,5,1,7,0,7,0,0,0.17,0,0.17,0,0.25,542,1.16,77,42,0,0,0,120,339,178,10,0,5.19,0,63,53.94,28.08,94,365,24.38,317,96,46.85,95,0.00,0.00,0.15,2,0.00,0.15,0.89,0.46,6,0.00,0.08,0.00,0.00,0.00,0.85,0.08,0.62,6.00,0.89,0.38,0.08,0.00,0.08,0.07,0.00,1.46,0.00,0.00,0,0,,6,0.46,50,1,0.15,36,5,0.74,56,0,7,6,20,0.00,99,0,11,1.63,87,2,95,0.30,29,0,0.00,99,0,0.00,0,0,0.00,0,0.30,26,1,0.15,13,1,0.15,100.00,0,0.00,0,0,0,0.00,0,8,0.00,27,1.18,63,N/A,N/A,N/A,N/A,0.00,0,0.00,0,0.95,0.00,0,86.85,16.67,31,20,0.54,1.03,7,20,99,0,0,0,0.46,0.89,6,97,67.50,3.00,5.76,39,0,0.00,0.00,99,0.00,0,0,0,0.00,0.00,0,0.00,0.00,0.00,0.00,0,0,16.67,88,22,49,79,27,0.78,63,0.06,0.12,0.95,64,0.07,0.14,27,4,0.31,0.59,1.18,0.62,54,8,0.14,63,1,88,81,0,46,86,0,0.00,99,19,0.00,2.81,8.72,4.54,59,30,37,36,4.43,2.31,50.85,1,0.15,83,0,50.00,0,0.00,99,1,0.08,0.15,40,27,92,16,0,0,0,0,0,65,80,87,68,0,99,81,15,15,0,0,16,4,0,0
Eros Nazareno Mancuso,27,924332400,1999/04/17,Primera División,2026,Defender,Estudiantes,785,516,269,Argentina,14,8,6,0,0,0,0,0,0,0,0,7,4,3,4,3,1,4,0,0,0,0,0,0,0,0.46,196,56,196,0,0.46,555,555,13,13,0,6.74,0,63,42.34,25.47,81,382,19.93,299,63,33.14,79,0.00,0.00,0.60,9,0.00,1.13,2.00,1.20,18,0.00,0.27,0.00,0.00,0.00,0.47,0.27,0.33,0.00,0.78,0.27,0.87,0.00,0.20,0.04,0.00,0.67,0.00,0.00,0,0,,7,0.47,44,3,0.33,57,4,0.44,36,1,7,7,69,0.00,99,0,7,0.78,46,17,52,1.88,62,0,0.00,99,0,0.00,0,0,0.00,0,1.00,67,13,1.44,58,4,0.44,30.77,0,0.00,0,0,0,0.00,0,5,0.00,94,0.55,8,N/A,N/A,N/A,N/A,0.00,0,0.00,0,0.53,0.00,0,78.27,42.86,77,37,0.47,0.78,7,47,26,0,0,0,0.27,0.44,4,79,101.03,1.40,2.33,21,0,0.00,0.00,99,0.00,0,0,0,0.00,0.00,0,0.00,0.00,0.33,0.20,3,0,0.00,56,44,61,56,94,1.11,63,0.07,0.12,0.53,42,0.04,0.06,73,13,0.87,1.44,1.00,0.60,44,9,0.06,42,46,64,81,0,83,47,0,0.00,99,10,0.00,1.11,9.09,5.47,82,43,46,41,4.77,2.87,52.44,4,0.44,66,0,23.53,0,0.00,99,4,0.27,0.44,62,33,92,41,0,0,0,0,0,41,56,74,68,0,99,88,29,87,3,21,68,40,0,0
Esteban Fernández,24,1010304000,2002/01/06,Primera División,2026,Midfielder,Gimnasia Mendoza,389,211,178,Argentina,9,4,5,0,0,0,0,0,0,0,0,2,1,1,6,3,3,3,0,0,0,0,0,0,0,1.39,65,43,130,0,0.69,394,385,-1,18,0,5.90,0,63,35.17,16.89,65,152,14.78,133,96,30.77,75,0.00,0.00,0.78,7,0.00,0.78,1.62,0.78,7,0.00,1.56,0.00,0.00,0.00,0.33,1.00,0.67,0.00,0.23,0.11,1.56,0.00,0.00,0.01,0.00,0.22,0.00,0.00,0,0,,1,0.11,13,0,0.00,22,1,0.23,18,2,3,6,53,0.00,99,0,3,0.69,43,7,68,1.62,59,0,0.00,99,0,0.00,0,0,0.00,0,1.62,89,14,3.24,87,9,2.08,64.29,0,0.00,0,0,0,0.00,0,6,0.00,10,1.39,78,N/A,N/A,N/A,N/A,0.00,0,0.00,0,0.05,0.00,0,87.50,0.00,22,3,0.78,1.62,7,96,82,0,0,0,0.00,0.00,0,29,53.07,0.11,0.23,1,0,0.00,0.00,99,0.00,0,0,0,0.00,0.00,0,0.00,0.00,0.23,0.11,1,0,0.00,56,3,17,56,11,0.49,59,0.05,0.11,0.05,13,0.01,0.01,95,11,1.22,2.54,1.16,0.56,53,5,0.01,13,5,6,81,0,74,19,0,0.00,99,2,0.00,0.46,14.34,6.89,62,29,87,90,6.71,3.22,46.77,14,3.24,1,0,28.57,0,0.00,99,2,0.22,0.46,63,27,66,57,0,0,0,0,0,41,56,74,68,0,99,18,17,98,3,33,92,30,0,0
Esteban Lucero,20,1122620400,2005/07/29,Primera División,2026,Defender,Defensa y Justicia,460,157,303,Argentina,9,4,5,0,0,0,0,0,0,0,0,5,2,3,3,1,2,1,0,0,0,0,0,0,0,0.59,153,51,460,0,0.2,416,408,34,22,0,5.18,0,63,27.86,15.89,40,143,11.67,105,38,20.45,41,0.00,0.00,0.33,3,0.00,1.56,1.95,1.11,10,0.00,0.56,0.00,0.00,0.00,0.56,0.56,0.44,0.00,0.39,0.22,1.00,0.00,0.00,0.01,0.00,1.56,0.00,0.00,0,0,,2,0.22,22,0,0.00,22,2,0.39,32,2,4,5,68,0.00,99,0,5,0.97,56,14,81,2.73,73,0,0.00,99,0,0.00,0,0,0.00,0,0.58,41,9,1.75,66,5,0.97,55.56,0,0.00,0,0,0,0.00,0,4,0.00,85,0.78,25,N/A,N/A,N/A,N/A,0.00,0,0.00,0,0.09,0.00,0,73.43,0.00,22,13,0.67,1.17,6,75,73,0,0,0,0.44,0.78,4,93,46.60,2.22,3.90,20,0,0.00,0.00,99,0.00,0,0,0,0.00,0.00,0,0.00,0.00,0.00,0.00,0,0,0.00,56,13,17,56,85,0.37,36,0.04,0.07,0.09,20,0.01,0.02,38,4,0.44,0.78,0.78,0.44,29,4,0.02,20,1,79,81,0,46,84,0,0.00,99,14,0.00,2.73,10.91,6.22,56,31,78,63,6.04,3.44,55.36,5,0.97,35,0,35.71,0,0.00,99,5,0.56,0.97,83,18,75,57,0,0,0,0,0,41,56,74,68,0,99,96,74,45,1,11,37,2,0,0
Esteban Rolón,31,796118400,1995/03/25,Primera División,2026,Midfielder,Aldosivi,843,475,368,Argentina,14,7,7,0,0,0,0,0,0,0,0,4,4,0,9,2,7,6,0,0,0,0,0,0,0,0.96,94,60,141,0,0.64,426,421,-1,25,0,6.30,0,63,29.75,19.93,46,279,14.43,202,34,21.54,46,0.00,0.00,1.00,14,0.00,1.64,2.67,1.79,25,0.00,0.93,0.00,0.00,0.00,0.71,0.64,0.64,0.00,0.75,0.36,1.00,0.00,0.14,0.03,0.00,1.14,0.00,0.00,0,0,,7,0.50,42,2,0.21,45,5,0.53,43,3,3,11,88,0.00,99,0,10,1.07,62,23,95,2.45,68,0,0.00,99,0,0.00,0,0,0.00,0,1.49,85,14,1.49,60,9,0.96,64.29,0,0.00,0,0,0,0.00,0,9,0.00,44,0.96,45,N/A,N/A,N/A,N/A,0.00,0,0.00,0,0.47,0.00,0,72.40,28.57,50,18,0.71,1.07,10,74,82,0,0,0,0.36,0.53,5,84,88.21,1.43,2.13,20,0,0.00,0.00,99,0.00,0,0,0,0.00,0.00,0,0.00,0.00,0.11,0.07,1,0,0.00,56,48,61,56,44,0.86,47,0.06,0.09,0.47,36,0.03,0.05,14,3,0.21,0.32,1.49,1.00,73,14,0.05,36,13,62,81,0,58,66,0,0.00,99,16,0.00,1.71,10.98,7.36,103,53,69,64,5.65,3.79,51.46,13,1.39,20,0,52.17,0,0.00,99,12,0.86,1.28,90,59,66,74,0,0,0,0,0,41,56,74,68,0,99,39,19,97,6,43,97,8,0,0
Eugenio Raggio,24,999241200,2001/08/31,Primera División,2026,Defender,Platense,720,270,450,Argentina,8,3,5,0,0,0,0,0,0,0,0,3,0,3,8,3,5,2,0,0,0,0,0,0,0,1,90,90,360,0,0.25,442,433,141,18,0,6.94,0,63,37.75,37.75,71,302,30.75,246,78,30.75,75,0.00,0.00,0.00,0,0.00,0.00,1.00,1.00,8,0.00,0.12,0.00,0.00,0.00,1.50,0.25,1.00,0.00,0.12,0.12,0.25,0.00,0.00,0.01,0.00,2.62,0.00,0.00,0,0,,1,0.12,10,0,0.00,22,1,0.12,12,0,0,8,24,0.00,99,0,12,1.50,83,0,28,0.00,12,0,0.00,99,0,0.00,0,0,0.00,0,0.00,8,2,0.25,19,2,0.25,100.00,0,0.00,0,0,0,0.00,0,8,0.00,41,1.00,50,N/A,N/A,N/A,N/A,0.00,0,0.00,0,0.05,0.00,0,81.46,0.00,22,61,0.50,0.50,4,29,99,0,0,0,0.88,0.88,7,96,55.53,8.50,8.50,68,0,0.00,0.00,99,0.00,0,0,0,0.00,0.00,0,0.00,0.00,0.12,0.12,1,0,0.00,56,38,11,56,41,0.47,26,0.06,0.06,0.05,13,0.01,0.01,51,8,1.00,1.00,0.50,0.50,15,4,0.01,13,79,98,81,0,60,82,0,0.00,99,21,0.00,2.62,6.88,6.88,55,39,49,16,4.88,4.88,70.91,1,0.12,85,0,0.00,0,0.00,99,0,0.00,0.00,28,40,30,16,0,0,0,0,0,41,56,74,68,0,99,65,60,57,2,25,79,6,0,0
Éver Banega,38,583570800,1988/06/29,Primera División,2026,Midfielder,Defensa y Justicia,351,231,120,Argentina,10,6,4,0,0,0,0,0,0,0,0,2,1,1,5,3,2,2,0,0,0,0,0,0,0,1.28,70,35,176,0,0.51,415,407,-1,17,0,6.73,0,63,74.91,29.30,99,293,25.80,258,98,65.97,99,0.00,0.00,0.60,6,0.00,1.80,3.07,1.20,12,0.00,0.40,0.00,0.00,0.00,0.10,0.40,0.80,0.00,0.77,0.30,0.60,0.00,0.00,0.01,0.00,0.10,0.00,0.00,0,0,,3,0.30,43,0,0.00,22,3,0.77,57,3,7,3,95,0.00,99,0,1,0.26,21,18,83,4.60,90,0,0.00,99,0,0.00,0,0,0.00,0,1.53,87,6,1.53,61,4,1.02,66.67,0,0.00,0,0,0,0.00,0,8,0.00,17,2.05,92,N/A,N/A,N/A,N/A,0.00,0,0.00,0,0.15,0.00,0,88.05,0.00,22,59,0.20,0.51,2,77,87,0,0,0,0.00,0.00,0,29,67.34,0.10,0.26,1,0,0.00,0.00,99,0.00,0,0,0,0.00,0.00,0,0.00,0.00,0.00,0.00,0,0,0.00,56,0,23,56,17,1.39,98,0.14,0.36,0.15,32,0.01,0.04,10,1,0.10,0.26,2.30,0.90,94,9,0.04,32,44,7,81,0,46,8,0,0.00,99,1,0.00,0.26,10.48,4.10,41,18,42,58,4.60,1.80,43.90,4,1.02,34,0,38.89,0,0.00,99,7,0.70,1.79,97,3,92,74,0,0,0,0,0,41,56,74,68,0,99,15,25,91,2,20,65,11,0,0
Exequiel Zeballos,24,1019631600,2002/04/24,Primera División,2026,Forward,Boca Juniors,487,231,256,Argentina,8,4,4,1,0,1,3,1,2,0,0,4,2,2,3,0,3,0,0,0.74,0.55,0.18,0,0.35,487,0.55,162,61,0,162,0,108,9,-1,7,0,7.09,0.38,99,21.76,15.62,19,125,11.88,95,51,16.54,28,0.00,0.00,0.88,7,0.00,2.12,1.57,1.12,9,0.00,1.00,0.00,0.00,0.00,0.00,2.00,0.62,14.00,2.44,0.88,3.88,0.00,0.88,0.23,0.00,0.25,0.00,0.00,0,0,,14,1.75,89,7,1.22,95,7,1.22,79,4,3,5,50,0.00,99,0,0,0.00,10,17,32,2.96,76,0,0.00,99,0,0.00,0,0,0.00,0,1.22,75,31,5.40,98,16,2.79,51.61,0,0.00,0,0,0,0.00,0,5,0.00,88,0.87,37,N/A,N/A,N/A,N/A,0.00,0,0.00,0,1.82,0.00,0,76.00,50.00,91,58,0.38,0.52,3,99,67,0,0,0,0.00,0.00,0,29,56.69,0.12,0.17,1,0,0.00,0.00,99,0.00,0,0,0,0.00,0.00,0,0.00,0.00,0.52,0.38,3,0,7.14,65,15,11,75,87,2.05,98,0.26,0.36,1.82,88,0.23,0.32,90,12,1.50,2.09,0.87,0.62,35,5,0.32,88,92,4,81,0,91,12,0,0.00,99,2,0.00,0.35,12.01,8.62,69,38,86,76,6.62,4.75,55.07,8,1.39,20,0,11.76,0,0.00,99,2,0.25,0.35,58,18,66,84,0,0,0,0,0,98,81,92,68,0,99,88,15,15,0,0,16,7,0,0
Ezequiel Augusto Bonifacio,32,768466800,1994/05/09,Primera División,2026,Defender,Independiente Rivadavia,554,329,225,Argentina,11,8,3,0,0,0,1,0,1,0,0,3,1,2,6,4,2,2,0,0.16,0.16,0,0,0,0,0.97,92,50,277,554,0.32,478,93,136,13,0,6.59,0.09,84,24.19,12.83,28,154,9.92,119,59,18.69,35,0.00,0.00,0.42,5,0.00,0.42,2.83,1.50,18,0.00,0.42,0.00,0.00,0.00,0.33,0.08,0.50,0.00,0.79,0.42,0.25,0.00,0.00,0.02,0.00,0.50,0.00,0.00,0,0,,5,0.42,45,0,0.00,22,5,0.79,58,2,4,7,91,0.00,99,0,4,0.63,38,5,96,0.79,46,0,0.00,99,0,0.00,0,0,0.00,0,0.79,56,3,0.47,25,1,0.16,33.33,0,0.00,0,0,0,0.00,0,6,0.00,44,0.94,42,N/A,N/A,N/A,N/A,0.00,0,0.00,0,0.22,0.00,0,77.27,0.00,22,50,0.33,0.63,4,21,32,0,0,0,0.08,0.16,1,47,79.09,1.25,2.36,15,0,0.00,0.00,99,0.00,0,0,0,0.00,0.00,0,0.00,0.00,0.31,0.17,2,0,0.00,56,23,31,56,43,1.02,76,0.09,0.16,0.22,26,0.02,0.03,30,4,0.33,0.63,1.73,0.92,83,11,0.03,26,25,65,81,0,81,38,0,0.00,99,6,0.00,0.94,8.95,4.75,57,28,36,39,4.40,2.33,49.12,5,0.79,45,0,60.00,0,0.00,99,3,0.25,0.47,64,33,75,57,0,0,0,0,0,62,56,74,68,0,99,33,46,69,2,18,57,36,0,0
Ezequiel Cannavo,24,1023865200,2002/06/12,Primera División,2026,Defender,Racing Club,1148,518,630,Argentina,13,6,7,0,0,0,0,0,0,0,0,6,2,4,7,4,3,1,0,0,0,0,0,0,0,0.55,164,88,1148,0,0.08,301,291,27,12,0,6.80,0,63,25.56,25.08,33,326,18.77,244,45,19.13,37,0.00,0.00,0.23,3,0.00,1.08,3.14,3.08,40,0.00,0.77,0.00,0.00,0.00,1.15,0.38,0.54,0.00,0.39,0.38,1.54,0.00,0.00,0.02,0.00,1.08,0.00,0.00,0,0,,5,0.38,22,0,0.00,22,5,0.39,32,1,0,13,95,0.00,99,0,15,1.18,66,14,35,1.10,52,0,0.00,99,0,0.00,0,0,0.00,0,0.24,22,20,1.57,62,5,0.39,25.00,0,0.00,0,0,0,0.00,0,7,0.00,88,0.55,8,N/A,N/A,N/A,N/A,0.00,0,0.00,0,0.24,0.00,0,74.85,0.00,22,57,0.54,0.55,7,43,21,0,0,0,0.62,0.63,8,88,88.36,3.00,3.06,39,0,0.00,0.00,99,0.00,0,0,0,0.00,0.00,0,0.00,0.00,0.00,0.00,0,0,0.00,56,72,49,56,87,0.74,26,0.06,0.06,0.24,20,0.02,0.02,57,14,1.08,1.10,0.94,0.92,39,12,0.02,20,55,75,81,0,46,46,0,0.00,99,14,0.00,1.10,10.66,10.46,136,71,66,60,5.57,5.46,52.21,10,0.78,45,0,14.29,0,0.00,99,2,0.15,0.16,41,71,30,41,0,0,0,0,0,41,56,74,68,0,99,81,96,21,1,8,29,4,0,0
Ezequiel Centurión,29,864111600,1997/05/20,Primera División,2026,Goalkeeper,River Plate,0,0,0,Argentina,0,0,0,0,0,0,0,0,0,0,0,0,0,0,0,0,0,0,0,0,0,0,0,0,0,0,0,0,0,0,0,-1,-1,-1,-1,N/A,N/A,N/A,N/A,N/A,N/A,N/A,N/A,N/A,N/A,N/A,N/A,N/A,N/A,N/A,N/A,N/A,N/A,N/A,N/A,N/A,N/A,N/A,N/A,N/A,N/A,N/A,N/A,N/A,N/A,N/A,N/A,N/A,N/A,N/A,N/A,N/A,N/A,N/A,N/A,N/A,N/A,N/A,N/A,N/A,N/A,N/A,N/A,N/A,N/A,N/A,N/A,N/A,N/A,N/A,N/A,N/A,N/A,N/A,N/A,N/A,N/A,N/A,N/A,N/A,N/A,N/A,N/A,N/A,N/A,N/A,N/A,N/A,N/A,N/A,N/A,N/A,N/A,N/A,N/A,N/A,N/A,N/A,N/A,N/A,N/A,N/A,N/A,N/A,N/A,N/A,N/A,N/A,N/A,N/A,N/A,N/A,N/A,N/A,N/A,N/A,N/A,N/A,N/A,N/A,N/A,N/A,N/A,N/A,N/A,N/A,N/A,N/A,N/A,N/A,N/A,N/A,N/A,N/A,N/A,N/A,N/A,N/A,N/A,N/A,N/A,N/A,N/A,N/A,N/A,N/A,N/A,N/A,N/A,N/A,N/A,N/A,N/A,N/A,N/A,N/A,N/A,N/A,N/A,N/A,N/A,N/A,N/A,N/A,N/A,N/A,N/A,N/A,N/A,N/A,N/A,N/A,N/A,N/A,N/A,N/A,N/A,N/A,N/A,N/A,N/A,N/A,N/A,N/A,N/A,N/A,N/A,N/A,N/A,N/A,N/A,N/A,N/A,N/A,N/A,N/A,N/A,N/A,N/A,N/A,N/A,N/A,N/A,N/A,N/A,N/A,N/A,N/A,N/A,N/A,N/A,N/A,N/A,N/A,N/A,N/A,N/A,N/A,N/A,N/A,N/A,N/A,N/A,N/A,N/A,N/A,N/A,N/A,N/A,N/A,N/A,N/A,N/A,N/A,N/A,N/A,N/A,N/A,N/A
Ezequiel Cerutti,34,695635200,1992/01/17,Primera División,2026,Forward,San Lorenzo,432,186,246,Argentina,7,3,4,0,0,0,0,0,0,0,0,4,2,2,4,3,1,1,0,0,0,0,0,0,0,0.83,108,62,432,0,0.21,390,380,-1,26,0,6.57,0,63,22.71,15.57,23,109,11.00,77,29,16.04,25,0.00,0.00,0.71,5,0.00,3.43,0.83,0.57,4,0.00,0.29,0.00,0.00,0.00,0.14,0.29,0.57,0.00,1.46,0.86,1.00,0.00,0.14,0.06,0.00,0.29,0.00,0.00,0,0,,7,1.00,67,1,0.21,45,6,1.25,79,1,1,6,18,0.00,99,0,1,0.21,18,24,57,5.00,93,0,0.00,99,0,0.00,0,0,0.00,0,1.04,68,7,1.46,59,2,0.42,28.57,0,0.00,0,0,0,0.00,0,4,0.00,59,0.83,30,N/A,N/A,N/A,N/A,0.00,0,0.00,0,0.45,0.00,0,70.64,14.29,27,19,0.71,1.04,5,46,23,0,0,0,0.00,0.00,0,29,46.00,0.43,0.62,3,0,0.00,0.00,99,0.00,0,0,0,0.00,0.00,0,0.00,0.00,0.83,0.57,4,0,0.00,56,8,6,56,59,0.40,42,0.06,0.08,0.45,52,0.06,0.09,98,15,2.14,3.12,2.29,1.57,93,11,0.09,51,23,18,81,0,96,16,0,0.00,99,2,0.00,0.42,11.67,8.00,56,23,47,72,4.79,3.29,41.07,2,0.42,66,0,25.00,0,0.00,99,6,0.86,1.25,89,27,44,41,0,0,0,0,0,41,56,74,68,0,99,96,70,47,1,14,47,7,0,0
Ezequiel Damián Pérez,18,1211526000,2008/05/23,Primera División,2026,Midfielder,Racing Club,6,0,6,Argentina,1,0,1,0,0,0,0,0,0,0,0,1,0,1,0,0,0,0,0,0,0,0,0,0,0,0,0,6,0,0,0,-1,-1,-1,28,0,0.00,0,63,0.00,0.00,0,0,0.00,0,0,0.00,0,0.00,0.00,0.00,0,0.00,0.00,0.00,0.00,0,0.00,0.00,0.00,0.00,0.00,0.00,0.00,0.00,0.00,0.00,0.00,0.00,0.00,0.00,0.00,0.00,0.00,0.00,0.00,0,0,,0,0.00,8,0,0.00,22,0,0.00,9,0,1,0,5,0.00,99,0,0,0.00,10,0,28,0.00,12,0,0.00,99,0,0.00,0,0,0.00,0,0.00,8,0,0.00,9,0,0.00,0.00,0,0.00,0,0,0,0.00,0,0,0.00,99,0.00,0,N/A,N/A,N/A,N/A,0.00,0,0.00,0,0.00,0.00,0,0.00,0.00,22,99,0.00,0.00,0,12,12,0,0,0,0.00,0.00,0,29,0.00,0.00,0.00,0,0,0.00,0.00,99,0.00,0,0,0,0.00,0.00,0,0.00,0.00,0.00,0.00,0,0,0.00,56,0,0,56,0,0.00,0,0.00,0.00,0.00,9,0.00,0.00,2,0,0.00,0.00,0.00,0.00,6,0,0.00,9,0,1,81,0,46,1,0,0.00,99,0,0.00,0.00,0.00,0.00,0,0,0,0,0.00,0.00,0.00,0,0.00,99,0,0.00,0,0.00,99,0,0.00,0.00,28,0,44,16,0,0,0,0,0,41,56,74,68,0,99,99,15,15,0,0,16,45,0,0
Ezequiel Forclaz,23,1049356800,2003/04/03,Primera División,2026,Midfielder,Estudiantes Río Cuarto,100,74,26,Argentina,5,3,2,0,0,0,0,0,0,0,0,2,2,0,2,0,2,1,0,0,0,0,0,0,0,1.8,50,20,100,0,0.9,-1,-1,-1,15,0,6.39,0,63,18.90,4.20,9,21,3.60,18,93,16.20,26,0.00,0.00,0.40,2,0.00,0.80,1.80,0.40,2,0.00,0.60,0.00,0.00,0.00,0.00,0.20,0.40,0.00,1.80,0.20,0.60,0.00,0.20,0.04,0.00,0.20,0.00,0.00,0,0,,2,0.40,75,1,0.90,87,1,0.90,64,0,5,0,61,0.00,99,0,0,0.00,10,4,95,3.60,82,0,0.00,99,0,0.00,0,0,0.00,0,1.80,93,3,2.70,80,1,0.90,33.33,0,0.00,0,0,0,0.00,0,2,0.00,2,1.80,92,N/A,N/A,N/A,N/A,0.00,0,0.00,0,0.20,0.00,0,85.71,50.00,91,99,0.00,0.00,0,71,32,0,0,0,0.00,0.00,0,29,31.96,0.20,0.90,1,1,0.00,0.90,0,0.20,0,0,0,0.00,0.00,0,0.00,0.00,0.00,0.00,0,0,0.00,56,0,1,56,2,0.13,63,0.03,0.12,0.20,70,0.04,0.18,44,1,0.20,0.90,2.70,0.60,96,3,0.18,69,15,31,81,0,46,36,0,0.00,99,1,0.00,0.90,12.60,2.80,14,4,17,80,3.60,0.80,28.57,3,2.70,2,0,50.00,0,0.00,99,2,0.40,1.80,97,0,82,16,0,0,0,0,0,41,56,74,68,0,99,69,16,99,1,20,65,26,0,0
Ezequiel Godoy,22,1065682800,2003/10/09,Primera División,2026,Midfielder,Atlético Tucumán,0,0,0,Argentina,0,0,0,0,0,0,0,0,0,0,0,0,0,0,0,0,0,0,0,0,0,0,0,0,0,0,0,0,0,0,0,-1,-1,-1,-1,N/A,N/A,N/A,N/A,N/A,N/A,N/A,N/A,N/A,N/A,N/A,N/A,N/A,N/A,N/A,N/A,N/A,N/A,N/A,N/A,N/A,N/A,N/A,N/A,N/A,N/A,N/A,N/A,N/A,N/A,N/A,N/A,N/A,N/A,N/A,N/A,N/A,N/A,N/A,N/A,N/A,N/A,N/A,N/A,N/A,N/A,N/A,N/A,N/A,N/A,N/A,N/A,N/A,N/A,N/A,N/A,N/A,N/A,N/A,N/A,N/A,N/A,N/A,N/A,N/A,N/A,N/A,N/A,N/A,N/A,N/A,N/A,N/A,N/A,N/A,N/A,N/A,N/A,N/A,N/A,N/A,N/A,N/A,N/A,N/A,N/A,N/A,N/A,N/A,N/A,N/A,N/A,N/A,N/A,N/A,N/A,N/A,N/A,N/A,N/A,N/A,N/A,N/A,N/A,N/A,N/A,N/A,N/A,N/A,N/A,N/A,N/A,N/A,N/A,N/A,N/A,N/A,N/A,N/A,N/A,N/A,N/A,N/A,N/A,N/A,N/A,N/A,N/A,N/A,N/A,N/A,N/A,N/A,N/A,N/A,N/A,N/A,N/A,N/A,N/A,N/A,N/A,N/A,N/A,N/A,N/A,N/A,N/A,N/A,N/A,N/A,N/A,N/A,N/A,N/A,N/A,N/A,N/A,N/A,N/A,N/A,N/A,N/A,N/A,N/A,N/A,N/A,N/A,N/A,N/A,N/A,N/A,N/A,N/A,N/A,N/A,N/A,N/A,N/A,N/A,N/A,N/A,N/A,N/A,N/A,N/A,N/A,N/A,N/A,N/A,N/A,N/A,N/A,N/A,N/A,N/A,N/A,N/A,N/A,N/A,N/A,N/A,N/A,N/A,N/A,N/A,N/A,N/A,N/A,N/A,N/A,N/A,N/A,N/A,N/A,N/A,N/A,N/A,N/A,N/A,N/A,N/A,N/A,N/A
Ezequiel Ham,32,763286400,1994/03/10,Primera División,2026,Midfielder,Atlético Tucumán,746,420,326,Argentina,15,8,7,0,0,0,1,1,0,0,0,4,4,0,11,4,7,3,0,0.12,0.12,0,0,0,0,1.33,68,50,249,746,0.36,475,123,-1,24,0,6.69,0.07,79,35.83,19.80,67,297,15.87,238,72,28.71,68,0.00,0.00,0.67,10,0.00,1.53,1.33,0.73,11,0.00,0.20,0.00,0.00,0.00,0.53,0.40,0.87,0.00,1.45,0.73,0.67,0.00,0.07,0.05,0.00,0.13,0.00,0.00,0,0,,12,0.80,67,1,0.12,33,11,1.33,82,2,6,9,39,0.00,99,0,8,0.97,56,23,88,2.77,74,0,0.00,99,0,0.00,0,0,0.00,0,1.21,75,10,1.21,50,6,0.72,60.00,0,0.00,0,0,0,0.00,0,13,0.00,14,1.57,86,N/A,N/A,N/A,N/A,0.00,0,0.00,0,0.80,0.00,0,80.13,8.33,23,53,0.33,0.60,5,61,79,0,0,0,0.07,0.12,1,41,100.30,0.53,0.97,8,0,0.00,0.00,99,0.00,0,0,0,0.00,0.00,0,0.00,0.00,0.00,0.00,0,0,0.00,56,42,73,56,15,1.47,81,0.10,0.18,0.80,54,0.05,0.10,4,1,0.07,0.12,0.36,0.20,9,3,0.10,53,37,33,81,0,46,8,0,0.00,99,2,0.00,0.24,4.83,2.67,40,19,8,8,2.29,1.27,47.50,3,0.36,70,0,47.83,0,0.00,99,11,0.73,1.33,92,48,88,57,0,0,0,0,0,55,56,74,68,0,99,33,41,75,3,20,65,8,0,0
Ezequiel Herrera,23,1043222400,2003/01/22,Primera División,2026,Defender,San Lorenzo,1457,618,839,Argentina,16,7,9,1,1,0,0,0,0,0,0,9,4,5,13,9,4,3,0,0.06,0,0.06,0.15,0,1457,0.8,112,91,486,0,0.19,228,453,92,5,0,6.91,0,63,34.28,34.69,63,555,26.25,420,50,25.94,59,0.00,0.00,0.38,6,0.00,1.00,1.85,1.88,30,0.00,0.25,0.00,0.00,0.00,1.25,1.00,0.88,9.00,0.56,0.44,1.38,0.00,0.12,0.07,0.00,0.56,0.00,0.00,0,0,,9,0.56,32,2,0.12,33,7,0.43,35,1,0,16,64,0.00,99,0,20,1.24,70,16,28,0.99,50,0,0.00,99,0,0.00,0,0,0.00,0,0.37,30,22,1.36,54,16,0.99,72.73,0,0.00,0,0,0,0.00,0,14,0.00,62,0.86,34,N/A,N/A,N/A,N/A,0.00,0,0.00,0,1.16,0.00,0,75.68,22.22,39,62,0.50,0.49,8,76,89,0,0,0,0.38,0.37,6,74,110.52,4.00,3.95,64,0,0.00,0.00,99,0.00,0,0,0,0.00,0.00,0,0.00,0.00,0.06,0.06,1,0,11.11,76,94,88,99,60,1.26,42,0.08,0.08,1.16,44,0.07,0.07,55,17,1.06,1.05,0.80,0.81,31,13,0.07,44,74,80,81,0,48,24,0,0.00,99,9,0.00,0.56,7.78,7.88,126,71,36,23,4.39,4.44,56.35,4,0.25,76,0,0.00,0,0.00,99,0,0.00,0.00,28,93,30,41,0,0,0,0,0,43,59,74,74,0,99,96,76,41,3,19,60,32,0,0
Ezequiel Muñoz,35,655369200,1990/10/08,Primera División,2026,Defender,Gimnasia Mendoza,1116,530,586,Argentina,13,6,7,2,2,0,0,0,0,0,0,4,2,2,18,6,12,0,0,0.16,0,0.16,0.34,0,558,1.45,62,86,0,0,0,130,395,221,2,0,6.97,0,63,31.77,30.31,53,394,24.69,321,78,25.89,59,0.00,0.00,0.08,1,0.00,0.00,1.13,1.08,14,0.00,0.08,0.00,0.00,0.00,1.23,0.00,1.38,4.00,0.65,0.46,0.00,0.00,0.15,0.13,0.00,2.92,0.00,0.00,0,0,,8,0.62,38,2,0.16,37,6,0.48,40,1,0,13,29,0.00,99,0,16,1.29,72,0,28,0.00,12,0,0.00,99,0,0.00,0,0,0.00,0,0.08,11,0,0.00,9,0,0.00,0.00,0,0.00,0,0,0,0.00,0,18,0.00,8,1.45,82,N/A,N/A,N/A,N/A,0.00,0,0.00,0,1.69,0.00,0,81.47,25.00,45,88,0.15,0.16,2,12,12,0,0,0,1.08,1.13,14,99,90.57,7.69,8.06,100,0,0.00,0.00,99,0.00,0,0,0,0.00,0.00,0,0.00,0.00,0.08,0.08,1,0,25.00,95,68,49,79,8,0.70,26,0.05,0.06,1.69,64,0.13,0.14,14,4,0.31,0.32,0.56,0.54,17,7,0.14,63,82,97,81,0,54,89,0,0.00,99,38,0.00,3.06,6.69,6.38,83,56,39,14,4.52,4.31,67.47,1,0.08,86,0,0.00,0,0.00,99,0,0.00,0.00,28,71,30,41,0,0,0,0,0,62,78,74,88,0,99,47,15,15,0,0,16,4,0,0
Ezequiel Naya,24,996908400,2001/08/04,Primera División,2026,Forward,Central Córdoba SdE,735,362,373,Argentina,12,6,6,2,2,0,0,0,0,0,0,4,2,2,12,8,4,1,0,0.24,0,0.24,0.5,0,368,1.47,61,61,735,0,0.12,79,362,-1,3,0,5.62,0,63,16.29,11.25,5,135,6.92,83,9,10.01,4,0.00,0.00,0.33,4,0.00,0.25,0.36,0.25,3,0.00,0.50,0.00,0.00,0.00,0.08,0.25,1.00,5.00,1.21,0.25,0.50,0.00,0.58,0.19,0.00,2.42,0.00,0.00,0,0,,10,0.83,60,7,0.84,85,3,0.36,30,5,2,10,9,0.00,99,0,1,0.12,14,3,79,0.36,32,0,0.00,99,0,0.00,0,0,0.00,0,0.48,36,6,0.72,35,3,0.36,50.00,0,0.00,0,0,0,0.00,0,12,0.00,7,1.45,82,N/A,N/A,N/A,N/A,0.00,0,0.00,0,2.22,0.00,0,61.48,70.00,98,32,0.58,0.84,7,40,66,0,0,0,0.08,0.12,1,41,67.46,0.83,1.21,10,0,0.00,0.00,99,0.00,0,0,0,0.00,0.00,0,0.00,0.00,0.12,0.08,1,0,20.00,93,40,39,69,7,0.31,11,0.03,0.04,2.22,84,0.19,0.27,89,17,1.42,2.05,1.45,1.00,70,12,0.27,83,3,40,81,0,60,94,0,0.00,99,29,0.00,3.50,12.91,8.92,107,47,69,83,5.67,3.92,43.93,6,0.72,49,0,33.33,0,0.00,99,1,0.08,0.12,37,52,57,92,0,0,0,0,0,75,87,74,94,0,99,54,89,27,1,8,29,19,0,0
Fabián Ariel Noguera,33,732614400,1993/03/20,Primera División,2026,Defender,Newell's Old Boys,108,83,25,Argentina,2,1,1,0,0,0,0,0,0,0,0,0,0,0,2,1,1,0,0,0,0,0,0,0,0,1.67,54,54,0,0,0,-1,-1,-1,30,0,6.72,0,63,44.17,26.50,84,53,21.00,42,67,35.00,82,0.00,0.00,0.00,0,0.00,0.00,1.67,1.00,2,0.00,0.50,0.00,0.00,0.00,0.00,0.00,1.00,0.00,0.00,0.00,0.00,0.00,0.00,0.00,0.00,4.00,0.00,0.00,0,0,,0,0.00,8,0,0.00,22,0,0.00,9,0,2,0,54,0.00,99,0,0,0.00,10,0,28,0.00,12,0,0.00,99,0,0.00,0,0,0.00,0,0.00,8,0,0.00,9,0,0.00,0.00,0,0.00,0,0,0,0.00,0,2,0.00,4,1.67,89,N/A,N/A,N/A,N/A,0.00,0,0.00,0,0.00,0.00,0,79.25,0.00,22,99,0.00,0.00,0,12,12,0,0,0,0.50,0.83,1,95,13.45,8.50,14.17,17,0,0.00,0.00,99,0.00,0,0,0,0.00,0.00,0,0.00,0.00,0.00,0.00,0,0,0.00,56,0,0,56,4,0.10,42,0.05,0.08,0.00,9,0.00,0.00,2,0,0.00,0.00,0.83,0.50,33,1,0.00,9,42,99,81,0,46,99,0,0.00,99,8,0.00,6.67,14.17,8.50,17,10,97,89,8.33,5.00,58.82,1,0.83,42,0,0.00,0,0.00,99,0,0.00,0.00,28,0,57,16,0,0,0,0,0,41,56,74,68,0,99,1,15,15,0,0,16,38,0,0
Fabio Enrique Álvarez,33,727776000,1993/01/23,Primera División,2026,Midfielder,Banfield,7,0,7,Argentina,1,0,1,0,0,0,0,0,0,0,0,0,0,0,0,0,0,0,0,0,0,0,0,0,0,0,0,7,0,0,0,-1,-1,-1,27,0,6.49,0,63,115.71,9.00,99,9,6.00,6,19,77.14,99,0.00,0.00,0.00,0,0.00,0.00,0.00,0.00,0,0.00,0.00,0.00,0.00,0.00,0.00,1.00,0.00,0.00,0.00,0.00,1.00,0.00,0.00,0.00,0.00,0.00,0.00,0.00,0,0,,0,0.00,8,0,0.00,22,0,0.00,9,0,1,0,5,0.00,99,0,0,0.00,10,0,28,0.00,12,0,0.00,99,0,0.00,0,0,0.00,0,0.00,8,1,12.86,99,1,12.86,100.00,0,0.00,0,0,0,0.00,0,0,0.00,99,0.00,0,N/A,N/A,N/A,N/A,0.00,0,0.00,0,0.00,0.00,0,66.67,0.00,22,0,2.00,25.71,2,99,99,0,0,0,0.00,0.00,0,29,6.49,1.00,12.86,1,0,0.00,0.00,99,0.00,0,0,0,0.00,0.00,0,0.00,0.00,0.00,0.00,0,0,0.00,56,0,0,56,0,0.01,66,0.01,0.13,0.00,9,0.00,0.00,2,0,0.00,0.00,0.00,0.00,6,0,0.00,9,17,99,81,0,46,1,0,0.00,99,0,0.00,0.00,38.57,3.00,3,1,99,99,12.86,1.00,33.33,0,0.00,99,0,0.00,0,0.00,99,0,0.00,0.00,28,0,44,16,0,0,0,0,0,41,56,74,68,0,99,1,15,15,0,0,16,11,0,0
Fabio Jesús Pereyra,36,633772800,1990/01/31,Primera División,2026,Defender,Huracán,1545,720,825,Argentina,17,8,9,0,0,0,0,0,0,0,0,7,3,4,13,8,5,3,1,0,0,0,0,0,0,0.76,119,91,515,0,0.17,454,446,83,25,0,6.91,0,63,39.84,40.24,76,684,30.47,518,50,30.17,73,0.00,0.00,0.12,2,0.00,0.00,1.17,1.18,20,0.00,0.12,0.00,0.00,0.00,1.06,0.06,0.82,0.00,0.35,0.29,0.18,0.00,0.06,0.02,0.00,3.76,0.00,0.00,0,0,,6,0.35,19,1,0.06,23,5,0.29,23,0,0,17,31,0.00,99,0,18,1.05,60,0,28,0.00,12,0,0.00,99,0,0.00,0,0,0.00,0,0.12,12,3,0.17,15,1,0.06,33.33,0,0.00,0,0,0,0.00,0,14,0.00,65,0.82,29,N/A,N/A,N/A,N/A,0.00,0,0.00,0,0.39,0.00,0,75.73,16.67,31,91,0.12,0.12,2,13,32,0,0,0,0.76,0.76,13,93,117.55,8.18,8.10,139,1,0.00,0.06,11,0.06,0,0,0,0.00,0.00,0,0.00,0.00,0.00,0.00,0,0,0.00,56,96,94,56,66,1.26,36,0.07,0.07,0.39,20,0.02,0.02,22,8,0.47,0.47,0.47,0.47,12,8,0.02,20,74,98,81,0,46,95,0,0.00,99,64,0.00,3.73,7.81,7.88,134,92,63,24,5.36,5.41,68.66,2,0.12,85,0,0.00,0,0.00,99,0,0.00,0.00,28,95,30,16,0,0,0,0,0,41,56,74,68,0,99,71,78,37,2,12,41,6,0,0
Fabricio Alexis Pérez Escudero,20,1133942400,2005/12/07,Primera División,2026,Forward,Estudiantes,844,382,462,Argentina,15,7,8,3,1,2,0,0,0,0,0,9,4,5,6,3,3,3,0,0.32,0,0.32,0.24,0.39,281,0.64,141,56,281,0,0.32,54,558,-1,3,0,6.43,0,63,21.09,13.20,16,198,10.93,164,82,17.47,31,0.00,0.00,0.80,12,0.00,2.27,1.92,1.20,18,0.00,1.07,0.00,0.00,0.00,0.40,0.87,0.40,5.00,1.60,0.53,2.47,0.00,0.47,0.20,0.00,0.47,0.00,0.00,0,0,,15,1.00,70,7,0.75,82,8,0.85,62,2,4,11,66,0.00,99,0,6,0.64,39,34,52,3.62,82,0,0.00,99,0,0.00,0,0,0.00,0,1.28,77,37,3.94,93,13,1.38,35.14,0,0.00,0,0,0,0.00,0,6,0.00,80,0.64,13,N/A,N/A,N/A,N/A,0.00,0,0.00,0,3.05,0.00,0,82.83,46.67,82,91,0.07,0.11,1,87,33,0,0,0,0.07,0.11,1,38,96.42,0.53,0.85,8,1,0.00,0.11,5,0.07,0,0,1,0.07,0.11,0,0.00,0.00,0.00,0.00,0,1,20.00,93,48,73,66,79,0.82,47,0.05,0.09,3.05,88,0.20,0.32,71,13,0.87,1.38,1.70,1.07,83,16,0.32,88,16,29,91,0,46,31,0,0.00,99,7,0.00,0.75,11.82,7.40,111,51,64,74,5.43,3.40,45.95,16,1.70,11,0,23.53,0,0.00,99,8,0.53,0.85,80,59,75,57,0,0,0,0,0,82,91,94,81,0,99,97,47,69,3,20,65,29,0,0
Fabricio Bustos,30,830674800,1996/04/28,Primera División,2026,Defender,River Plate,389,389,0,Argentina,6,5,1,0,0,0,0,0,0,0,0,4,3,1,4,4,0,1,0,0,0,0,0,0,0,0.93,97,65,389,0,0.23,264,246,125,17,0,5.56,0,63,52.15,37.67,93,226,29.83,179,67,41.31,92,0.00,0.00,0.17,1,0.00,0.67,2.08,1.50,9,0.00,0.50,0.00,0.00,0.00,1.00,0.00,0.67,0.00,0.92,0.67,0.33,0.00,0.00,0.04,0.00,0.17,0.00,0.00,0,0,,4,0.67,52,0,0.00,22,4,0.92,66,1,2,4,73,0.00,99,0,6,1.38,78,4,57,0.92,49,0,0.00,99,0,0.00,0,0,0.00,0,0.23,21,2,0.46,24,0,0.00,0.00,0,0.00,0,0,0,0.00,0,4,0.00,48,0.92,40,N/A,N/A,N/A,N/A,0.00,0,0.00,0,0.22,0.00,0,79.20,0.00,22,99,0.00,0.00,0,12,12,0,0,0,0.00,0.00,0,29,33.34,1.67,2.31,10,0,0.00,0.00,99,0.00,0,0,0,0.00,0.00,0,0.00,0.00,0.23,0.17,1,0,0.00,56,3,4,56,48,0.45,54,0.07,0.10,0.22,36,0.04,0.05,46,4,0.67,0.92,0.46,0.33,12,2,0.05,36,2,64,81,0,74,8,0,0.00,99,1,0.00,0.23,4.85,3.50,21,14,13,8,3.23,2.33,66.67,3,0.69,50,0,25.00,0,0.00,99,1,0.17,0.23,50,8,57,41,0,0,0,0,0,41,56,74,68,0,99,99,64,52,1,17,53,16,0,0
Fabricio Gabriel López,23,1037865600,2002/11/21,Primera División,2026,Defender,San Lorenzo,273,146,127,Argentina,6,3,3,1,0,1,0,0,0,0,0,2,1,1,2,1,1,1,0,0.33,0,0.33,0,0.71,273,0.66,137,46,273,0,0.33,48,508,54,7,0,6.70,0,63,29.41,16.50,45,99,9.67,58,6,17.23,30,0.00,0.00,0.33,2,0.00,1.00,3.27,1.83,11,0.00,0.50,0.00,0.00,0.00,0.67,0.83,0.50,4.00,1.19,0.50,1.33,0.00,0.17,0.14,0.00,0.50,0.00,0.00,0,0,,4,0.67,59,1,0.30,54,3,0.89,64,0,4,2,97,0.00,99,0,4,1.19,66,6,95,1.78,60,0,0.00,99,0,0.00,0,0,0.00,0,0.59,42,8,2.38,77,5,1.49,62.50,0,0.00,0,0,0,0.00,0,3,0.00,77,0.89,38,N/A,N/A,N/A,N/A,0.00,0,0.00,0,0.86,0.00,0,58.59,25.00,45,13,0.67,1.19,4,89,81,0,0,0,0.00,0.00,0,29,40.17,1.67,2.97,10,0,0.00,0.00,99,0.00,0,0,0,0.00,0.00,0,0.00,0.00,0.00,0.00,0,0,25.00,95,0,4,66,77,0.23,36,0.04,0.07,0.86,82,0.14,0.26,2,0,0.00,0.00,1.78,1.00,84,6,0.26,81,38,74,81,0,46,35,0,0.00,99,3,0.00,0.89,13.07,7.33,44,19,68,84,5.64,3.17,43.18,3,0.89,40,0,50.00,0,0.00,99,3,0.50,0.89,81,0,75,16,0,0,0,0,0,82,91,99,68,0,99,54,45,70,1,17,53,34,0,0
Fabricio Iacovich,24,1012291200,2002/01/29,Primera División,2026,Goalkeeper,Estudiantes,494,180,314,Argentina,6,2,4,0,0,0,0,0,0,0,0,3,1,2,2,1,1,0,0,0,0,0,0,0,0,0.36,247,82,0,0,0,548,557,4,20,0,7.32,0,63,22.04,20.17,20,121,13.50,81,19,14.76,20,0.00,0.00,0.00,0,0.00,0.00,0.18,0.17,1,0.00,0.00,0.00,0.00,3.00,0.00,0.00,3.33,0.00,0.00,0.00,0.00,0.00,0.00,0.00,0.00,0.00,0.00,0.00,0,0,,0,0.00,8,0,0.00,22,0,0.00,9,0,1,5,8,0.00,99,0,0,0.00,10,0,28,0.00,12,0,0.00,99,0,0.00,0,0,0.00,0,0.00,8,0,0.00,9,0,0.00,0.00,0,0.00,0,18,99,3.28,78,20,0.00,98,3.64,95,N/A,N/A,N/A,N/A,90.00,0,0.00,0,0.00,0.00,0,66.94,0.00,22,85,0.17,0.18,1,12,12,0,0,11,0.00,0.00,0,29,43.89,1.33,1.46,8,0,0.00,0.00,99,0.00,1,0,0,0.00,0.00,4,0.67,0.73,0.00,0.00,0,0,0.00,56,16,4,56,98,0.18,6,0.03,0.03,0.00,9,0.00,0.00,2,0,0.00,0.00,0.00,0.00,6,0,0.00,9,98,48,81,80,46,1,0,0.00,99,0,0.00,0.00,0.18,0.17,1,1,0,0,0.18,0.17,100.00,0,0.00,99,0,0.00,0,0.00,99,0,0.00,0.00,28,18,44,16,0,0,0,0,0,41,56,74,68,0,99,88,15,15,0,0,16,1,0,0
Fabricio Oviedo,22,1076572800,2004/02/12,Primera División,2026,Forward,Rosario Central,42,42,0,Argentina,3,3,0,0,0,0,0,0,0,0,0,0,0,0,0,0,0,0,0,0,0,0,0,0,0,0,0,14,0,0,0,-1,-1,-1,20,0,4.51,0,63,14.79,4.00,3,12,3.67,11,99,13.56,15,0.00,0.00,0.33,1,0.00,0.33,1.23,0.33,1,0.00,0.33,0.00,0.00,0.00,0.00,0.00,0.00,0.00,1.23,0.00,0.00,0.00,0.33,0.04,0.00,0.33,0.00,0.00,0,0,,1,0.33,61,1,1.23,95,0,0.00,9,2,2,1,34,0.00,99,0,0,0.00,10,1,28,1.23,53,0,0.00,99,0,0.00,0,0,0.00,0,1.23,76,0,0.00,9,0,0.00,0.00,0,0.00,0,0,0,0.00,0,0,0.00,99,0.00,0,N/A,N/A,N/A,N/A,0.00,0,0.00,0,0.12,0.00,0,91.67,100.00,99,99,0.00,0.00,0,12,12,0,0,0,0.00,0.00,0,29,13.52,0.67,2.47,2,0,0.00,0.00,99,0.00,0,0,0,0.00,0.00,0,0.00,0.00,2.47,0.67,2,0,0.00,56,0,0,56,0,0.06,36,0.02,0.07,0.12,66,0.04,0.15,99,3,1.00,3.70,3.70,1.00,99,3,0.15,64,0,68,81,0,99,52,0,0.00,99,1,0.00,1.23,14.79,4.00,12,5,80,91,6.16,1.67,41.67,1,1.23,24,0,0.00,0,0.00,99,0,0.00,0.00,28,0,57,57,0,0,0,0,0,41,56,74,68,0,99,1,15,15,0,0,16,39,0,0
Fabrizio Sartori Prieto,24,1026716400,2002/07/15,Primera División,2026,Forward,Independiente Rivadavia,1254,757,497,Argentina,16,10,6,7,5,2,0,0,0,0,0,4,1,3,15,11,4,2,0,0.5,0,0.5,0.59,0.36,179,1.08,84,78,627,0,0.14,10,474,-1,1,0,6.87,0,63,11.18,9.33,0,140,6.93,104,42,8.31,1,0.00,0.00,0.53,8,0.00,0.40,0.48,0.40,6,0.00,1.20,0.00,0.00,0.00,0.00,0.87,0.93,3.71,2.08,0.93,2.00,0.00,0.80,0.42,0.00,1.07,0.00,0.00,0,0,,26,1.73,82,12,0.96,89,14,1.12,73,3,1,15,11,0.00,99,0,0,0.00,10,6,28,0.48,38,0,0.00,99,0,0.00,0,0,0.00,0,0.64,45,30,2.40,77,13,1.04,43.33,0,0.00,0,0,0,0.00,0,14,0.00,35,1.12,59,N/A,N/A,N/A,N/A,0.00,0,0.00,0,6.37,0.00,0,74.29,46.15,81,70,0.33,0.40,5,79,49,0,0,0,0.00,0.00,0,29,103.01,0.40,0.48,6,0,0.00,0.00,99,0.00,0,0,0,0.00,0.00,0,0.00,0.00,0.32,0.27,4,0,26.92,96,78,88,58,36,0.50,11,0.03,0.04,6.37,98,0.42,0.51,39,10,0.67,0.80,1.68,1.40,82,21,0.51,97,68,14,81,0,82,54,0,0.00,99,16,0.00,1.28,11.26,9.40,141,44,16,67,3.51,2.93,31.21,18,1.44,18,0,0.00,0,0.00,99,0,0.00,0.00,28,85,44,74,0,1,0,6,0,94,99,93,97,0,99,27,85,31,2,12,41,43,0,0
Facundo Altamira,24,996822000,2001/08/03,Primera División,2026,Forward,Defensa y Justicia,162,45,117,Argentina,6,2,4,0,0,0,0,0,0,0,0,1,0,1,4,0,4,1,0,0,0,0,0,0,0,2.22,41,27,162,0,0.56,-1,-1,-1,16,0,6.50,0,63,15.91,5.00,4,35,3.43,24,24,10.91,6,0.00,0.00,0.00,0,0.00,0.14,0.91,0.29,2,0.00,0.43,0.00,0.00,0.00,0.14,0.71,1.14,0.00,0.91,0.14,1.14,0.00,0.14,0.02,0.00,0.86,0.00,0.00,0,0,,2,0.29,51,1,0.45,66,1,0.45,37,1,5,1,21,0.00,99,0,1,0.45,28,1,28,0.45,36,0,0.00,99,0,0.00,0,0,0.00,0,0.00,8,8,3.64,91,5,2.27,62.50,0,0.00,0,0,0,0.00,0,8,0.00,0,3.64,95,N/A,N/A,N/A,N/A,0.00,0,0.00,0,0.16,0.00,0,68.57,50.00,91,0,0.86,2.73,6,96,81,0,0,0,0.00,0.00,0,29,45.48,1.00,3.18,7,0,0.00,0.00,99,0.00,0,0,0,0.00,0.00,0,0.00,0.00,0.45,0.14,1,0,0.00,56,0,4,56,0,0.05,2,0.01,0.02,0.16,44,0.02,0.07,82,4,0.57,1.82,0.91,0.29,38,2,0.07,44,17,75,81,0,88,84,0,0.00,99,6,0.00,2.73,16.82,5.29,37,17,96,95,7.73,2.43,45.95,3,1.36,21,0,0.00,0,0.00,99,0,0.00,0.00,28,0,82,41,0,0,0,0,0,41,56,74,68,0,99,8,23,94,1,17,53,25,0,0
Facundo Altamirano,30,827395200,1996/03/21,Primera División,2026,Goalkeeper,San Lorenzo,0,0,0,Argentina,0,0,0,0,0,0,0,0,0,0,0,0,0,0,0,0,0,0,0,0,0,0,0,0,0,0,0,0,0,0,0,-1,-1,-1,-1,N/A,N/A,N/A,N/A,N/A,N/A,N/A,N/A,N/A,N/A,N/A,N/A,N/A,N/A,N/A,N/A,N/A,N/A,N/A,N/A,N/A,N/A,N/A,N/A,N/A,N/A,N/A,N/A,N/A,N/A,N/A,N/A,N/A,N/A,N/A,N/A,N/A,N/A,N/A,N/A,N/A,N/A,N/A,N/A,N/A,N/A,N/A,N/A,N/A,N/A,N/A,N/A,N/A,N/A,N/A,N/A,N/A,N/A,N/A,N/A,N/A,N/A,N/A,N/A,N/A,N/A,N/A,N/A,N/A,N/A,N/A,N/A,N/A,N/A,N/A,N/A,N/A,N/A,N/A,N/A,N/A,N/A,N/A,N/A,N/A,N/A,N/A,N/A,N/A,N/A,N/A,N/A,N/A,N/A,N/A,N/A,N/A,N/A,N/A,N/A,N/A,N/A,N/A,N/A,N/A,N/A,N/A,N/A,N/A,N/A,N/A,N/A,N/A,N/A,N/A,N/A,N/A,N/A,N/A,N/A,N/A,N/A,N/A,N/A,N/A,N/A,N/A,N/A,N/A,N/A,N/A,N/A,N/A,N/A,N/A,N/A,N/A,N/A,N/A,N/A,N/A,N/A,N/A,N/A,N/A,N/A,N/A,N/A,N/A,N/A,N/A,N/A,N/A,N/A,N/A,N/A,N/A,N/A,N/A,N/A,N/A,N/A,N/A,N/A,N/A,N/A,N/A,N/A,N/A,N/A,N/A,N/A,N/A,N/A,N/A,N/A,N/A,N/A,N/A,N/A,N/A,N/A,N/A,N/A,N/A,N/A,N/A,N/A,N/A,N/A,N/A,N/A,N/A,N/A,N/A,N/A,N/A,N/A,N/A,N/A,N/A,N/A,N/A,N/A,N/A,N/A,N/A,N/A,N/A,N/A,N/A,N/A,N/A,N/A,N/A,N/A,N/A,N/A,N/A,N/A,N/A,N/A,N/A,N/A
Facundo Bruera,27,906534000,1998/09/23,Primera División,2026,Forward,Barracas Central,947,547,400,Argentina,15,8,7,1,1,0,1,1,0,0,0,4,2,2,7,6,1,5,0,0.19,0.1,0.1,0.16,0,947,0.67,135,63,189,947,0.48,192,141,-1,12,0,6.82,0.07,76,21.57,15.13,18,227,8.20,123,4,11.69,8,0.00,0.00,1.07,16,0.00,0.27,0.95,0.67,10,0.00,1.87,0.00,0.00,0.00,0.20,0.27,0.60,27.00,2.57,1.13,0.67,0.00,0.67,0.17,0.00,4.33,0.00,0.00,0,0,,27,1.80,93,10,0.95,88,17,1.62,90,5,5,10,22,0.00,99,0,3,0.29,22,4,95,0.38,33,0,0.00,99,0,0.00,0,0,0.00,0,1.52,86,10,0.95,42,4,0.38,40.00,0,0.00,0,0,0,0.00,0,9,0.00,77,0.86,34,N/A,N/A,N/A,N/A,0.00,0,0.00,0,2.62,0.00,0,54.19,37.04,66,79,0.20,0.29,3,41,43,0,0,0,0.07,0.10,1,36,102.36,0.80,1.14,12,0,0.00,0.00,99,0.00,0,0,0,0.00,0.00,0,0.00,0.00,0.19,0.13,2,0,3.70,57,57,73,92,77,1.44,70,0.10,0.14,2.62,82,0.17,0.25,60,12,0.80,1.14,3.14,2.20,99,33,0.25,80,59,38,81,0,70,99,0,0.00,99,65,0.00,6.18,22.05,15.47,232,91,98,99,8.65,6.07,39.22,28,2.66,2,0,50.00,0,0.00,99,2,0.13,0.19,43,52,82,92,0,0,0,0,0,67,66,74,75,0,99,33,28,88,5,33,92,7,0,0
Facundo Carrizo Viña,19,1179385200,2007/05/17,Primera División,2026,Attacking Midfield,Argentinos Juniors,14,0,14,Argentina,2,0,2,0,0,0,0,0,0,0,0,0,0,0,0,0,0,0,0,0,0,0,0,0,0,0,0,7,0,0,0,-1,-1,-1,14,0,3.35,0,63,60.00,5.00,97,10,4.50,9,99,54.00,98,0.00,0.00,1.00,2,0.00,0.00,0.00,0.00,0,0.00,0.00,0.00,0.00,0.00,0.00,0.50,0.00,0.00,0.00,0.00,0.50,0.00,0.00,0.00,0.00,0.00,0.00,0.00,0,0,,0,0.00,8,0,0.00,22,0,0.00,9,0,2,0,5,0.00,99,0,0,0.00,10,0,28,0.00,12,0,0.00,99,0,0.00,0,0,0.00,0,12.00,99,1,6.00,99,1,6.00,100.00,0,0.00,0,0,0,0.00,0,0,0.00,99,0.00,0,N/A,N/A,N/A,N/A,0.00,0,0.00,0,0.00,0.00,0,90.00,0.00,22,0,1.00,12.00,2,99,99,0,0,0,0.00,0.00,0,29,6.69,0.00,0.00,0,0,0.00,0.00,99,0.00,0,0,0,0.00,0.00,0,0.00,0.00,0.00,0.00,0,0,0.00,56,0,0,56,0,0.08,99,0.04,0.48,0.00,9,0.00,0.00,2,0,0.00,0.00,0.00,0.00,6,0,0.00,9,0,1,81,0,46,1,0,0.00,99,0,0.00,0.00,18.00,1.50,3,1,77,98,6.00,0.50,33.33,0,0.00,99,0,0.00,0,0.00,99,0,0.00,0.00,28,0,57,16,0,0,0,0,0,41,56,74,68,0,99,1,15,15,0,0,16,31,0,0
Facundo Cobos,33,730108800,1993/02/19,Primera División,2026,Defender,Estudiantes Río Cuarto,566,357,209,Argentina,8,5,3,1,1,0,0,0,0,0,0,1,0,1,9,8,1,0,0,0.16,0,0.16,0.25,0,566,1.43,63,71,0,0,0,126,280,218,4,0,6.79,0,63,29.73,23.38,46,187,16.75,134,32,21.31,45,0.00,0.00,0.88,7,0.00,3.75,3.02,2.38,19,0.00,0.50,0.00,0.00,0.00,1.00,0.50,1.25,3.00,0.48,0.12,1.12,0.00,0.25,0.11,0.00,0.88,0.00,0.00,0,0,,3,0.38,27,2,0.32,56,1,0.16,14,1,2,6,94,0.00,99,0,8,1.27,71,30,87,4.77,91,0,0.00,99,0,0.00,0,0,0.00,0,1.11,71,9,1.43,58,4,0.64,44.44,0,0.00,0,0,0,0.00,0,10,0.00,9,1.59,87,N/A,N/A,N/A,N/A,0.00,0,0.00,0,0.87,0.00,0,71.66,66.67,98,63,0.38,0.48,3,58,52,0,0,0,0.25,0.32,2,69,54.34,2.25,2.86,18,1,0.00,0.16,2,0.12,0,0,0,0.00,0.00,0,0.00,0.00,0.00,0.00,0,0,33.33,99,24,11,80,9,0.61,54,0.08,0.10,0.87,64,0.11,0.14,58,7,0.88,1.11,0.80,0.62,31,5,0.14,63,53,73,81,0,46,47,0,0.00,99,7,0.00,1.11,9.06,7.12,57,37,74,41,5.88,4.62,64.91,4,0.64,52,0,43.33,0,0.00,99,13,1.62,2.07,98,27,57,41,0,0,0,0,0,62,78,74,82,0,99,5,15,15,0,0,16,28,0,0
Facundo Colidio,26,946972800,2000/01/04,Primera División,2026,Forward,River Plate,1126,785,341,Argentina,16,10,6,5,4,1,3,3,0,0,0,7,4,3,11,10,1,3,1,0.64,0.24,0.4,0.46,0.26,225,0.88,102,70,282,375,0.32,31,50,-1,2,0,6.39,0.19,93,25.01,19.44,31,311,14.38,230,41,18.50,35,0.00,0.00,1.12,18,0.00,0.94,0.80,0.62,10,0.00,1.31,0.00,0.00,0.00,0.12,0.75,0.69,5.60,2.25,0.88,2.62,0.00,0.88,0.34,0.00,0.44,0.00,0.00,0,0,,28,1.75,86,14,1.13,93,14,1.13,73,1,2,14,17,0.00,99,0,2,0.16,16,15,34,1.21,53,0,0.00,99,0,0.00,0,0,0.00,0,1.45,83,42,3.38,88,12,0.97,28.57,0,0.00,0,0,0,0.00,0,11,0.00,53,0.88,37,N/A,N/A,N/A,N/A,0.00,0,0.00,0,5.38,0.00,0,73.95,50.00,91,48,0.50,0.64,8,75,23,1,0,0,0.00,0.00,0,29,102.26,0.31,0.40,5,0,0.00,0.00,99,0.00,0,1,0,0.00,0.00,0,0.00,0.00,0.24,0.19,3,0,17.86,88,69,88,62,52,2.91,90,0.18,0.23,4.68,94,0.29,0.38,84,24,1.50,1.93,1.13,0.88,51,14,0.43,94,15,11,81,0,75,24,0,0.00,99,7,0.00,0.56,11.50,8.94,143,52,30,70,4.18,3.25,36.36,21,1.69,11,0,13.33,0,0.00,99,2,0.12,0.16,41,78,57,41,0,0,0,0,0,97,95,87,93,0,99,78,47,69,2,12,41,11,0,0
Facundo Damián Pimienta,23,1058425200,2003/07/17,Primera División,2026,Forward,Atlético Tucumán,0,0,0,Argentina,0,0,0,0,0,0,0,0,0,0,0,0,0,0,0,0,0,0,0,0,0,0,0,0,0,0,0,0,0,0,0,-1,-1,-1,-1,N/A,N/A,N/A,N/A,N/A,N/A,N/A,N/A,N/A,N/A,N/A,N/A,N/A,N/A,N/A,N/A,N/A,N/A,N/A,N/A,N/A,N/A,N/A,N/A,N/A,N/A,N/A,N/A,N/A,N/A,N/A,N/A,N/A,N/A,N/A,N/A,N/A,N/A,N/A,N/A,N/A,N/A,N/A,N/A,N/A,N/A,N/A,N/A,N/A,N/A,N/A,N/A,N/A,N/A,N/A,N/A,N/A,N/A,N/A,N/A,N/A,N/A,N/A,N/A,N/A,N/A,N/A,N/A,N/A,N/A,N/A,N/A,N/A,N/A,N/A,N/A,N/A,N/A,N/A,N/A,N/A,N/A,N/A,N/A,N/A,N/A,N/A,N/A,N/A,N/A,N/A,N/A,N/A,N/A,N/A,N/A,N/A,N/A,N/A,N/A,N/A,N/A,N/A,N/A,N/A,N/A,N/A,N/A,N/A,N/A,N/A,N/A,N/A,N/A,N/A,N/A,N/A,N/A,N/A,N/A,N/A,N/A,N/A,N/A,N/A,N/A,N/A,N/A,N/A,N/A,N/A,N/A,N/A,N/A,N/A,N/A,N/A,N/A,N/A,N/A,N/A,N/A,N/A,N/A,N/A,N/A,N/A,N/A,N/A,N/A,N/A,N/A,N/A,N/A,N/A,N/A,N/A,N/A,N/A,N/A,N/A,N/A,N/A,N/A,N/A,N/A,N/A,N/A,N/A,N/A,N/A,N/A,N/A,N/A,N/A,N/A,N/A,N/A,N/A,N/A,N/A,N/A,N/A,N/A,N/A,N/A,N/A,N/A,N/A,N/A,N/A,N/A,N/A,N/A,N/A,N/A,N/A,N/A,N/A,N/A,N/A,N/A,N/A,N/A,N/A,N/A,N/A,N/A,N/A,N/A,N/A,N/A,N/A,N/A,N/A,N/A,N/A,N/A,N/A,N/A,N/A,N/A,N/A,N/A
Facundo David Gallardo,20,1137139200,2006/01/13,Primera División,2026,Forward,Estudiantes Río Cuarto,137,127,10,Argentina,3,2,1,0,0,0,0,0,0,0,0,0,0,0,3,3,0,0,0,0,0,0,0,0,0,1.97,46,46,0,0,0,-1,-1,-1,8,0,6.32,0,63,13.80,7.00,2,21,3.00,9,1,5.91,0,0.00,0.00,0.33,1,0.00,2.33,0.00,0.00,0,0.00,1.67,0.00,0.00,0.00,0.00,0.33,1.00,0.00,0.66,0.00,1.33,0.00,0.33,0.05,0.00,0.00,0.00,0.00,0,0,,1,0.33,38,1,0.66,79,0,0.00,9,8,1,2,5,0.00,99,0,0,0.00,10,7,87,4.60,90,0,0.00,99,0,0.00,0,0,0.00,0,0.66,46,4,2.63,80,1,0.66,25.00,0,0.00,0,0,0,0.00,0,3,0.00,1,1.97,92,N/A,N/A,N/A,N/A,0.00,0,0.00,0,0.14,0.00,0,42.86,100.00,99,99,0.00,0.00,0,58,21,0,0,0,0.00,0.00,0,29,18.97,0.00,0.00,0,0,0.00,0.00,99,0.00,0,0,0,0.00,0.00,0,0.00,0.00,0.00,0.00,0,0,0.00,56,0,0,56,1,0.05,6,0.02,0.03,0.14,52,0.05,0.09,86,3,1.00,1.97,0.00,0.00,6,0,0.09,51,13,1,81,0,46,1,0,0.00,99,0,0.00,0.00,9.85,5.00,15,4,9,51,2.63,1.33,26.67,5,3.28,1,0,42.86,0,0.00,99,3,1.00,1.97,97,0,44,99,0,0,0,0,0,41,56,74,68,0,99,1,15,15,0,0,16,35,0,0
Facundo Farías,23,1030518000,2002/08/28,Primera División,2026,Midfielder,Estudiantes,387,180,207,Argentina,10,5,5,0,0,0,0,0,0,0,0,5,2,3,2,0,2,0,0,0,0,0,0,0,0,0.47,194,39,0,0,0,513,532,-1,25,0,6.76,0,63,31.94,13.70,53,137,11.00,110,74,25.65,58,0.00,0.00,0.60,6,0.00,0.30,1.17,0.50,5,0.00,0.90,0.00,0.00,0.00,0.20,0.80,0.20,0.00,3.03,0.80,1.30,0.00,0.50,0.10,0.00,0.10,0.00,0.00,0,0,,13,1.30,97,5,1.17,94,8,1.87,95,3,5,5,31,0.00,99,0,2,0.47,29,3,79,0.70,43,0,0.00,99,0,0.00,0,0,0.00,0,1.40,81,13,3.03,85,8,1.87,61.54,0,0.00,0,0,0,0.00,0,2,0.00,93,0.47,4,N/A,N/A,N/A,N/A,0.00,0,0.00,0,0.95,0.00,0,80.29,38.46,69,64,0.20,0.47,2,93,80,0,0,0,0.00,0.00,0,29,67.60,0.10,0.23,1,0,0.00,0.00,99,0.00,0,0,1,0.10,0.23,0,0.00,0.00,0.00,0.00,0,0,0.00,56,3,23,56,93,0.44,54,0.04,0.10,0.95,78,0.10,0.22,93,10,1.00,2.33,1.17,0.50,54,5,0.22,76,49,6,98,0,46,8,0,0.00,99,1,0.00,0.23,11.66,5.00,50,24,67,71,5.60,2.40,48.00,9,2.10,6,0,33.33,0,0.00,99,1,0.10,0.23,50,18,82,74,0,0,0,0,0,41,56,74,68,0,99,88,15,15,0,0,16,11,0,0
Facundo Federico Waller Martiarena,29,860569200,1997/04/09,Primera División,2026,Midfielder,Huracán,1299,548,751,Uruguay,17,7,10,1,1,0,0,0,0,0,0,7,3,4,10,6,4,5,0,0.07,0,0.07,0.16,0,1299,0.69,130,76,260,0,0.35,216,443,-1,8,0,7.03,0,63,41.92,37.24,80,633,28.59,486,56,32.19,78,0.00,0.00,0.53,9,0.00,0.88,3.44,3.06,52,0.00,0.41,0.00,0.00,0.00,1.24,0.35,0.71,9.00,0.60,0.29,1.12,0.00,0.24,0.08,0.00,1.12,0.00,0.00,0,0,,9,0.53,35,4,0.26,51,5,0.33,26,1,3,14,98,0.00,99,0,21,1.39,79,15,60,0.99,50,0,0.00,99,0,0.00,0,0,0.00,0,0.60,43,19,1.26,52,6,0.40,31.58,0,0.00,0,0,0,0.00,0,12,0.00,73,0.79,26,N/A,N/A,N/A,N/A,0.00,0,0.00,0,1.35,0.00,0,76.78,44.44,80,36,0.71,0.79,12,44,27,0,0,0,0.59,0.66,10,89,119.50,1.65,1.85,28,0,0.00,0.00,99,0.00,0,0,1,0.06,0.07,0,0.00,0.00,0.00,0.00,0,1,11.11,76,81,94,96,73,1.58,54,0.09,0.10,1.35,52,0.08,0.09,93,36,2.12,2.38,2.38,2.12,94,36,0.09,51,87,57,85,0,46,54,0,0.00,99,19,0.00,1.26,13.71,12.18,207,113,94,87,7.48,6.65,54.59,7,0.46,64,0,26.67,0,0.00,99,4,0.24,0.26,52,78,66,41,0,0,0,0,0,46,61,74,75,0,99,71,43,73,5,29,85,15,0,0
Facundo González,20,1144047600,2006/04/03,Primera División,2026,Defender,River Plate,107,107,0,Argentina,2,2,0,0,0,0,0,0,0,0,0,1,1,0,1,1,0,0,0,0,0,0,0,0,0,0.84,107,54,0,0,0,-1,-1,-1,15,0,6.50,0,63,63.53,12.00,98,12,11.00,11,99,58.24,99,0.00,0.00,0.00,0,0.00,0.00,0.00,0.00,0,0.00,0.00,0.00,0.00,0.00,1.00,0.00,0.00,0.00,0.00,0.00,0.00,0.00,0.00,0.00,0.00,0.00,0.00,0.00,0,0,,0,0.00,8,0,0.00,22,0,0.00,9,0,1,1,5,0.00,99,0,1,5.29,99,0,28,0.00,12,0,0.00,99,0,0.00,0,0,0.00,0,0.00,8,0,0.00,9,0,0.00,0.00,0,0.00,0,0,0,0.00,0,0,0.00,58,0.00,0,N/A,N/A,N/A,N/A,0.00,0,0.00,0,0.00,0.00,0,91.67,0.00,22,99,0.00,0.00,0,12,12,0,0,0,0.00,0.00,0,29,6.50,0.00,0.00,0,0,0.00,0.00,99,0.00,0,0,0,0.00,0.00,0,0.00,0.00,0.00,0.00,0,0,0.00,56,0,0,56,57,0.02,59,0.02,0.11,0.00,9,0.00,0.00,2,0,0.00,0.00,0.00,0.00,6,0,0.00,9,17,1,81,0,46,1,0,0.00,99,0,0.00,0.00,0.00,0.00,0,0,0,0,0.00,0.00,0.00,0,0.00,99,0,0.00,0,0.00,99,0,0.00,0.00,28,0,44,16,0,0,0,0,0,41,56,74,68,0,99,88,15,15,0,0,16,31,0,0
Facundo Gulli,20,1127631600,2005/09/25,Primera División,2026,Midfielder,San Lorenzo,886,485,401,Argentina,16,8,8,0,0,0,3,1,2,0,0,8,4,4,9,7,2,3,0,0.3,0.3,0,0,0,0,0.91,98,55,295,295,0.3,389,30,-1,25,0,6.32,0.19,96,34.54,21.25,64,340,16.81,269,67,27.33,64,0.00,0.00,0.75,12,0.00,2.56,0.81,0.50,8,0.00,0.69,0.00,0.00,0.00,0.25,1.25,0.62,0.00,1.32,0.44,2.25,0.00,0.38,0.07,0.00,0.25,0.00,0.00,0,0,,13,0.81,64,6,0.61,76,7,0.71,55,2,4,12,18,0.00,99,0,4,0.41,26,41,60,4.16,87,0,0.00,99,0,0.00,0,0,0.00,0,1.22,75,36,3.66,91,20,2.03,55.56,0,0.00,0,0,0,0.00,0,10,0.00,49,1.02,51,N/A,N/A,N/A,N/A,0.00,0,0.00,0,1.16,0.00,0,79.12,46.15,81,9,0.81,1.32,13,95,73,0,0,0,0.00,0.00,0,29,101.07,0.25,0.41,4,0,0.00,0.00,99,0.00,0,0,0,0.00,0.00,0,0.00,0.00,0.10,0.06,1,0,0.00,56,52,88,56,49,2.77,95,0.17,0.28,1.16,58,0.07,0.12,40,8,0.50,0.81,0.81,0.50,32,8,0.12,57,13,11,81,0,57,16,0,0.00,99,4,0.00,0.41,9.45,5.81,93,40,26,45,4.06,2.50,43.01,11,1.12,28,0,26.83,0,0.00,99,11,0.69,1.12,87,65,75,57,0,0,0,0,0,80,56,74,68,0,99,88,50,65,3,19,60,10,0,0
Facundo Kalinger di Napoli,21,1107072000,2005/01/30,Primera División,2026,Midfielder,Huracán,287,30,257,Argentina,7,2,5,0,0,0,0,0,0,0,0,3,1,2,1,0,1,0,0,0,0,0,0,0,0,0.31,287,41,0,0,0,308,295,-1,11,0,4.59,0,63,21.25,9.71,17,68,7.43,52,55,16.25,26,0.00,0.00,0.14,1,0.00,0.43,0.94,0.43,3,0.00,0.43,0.00,0.00,0.00,0.71,0.00,0.14,0.00,0.62,0.14,0.86,0.00,0.14,0.03,0.00,0.29,0.00,0.00,0,0,,2,0.29,36,1,0.31,55,1,0.31,25,3,4,3,21,0.00,99,0,5,1.56,86,3,28,0.94,49,0,0.00,99,0,0.00,0,0,0.00,0,0.31,26,6,1.88,67,0,0.00,0.00,0,0.00,0,0,0,0.00,0,1,0.00,98,0.31,1,N/A,N/A,N/A,N/A,0.00,0,0.00,0,0.18,0.00,0,76.47,50.00,91,4,0.71,1.56,5,12,12,0,0,0,0.00,0.00,0,29,32.15,0.71,1.56,5,0,0.00,0.00,99,0.00,0,0,0,0.00,0.00,0,0.00,0.00,0.31,0.14,1,0,0.00,56,0,6,56,98,0.14,11,0.02,0.04,0.18,42,0.03,0.06,82,6,0.86,1.88,1.56,0.71,76,5,0.06,42,0,51,81,0,81,26,0,0.00,99,2,0.00,0.62,9.69,4.43,31,11,15,48,3.44,1.57,35.48,3,0.94,36,0,0.00,0,0.00,99,0,0.00,0.00,28,3,75,74,0,0,0,0,0,41,56,74,68,0,99,75,15,15,0,0,16,52,0,0
Facundo Lencioni,25,982137600,2001/02/14,Primera División,2026,Forward,Gimnasia Mendoza,1346,692,654,Argentina,16,8,8,2,1,1,5,3,2,0,0,4,2,2,19,8,11,3,0,0.47,0.33,0.13,0.13,0.14,673,1.27,71,84,449,269,0.2,161,24,-1,3,0,7.10,0.31,97,24.34,22.75,28,364,15.88,254,27,16.98,29,0.00,0.00,1.94,31,0.00,4.50,2.07,1.94,31,0.00,1.88,0.00,0.00,0.00,0.50,1.44,1.19,17.00,2.27,1.50,2.81,0.00,0.62,0.23,0.00,0.75,0.00,0.00,0,0,,34,2.12,86,10,0.67,80,24,1.60,89,1,0,16,71,0.00,99,0,8,0.53,33,72,69,4.81,92,0,0.00,99,0,0.00,0,0,0.00,0,2.07,95,45,3.01,85,23,1.54,51.11,0,0.00,0,0,0,0.00,0,19,0.00,18,1.27,70,N/A,N/A,N/A,N/A,0.00,0,0.00,0,3.74,0.00,0,69.78,29.41,51,8,1.25,1.34,20,90,66,0,0,0,0.19,0.20,3,55,113.55,0.81,0.87,13,0,0.00,0.00,99,0.00,0,0,0,0.00,0.00,0,0.00,0.00,0.13,0.12,2,0,5.88,61,84,88,85,18,4.54,96,0.28,0.30,3.74,82,0.23,0.25,72,21,1.31,1.40,1.07,1.00,48,16,0.25,80,93,30,81,0,63,33,0,0.00,99,12,0.00,0.80,12.30,11.50,184,85,70,78,5.68,5.31,46.20,30,2.01,7,0,29.17,0,0.00,99,21,1.31,1.40,93,93,30,41,0,0,0,0,0,92,72,78,71,0,99,27,72,45,3,19,60,26,0,0
Facundo Mallo Blanco,31,790243200,1995/01/16,Primera División,2026,Defender,Rosario Central,561,270,291,Uruguay,8,3,5,0,0,0,0,0,0,0,0,1,1,0,7,3,4,1,0,0,0,0,0,0,0,1.12,80,70,561,0,0.16,491,484,167,28,0,6.76,0,63,35.13,27.38,65,219,23.12,185,89,29.68,71,0.00,0.00,0.38,3,0.00,0.00,1.60,1.25,10,0.00,0.12,0.00,0.00,0.00,1.38,0.00,0.88,0.00,0.32,0.25,0.12,0.00,0.00,0.01,0.00,1.88,0.00,0.00,0,0,,2,0.25,17,0,0.00,22,2,0.32,25,2,2,6,51,0.00,99,0,11,1.76,91,0,28,0.00,12,0,0.00,99,0,0.00,0,0,0.00,0,0.48,36,1,0.16,13,0,0.00,0.00,0,0.00,0,0,0,0.00,0,7,0.00,31,1.12,59,N/A,N/A,N/A,N/A,0.00,0,0.00,0,0.08,0.00,0,84.47,0.00,22,77,0.25,0.32,2,12,12,0,0,0,1.00,1.28,8,99,54.07,5.50,7.06,44,0,0.00,0.00,99,0.00,0,0,0,0.00,0.00,0,0.00,0.00,0.16,0.12,1,0,0.00,56,24,11,56,31,0.57,47,0.07,0.09,0.08,13,0.01,0.01,5,1,0.12,0.16,0.64,0.50,21,4,0.01,13,49,95,81,0,67,79,0,0.00,99,15,0.00,2.41,6.74,5.25,42,26,29,15,4.17,3.25,61.90,1,0.16,82,0,0.00,0,0.00,99,0,0.00,0.00,28,27,57,57,0,0,0,0,0,41,56,74,68,0,99,5,81,35,1,12,41,15,0,0
Facundo Martín Sánchez,20,1123398000,2005/08/07,Primera División,2026,Midfielder,Lanús,194,114,80,Argentina,4,3,1,0,0,0,0,0,0,0,0,3,3,0,1,0,1,0,0,0,0,0,0,0,0,0.46,194,49,0,0,0,-1,-1,-1,16,0,6.58,0,63,47.32,25.50,87,102,22.50,90,98,41.75,92,0.00,0.00,0.25,1,0.00,0.50,0.46,0.25,1,0.00,0.25,0.00,0.00,0.00,0.75,0.00,0.25,0.00,0.93,0.25,0.25,0.00,0.25,0.05,0.00,0.25,0.00,0.00,0,0,,2,0.50,52,1,0.46,67,1,0.46,38,5,1,3,11,0.00,99,0,3,1.39,79,2,95,0.93,49,0,0.00,99,0,0.00,0,0,0.00,0,0.46,35,1,0.46,24,0,0.00,0.00,0,0.00,0,0,0,0.00,0,1,0.00,94,0.46,4,N/A,N/A,N/A,N/A,0.00,0,0.00,0,0.20,0.00,0,88.24,50.00,91,8,0.75,1.39,3,12,12,0,0,0,0.00,0.00,0,29,26.33,0.00,0.00,0,0,0.00,0.00,99,0.00,0,0,0,0.00,0.00,0,0.00,0.00,0.00,0.00,0,0,0.00,56,0,0,56,93,0.21,54,0.05,0.10,0.20,52,0.05,0.09,2,0,0.00,0.00,1.86,1.00,86,4,0.09,51,24,1,81,0,46,19,0,0.00,99,1,0.00,0.46,6.03,3.25,13,2,7,11,0.93,0.50,15.38,1,0.46,64,0,50.00,0,0.00,99,1,0.25,0.46,63,3,44,92,0,0,0,0,0,41,56,74,68,0,99,99,15,15,0,0,16,27,0,0
Facundo Miño,26,940057200,1999/10/16,Primera División,2026,Defender,Deportivo Riestra,947,568,379,Argentina,15,8,7,0,0,0,0,0,0,0,0,6,4,2,8,3,5,4,0,0,0,0,0,0,0,0.76,118,63,237,0,0.38,329,319,84,18,0,6.26,0,63,23.76,16.67,26,250,9.53,143,5,13.59,15,0.00,0.00,0.20,3,0.00,0.20,2.57,1.80,27,0.00,0.00,0.00,0.00,0.00,1.40,0.13,0.60,0.00,0.19,0.07,0.20,0.00,0.07,0.01,0.00,1.33,0.00,0.00,0,0,,2,0.13,10,1,0.10,29,1,0.10,11,2,5,10,86,0.00,99,0,21,2.00,96,3,79,0.29,28,0,0.00,99,0,0.00,0,0,0.00,0,0.29,25,3,0.29,20,2,0.19,66.67,0,0.00,0,0,0,0.00,0,9,0.00,65,0.86,34,N/A,N/A,N/A,N/A,0.00,0,0.00,0,0.21,0.00,0,57.20,50.00,91,47,0.47,0.67,7,23,87,0,0,0,0.40,0.57,6,86,93.96,3.73,5.32,56,0,0.00,0.00,99,0.00,0,0,0,0.00,0.00,0,0.00,0.00,0.00,0.00,0,0,0.00,56,57,73,56,65,0.41,11,0.03,0.04,0.21,20,0.01,0.02,42,9,0.60,0.86,1.43,1.00,68,15,0.02,20,11,87,81,0,46,70,0,0.00,99,20,0.00,1.90,8.84,6.20,93,55,59,38,5.23,3.67,59.14,0,0.00,99,0,33.33,0,0.00,99,1,0.07,0.10,35,52,82,57,0,0,0,0,0,41,56,74,68,0,99,69,38,78,4,27,82,24,0,0
Facundo Nicolás Cambeses,29,860569200,1997/04/09,Primera División,2026,Goalkeeper,Racing Club,1620,630,990,Argentina,18,7,11,0,0,0,0,0,0,0,0,7,2,5,15,6,9,2,0,0,0,0,0,0,0,0.83,108,90,810,0,0.11,496,489,98,23,0,6.99,0,63,31.04,31.61,50,569,20.50,369,16,20.13,40,0.00,0.00,0.17,3,0.00,0.00,0.00,0.00,0,0.00,0.00,0.00,0.00,2.83,0.00,0.00,3.78,0.00,0.00,0.00,0.00,0.00,0.00,0.00,0.00,0.28,0.00,0.00,0,0,,0,0.00,8,0,0.00,22,0,0.00,9,0,0,18,5,0.00,99,0,0,0.00,10,0,28,0.00,12,0,0.00,99,0,0.00,0,0,0.00,0,0.16,16,0,0.00,9,0,0.00,0.00,0,0.00,0,51,61,2.78,47,68,0.00,59,3.71,96,N/A,N/A,N/A,N/A,75.00,0,0.00,0,0.00,0.00,0,64.85,0.00,22,94,0.06,0.05,1,12,12,0,0,28,0.00,0.00,0,29,125.88,1.61,1.58,29,0,0.00,0.00,99,0.00,1,0,0,0.00,0.00,17,0.94,0.93,0.00,0.00,0,0,0.00,56,99,98,56,59,0.86,18,0.05,0.05,0.00,9,0.00,0.00,8,4,0.22,0.22,0.00,0.00,6,0,0.00,9,84,52,81,94,46,9,0,0.00,99,5,0.00,0.27,0.55,0.56,10,9,4,3,0.49,0.50,90.00,0,0.00,99,0,0.00,0,0.00,99,0,0.00,0.00,28,98,30,16,0,0,0,0,0,41,56,74,68,0,99,65,91,25,2,11,37,25,0,0
Facundo Rodríguez,26,951552000,2000/02/26,Primera División,2026,Defender,Estudiantes,0,0,0,Argentina,0,0,0,0,0,0,0,0,0,0,0,0,0,0,0,0,0,0,0,0,0,0,0,0,0,0,0,0,0,0,0,-1,-1,-1,-1,N/A,N/A,N/A,N/A,N/A,N/A,N/A,N/A,N/A,N/A,N/A,N/A,N/A,N/A,N/A,N/A,N/A,N/A,N/A,N/A,N/A,N/A,N/A,N/A,N/A,N/A,N/A,N/A,N/A,N/A,N/A,N/A,N/A,N/A,N/A,N/A,N/A,N/A,N/A,N/A,N/A,N/A,N/A,N/A,N/A,N/A,N/A,N/A,N/A,N/A,N/A,N/A,N/A,N/A,N/A,N/A,N/A,N/A,N/A,N/A,N/A,N/A,N/A,N/A,N/A,N/A,N/A,N/A,N/A,N/A,N/A,N/A,N/A,N/A,N/A,N/A,N/A,N/A,N/A,N/A,N/A,N/A,N/A,N/A,N/A,N/A,N/A,N/A,N/A,N/A,N/A,N/A,N/A,N/A,N/A,N/A,N/A,N/A,N/A,N/A,N/A,N/A,N/A,N/A,N/A,N/A,N/A,N/A,N/A,N/A,N/A,N/A,N/A,N/A,N/A,N/A,N/A,N/A,N/A,N/A,N/A,N/A,N/A,N/A,N/A,N/A,N/A,N/A,N/A,N/A,N/A,N/A,N/A,N/A,N/A,N/A,N/A,N/A,N/A,N/A,N/A,N/A,N/A,N/A,N/A,N/A,N/A,N/A,N/A,N/A,N/A,N/A,N/A,N/A,N/A,N/A,N/A,N/A,N/A,N/A,N/A,N/A,N/A,N/A,N/A,N/A,N/A,N/A,N/A,N/A,N/A,N/A,N/A,N/A,N/A,N/A,N/A,N/A,N/A,N/A,N/A,N/A,N/A,N/A,N/A,N/A,N/A,N/A,N/A,N/A,N/A,N/A,N/A,N/A,N/A,N/A,N/A,N/A,N/A,N/A,N/A,N/A,N/A,N/A,N/A,N/A,N/A,N/A,N/A,N/A,N/A,N/A,N/A,N/A,N/A,N/A,N/A,N/A,N/A,N/A,N/A,N/A,N/A,N/A
Facundo Samuel Guch,19,1169280000,2007/01/20,Primera División,2026,Midfielder,Newell's Old Boys,941,553,388,Argentina,14,7,7,1,1,0,1,1,0,0,0,2,2,0,14,8,6,3,0,0.19,0.1,0.1,0.16,0,941,1.34,67,67,314,941,0.29,189,140,-1,8,0,6.76,0.07,76,22.88,17.07,24,239,13.36,187,63,17.90,33,0.00,0.00,1.07,15,0.00,3.29,2.11,1.57,22,0.00,0.79,0.00,0.00,0.00,0.21,1.07,1.00,19.00,1.82,1.00,3.07,0.00,0.36,0.14,0.00,0.14,0.00,0.00,0,0,,19,1.36,75,5,0.48,68,14,1.34,83,3,1,13,73,0.00,99,0,3,0.29,22,46,52,4.40,89,0,0.00,99,0,0.00,0,0,0.00,0,1.44,83,43,4.12,93,15,1.44,34.88,0,0.00,0,0,0,0.00,0,14,0.00,14,1.34,75,N/A,N/A,N/A,N/A,0.00,0,0.00,0,2.02,0.00,0,78.24,26.32,45,25,0.71,0.96,10,88,33,0,0,0,0.00,0.00,0,29,94.70,0.43,0.57,6,0,0.00,0.00,99,0.00,0,0,0,0.00,0.00,0,0.00,0.00,0.00,0.00,0,0,5.26,60,56,61,92,14,1.58,74,0.11,0.15,2.02,72,0.14,0.19,77,17,1.21,1.63,0.86,0.64,35,9,0.19,71,49,17,81,0,46,6,0,0.00,99,2,0.00,0.19,11.30,8.43,118,55,60,68,5.27,3.93,46.61,11,1.05,32,0,23.91,0,0.00,99,11,0.79,1.05,85,71,44,74,0,0,0,0,0,67,66,74,75,0,99,6,53,64,3,21,68,20,0,0
Facundo Sanguinetti,25,983433600,2001/03/01,Primera División,2026,Goalkeeper,Banfield,1440,720,720,Argentina,16,8,8,0,0,0,0,0,0,0,0,4,4,0,19,6,13,0,0,0,0,0,0,0,0,1.19,76,90,0,0,0,414,404,186,15,0,7.19,0,63,19.44,19.44,10,311,10.81,173,5,10.81,6,0.00,0.00,0.06,1,0.00,0.06,0.00,0.00,0,0.00,0.00,0.00,0.00,4.19,0.00,0.00,5.38,0.00,0.00,0.00,0.00,0.00,0.00,0.00,0.00,0.25,0.00,0.00,0,0,,0,0.00,8,0,0.00,22,0,0.00,9,0,0,16,5,0.00,99,0,0,0.00,10,1,28,0.06,13,0,0.00,99,0,0.00,0,0,0.00,0,0.06,9,0,0.00,9,0,0.00,0.00,0,0.00,0,67,83,4.19,94,86,0.00,25,5.38,99,N/A,N/A,N/A,N/A,77.91,0,0.00,0,0.00,0.00,0,55.63,0.00,22,99,0.00,0.00,0,12,12,0,0,45,0.00,0.00,0,29,114.97,0.31,0.31,5,0,0.00,0.00,99,0.00,0,0,0,0.00,0.00,2,0.12,0.12,0.00,0.00,0,0,0.00,56,93,88,56,26,0.34,2,0.02,0.02,0.00,9,0.00,0.00,10,4,0.25,0.25,0.00,0.00,6,0,0.00,9,95,8,81,6,46,8,0,0.00,99,4,0.00,0.25,0.62,0.62,10,8,4,5,0.50,0.50,80.00,0,0.00,99,0,0.00,0,0.00,99,0,0.00,0.00,28,93,30,16,0,0,0,0,0,41,56,74,68,0,99,27,15,15,0,0,16,1,0,0
Facundo Sebastián De La Vega,23,1050390000,2003/04/15,Primera División,2026,Forward,Aldosivi,142,54,88,Argentina,5,2,3,0,0,0,0,0,0,0,0,1,1,0,1,0,1,0,0,0,0,0,0,0,0,0.63,142,28,0,0,0,-1,-1,-1,19,0,6.52,0,63,10.77,3.40,0,17,0.80,4,0,2.54,0,0.00,0.00,0.20,1,0.00,0.00,1.27,0.40,2,0.00,0.40,0.00,0.00,0.00,0.00,0.20,0.20,0.00,1.90,0.40,0.40,0.00,0.20,0.05,0.00,1.00,0.00,0.00,0,0,,3,0.60,77,1,0.63,77,2,1.27,79,2,4,1,36,0.00,99,0,0,0.00,10,0,28,0.00,12,0,0.00,99,0,0.00,0,0,0.00,0,0.63,45,2,1.27,52,1,0.63,50.00,0,0.00,0,0,0,0.00,0,1,0.00,82,0.63,12,N/A,N/A,N/A,N/A,0.00,0,0.00,0,0.25,0.00,0,23.53,33.33,62,50,0.20,0.63,1,57,66,0,0,0,0.00,0.00,0,29,32.58,0.00,0.00,0,0,0.00,0.00,99,0.00,0,0,0,0.00,0.00,0,0.00,0.00,0.63,0.20,1,0,0.00,56,0,1,56,80,0.04,6,0.01,0.03,0.25,68,0.05,0.16,30,1,0.20,0.63,4.44,1.40,99,7,0.16,66,19,1,81,0,93,90,0,0.00,99,5,0.00,3.17,19.01,6.00,30,9,70,98,5.70,1.80,30.00,2,1.27,23,0,0.00,0,0.00,99,0,0.00,0.00,28,0,75,57,0,0,0,0,0,41,56,74,68,0,99,15,15,15,0,0,16,22,0,0
Facundo Valdez,20,1144652400,2006/04/10,Primera División,2026,Forward,Independiente,128,103,25,Argentina,6,3,3,0,0,0,0,0,0,0,0,1,1,0,1,1,0,0,0,0,0,0,0,0,0,0.7,128,21,0,0,0,-1,-1,-1,12,0,6.51,0,63,24.20,6.40,28,32,4.00,20,10,15.13,21,0.00,0.00,1.20,6,0.00,0.60,0.76,0.20,1,0.00,0.40,0.00,0.00,0.00,0.00,1.40,0.20,0.00,0.76,0.20,3.60,0.00,0.00,0.01,0.00,0.20,0.00,0.00,0,0,,1,0.20,42,0,0.00,22,1,0.76,57,1,5,1,17,0.00,99,0,0,0.00,10,3,79,2.27,66,0,0.00,99,0,0.00,0,0,0.00,0,4.54,99,18,13.61,99,7,5.29,38.89,0,0.00,0,0,0,0.00,0,1,0.00,72,0.76,23,N/A,N/A,N/A,N/A,0.00,0,0.00,0,0.04,0.00,0,62.50,0.00,22,38,0.20,0.76,1,99,39,0,0,0,0.00,0.00,0,29,32.55,0.20,0.76,1,0,0.00,0.00,99,0.00,0,0,0,0.00,0.00,0,0.00,0.00,0.00,0.00,0,0,0.00,56,0,4,56,71,0.32,92,0.06,0.24,0.04,26,0.01,0.03,2,0,0.00,0.00,0.76,0.20,28,1,0.03,26,18,24,81,0,46,31,0,0.00,99,1,0.00,0.76,19.66,5.20,26,9,88,99,6.81,1.80,34.62,2,1.51,17,0,33.33,0,0.00,99,1,0.20,0.76,77,0,82,41,0,0,0,0,0,41,56,74,68,0,99,8,15,15,0,0,16,43,0,0
Facundo Valentín Jainikoski,18,1205564400,2008/03/15,Primera División,2026,Forward,Argentinos Juniors,673,401,272,Argentina,17,11,6,1,1,0,2,1,1,0,0,9,8,1,3,0,3,0,0,0.4,0.27,0.13,0.22,0,673,0.4,224,40,0,337,0,156,39,-1,9,0,6.76,0.12,95,21.00,9.24,16,157,6.94,118,47,15.78,25,0.00,0.00,0.65,11,0.00,1.94,1.74,0.76,13,0.00,1.35,0.00,0.00,0.00,0.18,0.94,0.18,20.00,2.67,0.82,2.53,0.00,0.35,0.12,0.00,0.06,0.00,0.00,0,0,,20,1.18,94,6,0.80,85,14,1.87,95,1,11,6,59,0.00,99,0,3,0.40,25,33,71,4.41,89,0,0.00,99,0,0.00,0,0,0.00,0,1.47,84,43,5.75,99,16,2.14,37.21,0,0.00,0,0,0,0.00,0,3,0.00,96,0.40,2,N/A,N/A,N/A,N/A,0.00,0,0.00,0,1.96,0.00,0,75.16,30.00,53,26,0.41,0.94,7,96,36,0,0,0,0.06,0.13,1,43,114.92,0.06,0.13,1,0,0.00,0.00,99,0.00,0,0,1,0.06,0.13,0,0.00,0.00,0.40,0.18,3,0,5.00,58,34,94,85,96,1.82,92,0.11,0.24,1.96,82,0.12,0.26,98,24,1.41,3.21,1.07,0.47,48,8,0.26,81,49,3,94,0,86,3,0,0.00,99,1,0.00,0.13,16.18,7.12,121,53,91,95,7.09,3.12,43.80,23,3.08,1,0,30.30,0,0.00,99,10,0.59,1.34,93,27,99,41,0,0,0,0,0,87,72,74,80,0,99,91,15,15,0,0,16,48,0,0
Facundo Zavala,27,915264000,1999/01/02,Primera División,2026,Defender,Independiente,1140,584,556,Argentina,15,7,8,0,0,0,1,0,1,0,0,4,3,1,15,6,9,5,0,0.08,0.08,0,0,0,0,1.18,76,76,228,1140,0.39,520,165,180,22,0,6.31,0.07,71,46.11,38.93,86,584,28.27,424,35,33.47,80,0.00,0.00,0.93,14,0.00,3.40,2.76,2.33,35,0.00,0.93,0.00,0.00,0.00,1.27,1.07,1.07,0.00,0.79,0.47,2.40,0.00,0.20,0.05,0.00,0.93,0.00,0.00,0,0,,10,0.67,45,3,0.24,49,7,0.55,44,3,2,13,90,0.00,99,0,19,1.50,83,51,58,4.03,86,0,0.00,99,0,0.00,0,0,0.00,0,1.11,71,36,2.84,83,16,1.26,44.44,0,0.00,0,0,0,0.00,0,16,0.00,26,1.26,69,N/A,N/A,N/A,N/A,0.00,0,0.00,0,0.71,0.00,0,72.60,30.00,53,88,0.13,0.16,2,84,52,0,0,0,0.13,0.16,2,47,94.71,1.67,1.97,25,0,0.00,0.00,99,0.00,0,0,0,0.00,0.00,0,0.00,0.00,0.32,0.27,4,0,0.00,56,71,73,56,26,2.00,76,0.13,0.16,0.71,42,0.05,0.06,47,12,0.80,0.95,2.05,1.73,90,26,0.06,42,13,59,81,0,82,47,0,0.00,99,14,0.00,1.11,12.24,10.33,155,76,77,78,6.00,5.07,49.03,14,1.11,29,0,25.49,0,0.00,99,13,0.87,1.03,84,71,57,74,0,0,0,0,0,48,56,74,68,0,99,33,36,80,5,33,92,22,0,0
Faustino Marcos Alberto Rojo,36,637920000,1990/03/20,Primera División,2026,Defender,Racing Club,644,182,462,Argentina,9,3,6,0,0,0,0,0,0,0,0,4,1,3,5,2,3,3,1,0,0,0,0,0,0,0.7,129,72,215,0,0.42,298,282,69,13,0,6.55,0,63,40.95,32.56,78,293,25.33,228,61,31.86,77,0.00,0.00,0.11,1,0.00,0.11,1.12,0.89,8,0.00,0.11,0.00,0.00,0.00,1.44,0.00,0.56,0.00,0.42,0.33,0.00,0.00,0.00,0.02,0.00,1.11,0.00,0.00,0,0,,3,0.33,23,0,0.00,22,3,0.42,34,4,1,8,28,0.00,99,0,13,1.82,92,1,28,0.14,21,0,0.00,99,0,0.00,0,0,0.00,0,0.14,14,0,0.00,9,0,0.00,0.00,0,0.00,0,0,0,0.00,0,5,0.00,72,0.70,17,N/A,N/A,N/A,N/A,0.00,0,0.00,0,0.14,0.00,0,77.82,0.00,22,89,0.11,0.14,1,12,12,0,0,0,0.22,0.28,2,65,58.99,5.67,7.13,51,0,0.00,0.00,99,0.00,0,0,0,0.00,0.00,0,0.00,0.00,0.00,0.00,0,0,0.00,56,31,17,56,72,0.61,47,0.07,0.09,0.14,20,0.02,0.02,59,8,0.89,1.12,0.70,0.56,25,5,0.02,20,21,95,81,0,46,58,0,0.00,99,10,0.00,1.40,5.31,4.22,38,24,14,9,3.35,2.67,63.16,1,0.14,83,0,0.00,0,0.00,99,0,0.00,0.00,28,40,44,84,0,0,0,0,0,41,56,74,68,0,99,78,32,84,2,22,71,6,0,0
Fausto Mariano Vera,26,954057600,2000/03/26,Primera División,2026,Midfielder,River Plate,1342,766,576,Argentina,16,9,7,0,0,0,0,0,0,0,0,9,5,4,11,8,3,4,1,0,0,0,0,0,0,0.74,122,84,268,0,0.34,471,505,-1,32,0,7.08,0,63,66.53,62.00,99,992,55.44,887,99,59.49,99,0.00,0.00,0.88,14,0.00,0.88,2.15,2.00,32,0.00,0.88,0.00,0.00,0.00,0.62,0.50,0.69,0.00,2.28,1.69,0.81,0.00,0.44,0.17,0.00,1.31,0.00,0.00,0,0,,34,2.12,87,7,0.47,67,27,1.81,94,3,0,16,75,0.00,99,0,10,0.67,42,14,35,0.94,49,0,0.00,99,0,0.00,0,0,0.00,0,0.94,64,13,0.87,40,8,0.54,61.54,0,0.00,0,0,0,0.00,0,11,0.00,69,0.74,21,N/A,N/A,N/A,N/A,0.00,0,0.00,0,2.65,0.00,0,89.42,20.59,35,53,0.56,0.60,9,53,80,0,0,0,0.50,0.54,8,84,113.23,1.38,1.48,22,0,0.00,0.00,99,0.00,0,0,0,0.00,0.00,0,0.00,0.00,0.00,0.00,0,0,0.00,56,84,88,56,69,2.02,70,0.13,0.14,2.65,70,0.17,0.18,35,11,0.69,0.74,1.61,1.50,79,24,0.18,69,91,49,81,0,46,58,0,0.00,99,21,0.00,1.41,9.25,8.62,138,71,46,43,4.76,4.44,51.45,14,0.94,36,0,14.29,0,0.00,99,2,0.12,0.13,38,93,30,74,0,0,0,0,0,41,56,74,68,0,99,96,44,72,3,19,60,15,0,0
Federico Andrés Mancuello,37,606902400,1989/03/26,Primera División,2026,Midfielder,Independiente,6,0,6,Argentina,1,0,1,0,0,0,0,0,0,0,0,0,0,0,1,0,1,0,0,0,0,0,0,0,0,15,6,6,0,0,0,-1,-1,-1,16,0,6.47,0,63,15.00,1.00,3,1,1.00,1,99,15.00,21,0.00,0.00,0.00,0,0.00,0.00,15.00,1.00,1,0.00,0.00,0.00,0.00,0.00,0.00,0.00,1.00,0.00,0.00,0.00,0.00,0.00,0.00,0.00,0.00,0.00,0.00,0.00,0,0,,0,0.00,8,0,0.00,22,0,0.00,9,0,1,0,99,0.00,99,0,0,0.00,10,0,28,0.00,12,0,0.00,99,0,0.00,0,0,0.00,0,0.00,8,0,0.00,9,0,0.00,0.00,0,0.00,0,0,0,0.00,0,1,0.00,1,15.00,99,N/A,N/A,N/A,N/A,0.00,0,0.00,0,0.00,0.00,0,100.00,0.00,22,99,0.00,0.00,0,12,12,0,0,0,0.00,0.00,0,29,6.47,0.00,0.00,0,0,0.00,0.00,99,0.00,0,0,0,0.00,0.00,0,0.00,0.00,0.00,0.00,0,0,0.00,56,0,0,56,0,0.00,0,0.00,0.00,0.00,9,0.00,0.00,2,0,0.00,0.00,0.00,0.00,6,0,0.00,9,17,1,81,0,46,1,0,0.00,99,0,0.00,0.00,15.00,1.00,1,1,99,92,15.00,1.00,100.00,0,0.00,99,0,0.00,0,0.00,99,0,0.00,0.00,28,0,44,16,0,0,0,0,0,41,56,74,68,0,99,1,15,15,0,0,16,11,0,0
Federico Fattori Mouzo,33,711788400,1992/07/22,Primera División,2026,Midfielder,Argentinos Juniors,1652,1096,556,Argentina,19,12,7,0,0,0,0,0,0,0,0,10,8,2,14,5,9,4,0,0,0,0,0,0,0,0.76,118,87,413,0,0.22,356,342,-1,23,0,7.18,0,63,82.08,80.74,99,1534,72.42,1376,99,73.63,99,0.00,0.00,0.58,11,0.00,0.53,1.28,1.26,24,0.00,0.47,0.00,0.00,0.00,1.53,0.26,0.74,0.00,0.32,0.16,0.47,0.00,0.16,0.03,0.00,1.68,0.00,0.00,0,0,,6,0.32,17,3,0.16,37,3,0.16,14,5,0,19,36,0.00,99,0,29,1.55,86,10,31,0.54,40,0,0.00,99,0,0.00,0,0,0.00,0,0.59,42,9,0.48,25,5,0.27,55.56,0,0.00,0,0,0,0.00,0,14,0.00,65,0.75,22,N/A,N/A,N/A,N/A,0.00,0,0.00,0,0.64,0.00,0,89.70,50.00,91,63,0.47,0.48,9,30,73,0,0,0,0.37,0.37,7,74,136.40,3.26,3.32,62,0,0.00,0.00,99,0.00,0,0,0,0.00,0.00,0,0.00,0.00,0.00,0.00,0,0,0.00,56,99,99,56,65,3.82,85,0.20,0.20,0.64,26,0.03,0.03,57,20,1.05,1.07,0.86,0.84,35,16,0.03,26,95,77,81,0,46,66,0,0.00,99,32,0.00,1.71,7.81,7.68,146,79,31,24,4.23,4.16,54.11,9,0.48,63,0,10.00,0,0.00,99,1,0.05,0.05,28,99,30,92,0,0,0,0,0,41,56,74,68,0,99,91,68,50,4,21,68,24,0,0
Federico Gino Acevedo Fagúndez,33,730713600,1993/02/26,Primera División,2026,Midfielder,Aldosivi,1029,529,500,Uruguay,13,7,6,2,0,2,0,0,0,0,0,4,4,0,13,4,9,6,0,0.17,0,0.17,0,0.36,515,1.14,79,79,172,0,0.52,125,419,-1,1,0,6.68,0,63,34.55,30.38,64,395,23.46,305,58,26.68,62,0.00,0.00,0.23,3,0.00,0.38,1.84,1.62,21,0.00,0.46,0.00,0.00,0.00,0.69,0.08,1.00,8.00,1.40,1.00,0.38,0.00,0.23,0.17,0.00,0.92,0.00,0.00,0,0,,16,1.23,66,3,0.26,51,13,1.14,74,3,1,12,64,0.00,99,0,9,0.79,46,5,45,0.44,36,0,0.00,99,0,0.00,0,0,0.00,0,0.26,23,5,0.44,24,1,0.09,20.00,0,0.00,0,0,0,0.00,0,13,0.00,29,1.14,60,N/A,N/A,N/A,N/A,0.00,0,0.00,0,2.19,0.00,0,77.22,18.75,32,18,0.92,1.05,12,16,17,1,0,0,0.08,0.09,1,34,86.90,1.15,1.31,15,0,0.00,0.00,99,0.00,0,1,0,0.00,0.00,0,0.00,0.00,0.09,0.08,1,0,12.50,79,62,49,76,29,0.74,26,0.06,0.06,1.49,62,0.11,0.13,48,11,0.85,0.96,1.84,1.62,86,21,0.19,71,36,43,81,0,55,44,0,0.00,99,12,0.00,1.05,8.40,7.38,96,42,18,31,3.67,3.23,43.75,6,0.52,61,0,20.00,0,0.00,99,1,0.08,0.09,34,65,44,74,0,0,0,0,0,65,80,93,68,0,99,47,24,92,6,46,98,13,0,0
Federico Gomes Gerth,22,1078473600,2004/03/05,Primera División,2026,Goalkeeper,Unión Santa Fe,0,0,0,Argentina,0,0,0,0,0,0,0,0,0,0,0,0,0,0,0,0,0,0,0,0,0,0,0,0,0,0,0,0,0,0,0,-1,-1,-1,-1,N/A,N/A,N/A,N/A,N/A,N/A,N/A,N/A,N/A,N/A,N/A,N/A,N/A,N/A,N/A,N/A,N/A,N/A,N/A,N/A,N/A,N/A,N/A,N/A,N/A,N/A,N/A,N/A,N/A,N/A,N/A,N/A,N/A,N/A,N/A,N/A,N/A,N/A,N/A,N/A,N/A,N/A,N/A,N/A,N/A,N/A,N/A,N/A,N/A,N/A,N/A,N/A,N/A,N/A,N/A,N/A,N/A,N/A,N/A,N/A,N/A,N/A,N/A,N/A,N/A,N/A,N/A,N/A,N/A,N/A,N/A,N/A,N/A,N/A,N/A,N/A,N/A,N/A,N/A,N/A,N/A,N/A,N/A,N/A,N/A,N/A,N/A,N/A,N/A,N/A,N/A,N/A,N/A,N/A,N/A,N/A,N/A,N/A,N/A,N/A,N/A,N/A,N/A,N/A,N/A,N/A,N/A,N/A,N/A,N/A,N/A,N/A,N/A,N/A,N/A,N/A,N/A,N/A,N/A,N/A,N/A,N/A,N/A,N/A,N/A,N/A,N/A,N/A,N/A,N/A,N/A,N/A,N/A,N/A,N/A,N/A,N/A,N/A,N/A,N/A,N/A,N/A,N/A,N/A,N/A,N/A,N/A,N/A,N/A,N/A,N/A,N/A,N/A,N/A,N/A,N/A,N/A,N/A,N/A,N/A,N/A,N/A,N/A,N/A,N/A,N/A,N/A,N/A,N/A,N/A,N/A,N/A,N/A,N/A,N/A,N/A,N/A,N/A,N/A,N/A,N/A,N/A,N/A,N/A,N/A,N/A,N/A,N/A,N/A,N/A,N/A,N/A,N/A,N/A,N/A,N/A,N/A,N/A,N/A,N/A,N/A,N/A,N/A,N/A,N/A,N/A,N/A,N/A,N/A,N/A,N/A,N/A,N/A,N/A,N/A,N/A,N/A,N/A,N/A,N/A,N/A,N/A,N/A,N/A
Federico Hernán Álvarez,31,776242800,1994/08/07,Primera División,2026,Defender,Tigre,1149,689,460,Argentina,14,8,6,0,0,0,1,1,0,0,0,4,2,2,11,7,4,2,0,0.08,0.08,0,0,0,0,0.86,104,82,575,1149,0.16,321,166,106,23,0,7.01,0.07,71,31.64,28.86,52,404,18.93,265,18,20.76,42,0.00,0.00,0.71,10,0.00,3.57,1.96,1.79,25,0.00,0.43,0.00,0.00,0.00,1.79,0.64,0.79,0.00,0.86,0.71,0.79,0.00,0.07,0.05,0.00,1.93,0.00,0.00,0,0,,11,0.79,48,1,0.08,26,10,0.78,57,1,1,13,68,0.00,99,0,25,1.96,95,50,33,3.92,85,0,0.00,99,0,0.00,0,0,0.00,0,0.78,55,11,0.86,39,9,0.70,81.82,0,0.00,0,0,0,0.00,0,11,0.00,55,0.86,34,N/A,N/A,N/A,N/A,0.00,0,0.00,0,0.70,0.00,0,65.59,9.09,23,57,0.50,0.55,7,60,91,0,0,0,0.21,0.23,3,59,98.08,3.50,3.84,49,1,0.00,0.08,7,0.07,0,0,3,0.21,0.23,0,0.00,0.00,0.08,0.07,1,0,0.00,56,72,61,56,55,1.44,59,0.10,0.11,0.70,36,0.05,0.05,53,13,0.93,1.02,0.70,0.64,25,9,0.05,36,85,79,98,0,54,74,0,0.00,99,27,0.00,2.11,7.91,7.21,101,73,71,25,5.72,5.21,72.28,6,0.47,64,0,12.00,0,0.00,99,6,0.43,0.47,64,71,44,41,0,0,0,0,0,48,56,74,68,0,99,39,82,35,2,14,47,24,0,0
Federico Laurelli,22,1089442800,2004/07/10,Primera División,2026,Midfielder,Aldosivi,0,0,0,Argentina,0,0,0,0,0,0,0,0,0,0,0,0,0,0,0,0,0,0,0,0,0,0,0,0,0,0,0,0,0,0,0,-1,-1,-1,-1,N/A,N/A,N/A,N/A,N/A,N/A,N/A,N/A,N/A,N/A,N/A,N/A,N/A,N/A,N/A,N/A,N/A,N/A,N/A,N/A,N/A,N/A,N/A,N/A,N/A,N/A,N/A,N/A,N/A,N/A,N/A,N/A,N/A,N/A,N/A,N/A,N/A,N/A,N/A,N/A,N/A,N/A,N/A,N/A,N/A,N/A,N/A,N/A,N/A,N/A,N/A,N/A,N/A,N/A,N/A,N/A,N/A,N/A,N/A,N/A,N/A,N/A,N/A,N/A,N/A,N/A,N/A,N/A,N/A,N/A,N/A,N/A,N/A,N/A,N/A,N/A,N/A,N/A,N/A,N/A,N/A,N/A,N/A,N/A,N/A,N/A,N/A,N/A,N/A,N/A,N/A,N/A,N/A,N/A,N/A,N/A,N/A,N/A,N/A,N/A,N/A,N/A,N/A,N/A,N/A,N/A,N/A,N/A,N/A,N/A,N/A,N/A,N/A,N/A,N/A,N/A,N/A,N/A,N/A,N/A,N/A,N/A,N/A,N/A,N/A,N/A,N/A,N/A,N/A,N/A,N/A,N/A,N/A,N/A,N/A,N/A,N/A,N/A,N/A,N/A,N/A,N/A,N/A,N/A,N/A,N/A,N/A,N/A,N/A,N/A,N/A,N/A,N/A,N/A,N/A,N/A,N/A,N/A,N/A,N/A,N/A,N/A,N/A,N/A,N/A,N/A,N/A,N/A,N/A,N/A,N/A,N/A,N/A,N/A,N/A,N/A,N/A,N/A,N/A,N/A,N/A,N/A,N/A,N/A,N/A,N/A,N/A,N/A,N/A,N/A,N/A,N/A,N/A,N/A,N/A,N/A,N/A,N/A,N/A,N/A,N/A,N/A,N/A,N/A,N/A,N/A,N/A,N/A,N/A,N/A,N/A,N/A,N/A,N/A,N/A,N/A,N/A,N/A,N/A,N/A,N/A,N/A,N/A,N/A
Federico Marcelo Anselmo,32,766566000,1994/04/17,Primera División,2026,Forward,Banfield,48,36,12,Argentina,4,3,1,0,0,0,0,0,0,0,0,3,3,0,0,0,0,0,0,0,0,0,0,0,0,0,0,12,0,0,0,-1,-1,-1,9,0,6.50,0,63,15.00,2.00,3,8,1.00,4,2,7.50,1,0.00,0.00,0.00,0,0.00,0.25,1.88,0.25,1,0.00,0.25,0.00,0.00,0.00,0.00,0.50,0.00,0.00,7.50,1.00,1.00,0.00,0.00,0.06,0.00,1.00,0.00,0.00,0,0,,4,1.00,99,0,0.00,22,4,7.50,99,0,4,0,65,0.00,99,0,0,0.00,10,1,99,1.88,62,0,0.00,99,0,0.00,0,0,0.00,0,0.00,8,4,7.50,99,2,3.75,50.00,0,0.00,0,0,0,0.00,0,0,0.00,99,0.00,0,N/A,N/A,N/A,N/A,0.00,0,0.00,0,0.23,0.00,0,50.00,0.00,22,1,0.25,1.88,1,99,66,0,0,0,0.00,0.00,0,29,25.98,0.00,0.00,0,0,0.00,0.00,99,0.00,0,0,0,0.00,0.00,0,0.00,0.00,1.88,0.25,1,0,0.00,56,0,0,56,0,0.01,2,0.00,0.02,0.23,96,0.06,0.43,82,1,0.25,1.88,3.75,0.50,99,2,0.43,94,17,1,81,0,99,99,0,0.00,99,4,0.00,7.50,35.62,4.75,19,8,99,99,15.00,2.00,42.11,1,1.88,8,0,100.00,0,0.00,99,1,0.25,1.88,97,0,75,16,0,0,0,0,0,41,56,74,68,0,99,99,15,15,0,0,16,30,0,0
Federico Medina,22,1076918400,2004/02/16,Primera División,2026,Forward,Banfield,0,0,0,Argentina,0,0,0,0,0,0,0,0,0,0,0,0,0,0,0,0,0,0,0,0,0,0,0,0,0,0,0,0,0,0,0,-1,-1,-1,-1,N/A,N/A,N/A,N/A,N/A,N/A,N/A,N/A,N/A,N/A,N/A,N/A,N/A,N/A,N/A,N/A,N/A,N/A,N/A,N/A,N/A,N/A,N/A,N/A,N/A,N/A,N/A,N/A,N/A,N/A,N/A,N/A,N/A,N/A,N/A,N/A,N/A,N/A,N/A,N/A,N/A,N/A,N/A,N/A,N/A,N/A,N/A,N/A,N/A,N/A,N/A,N/A,N/A,N/A,N/A,N/A,N/A,N/A,N/A,N/A,N/A,N/A,N/A,N/A,N/A,N/A,N/A,N/A,N/A,N/A,N/A,N/A,N/A,N/A,N/A,N/A,N/A,N/A,N/A,N/A,N/A,N/A,N/A,N/A,N/A,N/A,N/A,N/A,N/A,N/A,N/A,N/A,N/A,N/A,N/A,N/A,N/A,N/A,N/A,N/A,N/A,N/A,N/A,N/A,N/A,N/A,N/A,N/A,N/A,N/A,N/A,N/A,N/A,N/A,N/A,N/A,N/A,N/A,N/A,N/A,N/A,N/A,N/A,N/A,N/A,N/A,N/A,N/A,N/A,N/A,N/A,N/A,N/A,N/A,N/A,N/A,N/A,N/A,N/A,N/A,N/A,N/A,N/A,N/A,N/A,N/A,N/A,N/A,N/A,N/A,N/A,N/A,N/A,N/A,N/A,N/A,N/A,N/A,N/A,N/A,N/A,N/A,N/A,N/A,N/A,N/A,N/A,N/A,N/A,N/A,N/A,N/A,N/A,N/A,N/A,N/A,N/A,N/A,N/A,N/A,N/A,N/A,N/A,N/A,N/A,N/A,N/A,N/A,N/A,N/A,N/A,N/A,N/A,N/A,N/A,N/A,N/A,N/A,N/A,N/A,N/A,N/A,N/A,N/A,N/A,N/A,N/A,N/A,N/A,N/A,N/A,N/A,N/A,N/A,N/A,N/A,N/A,N/A,N/A,N/A,N/A,N/A,N/A,N/A
Federico Navarro,26,952588800,2000/03/09,Primera División,2026,Midfielder,Rosario Central,326,1,325,Argentina,12,5,7,0,0,0,0,0,0,0,0,3,1,2,5,2,3,2,0,0,0,0,0,0,0,1.38,65,27,163,0,0.55,487,202,-1,22,0,5.44,0,63,48.54,16.00,90,192,13.50,162,88,40.96,91,0.00,0.00,0.00,0,0.00,0.08,3.29,1.08,13,0.00,0.50,0.00,0.00,0.00,0.33,0.25,0.42,0.00,0.00,0.00,0.50,0.00,0.00,0.00,0.00,0.08,0.00,0.00,0,0,,0,0.00,8,0,0.00,22,0,0.00,9,2,9,3,97,0.00,99,0,4,1.01,58,1,28,0.25,26,0,0.00,99,0,0.00,0,0,0.00,0,0.00,8,6,1.52,61,3,0.76,50.00,0,0.00,0,0,0,0.00,0,5,0.00,11,1.26,69,N/A,N/A,N/A,N/A,0.00,0,0.00,0,0.00,0.00,0,84.38,0.00,22,38,0.25,0.76,3,63,66,0,0,0,0.08,0.25,1,62,65.26,0.67,2.02,8,0,0.00,0.00,99,0.00,0,0,0,0.00,0.00,0,0.00,0.00,0.00,0.00,0,0,0.00,56,0,39,56,11,0.38,54,0.03,0.10,0.00,9,0.00,0.00,10,1,0.08,0.25,1.52,0.50,75,6,0.00,9,2,60,81,0,46,8,0,0.00,99,1,0.00,0.25,9.86,3.25,39,18,41,51,4.55,1.50,46.15,6,1.52,17,0,0.00,0,0.00,99,0,0.00,0.00,28,3,97,57,0,0,0,0,0,41,56,74,68,0,99,27,23,93,2,17,53,31,0,0
Federico Ricca,31,786268800,1994/12/01,Primera División,2026,Defender,Belgrano,666,363,303,Uruguay,11,5,6,0,0,0,0,0,0,0,0,4,2,2,7,3,4,2,1,0,0,0,0,0,0,0.95,95,61,222,0,0.41,242,211,132,15,0,6.43,0,63,33.75,24.00,61,264,18.91,208,66,26.59,62,0.00,0.00,0.27,3,0.00,1.09,1.41,1.00,11,0.00,0.36,0.00,0.00,0.00,0.82,0.27,0.64,0.00,0.51,0.36,0.55,0.00,0.00,0.02,0.00,1.09,0.00,0.00,0,0,,4,0.36,29,0,0.00,22,4,0.51,42,3,2,9,42,0.00,99,0,9,1.15,65,12,79,1.53,58,0,0.00,99,0,0.00,0,0,0.00,0,0.38,30,6,0.77,37,3,0.38,50.00,0,0.00,0,0,0,0.00,0,7,0.00,46,0.89,38,N/A,N/A,N/A,N/A,0.00,0,0.00,0,0.23,0.00,0,78.79,0.00,22,72,0.27,0.38,3,41,66,0,0,0,0.09,0.13,1,43,70.70,1.91,2.68,21,0,0.00,0.00,99,0.00,0,0,0,0.00,0.00,0,0.00,0.00,0.13,0.09,1,0,0.00,56,33,31,56,46,0.58,36,0.05,0.07,0.23,26,0.02,0.03,37,6,0.55,0.77,0.89,0.64,36,7,0.03,26,16,71,81,0,63,61,0,0.00,99,12,0.00,1.53,6.90,4.91,54,32,27,17,4.09,2.91,59.26,4,0.51,62,0,33.33,0,0.00,99,4,0.36,0.51,66,48,57,74,0,0,0,0,0,41,56,74,68,0,99,59,34,82,1,9,32,16,0,0
Federico Vera,28,890726400,1998/03/24,Primera División,2026,Defender,Huracán,450,270,180,Argentina,6,3,3,0,0,0,0,0,0,0,0,3,2,1,4,2,2,1,0,0,0,0,0,0,0,0.8,113,75,450,0,0.2,455,447,90,19,0,6.62,0,63,28.20,23.50,41,141,16.33,98,26,19.60,38,0.00,0.00,0.33,2,0.00,2.17,3.20,2.67,16,0.00,0.50,0.00,0.00,0.00,1.33,0.33,0.67,0.00,0.20,0.17,0.50,0.00,0.00,0.01,0.00,1.00,0.00,0.00,0,0,,1,0.17,11,0,0.00,22,1,0.20,16,1,1,5,96,0.00,99,0,8,1.60,87,13,36,2.60,71,0,0.00,99,0,0.00,0,0,0.00,0,0.40,32,3,0.60,30,2,0.40,66.67,0,0.00,0,0,0,0.00,0,4,0.00,62,0.80,27,N/A,N/A,N/A,N/A,0.00,0,0.00,0,0.06,0.00,0,69.50,0.00,22,13,1.00,1.20,6,44,87,0,0,0,0.00,0.00,0,29,39.73,1.50,1.80,9,0,0.00,0.00,99,0.00,0,0,0,0.00,0.00,0,0.00,0.00,0.00,0.00,0,0,0.00,56,11,4,56,62,0.29,26,0.05,0.06,0.06,13,0.01,0.01,72,7,1.17,1.40,1.80,1.50,85,9,0.01,13,29,56,81,0,46,50,0,0.00,99,6,0.00,1.20,11.80,9.83,59,31,81,74,6.20,5.17,52.54,3,0.60,55,0,15.38,0,0.00,99,2,0.33,0.40,61,18,44,41,0,0,0,0,0,41,56,74,68,0,99,88,73,45,1,17,53,4,0,0
Felipe Anso,19,1173340800,2007/03/08,Primera División,2026,Forward,Aldosivi,233,148,85,Argentina,3,2,1,1,1,0,0,0,0,0,0,0,0,0,3,1,2,0,0,0.39,0,0.39,0.61,0,233,1.16,78,78,0,0,0,-1,-1,-1,3,0,6.62,0,63,11.97,10.33,1,31,7.33,22,30,8.50,1,0.00,0.00,0.33,1,0.00,1.33,1.16,1.00,3,0.00,2.00,0.00,0.00,0.00,0.33,2.00,1.00,4.00,1.55,0.67,4.00,0.00,0.67,0.31,0.00,0.33,0.00,0.00,0,0,,4,1.33,68,2,0.77,83,2,0.77,57,2,0,3,30,0.00,99,0,1,0.39,25,4,57,1.55,58,0,0.00,99,0,0.00,0,0,0.00,0,0.39,31,12,4.64,96,6,2.32,50.00,0,0.00,0,0,0,0.00,0,3,0.00,27,1.16,62,N/A,N/A,N/A,N/A,0.00,0,0.00,0,0.93,0.00,0,70.97,50.00,91,14,1.00,1.16,3,97,66,0,0,0,0.00,0.00,0,29,19.87,1.00,1.16,3,0,0.00,0.00,99,0.00,0,0,1,0.33,0.39,0,0.00,0.00,0.39,0.33,1,0,25.00,95,0,0,63,28,0.08,6,0.03,0.03,0.93,93,0.31,0.36,17,1,0.33,0.39,1.16,1.00,53,3,0.36,91,29,39,99,0,85,13,0,0.00,99,1,0.00,0.39,12.36,10.67,32,10,21,79,3.86,3.33,31.25,6,2.32,4,0,25.00,0,0.00,99,1,0.33,0.39,60,3,30,57,0,0,0,0,0,87,94,74,97,0,99,1,15,15,0,0,16,24,0,0
Felipe Bussio,22,1087369200,2004/06/16,Primera División,2026,Midfielder,Platense,504,163,341,Argentina,10,3,7,0,0,0,0,0,0,0,0,5,1,4,2,1,1,2,0,0,0,0,0,0,0,0.36,252,50,252,0,0.36,439,401,-1,24,0,5.95,0,63,32.26,18.10,55,181,11.90,119,18,21.21,44,0.00,0.00,0.30,3,0.00,0.40,2.50,1.40,14,0.00,0.40,0.00,0.00,0.00,1.30,0.20,0.30,0.00,0.36,0.20,0.70,0.00,0.00,0.01,0.00,1.20,0.00,0.00,0,0,,2,0.20,20,0,0.00,22,2,0.36,30,2,4,6,85,0.00,99,0,13,2.32,98,4,97,0.71,44,0,0.00,99,0,0.00,0,0,0.00,0,0.53,39,7,1.25,52,2,0.36,28.57,0,0.00,0,0,0,0.00,0,3,0.00,98,0.53,7,N/A,N/A,N/A,N/A,0.00,0,0.00,0,0.09,0.00,0,65.75,0.00,22,18,0.60,1.07,6,40,23,0,0,0,0.20,0.36,2,73,59.49,1.80,3.21,18,0,0.00,0.00,99,0.00,0,0,0,0.00,0.00,0,0.00,0.00,0.00,0.00,0,0,0.00,56,17,23,56,98,0.36,26,0.04,0.06,0.09,20,0.01,0.02,2,0,0.00,0.00,1.78,1.00,84,10,0.02,20,6,75,81,0,46,74,0,0.00,99,12,0.00,2.14,10.87,6.10,61,27,47,62,4.81,2.70,44.26,4,0.71,49,0,75.00,0,0.00,99,3,0.30,0.53,67,27,75,57,0,0,0,0,0,41,56,74,68,0,99,88,42,75,2,20,65,17,0,0
Felipe Peña Biafore,25,986454000,2001/04/05,Primera División,2026,Midfielder,Lanús,625,230,395,Argentina,16,8,8,0,0,0,0,0,0,0,0,6,5,1,5,0,5,0,0,0,0,0,0,0,0,0.72,125,39,0,0,0,528,526,-1,21,0,5.86,0,63,58.08,25.25,96,404,20.94,335,83,48.16,95,0.00,0.00,0.12,2,0.00,0.00,2.30,1.00,16,0.00,0.31,0.00,0.00,0.00,0.56,0.12,0.50,0.00,1.01,0.25,0.25,0.00,0.19,0.04,0.00,0.88,0.00,0.00,0,0,,7,0.44,54,3,0.43,65,4,0.58,47,4,10,6,79,0.00,99,0,9,1.29,72,0,28,0.00,12,0,0.00,99,0,0.00,0,0,0.00,0,0.29,25,4,0.58,29,2,0.29,50.00,0,0.00,0,0,0,0.00,0,8,0.00,71,1.15,61,N/A,N/A,N/A,N/A,0.00,0,0.00,0,0.70,0.00,0,82.92,42.86,77,54,0.25,0.58,4,32,66,0,0,0,0.31,0.72,5,91,93.80,0.75,1.73,12,0,0.00,0.00,99,0.00,0,0,0,0.00,0.00,0,0.00,0.00,0.00,0.00,0,0,0.00,56,30,88,56,70,0.66,47,0.04,0.09,0.70,54,0.04,0.10,52,7,0.44,1.01,0.58,0.25,18,4,0.10,53,4,55,81,0,46,72,0,0.00,99,14,0.00,2.01,9.20,4.00,64,37,62,42,5.32,2.31,57.81,5,0.72,49,0,0.00,0,0.00,99,0,0.00,0.00,28,27,98,84,0,0,0,0,0,41,56,74,68,0,99,65,15,15,0,0,16,5,0,0
Felipe Tempone,20,1138953600,2006/02/03,Primera División,2026,Forward,Independiente,31,5,26,Argentina,5,1,4,0,0,0,1,1,0,0,0,0,0,0,1,0,1,0,0,2.9,2.9,0,0,0,0,2.9,31,6,0,31,0,-1,-1,-1,24,0,2.73,0.2,99,47.81,3.40,88,17,2.60,13,55,36.56,84,0.00,0.00,0.40,2,0.00,0.00,2.81,0.20,1,0.00,0.00,0.00,0.00,0.00,0.00,0.20,0.40,0.00,5.62,0.40,0.20,0.00,0.00,0.02,0.00,0.20,0.00,0.00,0,0,,2,0.40,99,0,0.00,22,2,5.62,99,0,5,0,91,0.00,99,0,0,0.00,10,0,28,0.00,12,0,0.00,99,0,0.00,0,0,0.00,0,5.62,99,1,2.81,82,1,2.81,100.00,0,0.00,0,0,0,0.00,0,2,0.00,0,5.62,99,N/A,N/A,N/A,N/A,0.00,0,0.00,0,0.09,0.00,0,76.47,0.00,22,99,0.00,0.00,0,99,99,0,0,0,0.00,0.00,0,29,13.65,0.00,0.00,0,0,0.00,0.00,99,0.00,0,0,0,0.00,0.00,0,0.00,0.00,5.62,0.40,2,0,0.00,56,0,1,56,0,0.65,99,0.13,1.83,0.09,82,0.02,0.25,2,0,0.00,0.00,0.00,0.00,6,0,0.25,80,0,1,81,0,99,86,0,0.00,99,1,0.00,2.81,14.06,1.00,5,3,97,89,8.44,0.60,60.00,0,0.00,99,0,0.00,0,0.00,99,0,0.00,0.00,28,0,82,16,0,0,0,0,0,99,56,74,68,0,99,1,15,15,0,0,16,34,0,0
Felipe Tomás Zenobio,26,958978800,2000/05/22,Primera División,2026,Goalkeeper,Tigre,1350,720,630,Argentina,15,8,7,0,0,0,0,0,0,0,0,4,2,2,13,8,5,0,0,0,0,0,0,0,0,0.87,104,90,0,0,0,324,315,110,25,0,6.83,0,63,20.53,20.53,13,308,12.53,188,8,12.53,11,0.00,0.00,0.00,0,0.00,0.00,0.00,0.00,0,0.00,0.00,0.00,0.00,2.13,0.00,0.00,3.00,0.00,0.00,0.00,0.00,0.00,0.00,0.00,0.00,0.53,0.00,0.00,0,0,,0,0.00,8,0,0.00,22,0,0.00,9,0,0,15,5,0.00,99,0,0,0.00,10,0,28,0.00,12,0,0.00,99,0,0.00,0,0,0.00,0,0.00,8,0,0.00,9,0,0.00,0.00,0,0.00,0,32,36,2.13,14,45,0.00,54,3.00,94,N/A,N/A,N/A,N/A,71.11,0,0.00,0,0.00,0.00,0,61.04,0.00,22,99,0.00,0.00,0,12,12,0,0,18,0.00,0.00,0,29,102.38,1.27,1.27,19,0,0.00,0.00,99,0.00,0,0,0,0.00,0.00,13,0.87,0.87,0.00,0.00,0,0,0.00,56,86,73,56,55,0.39,6,0.03,0.03,0.00,9,0.00,0.00,3,1,0.07,0.07,0.00,0.00,6,0,0.00,9,62,42,81,86,46,22,0,0.00,99,8,0.00,0.53,0.60,0.60,9,9,5,5,0.60,0.60,100.00,0,0.00,99,0,0.00,0,0.00,99,0,0.00,0.00,28,85,30,16,0,0,0,0,0,41,56,74,68,0,99,33,15,15,0,0,16,12,0,0
Fermín Antonini,29,867826800,1997/07/02,Primera División,2026,Midfielder,Gimnasia Mendoza,760,371,389,Argentina,12,5,7,0,0,0,1,1,0,0,0,3,1,2,9,4,5,3,0,0.12,0.12,0,0,0,0,1.07,84,63,253,760,0.36,402,128,-1,28,0,6.67,0.08,79,29.01,20.42,43,245,15.50,186,50,22.03,47,0.00,0.00,0.58,7,0.00,0.33,3.20,2.25,27,0.00,0.75,0.00,0.00,0.00,0.75,0.17,0.75,0.00,0.83,0.50,0.58,0.00,0.08,0.03,0.00,1.58,0.00,0.00,0,0,,7,0.58,47,1,0.12,33,6,0.71,55,3,2,10,96,0.00,99,0,9,1.07,62,4,97,0.47,37,0,0.00,99,0,0.00,0,0,0.00,0,0.83,59,7,0.83,38,2,0.24,28.57,0,0.00,0,0,0,0.00,0,9,0.00,36,1.07,55,N/A,N/A,N/A,N/A,0.00,0,0.00,0,0.38,0.00,0,75.92,14.29,27,10,0.92,1.30,11,28,23,0,0,0,0.25,0.36,3,73,80.08,1.92,2.72,23,0,0.00,0.00,99,0.00,0,0,0,0.00,0.00,0,0.00,0.00,0.00,0.00,0,0,0.00,56,43,39,56,36,1.20,70,0.10,0.14,0.38,32,0.03,0.04,81,15,1.25,1.78,2.25,1.58,93,19,0.04,32,35,71,81,0,46,76,0,0.00,99,19,0.00,2.25,13.74,9.67,116,62,93,87,7.34,5.17,53.45,9,1.07,30,0,75.00,0,0.00,99,3,0.25,0.36,59,52,57,74,0,0,0,0,0,55,56,74,68,0,99,27,42,75,3,25,79,21,0,0
Fernando Daniel Martínez Sánchez,25,964681200,2000/07/27,Primera División,2026,Defender,Central Córdoba SdE,583,274,309,Argentina,14,7,7,1,1,0,0,0,0,0,0,5,3,2,13,7,6,2,0,0.15,0,0.15,0.33,0,583,2.01,45,42,292,0,0.31,139,397,241,4,0,5.08,0,63,21.88,10.64,20,149,7.71,108,35,15.86,25,0.00,0.00,0.07,1,0.00,1.36,2.94,1.43,20,0.00,0.36,0.00,0.00,0.00,0.50,0.57,1.07,2.00,0.59,0.14,1.71,0.00,0.14,0.10,0.00,0.86,0.00,0.00,0,0,,4,0.29,34,2,0.29,53,2,0.29,23,2,8,6,93,0.00,99,0,7,1.03,59,19,59,2.79,74,0,0.00,99,0,0.00,0,0,0.00,0,0.15,15,24,3.52,90,8,1.17,33.33,0,0.00,0,0,0,0.00,0,15,0.00,1,2.20,93,N/A,N/A,N/A,N/A,0.00,0,0.00,0,1.46,0.00,0,72.48,50.00,91,1,0.93,1.91,13,83,32,0,0,0,0.21,0.44,3,79,71.19,1.00,2.06,14,0,0.00,0.00,99,0.00,0,0,0,0.00,0.00,0,0.00,0.00,0.15,0.07,1,0,50.00,99,26,61,80,1,0.30,11,0.02,0.04,1.46,76,0.10,0.21,20,3,0.21,0.44,1.32,0.64,62,9,0.21,74,1,61,81,0,66,67,0,0.00,99,12,0.00,1.76,14.98,7.29,102,42,81,92,6.17,3.00,41.18,5,0.73,47,0,26.32,0,0.00,99,5,0.36,0.73,76,27,95,57,0,0,0,0,0,60,76,74,88,0,99,59,50,67,2,14,47,20,0,0
Fernando Juárez,27,903855600,1998/08/23,Primera División,2026,Midfielder,Central Córdoba SdE,314,180,134,Argentina,4,2,2,0,0,0,0,0,0,0,0,2,1,1,2,1,1,1,0,0,0,0,0,0,0,0.57,157,79,314,0,0.29,366,352,-1,6,0,6.97,0,63,49.87,43.50,92,174,36.25,145,84,41.56,92,0.00,0.00,0.75,3,0.00,0.25,1.72,1.50,6,0.00,0.25,0.00,0.00,0.00,1.75,0.25,0.50,0.00,0.00,0.00,0.75,0.00,0.00,0.00,0.00,2.00,0.00,0.00,0,0,,0,0.00,8,0,0.00,22,0,0.00,9,0,1,3,58,0.00,99,0,7,2.01,96,1,28,0.29,28,0,0.00,99,0,0.00,0,0,0.00,0,0.86,60,3,0.86,39,1,0.29,33.33,0,0.00,0,0,0,0.00,0,2,0.00,86,0.57,9,N/A,N/A,N/A,N/A,0.00,0,0.00,0,0.00,0.00,0,83.33,0.00,22,79,0.25,0.29,1,32,32,0,0,0,0.00,0.00,0,29,27.89,1.75,2.01,7,0,0.00,0.00,99,0.00,0,0,0,0.00,0.00,0,0.00,0.00,0.00,0.00,0,0,0.00,56,0,0,56,86,0.50,70,0.12,0.14,0.00,9,0.00,0.00,95,9,2.25,2.58,1.72,1.50,83,6,0.00,9,82,60,81,0,46,77,0,0.00,99,8,0.00,2.29,10.32,9.00,36,24,89,55,6.88,6.00,66.67,1,0.29,73,0,0.00,0,0.00,99,0,0.00,0.00,28,3,44,16,0,0,0,0,0,41,56,74,68,0,99,88,53,64,1,25,79,8,0,0
Fernando Luis Bersano,28,883814400,1998/01/03,Primera División,2026,Defender,Estudiantes Río Cuarto,18,18,0,Argentina,1,1,0,0,0,0,0,0,0,0,0,0,0,0,0,0,0,0,0,0,0,0,0,0,0,0,0,18,0,0,0,-1,-1,-1,9,0,6.56,0,63,35.00,7.00,65,7,7.00,7,99,35.00,82,0.00,0.00,1.00,1,0.00,3.00,0.00,0.00,0,0.00,0.00,0.00,0.00,0.00,0.00,0.00,0.00,0.00,5.00,1.00,0.00,0.00,0.00,0.06,0.00,0.00,0.00,0.00,0,0,,1,1.00,99,0,0.00,22,1,5.00,99,0,1,0,5,0.00,99,0,0,0.00,10,3,79,15.00,99,0,0.00,99,0,0.00,0,0,0.00,0,5.00,99,0,0.00,9,0,0.00,0.00,0,0.00,0,0,0,0.00,0,0,0.00,99,0.00,0,N/A,N/A,N/A,N/A,0.00,0,0.00,0,0.06,0.00,0,100.00,0.00,22,99,0.00,0.00,0,12,12,0,0,0,0.00,0.00,0,29,6.56,0.00,0.00,0,0,0.00,0.00,99,0.00,0,0,0,0.00,0.00,0,0.00,0.00,0.00,0.00,0,0,0.00,56,0,0,56,0,0.04,85,0.04,0.20,0.06,87,0.06,0.30,2,0,0.00,0.00,5.00,1.00,99,1,0.30,86,22,1,81,0,46,1,0,0.00,99,0,0.00,0.00,5.00,1.00,1,0,0,9,0.00,0.00,0.00,0,0.00,99,0,33.33,0,0.00,99,1,1.00,5.00,99,0,44,16,0,0,0,0,0,41,56,74,68,0,99,1,15,15,0,0,16,3,0,0
Fernando Román,27,911548800,1998/11/20,Primera División,2026,Defender,Aldosivi,1028,422,606,Paraguay,15,7,8,0,0,0,1,0,1,0,0,4,4,0,10,1,9,3,0,0.09,0.09,0,0,0,0,0.88,103,69,343,1028,0.26,467,146,111,18,0,6.86,0.07,74,32.25,24.53,55,368,15.53,233,12,20.42,41,0.00,0.00,0.53,8,0.00,2.87,2.37,1.80,27,0.00,0.20,0.00,0.00,0.00,1.27,0.53,0.73,0.00,0.26,0.20,0.87,0.00,0.00,0.01,0.00,1.60,0.00,0.00,0,0,,3,0.20,15,0,0.00,22,3,0.26,20,2,4,11,81,0.00,99,0,19,1.67,89,43,51,3.77,83,0,0.00,99,0,0.00,0,0,0.00,0,0.70,49,13,1.14,47,8,0.70,61.54,0,0.00,0,0,0,0.00,0,11,0.00,53,0.96,45,N/A,N/A,N/A,N/A,0.00,0,0.00,0,0.13,0.00,0,63.32,0.00,22,36,0.60,0.79,9,60,80,0,0,0,0.67,0.88,10,96,102.88,3.80,5.00,57,0,0.00,0.00,99,0.00,0,0,1,0.07,0.09,0,0.00,0.00,0.00,0.00,0,0,0.00,56,62,73,56,53,1.43,66,0.10,0.13,0.13,13,0.01,0.01,38,9,0.60,0.79,1.31,1.00,62,15,0.01,13,66,84,88,0,46,73,0,0.00,99,24,0.00,2.10,9.90,7.53,113,67,74,52,5.87,4.47,59.29,3,0.26,75,0,23.26,0,0.00,99,10,0.67,0.88,80,59,75,57,0,0,0,0,0,50,56,74,68,0,99,33,57,58,3,20,65,3,0,0
Fernando Rubén Alarcón,32,771750000,1994/06/16,Primera División,2026,Defender,Instituto,1126,630,496,Argentina,13,7,6,0,0,0,0,0,0,0,0,4,2,2,10,5,5,5,0,0,0,0,0,0,0,0.8,113,87,225,0,0.4,407,369,93,13,0,6.89,0,63,41.00,39.46,78,513,29.08,378,39,30.21,73,0.00,0.00,0.23,3,0.00,0.15,1.84,1.77,23,0.00,0.15,0.00,0.00,0.00,1.46,0.08,0.92,0.00,0.80,0.46,0.15,0.00,0.31,0.06,0.00,2.69,0.00,0.00,0,0,,10,0.77,46,4,0.32,56,6,0.48,40,2,0,13,64,0.00,99,0,19,1.52,84,2,95,0.16,22,0,0.00,99,0,0.00,0,0,0.00,0,0.24,22,2,0.16,13,1,0.08,50.00,0,0.00,0,0,0,0.00,0,12,0.00,62,0.96,45,N/A,N/A,N/A,N/A,0.00,0,0.00,0,0.81,0.00,0,73.68,40.00,74,82,0.23,0.24,3,16,66,0,0,0,0.54,0.56,7,85,89.61,5.85,6.07,76,0,0.00,0.00,99,0.00,0,0,0,0.00,0.00,0,0.00,0.00,0.00,0.00,0,0,0.00,56,69,49,56,62,0.89,36,0.07,0.07,0.81,42,0.06,0.06,23,6,0.46,0.48,1.52,1.46,75,19,0.06,42,70,90,81,0,46,85,0,0.00,99,35,0.00,2.80,8.55,8.23,107,64,55,32,5.12,4.92,59.81,2,0.16,82,0,50.00,0,0.00,99,1,0.08,0.08,32,71,30,57,0,0,0,0,0,41,56,74,68,0,99,47,35,81,5,38,94,6,0,0
Florián Gonzalo de Jesús Monzón,25,978508800,2001/01/03,Primera División,2026,Forward,Vélez Sarsfield,1142,629,513,Argentina,15,8,7,6,3,3,0,0,0,0,0,6,3,3,8,4,4,2,0,0.47,0,0.47,0.43,0.53,190,0.63,143,76,571,0,0.16,15,252,-1,1,0,6.90,0,63,20.18,17.07,11,256,12.27,184,32,14.50,19,0.00,0.00,0.47,7,0.00,0.27,0.87,0.73,11,0.00,1.00,0.00,0.00,0.00,0.13,0.73,0.67,5.50,2.60,1.13,2.00,0.00,1.07,0.43,0.00,2.47,0.00,0.00,0,0,,33,2.20,93,16,1.26,95,17,1.34,83,6,1,14,19,0.00,99,0,2,0.16,16,4,95,0.32,30,0,0.00,99,0,0.00,0,0,0.00,0,0.55,40,30,2.36,77,11,0.87,36.67,0,0.00,0,0,0,0.00,0,10,0.00,82,0.79,26,N/A,N/A,N/A,N/A,0.00,0,0.00,0,6.42,0.00,0,71.88,48.48,83,57,0.47,0.55,7,70,35,1,0,0,0.07,0.08,1,33,103.46,0.93,1.10,14,0,0.00,0.00,99,0.00,0,1,0,0.00,0.00,0,0.00,0.00,0.63,0.53,8,0,18.18,89,71,73,59,81,0.67,18,0.04,0.05,5.72,97,0.38,0.45,30,8,0.53,0.63,1.73,1.47,83,22,0.51,97,72,37,81,0,93,87,0,0.00,99,37,0.00,2.92,14.26,12.07,181,65,55,89,5.12,4.33,35.91,15,1.18,25,0,50.00,0,0.00,99,2,0.13,0.16,41,78,44,96,0,0,0,0,0,92,98,97,92,0,99,69,81,35,2,13,43,23,0,0
Francesco Lo Celso,26,952243200,2000/03/05,Primera División,2026,Midfielder,Estudiantes Río Cuarto,0,0,0,Argentina,0,0,0,0,0,0,0,0,0,0,0,0,0,0,0,0,0,0,0,0,0,0,0,0,0,0,0,0,0,0,0,-1,-1,-1,-1,N/A,N/A,N/A,N/A,N/A,N/A,N/A,N/A,N/A,N/A,N/A,N/A,N/A,N/A,N/A,N/A,N/A,N/A,N/A,N/A,N/A,N/A,N/A,N/A,N/A,N/A,N/A,N/A,N/A,N/A,N/A,N/A,N/A,N/A,N/A,N/A,N/A,N/A,N/A,N/A,N/A,N/A,N/A,N/A,N/A,N/A,N/A,N/A,N/A,N/A,N/A,N/A,N/A,N/A,N/A,N/A,N/A,N/A,N/A,N/A,N/A,N/A,N/A,N/A,N/A,N/A,N/A,N/A,N/A,N/A,N/A,N/A,N/A,N/A,N/A,N/A,N/A,N/A,N/A,N/A,N/A,N/A,N/A,N/A,N/A,N/A,N/A,N/A,N/A,N/A,N/A,N/A,N/A,N/A,N/A,N/A,N/A,N/A,N/A,N/A,N/A,N/A,N/A,N/A,N/A,N/A,N/A,N/A,N/A,N/A,N/A,N/A,N/A,N/A,N/A,N/A,N/A,N/A,N/A,N/A,N/A,N/A,N/A,N/A,N/A,N/A,N/A,N/A,N/A,N/A,N/A,N/A,N/A,N/A,N/A,N/A,N/A,N/A,N/A,N/A,N/A,N/A,N/A,N/A,N/A,N/A,N/A,N/A,N/A,N/A,N/A,N/A,N/A,N/A,N/A,N/A,N/A,N/A,N/A,N/A,N/A,N/A,N/A,N/A,N/A,N/A,N/A,N/A,N/A,N/A,N/A,N/A,N/A,N/A,N/A,N/A,N/A,N/A,N/A,N/A,N/A,N/A,N/A,N/A,N/A,N/A,N/A,N/A,N/A,N/A,N/A,N/A,N/A,N/A,N/A,N/A,N/A,N/A,N/A,N/A,N/A,N/A,N/A,N/A,N/A,N/A,N/A,N/A,N/A,N/A,N/A,N/A,N/A,N/A,N/A,N/A,N/A,N/A,N/A,N/A,N/A,N/A,N/A,N/A
Francisco Álvarez,26,951552000,2000/02/26,Primera División,2026,Defender,Argentinos Juniors,1614,1074,540,Argentina,18,12,6,2,1,1,0,0,0,0,0,10,8,2,10,4,6,6,0,0.11,0,0.11,0.08,0.17,807,0.56,161,90,269,0,0.33,181,242,30,4,0,7.23,0,63,66.67,68.89,99,1240,60.33,1086,97,58.39,99,0.00,0.00,0.28,5,0.00,0.39,1.67,1.72,31,0.00,0.11,0.00,0.00,0.00,1.83,0.17,0.61,8.50,0.91,0.61,0.39,0.00,0.33,0.14,0.00,3.56,0.00,0.00,0,0,,17,0.94,51,6,0.32,56,11,0.59,48,2,0,18,54,0.00,99,0,33,1.77,91,7,35,0.38,33,0,0.00,99,0,0.00,0,0,0.00,0,0.27,23,7,0.38,23,3,0.16,42.86,0,0.00,0,0,0,0.00,0,11,0.00,87,0.59,10,N/A,N/A,N/A,N/A,0.00,0,0.00,0,2.46,0.00,0,87.58,35.29,64,57,0.56,0.54,10,21,48,0,0,0,0.50,0.48,9,81,130.09,6.11,5.91,110,0,0.00,0.00,99,0.00,0,0,0,0.00,0.00,0,0.00,0.00,0.00,0.00,0,0,11.76,77,98,98,89,87,2.37,66,0.13,0.13,2.46,62,0.14,0.13,35,14,0.78,0.75,0.91,0.94,38,17,0.13,60,97,89,81,0,46,93,0,0.00,99,64,0.00,3.44,10.70,11.06,199,112,77,60,6.02,6.22,56.28,2,0.11,85,0,14.29,0,0.00,99,1,0.06,0.05,28,98,30,57,0,0,0,0,0,54,68,81,68,0,99,96,45,70,6,33,92,16,0,0
Francisco González Metilli,29,859622400,1997/03/29,Primera División,2026,Midfielder,Belgrano,619,217,402,Argentina,13,5,8,3,1,2,0,0,0,0,0,7,3,4,4,1,3,0,0,0.44,0,0.44,0.41,0.45,206,0.58,155,48,0,0,0,20,204,-1,3,0,5.91,0,63,31.99,16.92,54,220,12.69,165,46,23.99,53,0.00,0.00,0.38,5,0.00,0.77,2.76,1.46,19,0.00,0.08,0.00,0.00,0.00,0.69,0.15,0.38,5.00,2.18,0.62,0.62,0.00,0.54,0.23,0.00,0.38,0.00,0.00,0,0,,15,1.15,84,7,1.02,90,8,1.16,75,5,5,8,90,0.00,99,0,9,1.31,73,10,45,1.45,57,0,0.00,99,0,0.00,0,0,0.00,0,0.73,51,8,1.16,48,2,0.29,25.00,0,0.00,0,0,0,0.00,0,5,0.00,86,0.73,19,N/A,N/A,N/A,N/A,0.00,0,0.00,0,3.04,0.00,0,75.00,46.67,82,30,0.46,0.87,6,32,21,0,0,0,0.23,0.44,3,79,76.85,0.46,0.87,6,0,0.00,0.00,99,0.00,0,0,0,0.00,0.00,0,0.00,0.00,0.15,0.08,1,0,20.00,93,29,49,60,85,0.63,47,0.05,0.09,3.04,96,0.23,0.44,60,8,0.62,1.16,0.87,0.46,35,6,0.44,95,5,30,81,0,66,30,0,0.00,99,5,0.00,0.73,9.01,4.77,62,34,50,40,4.94,2.62,54.84,1,0.15,83,0,20.00,0,0.00,99,2,0.15,0.29,54,40,82,92,0,0,0,0,0,90,97,95,91,0,99,92,15,15,0,0,16,11,0,0
Francisco Perruzzi,25,981705600,2001/02/09,Primera División,2026,Midfielder,San Lorenzo,29,27,2,Argentina,4,2,2,0,0,0,0,0,0,0,0,4,2,2,0,0,0,0,0,0,0,0,0,0,0,0,0,7,0,0,0,-1,-1,-1,18,0,1.64,0,63,75.00,6.25,99,25,4.25,17,22,51.00,97,0.00,0.00,0.00,0,0.00,0.00,6.00,0.50,2,0.00,0.25,0.00,0.00,0.00,0.25,0.00,0.00,0.00,0.00,0.00,0.00,0.00,0.00,0.00,0.00,0.75,0.00,0.00,0,0,,0,0.00,8,0,0.00,22,0,0.00,9,0,4,0,99,0.00,99,0,1,3.00,99,0,28,0.00,12,0,0.00,99,0,0.00,0,0,0.00,0,0.00,8,0,0.00,9,0,0.00,0.00,0,0.00,0,0,0,0.00,0,0,0.00,99,0.00,0,N/A,N/A,N/A,N/A,0.00,0,0.00,0,0.00,0.00,0,68.00,0.00,22,0,0.25,3.00,1,12,12,0,0,0,0.00,0.00,0,29,6.55,0.50,6.00,2,0,0.00,0.00,99,0.00,0,0,0,0.00,0.00,0,0.00,0.00,0.00,0.00,0,0,0.00,56,0,0,56,0,0.03,47,0.01,0.09,0.00,9,0.00,0.00,98,1,0.25,3.00,6.00,0.50,99,2,0.00,9,0,89,81,0,46,99,0,0.00,99,3,0.00,9.00,30.00,2.50,10,5,99,99,15.00,1.25,50.00,1,3.00,1,0,0.00,0,0.00,99,0,0.00,0.00,28,0,75,16,0,0,0,0,0,41,56,74,68,0,99,99,15,15,0,0,16,21,0,0
Francisco Pizzini,32,748422000,1993/09/19,Primera División,2026,Forward,Vélez Sarsfield,0,0,0,Argentina,0,0,0,0,0,0,0,0,0,0,0,0,0,0,0,0,0,0,0,0,0,0,0,0,0,0,0,0,0,0,0,-1,-1,-1,-1,N/A,N/A,N/A,N/A,N/A,N/A,N/A,N/A,N/A,N/A,N/A,N/A,N/A,N/A,N/A,N/A,N/A,N/A,N/A,N/A,N/A,N/A,N/A,N/A,N/A,N/A,N/A,N/A,N/A,N/A,N/A,N/A,N/A,N/A,N/A,N/A,N/A,N/A,N/A,N/A,N/A,N/A,N/A,N/A,N/A,N/A,N/A,N/A,N/A,N/A,N/A,N/A,N/A,N/A,N/A,N/A,N/A,N/A,N/A,N/A,N/A,N/A,N/A,N/A,N/A,N/A,N/A,N/A,N/A,N/A,N/A,N/A,N/A,N/A,N/A,N/A,N/A,N/A,N/A,N/A,N/A,N/A,N/A,N/A,N/A,N/A,N/A,N/A,N/A,N/A,N/A,N/A,N/A,N/A,N/A,N/A,N/A,N/A,N/A,N/A,N/A,N/A,N/A,N/A,N/A,N/A,N/A,N/A,N/A,N/A,N/A,N/A,N/A,N/A,N/A,N/A,N/A,N/A,N/A,N/A,N/A,N/A,N/A,N/A,N/A,N/A,N/A,N/A,N/A,N/A,N/A,N/A,N/A,N/A,N/A,N/A,N/A,N/A,N/A,N/A,N/A,N/A,N/A,N/A,N/A,N/A,N/A,N/A,N/A,N/A,N/A,N/A,N/A,N/A,N/A,N/A,N/A,N/A,N/A,N/A,N/A,N/A,N/A,N/A,N/A,N/A,N/A,N/A,N/A,N/A,N/A,N/A,N/A,N/A,N/A,N/A,N/A,N/A,N/A,N/A,N/A,N/A,N/A,N/A,N/A,N/A,N/A,N/A,N/A,N/A,N/A,N/A,N/A,N/A,N/A,N/A,N/A,N/A,N/A,N/A,N/A,N/A,N/A,N/A,N/A,N/A,N/A,N/A,N/A,N/A,N/A,N/A,N/A,N/A,N/A,N/A,N/A,N/A,N/A,N/A,N/A,N/A,N/A,N/A
Francisco Ramón Nieves Galván,27,932108400,1999/07/16,Primera División,2026,Forward,Estudiantes Río Cuarto,6,6,0,Argentina,1,1,0,0,0,0,0,0,0,0,0,0,0,0,0,0,0,0,0,0,0,0,0,0,0,0,0,6,0,0,0,-1,-1,-1,7,0,6.37,0,63,0.00,0.00,0,0,0.00,0,0,0.00,0,0.00,0.00,0.00,0,0.00,0.00,0.00,0.00,0,0.00,0.00,0.00,0.00,0.00,0.00,0.00,0.00,0.00,0.00,0.00,1.00,0.00,0.00,0.00,0.00,0.00,0.00,0.00,0,0,,0,0.00,8,0,0.00,22,0,0.00,9,0,1,0,5,0.00,99,0,0,0.00,10,0,28,0.00,12,0,0.00,99,0,0.00,0,0,0.00,0,0.00,8,1,15.00,99,0,0.00,0.00,0,0.00,0,0,0,0.00,0,0,0.00,99,0.00,0,N/A,N/A,N/A,N/A,0.00,0,0.00,0,0.00,0.00,0,0.00,0.00,22,99,0.00,0.00,0,12,12,0,0,0,0.00,0.00,0,29,6.37,0.00,0.00,0,0,0.00,0.00,99,0.00,0,0,0,0.00,0.00,0,0.00,0.00,0.00,0.00,0,0,0.00,56,0,0,56,0,0.00,0,0.00,0.00,0.00,9,0.00,0.00,2,0,0.00,0.00,0.00,0.00,6,0,0.00,9,14,1,81,0,46,1,0,0.00,99,0,0.00,0.00,15.00,1.00,1,0,0,92,0.00,0.00,0.00,0,0.00,99,0,0.00,0,0.00,99,0,0.00,0.00,28,0,44,16,0,0,0,0,0,41,56,74,68,0,99,1,15,15,0,0,16,99,0,0
Francisco Romero,27,920880000,1999/03/08,Primera División,2026,Midfielder,Estudiantes Río Cuarto,721,348,373,Argentina,10,5,5,0,0,0,0,0,0,0,0,1,1,0,11,3,8,1,0,0,0,0,0,0,0,1.37,66,72,721,0,0.12,353,335,-1,19,0,6.98,0,63,46.19,37.00,87,370,29.90,299,76,37.32,86,0.00,0.00,1.40,14,0.00,3.10,1.50,1.20,12,0.00,0.10,0.00,0.00,0.00,1.40,0.20,1.30,0.00,0.37,0.30,0.40,0.00,0.00,0.01,0.00,1.90,0.00,0.00,0,0,,3,0.30,21,0,0.00,22,3,0.37,31,8,2,8,48,0.00,99,0,14,1.75,90,31,88,3.87,84,0,0.00,99,0,0.00,0,0,0.00,0,1.75,92,4,0.50,25,2,0.25,50.00,0,0.00,0,0,0,0.00,0,13,0.00,12,1.62,88,N/A,N/A,N/A,N/A,0.00,0,0.00,0,0.13,0.00,0,80.81,0.00,22,21,0.80,1.00,8,29,66,0,0,0,0.20,0.25,2,62,69.78,2.60,3.25,26,0,0.00,0.00,99,0.00,0,0,0,0.00,0.00,0,0.00,0.00,0.00,0.00,0,0,0.00,56,38,23,56,12,1.21,74,0.12,0.15,0.13,20,0.01,0.02,24,4,0.40,0.50,0.62,0.50,20,5,0.02,20,83,76,81,0,46,78,0,0.00,99,19,0.00,2.37,8.11,6.50,65,37,42,28,4.62,3.70,56.92,1,0.12,85,0,48.39,0,0.00,99,15,1.50,1.87,97,40,57,99,0,0,0,0,0,41,56,74,68,0,99,3,89,27,1,10,34,13,0,0
Francisco Scarpeccio,20,1137916800,2006/01/22,Primera División,2026,Forward,Newell's Old Boys,204,123,81,Argentina,6,4,2,1,0,1,0,0,0,0,0,1,1,0,2,1,1,0,0,0.44,0,0.44,0,1.11,204,0.88,102,34,0,0,0,-1,-1,-1,9,0,5.52,0,63,24.59,9.33,29,56,5.50,33,7,14.49,19,0.00,0.00,0.17,1,0.00,0.33,0.44,0.17,1,0.00,0.67,0.00,0.00,0.00,0.17,0.00,0.33,4.00,1.76,0.17,0.50,0.00,0.50,0.17,0.00,1.33,0.00,0.00,0,0,,4,0.67,73,3,1.32,96,1,0.44,36,3,5,1,10,0.00,99,0,1,0.44,28,2,28,0.88,48,0,0.00,99,0,0.00,0,0,0.00,0,0.44,34,3,1.32,53,0,0.00,0.00,0,0.00,0,0,0,0.00,0,2,0.00,53,0.88,37,N/A,N/A,N/A,N/A,0.00,0,0.00,0,1.03,0.00,0,58.93,75.00,98,99,0.00,0.00,0,12,12,0,0,0,0.00,0.00,0,29,33.15,0.50,1.32,3,0,0.00,0.00,99,0.00,0,0,0,0.00,0.00,0,0.00,0.00,1.32,0.50,3,0,25.00,95,0,4,60,52,0.12,18,0.02,0.05,1.03,97,0.17,0.45,67,3,0.50,1.32,1.76,0.67,84,4,0.45,95,2,43,81,0,99,94,0,0.00,99,8,0.00,3.51,13.17,5.00,30,12,60,85,5.27,2.00,40.00,4,1.76,10,0,0.00,0,0.00,99,0,0.00,0.00,28,0,82,74,0,0,0,0,0,90,97,99,68,0,99,8,15,15,0,0,16,36,0,0
Franco Armani,39,529830000,1986/10/16,Primera División,2026,Goalkeeper,River Plate,46,0,46,Argentina,1,0,1,0,0,0,0,0,0,0,0,0,0,0,1,0,1,1,0,0,0,0,0,0,0,1.96,46,46,46,0,1.96,-1,-1,-1,16,0,13.06,0,63,29.35,15.00,45,15,11.00,11,38,21.52,46,0.00,0.00,0.00,0,0.00,0.00,0.00,0.00,0,0.00,0.00,0.00,0.00,2.00,0.00,0.00,3.00,0.00,0.00,0.00,0.00,0.00,0.00,0.00,0.00,0.00,0.00,0.00,0,0,,0,0.00,8,0,0.00,22,0,0.00,9,1,0,1,5,0.00,99,0,0,0.00,10,0,28,0.00,12,0,0.00,99,0,0.00,0,0,0.00,0,0.00,8,0,0.00,9,0,0.00,0.00,0,0.00,0,2,19,3.91,89,3,0.00,1,5.87,99,N/A,N/A,N/A,N/A,66.67,0,0.00,0,0.00,0.00,0,73.33,0.00,22,99,0.00,0.00,0,12,12,0,0,1,0.00,0.00,0,29,13.06,0.00,0.00,0,0,0.00,0.00,99,0.00,0,0,0,0.00,0.00,0,0.00,0.00,0.00,0.00,0,0,0.00,56,0,0,56,1,0.02,11,0.02,0.04,0.00,9,0.00,0.00,2,0,0.00,0.00,0.00,0.00,6,0,0.00,9,99,1,81,0,46,1,0,0.00,99,0,0.00,0.00,0.00,0.00,0,0,0,0,0.00,0.00,0.00,0,0.00,99,0,0.00,0,0.00,99,0,0.00,0.00,28,0,30,41,0,0,0,0,0,41,56,74,68,0,99,1,15,99,0,0,16,1,0,0
Franco Daniel Jara,38,584953200,1988/07/15,Primera División,2026,Forward,Instituto,711,304,407,Argentina,11,5,6,1,1,0,1,1,0,0,0,1,0,1,9,4,5,2,0,0.25,0.13,0.13,0.3,0,711,1.14,79,65,356,711,0.25,158,114,-1,10,0,6.60,0.09,81,20.38,14.64,13,161,11.27,124,57,15.70,24,0.00,0.00,0.36,4,0.00,0.27,0.51,0.36,4,0.00,1.09,0.00,0.00,0.00,0.18,0.55,0.91,18.00,2.28,1.09,1.00,0.00,0.55,0.19,0.00,1.00,0.00,0.00,0,0,,18,1.64,87,6,0.76,83,12,1.52,87,2,3,8,12,0.00,99,0,2,0.25,21,3,79,0.38,33,0,0.00,99,0,0.00,0,0,0.00,0,0.51,37,11,1.39,56,6,0.76,54.55,0,0.00,0,0,0,0.00,0,10,0.00,29,1.27,70,N/A,N/A,N/A,N/A,0.00,0,0.00,0,2.07,0.00,0,77.02,33.33,62,82,0.18,0.25,2,63,70,1,1,0,0.00,0.00,0,29,72.60,0.36,0.51,4,0,0.00,0.00,99,0.00,0,2,0,0.00,0.00,0,0.00,0.00,0.25,0.18,2,0,5.56,61,36,31,86,29,0.46,26,0.04,0.06,0.67,48,0.06,0.08,84,15,1.36,1.90,1.65,1.18,81,13,0.26,81,26,14,81,0,76,57,0,0.00,99,11,0.00,1.39,11.52,8.27,91,36,41,71,4.56,3.27,39.56,12,1.52,17,0,33.33,0,0.00,99,1,0.09,0.13,38,40,66,57,0,0,0,0,0,76,72,74,86,0,99,2,58,57,2,18,57,29,0,0
Franco Domínguez,27,925801200,1999/05/04,Primera División,2026,Forward,Estudiantes,82,14,68,Argentina,4,1,3,0,0,0,0,0,0,0,0,1,0,1,1,1,0,0,0,0,0,0,0,0,0,1.1,82,21,0,0,0,-1,-1,-1,14,0,6.53,0,63,8.78,2.00,0,8,1.25,5,10,5.49,0,0.00,0.00,0.25,1,0.00,0.25,0.00,0.00,0,0.00,0.25,0.00,0.00,0.00,0.25,0.00,0.25,0.00,1.10,0.25,0.00,0.00,0.00,0.01,0.00,0.25,0.00,0.00,0,0,,1,0.25,55,0,0.00,22,1,1.10,72,1,3,1,5,0.00,99,0,1,1.10,63,1,28,1.10,52,0,0.00,99,0,0.00,0,0,0.00,0,1.10,70,0,0.00,9,0,0.00,0.00,0,0.00,0,0,0,0.00,0,1,0.00,34,1.10,58,N/A,N/A,N/A,N/A,0.00,0,0.00,0,0.04,0.00,0,62.50,0.00,22,0,0.50,2.20,2,12,12,0,0,0,0.00,0.00,0,29,26.11,0.75,3.29,3,0,0.00,0.00,99,0.00,0,0,0,0.00,0.00,0,0.00,0.00,0.00,0.00,0,0,0.00,56,0,0,56,34,0.05,18,0.01,0.05,0.04,32,0.01,0.04,91,2,0.50,2.20,1.10,0.25,50,1,0.04,32,19,76,81,0,46,46,0,0.00,99,1,0.00,1.10,10.98,2.50,10,3,13,64,3.29,0.75,30.00,1,1.10,29,0,0.00,0,0.00,99,0,0.00,0.00,28,0,66,41,0,0,0,0,0,41,56,74,68,0,99,27,15,15,0,0,16,23,0,0
Franco Ezequiel Frías,24,1016352000,2002/03/17,Primera División,2026,Forward,Rosario Central,0,0,0,Argentina,0,0,0,0,0,0,0,0,0,0,0,0,0,0,0,0,0,0,0,0,0,0,0,0,0,0,0,0,0,0,0,-1,-1,-1,-1,N/A,N/A,N/A,N/A,N/A,N/A,N/A,N/A,N/A,N/A,N/A,N/A,N/A,N/A,N/A,N/A,N/A,N/A,N/A,N/A,N/A,N/A,N/A,N/A,N/A,N/A,N/A,N/A,N/A,N/A,N/A,N/A,N/A,N/A,N/A,N/A,N/A,N/A,N/A,N/A,N/A,N/A,N/A,N/A,N/A,N/A,N/A,N/A,N/A,N/A,N/A,N/A,N/A,N/A,N/A,N/A,N/A,N/A,N/A,N/A,N/A,N/A,N/A,N/A,N/A,N/A,N/A,N/A,N/A,N/A,N/A,N/A,N/A,N/A,N/A,N/A,N/A,N/A,N/A,N/A,N/A,N/A,N/A,N/A,N/A,N/A,N/A,N/A,N/A,N/A,N/A,N/A,N/A,N/A,N/A,N/A,N/A,N/A,N/A,N/A,N/A,N/A,N/A,N/A,N/A,N/A,N/A,N/A,N/A,N/A,N/A,N/A,N/A,N/A,N/A,N/A,N/A,N/A,N/A,N/A,N/A,N/A,N/A,N/A,N/A,N/A,N/A,N/A,N/A,N/A,N/A,N/A,N/A,N/A,N/A,N/A,N/A,N/A,N/A,N/A,N/A,N/A,N/A,N/A,N/A,N/A,N/A,N/A,N/A,N/A,N/A,N/A,N/A,N/A,N/A,N/A,N/A,N/A,N/A,N/A,N/A,N/A,N/A,N/A,N/A,N/A,N/A,N/A,N/A,N/A,N/A,N/A,N/A,N/A,N/A,N/A,N/A,N/A,N/A,N/A,N/A,N/A,N/A,N/A,N/A,N/A,N/A,N/A,N/A,N/A,N/A,N/A,N/A,N/A,N/A,N/A,N/A,N/A,N/A,N/A,N/A,N/A,N/A,N/A,N/A,N/A,N/A,N/A,N/A,N/A,N/A,N/A,N/A,N/A,N/A,N/A,N/A,N/A,N/A,N/A,N/A,N/A,N/A,N/A
Franco Ezequiel Leys,32,750927600,1993/10/18,Primera División,2026,Midfielder,Aldosivi,498,255,243,Argentina,11,6,5,0,0,0,0,0,0,0,0,4,4,0,9,3,6,1,0,0,0,0,0,0,0,1.63,55,45,498,0,0.18,421,414,-1,14,0,6.05,0,63,37.41,18.82,71,207,15.27,168,76,30.36,74,0.00,0.00,0.27,3,0.00,0.36,3.07,1.55,17,0.00,0.00,0.00,0.00,0.00,0.73,0.00,0.82,0.00,0.36,0.09,0.09,0.00,0.09,0.01,0.00,1.00,0.00,0.00,0,0,,2,0.18,20,1,0.18,40,1,0.18,15,3,7,4,95,0.00,99,0,8,1.45,81,4,28,0.72,44,0,0.00,99,0,0.00,0,0,0.00,0,0.54,39,1,0.18,15,0,0.00,0.00,0,0.00,0,0,0,0.00,0,9,0.00,4,1.63,88,N/A,N/A,N/A,N/A,0.00,0,0.00,0,0.15,0.00,0,81.16,50.00,91,7,0.73,1.45,8,12,12,0,0,0,0.00,0.00,0,29,66.53,1.18,2.35,13,0,0.00,0.00,99,0.00,0,0,0,0.00,0.00,0,0.00,0.00,0.00,0.00,0,0,0.00,56,16,31,56,4,0.40,36,0.04,0.07,0.15,26,0.01,0.03,73,8,0.73,1.45,1.27,0.64,60,7,0.03,26,7,65,81,0,46,71,0,0.00,99,11,0.00,1.99,9.94,5.00,55,35,83,52,6.33,3.18,63.64,0,0.00,99,0,0.00,0,0.00,99,0,0.00,0.00,28,8,92,74,0,0,0,0,0,41,56,74,68,0,99,59,77,39,1,9,32,32,0,0
Franco Fragapane,33,728985600,1993/02/06,Primera División,2026,Forward,Unión Santa Fe,196,174,22,Argentina,7,4,3,0,0,0,0,0,0,0,0,3,3,0,0,0,0,1,0,0,0,0,0,0,0,0,0,28,196,0,0.46,-1,-1,-1,19,0,6.58,0,63,37.65,11.71,71,82,10.29,72,97,33.06,79,0.00,0.00,1.14,8,0.00,1.57,1.38,0.43,3,0.00,0.57,0.00,0.00,0.00,0.14,0.14,0.29,0.00,1.84,0.29,1.00,0.00,0.29,0.05,0.00,0.29,0.00,0.00,0,0,,4,0.57,76,2,0.92,87,2,0.92,66,3,4,3,41,0.00,99,0,1,0.46,28,11,81,5.05,93,0,0.00,99,0,0.00,0,0,0.00,0,3.67,99,7,3.21,87,1,0.46,14.29,0,0.00,0,0,0,0.00,0,2,0.00,99,0.92,40,N/A,N/A,N/A,N/A,0.00,0,0.00,0,0.36,0.00,0,87.80,50.00,91,65,0.14,0.46,1,48,14,0,0,0,0.00,0.00,0,29,46.03,0.14,0.46,1,0,0.00,0.00,99,0.00,0,0,1,0.14,0.46,0,0.00,0.00,0.00,0.00,0,0,0.00,56,0,6,56,0,0.48,88,0.07,0.22,0.36,69,0.05,0.17,82,4,0.57,1.84,2.30,0.71,94,5,0.17,68,24,13,99,0,46,37,0,0.00,99,2,0.00,0.92,11.94,3.71,26,10,42,75,4.59,1.43,38.46,4,1.84,9,0,36.36,0,0.00,99,4,0.57,1.84,97,3,75,74,0,0,0,0,0,41,56,74,68,0,99,75,29,87,1,14,47,7,0,0
Franco Gabriel Castorani,20,1139126400,2006/02/05,Primera División,2026,Defender,Rosario Central,0,0,0,Argentina,0,0,0,0,0,0,0,0,0,0,0,0,0,0,0,0,0,0,0,0,0,0,0,0,0,0,0,0,0,0,0,-1,-1,-1,-1,N/A,N/A,N/A,N/A,N/A,N/A,N/A,N/A,N/A,N/A,N/A,N/A,N/A,N/A,N/A,N/A,N/A,N/A,N/A,N/A,N/A,N/A,N/A,N/A,N/A,N/A,N/A,N/A,N/A,N/A,N/A,N/A,N/A,N/A,N/A,N/A,N/A,N/A,N/A,N/A,N/A,N/A,N/A,N/A,N/A,N/A,N/A,N/A,N/A,N/A,N/A,N/A,N/A,N/A,N/A,N/A,N/A,N/A,N/A,N/A,N/A,N/A,N/A,N/A,N/A,N/A,N/A,N/A,N/A,N/A,N/A,N/A,N/A,N/A,N/A,N/A,N/A,N/A,N/A,N/A,N/A,N/A,N/A,N/A,N/A,N/A,N/A,N/A,N/A,N/A,N/A,N/A,N/A,N/A,N/A,N/A,N/A,N/A,N/A,N/A,N/A,N/A,N/A,N/A,N/A,N/A,N/A,N/A,N/A,N/A,N/A,N/A,N/A,N/A,N/A,N/A,N/A,N/A,N/A,N/A,N/A,N/A,N/A,N/A,N/A,N/A,N/A,N/A,N/A,N/A,N/A,N/A,N/A,N/A,N/A,N/A,N/A,N/A,N/A,N/A,N/A,N/A,N/A,N/A,N/A,N/A,N/A,N/A,N/A,N/A,N/A,N/A,N/A,N/A,N/A,N/A,N/A,N/A,N/A,N/A,N/A,N/A,N/A,N/A,N/A,N/A,N/A,N/A,N/A,N/A,N/A,N/A,N/A,N/A,N/A,N/A,N/A,N/A,N/A,N/A,N/A,N/A,N/A,N/A,N/A,N/A,N/A,N/A,N/A,N/A,N/A,N/A,N/A,N/A,N/A,N/A,N/A,N/A,N/A,N/A,N/A,N/A,N/A,N/A,N/A,N/A,N/A,N/A,N/A,N/A,N/A,N/A,N/A,N/A,N/A,N/A,N/A,N/A,N/A,N/A,N/A,N/A,N/A,N/A
Franco Ibarra,25,988441200,2001/04/28,Primera División,2026,Midfielder,Rosario Central,1461,897,564,Argentina,17,10,7,0,0,0,1,1,0,0,0,3,2,1,14,7,7,7,0,0.06,0.06,0,0,0,0,0.86,104,86,209,1461,0.43,492,192,-1,24,0,7.28,0.06,65,53.42,52.06,94,885,44.82,762,94,46.00,94,0.00,0.00,1.18,20,0.00,0.65,4.41,4.29,73,0.00,1.00,0.00,0.00,0.00,1.88,0.59,0.88,0.00,0.66,0.59,1.12,0.00,0.06,0.03,0.00,1.06,0.00,0.00,0,0,,11,0.65,38,1,0.06,23,10,0.60,49,3,1,16,99,0.00,99,0,32,1.93,94,11,88,0.66,42,0,0.00,99,0,0.00,0,0,0.00,0,1.21,75,19,1.15,48,10,0.60,52.63,0,0.00,0,0,0,0.00,0,15,0.00,55,0.91,39,N/A,N/A,N/A,N/A,0.00,0,0.00,0,0.55,0.00,0,86.10,9.09,23,24,0.94,0.97,16,56,68,0,0,0,0.59,0.60,10,87,123.82,1.94,1.99,33,0,0.00,0.00,99,0.00,0,0,1,0.06,0.06,0,0.00,0.00,0.00,0.00,0,0,0.00,56,94,94,56,55,2.80,80,0.16,0.17,0.55,26,0.03,0.03,99,55,3.24,3.32,1.75,1.71,84,29,0.03,26,98,60,82,0,46,46,0,0.00,99,18,0.00,1.09,13.94,13.59,231,156,99,89,9.42,9.18,67.53,17,1.03,33,0,45.45,0,0.00,99,5,0.29,0.30,55,93,44,74,0,0,0,0,0,43,56,74,68,0,99,10,31,85,7,41,96,5,0,0
Franco Lorenzón,25,984988800,2001/03/19,Primera División,2026,Defender,San Lorenzo,90,0,90,Argentina,1,0,1,0,0,0,0,0,0,0,0,1,0,1,0,0,0,0,0,0,0,0,0,0,0,0,0,90,0,0,0,-1,-1,-1,15,0,7.10,0,63,31.00,31.00,50,31,23.00,23,41,23.00,50,0.00,0.00,0.00,0,0.00,0.00,1.00,1.00,1,0.00,0.00,0.00,0.00,0.00,0.00,0.00,0.00,0.00,0.00,0.00,1.00,0.00,0.00,0.00,0.00,1.00,0.00,0.00,0,0,,0,0.00,8,0,0.00,22,0,0.00,9,0,0,1,24,0.00,99,0,0,0.00,10,0,28,0.00,12,0,0.00,99,0,0.00,0,0,0.00,0,0.00,8,1,1.00,44,0,0.00,0.00,0,0.00,0,0,0,0.00,0,0,0.00,99,0.00,0,N/A,N/A,N/A,N/A,0.00,0,0.00,0,0.00,0.00,0,74.19,0.00,22,99,0.00,0.00,0,12,12,0,0,0,3.00,3.00,3,99,7.10,8.00,8.00,8,1,0.00,1.00,0,1.00,0,0,0,0.00,0.00,0,0.00,0.00,0.00,0.00,0,0,0.00,56,0,0,56,0,0.04,11,0.04,0.04,0.00,9,0.00,0.00,2,0,0.00,0.00,1.00,1.00,44,1,0.00,9,93,97,81,0,46,41,0,0.00,99,1,0.00,1.00,10.00,10.00,10,2,8,53,2.00,2.00,20.00,0,0.00,99,0,0.00,0,0.00,99,0,0.00,0.00,28,0,30,16,0,0,0,0,0,41,56,74,68,0,99,99,15,15,0,0,16,42,0,0
Franco Lucas Basualdo,19,1170662400,2007/02/05,Primera División,2026,Midfielder,Estudiantes,0,0,0,Argentina,0,0,0,0,0,0,0,0,0,0,0,0,0,0,0,0,0,0,0,0,0,0,0,0,0,0,0,0,0,0,0,-1,-1,-1,-1,N/A,N/A,N/A,N/A,N/A,N/A,N/A,N/A,N/A,N/A,N/A,N/A,N/A,N/A,N/A,N/A,N/A,N/A,N/A,N/A,N/A,N/A,N/A,N/A,N/A,N/A,N/A,N/A,N/A,N/A,N/A,N/A,N/A,N/A,N/A,N/A,N/A,N/A,N/A,N/A,N/A,N/A,N/A,N/A,N/A,N/A,N/A,N/A,N/A,N/A,N/A,N/A,N/A,N/A,N/A,N/A,N/A,N/A,N/A,N/A,N/A,N/A,N/A,N/A,N/A,N/A,N/A,N/A,N/A,N/A,N/A,N/A,N/A,N/A,N/A,N/A,N/A,N/A,N/A,N/A,N/A,N/A,N/A,N/A,N/A,N/A,N/A,N/A,N/A,N/A,N/A,N/A,N/A,N/A,N/A,N/A,N/A,N/A,N/A,N/A,N/A,N/A,N/A,N/A,N/A,N/A,N/A,N/A,N/A,N/A,N/A,N/A,N/A,N/A,N/A,N/A,N/A,N/A,N/A,N/A,N/A,N/A,N/A,N/A,N/A,N/A,N/A,N/A,N/A,N/A,N/A,N/A,N/A,N/A,N/A,N/A,N/A,N/A,N/A,N/A,N/A,N/A,N/A,N/A,N/A,N/A,N/A,N/A,N/A,N/A,N/A,N/A,N/A,N/A,N/A,N/A,N/A,N/A,N/A,N/A,N/A,N/A,N/A,N/A,N/A,N/A,N/A,N/A,N/A,N/A,N/A,N/A,N/A,N/A,N/A,N/A,N/A,N/A,N/A,N/A,N/A,N/A,N/A,N/A,N/A,N/A,N/A,N/A,N/A,N/A,N/A,N/A,N/A,N/A,N/A,N/A,N/A,N/A,N/A,N/A,N/A,N/A,N/A,N/A,N/A,N/A,N/A,N/A,N/A,N/A,N/A,N/A,N/A,N/A,N/A,N/A,N/A,N/A,N/A,N/A,N/A,N/A,N/A,N/A
Franco Manuel García,29,865407600,1997/06/04,Primera División,2026,Forward,Newell's Old Boys,220,117,103,Argentina,8,4,4,1,0,1,0,0,0,0,0,1,1,0,3,1,2,0,0,0.41,0,0.41,0,0.87,220,1.23,73,28,0,0,0,-1,-1,-1,6,0,5.82,0,63,32.32,9.88,55,79,6.50,52,18,21.27,45,0.00,0.00,0.75,6,0.00,2.38,0.82,0.25,2,0.00,0.88,0.00,0.00,0.00,0.00,0.62,0.38,4.00,1.64,0.38,1.25,0.00,0.12,0.11,0.00,0.12,0.00,0.00,0,0,,4,0.50,71,1,0.41,63,3,1.23,79,6,6,2,18,0.00,99,0,0,0.00,10,19,59,7.77,98,0,0.00,99,0,0.00,0,0,0.00,0,2.45,97,10,4.09,93,5,2.05,50.00,0,0.00,0,0,0,0.00,0,3,0.00,20,1.23,67,N/A,N/A,N/A,N/A,0.00,0,0.00,0,0.86,0.00,0,65.82,25.00,45,11,0.38,1.23,3,95,66,0,0,0,0.00,0.00,0,29,46.57,0.12,0.41,1,0,0.00,0.00,99,0.00,0,0,0,0.00,0.00,0,0.00,0.00,0.41,0.12,1,0,25.00,95,0,11,62,20,0.40,76,0.05,0.16,0.86,91,0.11,0.35,41,2,0.25,0.82,0.41,0.12,10,1,0.35,90,4,11,81,0,86,16,0,0.00,99,1,0.00,0.41,11.86,3.62,29,10,27,75,4.09,1.25,34.48,7,2.86,1,0,26.32,0,0.00,99,5,0.62,2.05,98,0,88,96,0,0,0,0,0,88,95,99,68,0,99,5,15,15,0,0,16,17,0,0
Franco Maximiliano Amarfil,25,984297600,2001/03/11,Primera División,2026,Midfielder,Platense,1008,470,538,Argentina,14,7,7,0,0,0,0,0,0,0,0,5,2,3,11,6,5,5,0,0,0,0,0,0,0,0.98,92,72,202,0,0.45,440,428,-1,25,0,6.90,0,63,50.89,40.71,93,570,34.29,480,87,42.86,92,0.00,0.00,0.86,12,0.00,0.71,2.41,1.93,27,0.00,0.71,0.00,0.00,0.00,1.21,0.36,0.79,0.00,0.89,0.57,0.71,0.00,0.14,0.04,0.00,0.64,0.00,0.00,0,0,,10,0.71,50,2,0.18,40,8,0.71,55,2,1,13,83,0.00,99,0,17,1.52,84,10,70,0.89,48,0,0.00,99,0,0.00,0,0,0.00,0,1.07,70,10,0.89,41,5,0.45,50.00,0,0.00,0,0,0,0.00,0,11,0.00,43,0.98,47,N/A,N/A,N/A,N/A,0.00,0,0.00,0,0.56,0.00,0,84.21,20.00,35,51,0.50,0.62,7,48,66,0,0,0,0.21,0.27,3,64,96.59,2.36,2.95,33,0,0.00,0.00,99,0.00,0,0,0,0.00,0.00,0,0.00,0.00,0.00,0.00,0,0,0.00,56,61,61,56,43,1.27,59,0.09,0.11,0.56,36,0.04,0.05,33,8,0.57,0.71,2.14,1.71,91,24,0.05,36,72,74,81,0,46,33,0,0.00,99,9,0.00,0.80,9.73,7.79,109,48,33,49,4.29,3.43,44.04,10,0.89,40,0,30.00,0,0.00,99,3,0.21,0.27,53,71,44,57,0,0,0,0,0,41,56,74,68,0,99,59,29,87,5,36,93,15,0,0
Franco Moyano,28,874134000,1997/09/13,Primera División,2026,Midfielder,Instituto,130,65,65,Argentina,3,1,2,0,0,0,0,0,0,0,0,0,0,0,2,0,2,1,0,0,0,0,0,0,0,1.38,65,43,130,0,0.69,-1,-1,-1,23,0,6.44,0,63,50.54,24.33,92,73,20.33,61,85,42.23,92,0.00,0.00,0.00,0,0.00,0.33,0.69,0.33,1,0.00,0.67,0.00,0.00,0.00,0.00,0.00,0.67,0.00,0.00,0.00,0.00,0.00,0.00,0.00,0.00,0.67,0.00,0.00,0,0,,0,0.00,8,0,0.00,22,0,0.00,9,4,1,2,15,0.00,99,0,0,0.00,10,1,99,0.69,43,0,0.00,99,0,0.00,0,0,0.00,0,0.00,8,0,0.00,9,0,0.00,0.00,0,0.00,0,0,0,0.00,0,2,0.00,11,1.38,77,N/A,N/A,N/A,N/A,0.00,0,0.00,0,0.00,0.00,0,83.56,0.00,22,45,0.33,0.69,1,12,12,0,0,0,0.00,0.00,0,29,19.32,0.00,0.00,0,0,0.00,0.00,99,0.00,0,0,0,0.00,0.00,0,0.00,0.00,0.00,0.00,0,0,0.00,56,0,0,56,11,0.15,54,0.05,0.10,0.00,9,0.00,0.00,2,0,0.00,0.00,0.69,0.33,24,1,0.00,9,17,1,81,0,46,57,0,0.00,99,2,0.00,1.38,4.85,2.33,7,2,7,8,1.38,0.67,28.57,2,1.38,21,0,100.00,0,0.00,99,1,0.33,0.69,74,0,44,84,0,0,0,0,0,41,56,74,68,0,99,1,17,98,1,33,92,5,0,0
Franco Nicola Albanell,24,1019113200,2002/04/18,Primera División,2026,Forward,Atlético Tucumán,856,442,414,Uruguay,14,7,7,2,2,0,1,1,0,0,0,4,3,1,7,2,5,0,0,0.32,0.11,0.21,0.41,0,428,0.74,122,61,0,856,0,91,130,-1,3,0,6.95,0.07,77,25.65,17.43,34,244,13.29,186,53,19.56,38,0.00,0.00,0.93,13,0.00,3.21,1.68,1.14,16,0.00,0.71,0.00,0.00,0.00,0.29,0.64,0.64,9.50,2.00,0.79,1.71,0.00,0.57,0.19,0.00,1.57,0.00,0.00,0,0,,19,1.36,80,8,0.84,85,11,1.16,75,1,4,10,55,0.00,99,0,4,0.42,27,45,80,4.73,91,0,0.00,99,0,0.00,0,0,0.00,0,1.37,80,24,2.52,79,9,0.95,37.50,0,0.00,0,0,0,0.00,0,9,0.00,69,0.95,43,N/A,N/A,N/A,N/A,0.00,0,0.00,0,2.64,0.00,0,76.23,42.11,75,32,0.57,0.84,8,73,38,0,0,0,0.14,0.21,2,56,97.24,0.36,0.53,5,0,0.00,0.00,99,0.00,0,0,0,0.00,0.00,0,0.00,0.00,0.00,0.00,0,0,10.53,73,50,61,72,69,1.52,76,0.11,0.16,2.64,85,0.19,0.28,88,19,1.36,2.00,1.58,1.07,77,15,0.28,84,80,15,81,0,46,77,0,0.00,99,22,0.00,2.31,14.61,9.93,139,65,88,90,6.83,4.64,46.76,10,1.05,32,0,35.56,0,0.00,99,16,1.14,1.68,96,52,75,41,0,0,0,0,0,82,85,74,91,0,99,39,15,15,0,0,16,10,0,0
Franco Orozco,24,1010563200,2002/01/09,Primera División,2026,Forward,Newell's Old Boys,72,24,48,Argentina,3,1,2,0,0,0,0,0,0,0,0,0,0,0,3,1,2,0,0,0,0,0,0,0,0,3.75,24,24,0,0,0,-1,-1,-1,20,0,6.53,0,63,25.00,6.67,31,20,4.00,12,7,15.00,21,0.00,0.00,0.33,1,0.00,1.33,3.75,1.00,3,0.00,0.67,0.00,0.00,0.00,0.00,0.33,1.00,0.00,0.00,0.00,0.67,0.00,0.00,0.00,0.00,0.67,0.00,0.00,0,0,,0,0.00,8,0,0.00,22,0,0.00,9,0,3,0,98,0.00,99,0,0,0.00,10,4,57,5.00,93,0,0.00,99,0,0.00,0,0,0.00,0,1.25,77,2,2.50,79,1,1.25,50.00,0,0.00,0,0,0,0.00,0,3,0.00,0,3.75,96,N/A,N/A,N/A,N/A,0.00,0,0.00,0,0.00,0.00,0,60.00,0.00,22,11,0.33,1.25,1,84,66,0,0,0,0.00,0.00,0,29,19.58,0.33,1.25,1,0,0.00,0.00,99,0.00,0,0,0,0.00,0.00,0,0.00,0.00,0.00,0.00,0,0,0.00,56,0,0,56,0,0.07,47,0.02,0.09,0.00,9,0.00,0.00,99,3,1.00,3.75,0.00,0.00,6,0,0.00,9,19,41,81,0,46,80,0,0.00,99,2,0.00,2.50,16.25,4.33,13,9,99,95,11.25,3.00,69.23,2,2.50,3,0,25.00,0,0.00,99,1,0.33,1.25,89,0,66,16,0,0,0,0,0,41,56,74,68,0,99,1,15,15,0,0,16,7,0,0
Franco Pardo,29,860227200,1997/04/05,Primera División,2026,Defender,Racing Club,737,371,366,Argentina,14,5,9,0,0,0,0,0,0,0,0,7,2,5,5,2,3,3,0,0,0,0,0,0,0,0.61,147,53,246,0,0.37,485,486,35,20,0,6.14,0,63,49.22,30.00,91,420,23.50,329,64,38.55,88,0.00,0.00,0.00,0,0.00,0.00,0.94,0.57,8,0.00,0.00,0.00,0.00,0.00,0.50,0.14,0.43,0.00,0.35,0.14,0.14,0.00,0.07,0.02,0.00,1.57,0.00,0.00,0,0,,3,0.21,19,1,0.12,33,2,0.23,18,3,7,7,21,0.00,99,0,7,0.82,49,0,28,0.00,12,0,0.00,99,0,0.00,0,0,0.00,0,0.00,8,2,0.23,17,2,0.23,100.00,0,0.00,0,0,0,0.00,0,6,0.00,83,0.70,17,N/A,N/A,N/A,N/A,0.00,0,0.00,0,0.26,0.00,0,78.33,33.33,62,91,0.07,0.12,1,27,99,0,0,0,0.21,0.35,3,72,85.99,2.57,4.22,36,0,0.00,0.00,99,0.00,0,0,0,0.00,0.00,0,0.00,0.00,0.00,0.00,0,0,0.00,56,41,61,56,83,0.67,42,0.05,0.08,0.26,26,0.02,0.03,32,6,0.43,0.70,0.70,0.43,25,6,0.03,26,9,82,81,0,46,82,0,0.00,99,22,0.00,2.58,6.68,4.07,57,38,37,14,4.45,2.71,66.67,0,0.00,99,0,0.00,0,0.00,99,0,0.00,0.00,28,33,92,74,0,0,0,0,0,41,56,74,68,0,99,88,40,77,3,21,68,18,0,0
Franco Paredes,27,921744000,1999/03/18,Primera División,2026,Defender,Argentinos Juniors,0,0,0,Argentina,0,0,0,0,0,0,0,0,0,0,0,0,0,0,0,0,0,0,0,0,0,0,0,0,0,0,0,0,0,0,0,-1,-1,-1,-1,N/A,N/A,N/A,N/A,N/A,N/A,N/A,N/A,N/A,N/A,N/A,N/A,N/A,N/A,N/A,N/A,N/A,N/A,N/A,N/A,N/A,N/A,N/A,N/A,N/A,N/A,N/A,N/A,N/A,N/A,N/A,N/A,N/A,N/A,N/A,N/A,N/A,N/A,N/A,N/A,N/A,N/A,N/A,N/A,N/A,N/A,N/A,N/A,N/A,N/A,N/A,N/A,N/A,N/A,N/A,N/A,N/A,N/A,N/A,N/A,N/A,N/A,N/A,N/A,N/A,N/A,N/A,N/A,N/A,N/A,N/A,N/A,N/A,N/A,N/A,N/A,N/A,N/A,N/A,N/A,N/A,N/A,N/A,N/A,N/A,N/A,N/A,N/A,N/A,N/A,N/A,N/A,N/A,N/A,N/A,N/A,N/A,N/A,N/A,N/A,N/A,N/A,N/A,N/A,N/A,N/A,N/A,N/A,N/A,N/A,N/A,N/A,N/A,N/A,N/A,N/A,N/A,N/A,N/A,N/A,N/A,N/A,N/A,N/A,N/A,N/A,N/A,N/A,N/A,N/A,N/A,N/A,N/A,N/A,N/A,N/A,N/A,N/A,N/A,N/A,N/A,N/A,N/A,N/A,N/A,N/A,N/A,N/A,N/A,N/A,N/A,N/A,N/A,N/A,N/A,N/A,N/A,N/A,N/A,N/A,N/A,N/A,N/A,N/A,N/A,N/A,N/A,N/A,N/A,N/A,N/A,N/A,N/A,N/A,N/A,N/A,N/A,N/A,N/A,N/A,N/A,N/A,N/A,N/A,N/A,N/A,N/A,N/A,N/A,N/A,N/A,N/A,N/A,N/A,N/A,N/A,N/A,N/A,N/A,N/A,N/A,N/A,N/A,N/A,N/A,N/A,N/A,N/A,N/A,N/A,N/A,N/A,N/A,N/A,N/A,N/A,N/A,N/A,N/A,N/A,N/A,N/A,N/A,N/A
Franco Petroli,28,897548400,1998/06/11,Primera División,2026,Goalkeeper,Lanús,180,90,90,Argentina,2,1,1,0,0,0,0,0,0,0,0,1,1,0,1,0,1,0,0,0,0,0,0,0,0,0.5,180,90,0,0,0,-1,-1,-1,24,0,7.05,0,63,34.50,34.50,64,69,25.00,50,34,25.00,56,0.00,0.00,0.00,0,0.00,0.00,0.00,0.00,0,0.00,0.00,0.00,0.00,3.50,0.00,0.00,4.00,0.00,0.00,0.00,0.00,0.00,0.00,0.00,0.00,0.00,0.00,0.00,0,0,,0,0.00,8,0,0.00,22,0,0.00,9,0,0,2,5,0.00,99,0,0,0.00,10,0,28,0.00,12,0,0.00,99,0,0.00,0,0,0.00,0,0.00,8,0,0.00,9,0,0.00,0.00,0,0.00,0,7,97,3.50,81,8,0.00,91,4.00,97,N/A,N/A,N/A,N/A,87.50,0,0.00,0,0.00,0.00,0,72.46,0.00,22,99,0.00,0.00,0,12,12,0,0,3,0.00,0.00,0,29,14.10,0.00,0.00,0,0,0.00,0.00,99,0.00,0,0,0,0.00,0.00,0,0.00,0.00,0.00,0.00,0,0,0.00,56,0,0,56,91,0.09,11,0.04,0.04,0.00,9,0.00,0.00,2,0,0.00,0.00,0.00,0.00,6,0,0.00,9,89,1,81,0,46,1,0,0.00,99,0,0.00,0.00,0.00,0.00,0,0,0,0,0.00,0.00,0.00,0,0.00,99,0,0.00,0,0.00,99,0,0.00,0.00,28,0,30,16,0,0,0,0,0,41,56,74,68,0,99,88,15,15,0,0,16,1,0,0
Franco Ramón Torres,26,938242800,1999/09/25,Primera División,2026,Forward,Gimnasia La Plata,586,318,268,Argentina,16,8,8,2,1,1,0,0,0,0,0,5,3,2,8,3,5,4,0,0.31,0,0.31,0.28,0.34,293,1.23,73,37,147,0,0.61,58,496,-1,5,0,6.72,0,63,20.87,8.81,16,141,6.62,106,47,15.69,23,0.00,0.00,0.75,12,0.00,0.69,1.48,0.62,10,0.00,0.69,0.00,0.00,0.00,0.06,0.62,0.56,7.50,2.22,0.56,0.94,0.00,0.38,0.15,0.00,0.44,0.00,0.00,0,0,,15,0.94,85,6,0.89,87,9,1.33,82,1,11,5,46,0.00,99,0,1,0.15,15,11,64,1.63,59,0,0.00,99,0,0.00,0,0,0.00,0,1.78,93,15,2.22,74,10,1.48,66.67,0,0.00,0,0,0,0.00,0,9,0.00,20,1.33,74,N/A,N/A,N/A,N/A,0.00,0,0.00,0,2.42,0.00,0,75.18,40.00,74,9,0.56,1.33,9,89,87,0,0,0,0.00,0.00,0,29,107.48,0.38,0.89,6,0,0.00,0.00,99,0.00,0,0,0,0.00,0.00,0,0.00,0.00,0.74,0.31,5,0,13.33,80,26,88,67,20,0.64,47,0.04,0.09,2.42,93,0.15,0.36,67,9,0.56,1.33,1.33,0.56,64,9,0.36,91,42,31,81,0,95,43,0,0.00,99,7,0.00,1.04,11.10,4.69,75,32,45,66,4.74,2.00,42.67,11,1.63,13,0,27.27,0,0.00,99,3,0.19,0.44,62,18,99,41,0,0,0,0,0,81,90,92,85,0,99,47,20,95,4,25,79,26,0,0
Franco Saavedra,22,1062486000,2003/09/02,Primera División,2026,Defender,Gimnasia Mendoza,1030,515,515,Argentina,13,6,7,0,0,0,1,1,0,0,0,3,1,2,13,7,6,4,2,0.09,0.09,0,0,0,0,1.14,79,79,172,1030,0.52,400,156,174,9,0,6.57,0.08,74,32.42,28.54,56,371,19.46,253,23,22.11,48,0.00,0.00,0.92,12,0.00,2.46,1.83,1.62,21,0.00,0.69,0.00,0.00,0.00,1.08,1.00,1.00,0.00,0.87,0.69,1.92,0.00,0.08,0.04,0.00,0.69,0.00,0.00,0,0,,10,0.77,49,1,0.09,27,9,0.79,58,1,0,13,63,0.00,99,0,14,1.22,68,32,37,2.80,74,0,0.00,99,0,0.00,0,0,0.00,0,1.05,69,25,2.18,73,13,1.14,52.00,0,0.00,0,0,0,0.00,0,13,0.00,29,1.14,60,N/A,N/A,N/A,N/A,0.00,0,0.00,0,0.51,0.00,0,68.19,10.00,24,44,0.62,0.70,8,82,67,0,0,0,0.15,0.17,2,49,85.35,3.08,3.50,40,0,0.00,0.00,99,0.00,0,0,0,0.00,0.00,0,0.00,0.00,0.00,0.00,0,0,0.00,56,62,49,56,29,1.57,70,0.12,0.14,0.51,32,0.04,0.04,75,18,1.38,1.57,1.66,1.46,81,19,0.04,32,23,77,81,0,46,32,0,0.00,99,9,0.00,0.79,10.40,9.15,119,60,60,56,5.24,4.62,50.42,9,0.79,45,0,15.62,0,0.00,99,5,0.38,0.44,62,71,30,41,0,0,0,0,0,50,56,74,68,0,99,19,24,92,2,15,50,24,0,0
Franco Sebastián Cristaldo,29,840092400,1996/08/15,Primera División,2026,Midfielder,Talleres Córdoba,646,278,368,Argentina,9,4,5,0,0,0,2,1,1,0,0,4,2,2,3,1,2,1,0,0.28,0.28,0,0,0,0,0.42,215,72,646,323,0.14,291,35,-1,25,0,6.92,0.22,95,34.41,27.44,63,247,22.56,203,79,28.28,66,0.00,0.00,2.11,19,0.00,2.33,0.98,0.78,7,0.00,1.00,0.00,0.00,0.00,0.11,0.67,0.33,0.00,0.56,0.44,1.22,0.00,0.00,0.02,0.00,0.67,0.00,0.00,0,0,,4,0.44,32,0,0.00,22,4,0.56,45,6,0,9,23,0.00,99,0,1,0.14,15,21,83,2.93,76,0,0.00,99,0,0.00,0,0,0.00,0,2.65,98,11,1.53,61,6,0.84,54.55,0,0.00,0,0,0,0.00,0,3,0.00,95,0.42,2,N/A,N/A,N/A,N/A,0.00,0,0.00,0,0.17,0.00,0,82.19,0.00,22,44,0.56,0.70,5,68,70,0,0,0,0.22,0.28,2,65,62.26,0.78,0.98,7,0,0.00,0.00,99,0.00,0,0,0,0.00,0.00,0,0.00,0.00,0.00,0.00,0,0,0.00,56,32,17,56,95,2.29,97,0.25,0.32,0.17,20,0.02,0.02,71,10,1.11,1.39,1.11,0.89,50,8,0.02,20,77,34,81,0,46,34,0,0.00,99,6,0.00,0.84,8.64,6.89,62,29,25,34,4.04,3.22,46.77,9,1.25,24,0,38.10,0,0.00,99,8,0.89,1.11,86,48,30,96,0,0,0,0,0,78,56,74,68,0,99,78,86,31,1,11,37,18,0,0
Franco Vázquez,37,604137600,1989/02/22,Primera División,2026,Midfielder,Belgrano,1214,546,668,Argentina,19,9,10,2,0,2,3,2,1,0,0,10,5,5,9,4,5,4,0,0.37,0.22,0.15,0,0.27,607,0.67,135,64,304,405,0.3,137,60,-1,6,0,6.90,0.16,91,42.68,31.05,82,590,25.21,479,77,34.65,82,0.00,0.00,0.74,14,0.00,0.89,2.39,1.74,33,0.00,1.37,0.00,0.00,0.00,0.63,0.37,0.47,11.50,1.66,0.95,1.68,0.00,0.26,0.15,0.00,0.74,0.00,0.00,0,0,,23,1.21,72,5,0.36,59,18,1.30,81,6,6,13,82,0.00,99,0,12,0.87,50,17,39,1.23,53,0,0.00,99,0,0.00,0,0,0.00,0,1.01,67,32,2.32,76,7,0.51,21.88,0,0.00,0,0,0,0.00,0,9,0.00,77,0.65,14,N/A,N/A,N/A,N/A,0.00,0,0.00,0,2.79,0.00,0,81.19,21.74,36,26,0.68,0.94,13,51,18,0,0,0,0.26,0.36,5,73,131.18,0.37,0.51,7,0,0.00,0.00,99,0.00,0,0,0,0.00,0.00,0,0.00,0.00,0.29,0.21,4,0,8.70,69,76,99,82,77,3.28,92,0.17,0.24,2.79,74,0.15,0.20,93,33,1.74,2.39,1.16,0.84,53,16,0.20,73,72,14,81,0,79,42,0,0.00,99,14,0.00,1.01,12.81,9.32,177,87,83,82,6.29,4.58,49.15,26,1.88,8,0,17.65,0,0.00,99,3,0.16,0.22,49,71,88,96,0,0,0,0,0,85,76,88,68,0,99,91,51,65,4,21,68,20,0,0
Franco Watson,26,946713600,2000/01/01,Primera División,2026,Midfielder,Lanús,433,185,248,Argentina,10,4,6,0,0,0,0,0,0,0,0,5,3,2,6,2,4,1,0,0,0,0,0,0,0,1.25,72,43,433,0,0.21,527,525,-1,20,0,6.01,0,63,41.06,19.80,78,198,18.10,181,99,37.53,86,0.00,0.00,0.40,4,0.00,0.70,1.87,0.90,9,0.00,0.60,0.00,0.00,0.00,0.10,0.10,0.60,0.00,2.07,0.90,0.70,0.00,0.10,0.05,0.00,0.50,0.00,0.00,0,0,,10,1.00,81,1,0.21,45,9,1.87,95,1,4,6,65,0.00,99,0,1,0.21,18,7,87,1.45,57,0,0.00,99,0,0.00,0,0,0.00,0,0.83,59,7,1.45,59,1,0.21,14.29,0,0.00,0,0,0,0.00,0,6,0.00,19,1.24,68,N/A,N/A,N/A,N/A,0.00,0,0.00,0,0.52,0.00,0,91.41,10.00,24,33,0.40,0.83,4,25,14,0,0,0,0.20,0.41,2,77,60.10,0.20,0.41,2,0,0.00,0.00,99,0.00,0,0,0,0.00,0.00,0,0.00,0.00,0.21,0.10,1,0,0.00,56,8,23,56,19,0.50,54,0.05,0.10,0.52,55,0.05,0.11,89,10,1.00,2.07,1.04,0.50,46,5,0.11,54,7,11,81,0,73,43,0,0.00,99,5,0.00,1.04,10.16,4.90,49,25,58,55,5.18,2.50,51.02,6,1.24,24,0,42.86,0,0.00,99,3,0.30,0.62,71,27,75,41,0,0,0,0,0,41,56,74,68,0,99,88,70,47,1,10,34,8,0,0
Franco Zapiola,25,982569600,2001/02/19,Primera División,2026,Midfielder,Platense,1051,513,538,Argentina,16,8,8,2,1,1,0,0,0,0,0,6,2,4,12,6,6,3,0,0.17,0,0.17,0.18,0.17,526,1.03,88,66,350,0,0.26,124,431,-1,1,0,7.08,0,63,36.31,26.50,68,424,20.69,331,62,28.34,67,0.00,0.00,1.62,26,0.00,3.38,1.03,0.75,12,0.00,0.94,0.00,0.00,0.00,0.44,1.44,0.75,9.00,2.31,0.94,2.56,0.00,0.75,0.26,0.00,0.12,0.00,0.00,0,0,,27,1.69,88,12,1.03,91,15,1.28,80,1,3,13,25,0.00,99,0,7,0.60,36,54,69,4.62,90,0,0.00,99,0,0.00,0,0,0.00,0,2.23,97,41,3.51,89,23,1.97,56.10,0,0.00,0,0,0,0.00,0,12,0.00,38,1.03,52,N/A,N/A,N/A,N/A,0.00,0,0.00,0,4.23,0.00,0,78.07,44.44,80,38,0.56,0.77,9,94,73,0,0,0,0.06,0.09,1,34,113.30,0.06,0.09,1,0,0.00,0.00,99,0.00,0,0,0,0.00,0.00,0,0.00,0.00,0.26,0.19,3,0,11.11,76,64,88,77,39,1.99,80,0.12,0.17,4.23,93,0.26,0.36,81,21,1.31,1.80,0.86,0.62,35,10,0.36,91,91,2,81,0,78,5,0,0.00,99,2,0.00,0.17,10.36,7.56,121,58,51,56,4.97,3.62,47.93,15,1.28,23,0,29.63,0,0.00,99,16,1.00,1.37,93,71,66,41,0,0,0,0,0,65,80,81,77,0,99,65,58,58,3,19,60,10,0,0
Froilán Gabriel Díaz,20,1149145200,2006/06/01,Primera División,2026,Forward,Unión Santa Fe,99,67,32,Argentina,6,4,2,1,1,0,0,0,0,0,0,3,3,0,0,0,0,0,0,0.91,0,0.91,1.34,0,99,0,0,17,0,0,0,-1,-1,-1,10,0,5.74,0,63,25.20,4.00,32,28,2.57,18,14,16.20,26,0.00,0.00,0.29,2,0.00,0.00,0.90,0.14,1,0.00,0.14,0.00,0.00,0.00,0.00,0.29,0.14,6.00,5.40,0.71,0.43,0.00,0.14,0.14,0.00,0.29,0.00,0.00,0,0,,6,0.86,99,1,0.90,87,5,4.50,99,0,6,0,21,0.00,99,0,0,0.00,10,0,28,0.00,12,0,0.00,99,0,0.00,0,0,0.00,0,1.80,93,3,2.70,80,2,1.80,66.67,0,0.00,0,0,0,0.00,0,1,0.00,99,0.90,39,N/A,N/A,N/A,N/A,0.00,0,0.00,0,0.96,0.00,0,64.29,16.67,31,28,0.14,0.90,1,92,87,0,0,0,0.00,0.00,0,29,40.16,0.14,0.90,1,0,0.00,0.00,99,0.00,0,0,0,0.00,0.00,0,0.00,0.00,2.70,0.43,3,0,16.67,88,0,4,56,0,0.11,54,0.02,0.10,0.96,99,0.14,0.86,2,0,0.00,0.00,2.70,0.43,96,3,0.86,99,3,31,81,0,99,68,0,0.00,99,2,0.00,1.80,13.50,2.14,15,5,38,85,4.50,0.71,33.33,1,0.90,39,0,0.00,0,0.00,99,0,0.00,0.00,28,0,88,16,0,0,0,0,0,99,99,74,99,0,99,88,15,15,0,0,16,29,0,0
Gabriel Adolfo Risso Patrón,30,815558400,1995/11/05,Primera División,2026,Defender,Newell's Old Boys,285,195,90,Argentina,4,3,1,0,0,0,0,0,0,0,0,0,0,0,6,3,3,0,0,0,0,0,0,0,0,1.89,48,71,0,0,0,280,265,236,17,0,6.31,0,63,22.11,17.50,21,70,13.25,53,50,16.74,28,0.00,0.00,0.25,1,0.00,1.00,0.95,0.75,3,0.00,0.25,0.00,0.00,0.00,0.75,0.25,1.50,0.00,0.00,0.00,0.25,0.00,0.00,0.00,0.00,0.50,0.00,0.00,0,0,,0,0.00,8,0,0.00,22,0,0.00,9,1,1,3,22,0.00,99,0,3,0.95,54,4,28,1.26,54,0,0.00,99,0,0.00,0,0,0.00,0,0.32,27,1,0.32,21,1,0.32,100.00,0,0.00,0,0,0,0.00,0,6,0.00,2,1.89,92,N/A,N/A,N/A,N/A,0.00,0,0.00,0,0.00,0.00,0,75.71,0.00,22,77,0.25,0.32,1,36,99,0,0,0,0.00,0.00,0,29,25.26,1.50,1.89,6,0,0.00,0.00,99,0.00,0,0,0,0.00,0.00,0,0.00,0.00,0.00,0.00,0,0,0.00,56,0,0,56,2,0.18,26,0.04,0.06,0.00,9,0.00,0.00,30,2,0.50,0.63,0.32,0.25,9,1,0.00,9,13,58,81,0,46,26,0,0.00,99,2,0.00,0.63,5.05,4.00,16,8,8,9,2.53,2.00,50.00,1,0.32,71,0,0.00,0,0.00,99,0,0.00,0.00,28,3,44,41,0,0,0,0,0,41,56,74,68,0,99,1,15,15,0,0,16,24,0,0
Gabriel Alanís,32,763804800,1994/03/16,Primera División,2026,Midfielder,Estudiantes Río Cuarto,913,422,491,Argentina,15,8,7,1,1,0,0,0,0,0,0,3,2,1,13,6,7,1,1,0.1,0,0.1,0.21,0,913,1.28,70,61,457,0,0.2,188,303,-1,2,0,6.66,0,63,22.38,15.13,22,227,11.27,169,43,16.66,28,0.00,0.00,0.53,8,0.00,1.67,1.18,0.80,12,0.00,0.93,0.00,0.00,0.00,0.47,0.60,1.00,19.00,1.87,1.07,1.47,0.00,0.20,0.12,0.00,1.07,0.00,0.00,0,0,,19,1.27,76,3,0.30,54,16,1.58,89,6,4,11,32,0.00,99,0,7,0.69,43,25,33,2.46,69,0,0.00,99,0,0.00,0,0,0.00,0,0.79,56,22,2.17,73,9,0.89,40.91,0,0.00,0,0,0,0.00,0,15,0.00,17,1.48,83,N/A,N/A,N/A,N/A,0.00,0,0.00,0,1.82,0.00,0,74.45,15.79,28,71,0.27,0.39,4,71,45,0,0,0,0.13,0.20,2,55,99.96,0.53,0.79,8,0,0.00,0.00,99,0.00,0,0,2,0.13,0.20,0,0.00,0.00,0.30,0.20,3,0,5.26,60,54,73,92,17,0.75,36,0.05,0.07,1.82,70,0.12,0.18,50,10,0.67,0.99,0.79,0.53,30,8,0.18,69,34,25,97,0,79,63,0,0.00,99,16,0.00,1.58,10.35,7.00,105,47,42,56,4.63,3.13,44.76,14,1.38,21,0,12.00,0,0.00,99,3,0.20,0.30,55,59,75,96,0,0,0,0,0,51,66,74,79,0,99,15,74,45,0,0,16,17,0,0
Gabriel Arias,38,558514800,1987/09/13,Primera División,2026,Goalkeeper,Newell's Old Boys,613,253,360,Argentina,7,3,4,0,0,0,0,0,0,0,0,0,0,0,13,5,8,1,0,0,0,0,0,0,0,1.91,47,88,613,0,0.15,540,540,237,25,0,6.60,0,63,20.26,19.71,12,138,8.14,57,1,8.37,1,0.00,0.00,0.14,1,0.00,0.00,0.15,0.14,1,0.00,0.00,0.00,0.00,2.86,0.00,0.00,4.71,0.00,0.00,0.00,0.00,0.00,0.00,0.00,0.00,0.29,0.00,0.00,0,0,,0,0.00,8,0,0.00,22,0,0.00,9,1,0,7,7,0.00,99,0,0,0.00,10,0,28,0.00,12,0,0.00,99,0,0.00,0,0,0.00,0,0.15,15,0,0.00,9,0,0.00,0.00,0,0.00,0,20,6,2.94,64,33,0.00,2,4.85,99,N/A,N/A,N/A,N/A,60.61,0,0.00,0,0.00,0.00,0,41.30,0.00,22,99,0.00,0.00,0,12,12,0,0,13,0.00,0.00,0,29,46.18,1.29,1.32,9,0,0.00,0.00,99,0.00,0,0,0,0.00,0.00,6,0.86,0.88,0.00,0.00,0,0,0.00,56,29,6,56,2,0.15,2,0.02,0.02,0.00,9,0.00,0.00,2,0,0.00,0.00,0.00,0.00,6,0,0.00,9,26,43,81,89,46,10,0,0.00,99,2,0.00,0.29,0.44,0.43,3,3,3,2,0.44,0.43,100.00,0,0.00,99,0,0.00,0,0.00,99,0,0.00,0.00,28,33,30,41,0,0,0,0,0,41,56,74,68,0,99,1,84,33,1,14,47,21,0,0
Gabriel Ávalos,35,655714800,1990/10/12,Primera División,2026,Forward,Independiente,1510,704,806,Paraguay,17,8,9,10,7,3,5,3,2,0,0,4,3,1,22,9,13,2,0,0.89,0.3,0.6,0.89,0.33,151,1.31,69,89,755,302,0.12,6,31,-1,1,0,7.38,0.29,96,20.32,20.06,12,341,10.82,184,3,10.97,7,0.00,0.00,1.47,25,0.00,0.29,0.54,0.53,9,0.00,0.82,0.00,0.00,0.00,0.12,0.18,1.35,4.40,2.62,1.88,0.53,0.00,0.71,0.53,0.00,5.35,0.00,0.00,0,0,,44,2.59,93,12,0.72,81,32,1.91,96,5,0,17,12,0.00,99,0,2,0.12,14,5,28,0.30,29,0,0.00,99,0,0.00,0,0,0.00,0,1.49,85,9,0.54,27,3,0.18,33.33,0,0.00,0,0,0,0.00,0,23,0.00,15,1.37,77,N/A,N/A,N/A,N/A,0.00,0,0.00,0,8.99,0.00,0,53.96,27.27,47,91,0.12,0.12,2,22,32,2,0,0,0.06,0.06,1,30,125.52,0.65,0.66,11,0,0.00,0.00,99,0.00,0,2,1,0.06,0.06,0,0.00,0.00,0.54,0.53,9,1,22.73,93,95,94,57,16,4.30,93,0.25,0.26,7.59,97,0.45,0.45,60,19,1.12,1.13,1.49,1.47,73,25,0.54,98,99,20,82,0,92,99,0,0.00,99,91,0.00,5.42,13.53,13.35,227,122,92,86,7.27,7.18,53.74,14,0.83,42,0,0.00,0,0.00,99,0,0.00,0.00,28,95,30,92,0,0,0,0,0,99,99,91,99,0,99,21,90,27,2,12,41,9,0,0
Gabriel Báez,30,806310000,1995/07/21,Primera División,2026,Defender,Talleres Córdoba,489,309,180,Argentina,6,4,2,0,0,0,0,0,0,0,0,0,0,0,6,4,2,1,0,0,0,0,0,0,0,1.1,82,82,489,0,0.18,549,550,162,20,0,6.62,0,63,43.07,39.00,82,234,30.50,183,63,33.68,81,0.00,0.00,1.33,8,0.00,3.33,2.02,1.83,11,0.00,0.33,0.00,0.00,0.00,0.50,0.83,1.33,0.00,0.18,0.17,1.50,0.00,0.00,0.01,0.00,1.33,0.00,0.00,0,0,,1,0.17,10,0,0.00,22,1,0.18,15,2,0,6,70,0.00,99,0,3,0.55,33,20,88,3.68,83,0,0.00,99,0,0.00,0,0,0.00,0,1.47,84,9,1.66,64,5,0.92,55.56,0,0.00,0,0,0,0.00,0,8,0.00,34,1.47,82,N/A,N/A,N/A,N/A,0.00,0,0.00,0,0.05,0.00,0,78.21,0.00,22,40,0.67,0.74,4,72,73,0,0,0,0.00,0.00,0,29,39.75,2.17,2.39,13,1,0.00,0.18,1,0.17,0,0,0,0.00,0.00,0,0.00,0.00,0.00,0.00,0,0,0.00,56,15,4,56,34,0.77,70,0.13,0.14,0.05,13,0.01,0.01,16,2,0.33,0.37,1.29,1.17,61,7,0.01,13,29,66,81,0,46,60,0,0.00,99,8,0.00,1.47,8.47,7.67,46,25,42,31,4.60,4.17,54.35,2,0.37,69,0,45.00,0,0.00,99,9,1.50,1.66,96,27,30,57,0,0,0,0,0,41,56,74,68,0,99,1,77,39,1,17,53,23,0,0
Gabriel Carlos Compagnucci,34,683449200,1991/08/29,Primera División,2026,Midfielder,Atlético Tucumán,369,143,226,Argentina,10,5,5,0,0,0,1,1,0,0,0,4,3,1,6,1,5,1,0,0.24,0.24,0,0,0,0,1.46,62,37,369,369,0.24,472,53,-1,20,0,6.61,0.1,93,34.63,14.20,64,142,10.50,105,40,25.61,58,0.00,0.00,0.80,8,0.00,2.60,0.49,0.20,2,0.00,0.20,0.00,0.00,0.00,0.30,0.40,0.70,0.00,2.20,0.90,0.80,0.00,0.00,0.04,0.00,0.60,0.00,0.00,0,0,,9,0.90,84,0,0.00,22,9,2.20,98,1,6,4,11,0.00,99,0,3,0.73,44,26,51,6.34,97,0,0.00,99,0,0.00,0,0,0.00,0,1.95,94,8,1.95,68,4,0.98,50.00,0,0.00,0,0,0,0.00,0,7,0.00,8,1.71,90,N/A,N/A,N/A,N/A,0.00,0,0.00,0,0.42,0.00,0,73.94,0.00,22,41,0.30,0.73,3,75,66,0,0,0,0.20,0.49,2,81,66.11,0.10,0.24,1,0,0.00,0.00,99,0.00,0,0,0,0.00,0.00,0,0.00,0.00,0.49,0.20,2,0,0.00,56,2,23,56,8,1.12,94,0.11,0.27,0.42,54,0.04,0.10,49,4,0.40,0.98,0.49,0.20,14,2,0.10,53,27,7,81,0,91,60,0,0.00,99,6,0.00,1.46,6.83,2.80,28,16,22,16,3.90,1.60,57.14,2,0.49,63,0,23.08,0,0.00,99,6,0.60,1.46,94,8,88,41,0,0,0,0,0,75,56,74,68,0,99,69,62,54,1,10,34,28,0,0
Gabriel Díaz,26,956127600,2000/04/19,Primera División,2026,Defender,Sarmiento,257,188,69,Argentina,6,4,2,0,0,0,0,0,0,0,0,3,3,0,1,1,0,2,1,0,0,0,0,0,0,0.35,257,43,129,0,0.7,-1,-1,-1,11,0,6.33,0,63,21.01,10.00,16,60,8.33,50,84,17.51,31,0.00,0.00,0.17,1,0.00,0.83,1.05,0.50,3,0.00,0.00,0.00,0.00,0.00,0.33,0.17,0.33,0.00,0.35,0.00,0.33,0.00,0.17,0.02,0.00,0.17,0.00,0.00,0,0,,1,0.17,19,1,0.35,58,0,0.00,9,2,3,3,25,0.00,99,0,2,0.70,43,5,45,1.75,60,0,0.00,99,0,0.00,0,0,0.00,0,0.35,28,2,0.70,35,1,0.35,50.00,0,0.00,0,0,0,0.00,0,2,0.00,98,0.70,17,N/A,N/A,N/A,N/A,0.00,0,0.00,0,0.12,0.00,0,83.33,100.00,99,44,0.33,0.70,2,38,66,0,0,0,0.50,1.05,3,99,37.99,1.83,3.85,11,0,0.00,0.00,99,0.00,0,0,0,0.00,0.00,0,0.00,0.00,0.00,0.00,0,0,0.00,56,0,4,56,98,0.12,11,0.02,0.04,0.12,32,0.02,0.04,2,0,0.00,0.00,3.15,1.50,99,9,0.04,32,13,79,81,0,46,12,0,0.00,99,1,0.00,0.35,8.05,3.83,23,5,8,27,1.75,0.83,21.74,0,0.00,99,0,20.00,0,0.00,99,1,0.17,0.35,58,3,66,57,0,0,0,0,0,41,56,74,68,0,99,88,17,98,1,17,53,33,0,0
Gabriel Hernán Rojas,29,866962800,1997/06/22,Primera División,2026,Defender,Racing Club,1260,450,810,Argentina,14,5,9,1,0,1,4,2,2,0,0,7,2,5,11,4,7,3,0,0.36,0.29,0.07,0,0.11,1260,0.79,115,90,420,315,0.21,211,32,88,9,0,7.23,0.29,95,33.49,34.29,60,480,25.93,363,49,25.33,57,0.00,0.00,2.00,28,0.00,8.64,1.47,1.50,21,0.00,0.57,0.00,0.00,0.00,1.21,0.86,0.86,7.00,0.49,0.29,1.79,0.00,0.21,0.08,0.00,1.14,0.00,0.00,0,0,,7,0.50,28,3,0.21,45,4,0.28,22,0,0,14,45,0.00,99,0,17,1.19,66,121,58,8.44,99,0,0.00,99,0,0.00,0,0,0.00,0,1.95,94,25,1.74,65,12,0.84,48.00,0,0.00,0,0,0,0.00,0,12,0.00,63,0.84,32,N/A,N/A,N/A,N/A,0.00,0,0.00,0,1.15,0.00,0,75.62,42.86,77,79,0.29,0.28,4,68,57,0,0,0,0.29,0.28,4,65,101.22,2.36,2.30,33,0,0.00,0.00,99,0.00,0,0,0,0.00,0.00,0,0.00,0.00,0.14,0.14,2,0,14.29,83,80,61,96,63,4.73,98,0.34,0.33,1.15,48,0.08,0.08,45,13,0.93,0.91,0.91,0.93,38,13,0.08,48,97,64,81,0,64,48,0,0.00,99,16,0.00,1.12,7.74,7.93,111,61,33,23,4.26,4.36,54.95,8,0.56,58,0,25.62,0,0.00,99,31,2.21,2.16,98,78,30,16,0,0,0,0,0,84,61,75,68,0,99,88,69,47,3,21,68,27,0,0
Gabriel Nazareno Obredor,29,852537600,1997/01/06,Primera División,2026,Forward,Deportivo Riestra,531,259,272,Argentina,16,8,8,0,0,0,0,0,0,0,0,6,4,2,3,1,2,2,0,0,0,0,0,0,0,0.51,177,33,266,0,0.34,328,318,-1,14,0,6.58,0,63,18.81,6.94,8,111,3.88,62,5,10.51,5,0.00,0.00,0.50,8,0.00,1.38,2.54,0.94,15,0.00,0.62,0.00,0.00,0.00,0.19,0.38,0.31,0.00,1.86,0.50,1.06,0.00,0.19,0.04,0.00,2.25,0.00,0.00,0,0,,11,0.69,76,3,0.51,70,8,1.36,83,2,14,2,85,0.00,99,0,3,0.51,31,22,64,3.73,83,0,0.00,99,0,0.00,0,0,0.00,0,1.36,79,17,2.88,83,6,1.02,35.29,0,0.00,0,0,0,0.00,0,5,0.00,91,0.85,32,N/A,N/A,N/A,N/A,0.00,0,0.00,0,0.68,0.00,0,55.86,27.27,47,59,0.19,0.51,3,77,34,0,0,0,0.12,0.34,2,71,105.32,0.56,1.53,9,0,0.00,0.00,99,0.00,0,0,0,0.00,0.00,0,0.00,0.00,1.36,0.50,8,0,0.00,56,20,88,56,91,0.45,42,0.03,0.08,0.68,58,0.04,0.12,69,8,0.50,1.36,2.88,1.06,97,17,0.12,57,24,50,81,0,99,99,0,0.00,99,36,0.00,6.10,24.07,8.88,142,65,99,99,11.02,4.06,45.77,10,1.69,11,0,27.27,0,0.00,99,6,0.38,1.02,84,0,99,57,0,0,0,0,0,41,56,74,68,0,99,65,44,72,2,12,41,40,0,0
Gabriel Neves Perdomo,28,871282800,1997/08/11,Primera División,2026,Midfielder,Estudiantes,492,256,236,Uruguay,12,6,6,0,0,0,0,0,0,0,0,5,2,3,2,1,1,0,0,0,0,0,0,0,0,0.37,246,41,0,0,0,514,510,-1,17,0,5.73,0,63,65.17,29.75,99,357,24.00,288,75,52.58,98,0.00,0.00,1.00,12,0.00,0.75,3.10,1.42,17,0.00,0.17,0.00,0.00,0.00,0.58,0.00,0.17,0.00,0.73,0.25,0.08,0.00,0.08,0.02,0.00,0.42,0.00,0.00,0,0,,4,0.33,41,1,0.18,40,3,0.55,44,8,6,6,95,0.00,99,0,7,1.28,71,9,97,1.64,59,0,0.00,99,0,0.00,0,0,0.00,0,2.19,96,1,0.18,15,0,0.00,0.00,0,0.00,0,0,0,0.00,0,2,0.00,98,0.37,1,N/A,N/A,N/A,N/A,0.00,0,0.00,0,0.26,0.00,0,80.67,25.00,45,1,0.92,2.01,11,12,12,0,0,0,0.08,0.18,1,50,68.72,1.33,2.92,16,0,0.00,0.00,99,0.00,0,0,0,0.00,0.00,0,0.00,0.00,0.00,0.00,0,0,0.00,56,15,39,56,98,1.20,88,0.10,0.22,0.26,36,0.02,0.05,5,1,0.08,0.18,0.37,0.17,9,2,0.05,36,3,73,81,0,46,37,0,0.00,99,5,0.00,0.91,7.12,3.25,39,23,30,18,4.20,1.92,58.97,2,0.37,69,0,77.78,0,0.00,99,7,0.58,1.28,90,27,88,99,0,0,0,0,0,41,56,74,68,0,99,73,15,15,0,0,16,8,0,0
Gabriel Nicolás Benegas,30,825667200,1996/03/01,Primera División,2026,Forward,Deportivo Riestra,441,249,192,Argentina,11,5,6,1,1,0,0,0,0,0,0,4,3,1,1,1,0,5,0,0.2,0,0.2,0.36,0,441,0.2,441,40,88,0,1.02,99,221,-1,2,0,6.71,0,63,24.90,11.09,30,122,4.82,53,1,10.82,6,0.00,0.00,0.64,7,0.00,0.18,1.63,0.73,8,0.00,1.09,0.00,0.00,0.00,0.09,0.36,0.27,16.00,3.27,0.82,1.18,0.00,0.64,0.18,0.00,1.55,0.00,0.00,0,0,,16,1.45,98,7,1.43,98,9,1.84,95,4,7,4,53,0.00,99,0,1,0.20,17,2,28,0.41,35,0,0.00,99,0,0.00,0,0,0.00,0,1.43,83,13,2.65,80,4,0.82,30.77,0,0.00,0,0,0,0.00,0,3,0.00,99,0.61,11,N/A,N/A,N/A,N/A,0.00,0,0.00,0,1.98,0.00,0,43.44,43.75,78,84,0.09,0.20,1,66,26,0,0,0,0.27,0.61,3,87,73.79,0.73,1.63,8,0,0.00,0.00,99,0.00,0,0,0,0.00,0.00,0,0.00,0.00,0.61,0.27,3,1,6.25,62,9,31,73,99,0.33,36,0.03,0.07,1.98,95,0.18,0.40,73,7,0.64,1.43,4.08,1.82,99,20,0.40,93,41,53,81,0,93,94,0,0.00,99,17,0.00,3.47,21.63,9.64,106,34,90,99,6.94,3.09,32.08,12,2.45,3,0,0.00,0,0.00,99,0,0.00,0.00,28,8,92,84,0,0,0,0,0,69,83,74,89,0,99,59,15,99,5,45,97,8,0,0
Galo Volpe,22,1084518000,2004/05/14,Primera División,2026,Midfielder,Racing Club,0,0,0,Argentina,0,0,0,0,0,0,0,0,0,0,0,0,0,0,0,0,0,0,0,0,0,0,0,0,0,0,0,0,0,0,0,-1,-1,-1,-1,N/A,N/A,N/A,N/A,N/A,N/A,N/A,N/A,N/A,N/A,N/A,N/A,N/A,N/A,N/A,N/A,N/A,N/A,N/A,N/A,N/A,N/A,N/A,N/A,N/A,N/A,N/A,N/A,N/A,N/A,N/A,N/A,N/A,N/A,N/A,N/A,N/A,N/A,N/A,N/A,N/A,N/A,N/A,N/A,N/A,N/A,N/A,N/A,N/A,N/A,N/A,N/A,N/A,N/A,N/A,N/A,N/A,N/A,N/A,N/A,N/A,N/A,N/A,N/A,N/A,N/A,N/A,N/A,N/A,N/A,N/A,N/A,N/A,N/A,N/A,N/A,N/A,N/A,N/A,N/A,N/A,N/A,N/A,N/A,N/A,N/A,N/A,N/A,N/A,N/A,N/A,N/A,N/A,N/A,N/A,N/A,N/A,N/A,N/A,N/A,N/A,N/A,N/A,N/A,N/A,N/A,N/A,N/A,N/A,N/A,N/A,N/A,N/A,N/A,N/A,N/A,N/A,N/A,N/A,N/A,N/A,N/A,N/A,N/A,N/A,N/A,N/A,N/A,N/A,N/A,N/A,N/A,N/A,N/A,N/A,N/A,N/A,N/A,N/A,N/A,N/A,N/A,N/A,N/A,N/A,N/A,N/A,N/A,N/A,N/A,N/A,N/A,N/A,N/A,N/A,N/A,N/A,N/A,N/A,N/A,N/A,N/A,N/A,N/A,N/A,N/A,N/A,N/A,N/A,N/A,N/A,N/A,N/A,N/A,N/A,N/A,N/A,N/A,N/A,N/A,N/A,N/A,N/A,N/A,N/A,N/A,N/A,N/A,N/A,N/A,N/A,N/A,N/A,N/A,N/A,N/A,N/A,N/A,N/A,N/A,N/A,N/A,N/A,N/A,N/A,N/A,N/A,N/A,N/A,N/A,N/A,N/A,N/A,N/A,N/A,N/A,N/A,N/A,N/A,N/A,N/A,N/A,N/A,N/A
Gaspar De Jesús Duarte,23,1041840000,2003/01/06,Primera División,2026,Forward,Rosario Central,414,188,226,Colombia,11,4,7,0,0,0,0,0,0,0,0,3,1,2,4,3,1,1,0,0,0,0,0,0,0,0.87,104,38,414,0,0.22,488,206,-1,23,0,6.54,0,63,20.87,8.73,16,96,6.91,76,67,16.52,27,0.00,0.00,0.45,5,0.00,1.45,1.30,0.55,6,0.00,0.91,0.00,0.00,0.00,0.18,0.55,0.36,0.00,2.17,0.73,1.73,0.00,0.18,0.07,0.00,0.18,0.00,0.00,0,0,,10,0.91,84,2,0.43,65,8,1.74,93,3,6,5,37,0.00,99,0,2,0.43,27,16,29,3.48,80,0,0.00,99,0,0.00,0,0,0.00,0,1.09,70,19,4.13,94,6,1.30,31.58,0,0.00,0,0,0,0.00,0,4,0.00,54,0.87,37,N/A,N/A,N/A,N/A,0.00,0,0.00,0,0.75,0.00,0,79.17,20.00,35,99,0.00,0.00,0,85,27,0,0,0,0.00,0.00,0,29,71.89,0.27,0.65,3,0,0.00,0.00,99,0.00,0,0,0,0.00,0.00,0,0.00,0.00,0.00,0.00,0,0,0.00,56,6,31,56,55,0.41,47,0.04,0.09,0.75,68,0.07,0.16,97,13,1.18,2.83,1.09,0.45,50,5,0.16,66,20,20,81,0,46,17,0,0.00,99,2,0.00,0.43,13.04,5.45,60,27,74,84,5.87,2.45,45.00,10,2.17,5,0,6.25,0,0.00,99,1,0.09,0.22,49,18,88,74,0,0,0,0,0,41,56,74,68,0,99,33,68,50,1,9,32,27,0,0
Gastón Alan Hernández,28,885196800,1998/01/19,Primera División,2026,Defender,San Lorenzo,799,360,439,Argentina,9,4,5,0,0,0,0,0,0,0,0,5,2,3,6,4,2,2,0,0,0,0,0,0,0,0.68,133,89,400,0,0.23,386,378,63,22,0,7.21,0,63,39.42,38.89,75,350,32.11,289,82,32.55,79,0.00,0.00,0.00,0,0.00,0.11,2.93,2.89,26,0.00,0.22,0.00,0.00,0.00,2.00,0.33,0.67,0.00,0.23,0.22,0.56,0.00,0.00,0.01,0.00,3.44,0.00,0.00,0,0,,2,0.22,13,0,0.00,22,2,0.23,18,1,0,9,93,0.00,99,0,18,2.03,96,1,28,0.11,19,0,0.00,99,0,0.00,0,0,0.00,0,0.00,8,5,0.56,28,3,0.34,60.00,0,0.00,0,0,0,0.00,0,6,0.00,74,0.68,16,N/A,N/A,N/A,N/A,0.00,0,0.00,0,0.09,0.00,0,82.57,0.00,22,66,0.44,0.45,4,37,79,0,0,0,0.78,0.79,7,94,64.91,8.22,8.34,74,0,0.00,0.00,99,0.00,0,0,1,0.11,0.11,0,0.00,0.00,0.00,0.00,0,0,0.00,56,45,17,56,74,0.60,36,0.07,0.07,0.09,13,0.01,0.01,60,10,1.11,1.13,0.90,0.89,37,8,0.01,13,96,98,91,0,46,94,0,0.00,99,31,0.00,3.49,11.71,11.56,104,70,96,73,7.88,7.78,67.31,2,0.23,77,0,0.00,0,0.00,99,0,0.00,0.00,28,48,30,41,0,0,0,0,0,41,56,74,68,0,99,96,66,52,2,22,71,23,0,0
Gastón Alejo Bouhier,17,1225958400,2008/11/06,Primera División,2026,Forward,Argentinos Juniors,0,0,0,Argentina,0,0,0,0,0,0,0,0,0,0,0,0,0,0,0,0,0,0,0,0,0,0,0,0,0,0,0,0,0,0,0,-1,-1,-1,-1,N/A,N/A,N/A,N/A,N/A,N/A,N/A,N/A,N/A,N/A,N/A,N/A,N/A,N/A,N/A,N/A,N/A,N/A,N/A,N/A,N/A,N/A,N/A,N/A,N/A,N/A,N/A,N/A,N/A,N/A,N/A,N/A,N/A,N/A,N/A,N/A,N/A,N/A,N/A,N/A,N/A,N/A,N/A,N/A,N/A,N/A,N/A,N/A,N/A,N/A,N/A,N/A,N/A,N/A,N/A,N/A,N/A,N/A,N/A,N/A,N/A,N/A,N/A,N/A,N/A,N/A,N/A,N/A,N/A,N/A,N/A,N/A,N/A,N/A,N/A,N/A,N/A,N/A,N/A,N/A,N/A,N/A,N/A,N/A,N/A,N/A,N/A,N/A,N/A,N/A,N/A,N/A,N/A,N/A,N/A,N/A,N/A,N/A,N/A,N/A,N/A,N/A,N/A,N/A,N/A,N/A,N/A,N/A,N/A,N/A,N/A,N/A,N/A,N/A,N/A,N/A,N/A,N/A,N/A,N/A,N/A,N/A,N/A,N/A,N/A,N/A,N/A,N/A,N/A,N/A,N/A,N/A,N/A,N/A,N/A,N/A,N/A,N/A,N/A,N/A,N/A,N/A,N/A,N/A,N/A,N/A,N/A,N/A,N/A,N/A,N/A,N/A,N/A,N/A,N/A,N/A,N/A,N/A,N/A,N/A,N/A,N/A,N/A,N/A,N/A,N/A,N/A,N/A,N/A,N/A,N/A,N/A,N/A,N/A,N/A,N/A,N/A,N/A,N/A,N/A,N/A,N/A,N/A,N/A,N/A,N/A,N/A,N/A,N/A,N/A,N/A,N/A,N/A,N/A,N/A,N/A,N/A,N/A,N/A,N/A,N/A,N/A,N/A,N/A,N/A,N/A,N/A,N/A,N/A,N/A,N/A,N/A,N/A,N/A,N/A,N/A,N/A,N/A,N/A,N/A,N/A,N/A,N/A,N/A
Gastón Andrés Lodico,28,896338800,1998/05/28,Primera División,2026,Midfielder,Instituto,1107,552,555,Argentina,14,7,7,0,0,0,1,0,1,0,0,4,2,2,11,6,5,1,0,0.08,0.08,0,0,0,0,0.89,101,79,1107,1107,0.08,303,164,-1,14,0,7.32,0.07,71,52.85,46.43,94,650,38.93,545,86,44.31,93,0.00,0.00,2.93,41,0.00,6.29,1.30,1.14,16,0.00,0.50,0.00,0.00,0.00,0.71,0.64,0.79,0.00,0.89,0.50,0.93,0.00,0.29,0.07,0.00,0.14,0.00,0.00,0,0,,11,0.79,50,4,0.33,57,7,0.57,46,5,0,14,37,0.00,99,0,10,0.81,48,88,84,7.15,98,0,0.00,99,0,0.00,0,0,0.00,0,3.33,99,13,1.06,45,9,0.73,69.23,0,0.00,0,0,0,0.00,0,11,0.00,52,0.89,38,N/A,N/A,N/A,N/A,0.00,0,0.00,0,0.91,0.00,0,83.85,36.36,66,18,0.93,1.06,13,62,87,0,0,0,0.14,0.16,2,47,102.42,0.79,0.89,11,0,0.00,0.00,99,0.00,0,0,0,0.00,0.00,0,0.00,0.00,0.00,0.00,0,0,0.00,56,67,61,56,52,4.10,98,0.29,0.33,0.91,44,0.07,0.07,65,16,1.14,1.30,0.49,0.43,14,6,0.07,44,98,31,81,0,46,4,0,0.00,99,2,0.00,0.16,6.02,5.29,74,43,16,11,3.50,3.07,58.11,7,0.57,57,0,39.77,0,0.00,99,35,2.50,2.85,99,78,30,92,0,0,0,0,0,48,56,74,68,0,99,39,95,21,1,7,25,19,0,0
Gastón Arturia,26,941180400,1999/10/29,Primera División,2026,Defender,Sarmiento,417,222,195,Argentina,6,3,3,0,0,0,0,0,0,0,0,2,2,0,4,1,3,1,0,0,0,0,0,0,0,0.86,104,70,417,0,0.22,337,328,105,23,0,6.55,0,63,29.35,22.67,45,136,17.33,104,55,22.45,49,0.00,0.00,0.17,1,0.00,0.00,1.51,1.17,7,0.00,0.50,0.00,0.00,0.00,0.83,0.00,0.83,0.00,0.86,0.50,0.00,0.00,0.17,0.05,0.00,2.50,0.00,0.00,0,0,,4,0.67,48,1,0.22,46,3,0.65,52,3,1,5,48,0.00,99,0,5,1.08,62,0,28,0.00,12,0,0.00,99,0,0.00,0,0,0.00,0,0.22,21,0,0.00,9,0,0.00,0.00,0,0.00,0,0,0,0.00,0,5,0.00,55,1.08,56,N/A,N/A,N/A,N/A,0.00,0,0.00,0,0.30,0.00,0,76.47,25.00,45,99,0.00,0.00,0,12,12,0,0,0,0.33,0.43,2,78,39.32,4.00,5.18,24,0,0.00,0.00,99,0.00,0,0,0,0.00,0.00,0,0.00,0.00,0.00,0.00,0,1,0.00,56,7,4,56,55,0.26,26,0.04,0.06,0.30,42,0.05,0.06,19,2,0.33,0.43,2.16,1.67,92,10,0.06,42,21,86,81,0,46,91,0,0.00,99,15,0.00,3.24,10.14,7.83,47,22,45,54,4.75,3.67,46.81,3,0.65,52,0,0.00,0,0.00,99,0,0.00,0.00,28,18,44,74,0,0,0,0,0,41,56,74,68,0,99,54,68,50,1,17,53,6,0,0
Gastón Ávila,24,1001833200,2001/09/30,Primera División,2026,Defender,Rosario Central,998,540,458,Argentina,13,6,7,2,1,1,1,0,1,0,0,3,1,2,10,5,5,2,0,0.27,0.09,0.18,0.17,0.2,499,0.9,100,77,499,998,0.18,112,148,118,4,0,6.96,0.08,74,52.70,46.31,94,602,39.08,508,89,44.47,93,0.00,0.00,0.15,2,0.00,0.46,1.84,1.62,21,0.00,0.15,0.00,0.00,0.00,1.08,0.15,0.92,3.00,0.53,0.23,0.15,0.00,0.23,0.13,0.00,1.69,0.00,0.00,0,0,,6,0.46,30,3,0.26,51,3,0.26,20,2,2,11,64,0.00,99,0,14,1.23,69,6,95,0.53,39,0,0.00,99,0,0.00,0,0,0.00,0,0.18,18,2,0.18,15,2,0.18,100.00,0,0.00,0,0,0,0.00,0,12,0.00,50,1.05,53,N/A,N/A,N/A,N/A,0.00,0,0.00,0,1.73,0.00,0,84.39,50.00,91,44,0.62,0.70,8,22,99,0,0,0,0.31,0.35,4,72,90.42,4.15,4.73,54,1,0.00,0.09,6,0.08,0,0,0,0.00,0.00,0,0.00,0.00,0.00,0.00,0,0,33.33,99,60,49,76,50,1.72,74,0.13,0.15,1.73,66,0.13,0.15,67,15,1.15,1.31,0.53,0.46,16,6,0.15,64,81,84,81,0,46,70,0,0.00,99,22,0.00,1.93,8.14,7.15,93,60,60,29,5.25,4.62,64.52,2,0.18,80,0,50.00,0,0.00,99,3,0.23,0.26,52,59,57,57,0,0,0,0,0,77,81,84,77,0,99,19,78,39,2,15,50,13,0,0
Gastón Benedetti Taffarel,25,985852800,2001/03/29,Primera División,2026,Defender,Estudiantes,1116,565,551,Argentina,14,7,7,0,0,0,2,1,1,0,0,7,3,4,5,3,2,3,0,0.16,0.16,0,0,0,0,0.4,223,80,372,558,0.24,512,94,8,24,0,6.94,0.14,84,39.35,34.86,75,488,27.50,385,66,31.05,75,0.00,0.00,0.86,12,0.00,2.14,2.26,2.00,28,0.00,0.50,0.00,0.00,0.00,0.79,0.57,0.36,0.00,0.48,0.43,1.14,0.00,0.00,0.02,0.00,0.64,0.00,0.00,0,0,,6,0.43,27,0,0.00,22,6,0.48,40,4,2,12,79,0.00,99,0,11,0.89,52,30,60,2.42,68,0,0.00,99,0,0.00,0,0,0.00,0,0.97,65,16,1.29,52,8,0.65,50.00,0,0.00,0,0,0,0.00,0,5,0.00,96,0.40,2,N/A,N/A,N/A,N/A,0.00,0,0.00,0,0.25,0.00,0,78.89,0.00,22,56,0.50,0.56,7,58,66,0,0,0,0.57,0.65,8,89,97.13,2.50,2.82,35,0,0.00,0.00,99,0.00,0,0,0,0.00,0.00,0,0.00,0.00,0.00,0.00,0,0,0.00,56,68,61,56,96,2.43,85,0.17,0.20,0.25,20,0.02,0.02,14,4,0.29,0.32,1.05,0.93,47,13,0.02,20,79,73,81,0,46,30,0,0.00,99,9,0.00,0.73,7.18,6.36,89,49,23,19,3.95,3.50,55.06,7,0.56,58,0,26.67,0,0.00,99,8,0.57,0.65,72,65,57,84,0,0,0,0,0,62,56,74,68,0,99,88,62,54,3,21,68,13,0,0
Gastón Claudio Corvalán,37,606643200,1989/03/23,Primera División,2026,Defender,Unión Santa Fe,9,0,9,Argentina,1,0,1,0,0,0,0,0,0,0,0,0,0,0,0,0,0,0,0,0,0,0,0,0,0,0,0,9,0,0,0,-1,-1,-1,26,0,6.44,0,63,10.00,1.00,0,1,1.00,1,99,10.00,4,0.00,0.00,0.00,0,0.00,0.00,0.00,0.00,0,0.00,0.00,0.00,0.00,0.00,0.00,0.00,0.00,0.00,0.00,0.00,0.00,0.00,0.00,0.00,0.00,0.00,0.00,0.00,0,0,,0,0.00,8,0,0.00,22,0,0.00,9,0,1,0,5,0.00,99,0,0,0.00,10,0,28,0.00,12,0,0.00,99,0,0.00,0,0,0.00,0,0.00,8,0,0.00,9,0,0.00,0.00,0,0.00,0,0,0,0.00,0,0,0.00,99,0.00,0,N/A,N/A,N/A,N/A,0.00,0,0.00,0,0.00,0.00,0,100.00,0.00,22,99,0.00,0.00,0,12,12,0,0,0,0.00,0.00,0,29,6.44,1.00,10.00,1,0,0.00,0.00,99,0.00,0,0,0,0.00,0.00,0,0.00,0.00,0.00,0.00,0,0,0.00,56,0,0,56,0,0.00,0,0.00,0.00,0.00,9,0.00,0.00,2,0,0.00,0.00,0.00,0.00,6,0,0.00,9,17,99,81,0,46,1,0,0.00,99,0,0.00,0.00,10.00,1.00,1,0,0,53,0.00,0.00,0.00,0,0.00,99,0,0.00,0,0.00,99,0,0.00,0.00,28,0,44,16,0,0,0,0,0,41,56,74,68,0,99,1,15,15,0,0,16,3,0,0
Gastón Martirena,26,947059200,2000/01/05,Primera División,2026,Defender,Racing Club,471,31,440,Uruguay,7,1,6,0,0,0,0,0,0,0,0,1,0,1,7,0,7,0,0,0,0,0,0,0,0,1.34,67,67,0,0,0,499,491,209,26,0,5.78,0,63,30.36,24.14,49,169,18.43,129,54,23.17,51,0.00,0.00,0.57,4,0.00,3.86,1.44,1.14,8,0.00,0.43,0.00,0.00,0.00,1.57,0.57,1.29,0.00,0.90,0.71,1.00,0.00,0.00,0.03,0.00,0.43,0.00,0.00,0,0,,5,0.71,51,0,0.00,22,5,0.90,64,1,2,5,43,0.00,99,0,11,1.98,95,27,41,4.85,92,0,0.00,99,0,0.00,0,0,0.00,0,0.72,51,7,1.26,52,4,0.72,57.14,0,0.00,0,0,0,0.00,0,9,0.00,14,1.62,88,N/A,N/A,N/A,N/A,0.00,0,0.00,0,0.24,0.00,0,76.33,0.00,22,28,0.71,0.90,5,61,75,0,0,0,0.14,0.18,1,50,40.45,0.57,0.72,4,0,0.00,0.00,99,0.00,0,0,0,0.00,0.00,0,0.00,0.00,0.36,0.29,2,0,0.00,56,14,6,56,14,0.39,36,0.06,0.07,0.24,32,0.03,0.04,26,3,0.43,0.54,0.72,0.57,26,4,0.04,32,4,22,81,0,84,23,0,0.00,99,3,0.00,0.54,7.54,6.00,42,18,13,21,3.23,2.57,42.86,3,0.54,59,0,18.52,0,0.00,99,5,0.71,0.90,81,18,57,41,0,0,0,0,0,41,56,74,68,0,99,6,15,15,0,0,16,15,0,0
Gastón Matías Campi,35,670924800,1991/04/06,Primera División,2026,Defender,Barracas Central,541,270,271,Argentina,7,3,4,0,0,0,0,0,0,0,0,2,1,1,4,2,2,2,0,0,0,0,0,0,0,0.67,135,77,271,0,0.33,463,459,57,14,0,5.99,0,63,31.44,27.00,51,189,19.57,137,35,22.79,49,0.00,0.00,0.00,0,0.00,0.14,1.16,1.00,7,0.00,0.14,0.00,0.00,0.00,2.00,0.43,0.86,0.00,0.17,0.14,0.43,0.00,0.00,0.01,0.00,1.29,0.00,0.00,0,0,,1,0.14,10,0,0.00,22,1,0.17,15,0,1,6,30,0.00,99,0,14,2.33,98,1,28,0.17,23,0,0.00,99,0,0.00,0,0,0.00,0,0.00,8,3,0.50,25,3,0.50,100.00,0,0.00,0,0,0,0.00,0,6,0.00,77,1.00,50,N/A,N/A,N/A,N/A,0.00,0,0.00,0,0.06,0.00,0,72.49,0.00,22,86,0.14,0.17,1,51,99,0,0,0,0.71,0.83,5,95,41.96,4.29,4.99,30,0,0.00,0.00,99,0.00,0,0,0,0.00,0.00,0,0.00,0.00,0.17,0.14,1,0,0.00,56,22,6,56,77,0.29,18,0.04,0.05,0.06,13,0.01,0.01,2,0,0.00,0.00,1.33,1.14,64,8,0.01,13,6,84,81,0,69,61,0,0.00,99,9,0.00,1.50,5.16,4.43,31,19,12,9,3.16,2.71,61.29,1,0.17,81,0,0.00,0,0.00,99,0,0.00,0.00,28,27,44,16,0,0,0,0,0,41,56,74,68,0,99,39,45,70,2,29,85,37,0,0
Gastón Suso,35,668764800,1991/03/12,Primera División,2026,Defender,Atlético Tucumán,1418,720,698,Argentina,16,8,8,0,0,0,0,0,0,0,0,5,4,1,18,5,13,2,0,0,0,0,0,0,0,1.14,79,89,709,0,0.13,474,471,175,22,0,6.81,0,63,27.17,26.75,38,428,20.56,329,57,20.88,43,0.00,0.00,0.06,1,0.00,0.00,1.33,1.31,21,0.00,0.00,0.00,0.00,0.00,1.31,0.06,1.25,0.00,0.38,0.31,0.06,0.00,0.06,0.03,0.00,3.06,0.00,0.00,0,0,,6,0.38,21,1,0.06,23,5,0.32,25,2,0,16,39,0.00,99,0,21,1.33,75,0,28,0.00,12,0,0.00,99,0,0.00,0,0,0.00,0,0.06,9,1,0.06,9,1,0.06,100.00,0,0.00,0,0,0,0.00,0,20,0.00,29,1.27,70,N/A,N/A,N/A,N/A,0.00,0,0.00,0,0.41,0.00,0,76.87,16.67,31,90,0.12,0.13,2,13,99,0,0,0,0.81,0.83,13,95,109.01,4.94,5.01,79,0,0.00,0.00,99,0.00,0,0,0,0.00,0.00,0,0.00,0.00,0.06,0.06,1,0,0.00,56,90,88,56,29,0.80,18,0.05,0.05,0.41,26,0.03,0.03,25,8,0.50,0.51,0.70,0.69,25,11,0.03,26,57,85,81,0,48,90,0,0.00,99,49,0.00,3.11,6.79,6.69,107,79,53,15,5.01,4.94,73.83,0,0.00,99,0,0.00,0,0.00,99,0,0.00,0.00,28,93,30,57,0,0,0,0,0,41,56,74,68,0,99,47,88,29,2,12,41,20,0,0
Gastón Verón,25,988009200,2001/04/23,Primera División,2026,Forward,Argentinos Juniors,-21,-21,0,Argentina,1,1,0,0,0,0,0,0,0,0,0,0,0,0,0,0,0,0,0,0,0,0,0,0,0,0,0,0,0,0,0,-1,-1,-1,-1,0,6.33,0,63,50.00,5.00,92,5,3.00,3,7,30.00,72,0.00,0.00,0.00,0,0.00,1.00,0.00,0.00,0,0.00,0.00,0.00,0.00,0.00,0.00,0.00,0.00,0.00,10.00,0.00,0.00,0.00,1.00,0.15,0.00,1.00,0.00,0.00,0,0,,1,1.00,99,1,10.00,99,0,0.00,9,0,1,0,5,0.00,99,0,0,0.00,10,1,28,10.00,99,0,0.00,99,0,0.00,0,0,0.00,0,0.00,8,0,0.00,9,0,0.00,0.00,0,0.00,0,0,0,0.00,0,0,0.00,99,0.00,0,N/A,N/A,N/A,N/A,0.00,0,0.00,0,0.15,0.00,0,60.00,100.00,99,99,0.00,0.00,0,12,12,0,0,0,0.00,0.00,0,29,6.33,0.00,0.00,0,0,0.00,0.00,99,0.00,0,0,0,0.00,0.00,0,0.00,0.00,0.00,0.00,0,0,0.00,56,0,0,56,0,0.01,54,0.01,0.10,0.15,99,0.15,1.50,2,0,0.00,0.00,10.00,1.00,99,1,1.50,99,13,1,81,0,46,99,0,0.00,99,1,0.00,10.00,30.00,3.00,3,1,99,99,10.00,1.00,33.33,0,0.00,99,0,0.00,0,0.00,99,0,0.00,0.00,28,0,44,16,0,0,0,0,0,41,56,74,68,0,99,1,15,15,0,0,16,9,0,0
Genaro Ordóñez,18,1186383600,2007/08/06,Primera División,2026,Defender,Instituto,0,0,0,Argentina,0,0,0,0,0,0,0,0,0,0,0,0,0,0,0,0,0,0,0,0,0,0,0,0,0,0,0,0,0,0,0,-1,-1,-1,-1,N/A,N/A,N/A,N/A,N/A,N/A,N/A,N/A,N/A,N/A,N/A,N/A,N/A,N/A,N/A,N/A,N/A,N/A,N/A,N/A,N/A,N/A,N/A,N/A,N/A,N/A,N/A,N/A,N/A,N/A,N/A,N/A,N/A,N/A,N/A,N/A,N/A,N/A,N/A,N/A,N/A,N/A,N/A,N/A,N/A,N/A,N/A,N/A,N/A,N/A,N/A,N/A,N/A,N/A,N/A,N/A,N/A,N/A,N/A,N/A,N/A,N/A,N/A,N/A,N/A,N/A,N/A,N/A,N/A,N/A,N/A,N/A,N/A,N/A,N/A,N/A,N/A,N/A,N/A,N/A,N/A,N/A,N/A,N/A,N/A,N/A,N/A,N/A,N/A,N/A,N/A,N/A,N/A,N/A,N/A,N/A,N/A,N/A,N/A,N/A,N/A,N/A,N/A,N/A,N/A,N/A,N/A,N/A,N/A,N/A,N/A,N/A,N/A,N/A,N/A,N/A,N/A,N/A,N/A,N/A,N/A,N/A,N/A,N/A,N/A,N/A,N/A,N/A,N/A,N/A,N/A,N/A,N/A,N/A,N/A,N/A,N/A,N/A,N/A,N/A,N/A,N/A,N/A,N/A,N/A,N/A,N/A,N/A,N/A,N/A,N/A,N/A,N/A,N/A,N/A,N/A,N/A,N/A,N/A,N/A,N/A,N/A,N/A,N/A,N/A,N/A,N/A,N/A,N/A,N/A,N/A,N/A,N/A,N/A,N/A,N/A,N/A,N/A,N/A,N/A,N/A,N/A,N/A,N/A,N/A,N/A,N/A,N/A,N/A,N/A,N/A,N/A,N/A,N/A,N/A,N/A,N/A,N/A,N/A,N/A,N/A,N/A,N/A,N/A,N/A,N/A,N/A,N/A,N/A,N/A,N/A,N/A,N/A,N/A,N/A,N/A,N/A,N/A,N/A,N/A,N/A,N/A,N/A,N/A
Germán Andrés Conti,32,770626800,1994/06/03,Primera División,2026,Defender,Gimnasia La Plata,368,110,258,Argentina,5,2,3,0,0,0,0,0,0,0,0,4,2,2,2,0,2,1,0,0,0,0,0,0,0,0.49,184,74,368,0,0.24,288,271,15,32,0,6.97,0,63,30.33,24.80,48,124,20.40,102,80,24.95,56,0.00,0.00,0.00,0,0.00,0.00,0.98,0.80,4,0.00,0.00,0.00,0.00,0.00,1.80,0.00,0.40,0.00,0.24,0.00,0.00,0.00,0.20,0.03,0.00,1.40,0.00,0.00,0,0,,1,0.20,14,1,0.24,49,0,0.00,9,2,1,4,23,0.00,99,0,9,2.20,98,0,28,0.00,12,0,0.00,99,0,0.00,0,0,0.00,0,0.00,8,0,0.00,9,0,0.00,0.00,0,0.00,0,0,0,0.00,0,2,0.00,92,0.49,5,N/A,N/A,N/A,N/A,0.00,0,0.00,0,0.14,0.00,0,82.26,100.00,99,62,0.40,0.49,2,12,12,0,0,0,0.80,0.98,4,98,34.87,6.40,7.83,32,0,0.00,0.00,99,0.00,0,0,0,0.00,0.00,0,0.00,0.00,0.00,0.00,0,0,0.00,56,1,1,56,92,0.25,26,0.05,0.06,0.14,26,0.03,0.03,2,0,0.00,0.00,0.49,0.40,14,2,0.03,26,82,97,81,0,46,66,0,0.00,99,7,0.00,1.71,4.89,4.00,20,11,9,9,2.69,2.20,55.00,0,0.00,99,0,0.00,0,0.00,99,0,0.00,0.00,28,8,44,57,0,0,0,0,0,41,56,74,68,0,99,99,62,54,1,20,65,13,0,0
Germán Guiffrey,28,883555200,1997/12/31,Primera División,2026,Defender,Tigre,0,0,0,Argentina,0,0,0,0,0,0,0,0,0,0,0,0,0,0,0,0,0,0,0,0,0,0,0,0,0,0,0,0,0,0,0,-1,-1,-1,-1,N/A,N/A,N/A,N/A,N/A,N/A,N/A,N/A,N/A,N/A,N/A,N/A,N/A,N/A,N/A,N/A,N/A,N/A,N/A,N/A,N/A,N/A,N/A,N/A,N/A,N/A,N/A,N/A,N/A,N/A,N/A,N/A,N/A,N/A,N/A,N/A,N/A,N/A,N/A,N/A,N/A,N/A,N/A,N/A,N/A,N/A,N/A,N/A,N/A,N/A,N/A,N/A,N/A,N/A,N/A,N/A,N/A,N/A,N/A,N/A,N/A,N/A,N/A,N/A,N/A,N/A,N/A,N/A,N/A,N/A,N/A,N/A,N/A,N/A,N/A,N/A,N/A,N/A,N/A,N/A,N/A,N/A,N/A,N/A,N/A,N/A,N/A,N/A,N/A,N/A,N/A,N/A,N/A,N/A,N/A,N/A,N/A,N/A,N/A,N/A,N/A,N/A,N/A,N/A,N/A,N/A,N/A,N/A,N/A,N/A,N/A,N/A,N/A,N/A,N/A,N/A,N/A,N/A,N/A,N/A,N/A,N/A,N/A,N/A,N/A,N/A,N/A,N/A,N/A,N/A,N/A,N/A,N/A,N/A,N/A,N/A,N/A,N/A,N/A,N/A,N/A,N/A,N/A,N/A,N/A,N/A,N/A,N/A,N/A,N/A,N/A,N/A,N/A,N/A,N/A,N/A,N/A,N/A,N/A,N/A,N/A,N/A,N/A,N/A,N/A,N/A,N/A,N/A,N/A,N/A,N/A,N/A,N/A,N/A,N/A,N/A,N/A,N/A,N/A,N/A,N/A,N/A,N/A,N/A,N/A,N/A,N/A,N/A,N/A,N/A,N/A,N/A,N/A,N/A,N/A,N/A,N/A,N/A,N/A,N/A,N/A,N/A,N/A,N/A,N/A,N/A,N/A,N/A,N/A,N/A,N/A,N/A,N/A,N/A,N/A,N/A,N/A,N/A,N/A,N/A,N/A,N/A,N/A,N/A
Germán Pezzella,35,678006000,1991/06/27,Primera División,2026,Defender,River Plate,161,117,44,Argentina,4,3,1,0,0,0,0,0,0,0,0,2,1,1,3,3,0,0,0,0,0,0,0,0,0,1.68,54,40,0,0,0,-1,-1,-1,14,0,6.58,0,63,63.17,28.25,98,113,24.25,97,94,54.22,98,0.00,0.00,0.00,0,0.00,0.00,0.56,0.25,1,0.00,0.00,0.00,0.00,0.00,0.50,0.00,0.75,0.00,0.56,0.25,0.00,0.00,0.00,0.01,0.00,2.50,0.00,0.00,0,0,,1,0.25,32,0,0.00,22,1,0.56,45,0,3,1,12,0.00,99,0,2,1.12,64,0,28,0.00,12,0,0.00,99,0,0.00,0,0,0.00,0,0.00,8,0,0.00,9,0,0.00,0.00,0,0.00,0,0,0,0.00,0,3,0.00,4,1.68,89,N/A,N/A,N/A,N/A,0.00,0,0.00,0,0.05,0.00,0,85.84,0.00,22,3,0.75,1.68,3,12,12,0,0,0,0.75,1.68,3,99,26.31,2.75,6.15,11,0,0.00,0.00,99,0.00,0,0,0,0.00,0.00,0,0.00,0.00,0.00,0.00,0,0,0.00,56,0,0,56,4,0.17,54,0.04,0.10,0.05,26,0.01,0.03,59,2,0.50,1.12,0.56,0.25,17,1,0.03,26,24,90,81,0,46,99,0,0.00,99,10,0.00,5.59,11.18,5.00,20,12,87,67,6.71,3.00,60.00,0,0.00,99,0,0.00,0,0.00,99,0,0.00,0.00,28,0,66,16,0,0,0,0,0,41,56,74,68,0,99,88,15,15,0,0,16,20,0,0
Gerónimo Patritti,23,1042531200,2003/01/14,Primera División,2026,Defender,Gimnasia Mendoza,0,0,0,Argentina,0,0,0,0,0,0,0,0,0,0,0,0,0,0,0,0,0,0,0,0,0,0,0,0,0,0,0,0,0,0,0,-1,-1,-1,-1,N/A,N/A,N/A,N/A,N/A,N/A,N/A,N/A,N/A,N/A,N/A,N/A,N/A,N/A,N/A,N/A,N/A,N/A,N/A,N/A,N/A,N/A,N/A,N/A,N/A,N/A,N/A,N/A,N/A,N/A,N/A,N/A,N/A,N/A,N/A,N/A,N/A,N/A,N/A,N/A,N/A,N/A,N/A,N/A,N/A,N/A,N/A,N/A,N/A,N/A,N/A,N/A,N/A,N/A,N/A,N/A,N/A,N/A,N/A,N/A,N/A,N/A,N/A,N/A,N/A,N/A,N/A,N/A,N/A,N/A,N/A,N/A,N/A,N/A,N/A,N/A,N/A,N/A,N/A,N/A,N/A,N/A,N/A,N/A,N/A,N/A,N/A,N/A,N/A,N/A,N/A,N/A,N/A,N/A,N/A,N/A,N/A,N/A,N/A,N/A,N/A,N/A,N/A,N/A,N/A,N/A,N/A,N/A,N/A,N/A,N/A,N/A,N/A,N/A,N/A,N/A,N/A,N/A,N/A,N/A,N/A,N/A,N/A,N/A,N/A,N/A,N/A,N/A,N/A,N/A,N/A,N/A,N/A,N/A,N/A,N/A,N/A,N/A,N/A,N/A,N/A,N/A,N/A,N/A,N/A,N/A,N/A,N/A,N/A,N/A,N/A,N/A,N/A,N/A,N/A,N/A,N/A,N/A,N/A,N/A,N/A,N/A,N/A,N/A,N/A,N/A,N/A,N/A,N/A,N/A,N/A,N/A,N/A,N/A,N/A,N/A,N/A,N/A,N/A,N/A,N/A,N/A,N/A,N/A,N/A,N/A,N/A,N/A,N/A,N/A,N/A,N/A,N/A,N/A,N/A,N/A,N/A,N/A,N/A,N/A,N/A,N/A,N/A,N/A,N/A,N/A,N/A,N/A,N/A,N/A,N/A,N/A,N/A,N/A,N/A,N/A,N/A,N/A,N/A,N/A,N/A,N/A,N/A,N/A
Gianluca Ferrari,29,867654000,1997/06/30,Primera División,2026,Defender,Atlético Tucumán,721,361,360,Argentina,9,5,4,0,0,0,0,0,0,0,0,3,3,0,11,3,8,2,0,0,0,0,0,0,0,1.37,66,80,361,0,0.25,476,472,213,18,0,5.94,0,63,29.21,26.00,44,234,18.89,170,36,21.22,45,0.00,0.00,0.44,4,0.00,0.44,1.25,1.11,10,0.00,0.22,0.00,0.00,0.00,1.22,0.22,1.44,0.00,1.00,0.78,0.22,0.00,0.11,0.06,0.00,2.00,0.00,0.00,0,0,,8,0.89,53,1,0.12,33,7,0.87,63,0,1,8,35,0.00,99,0,11,1.37,77,4,95,0.50,38,0,0.00,99,0,0.00,0,0,0.00,0,0.50,37,2,0.25,19,2,0.25,100.00,0,0.00,0,0,0,0.00,0,13,0.00,12,1.62,88,N/A,N/A,N/A,N/A,0.00,0,0.00,0,0.51,0.00,0,72.65,12.50,25,91,0.11,0.12,1,29,99,0,0,0,0.56,0.62,5,88,53.48,4.67,5.24,42,0,0.00,0.00,99,0.00,0,0,0,0.00,0.00,0,0.00,0.00,0.12,0.11,1,0,0.00,56,38,17,56,12,0.46,26,0.05,0.06,0.51,42,0.06,0.06,43,7,0.78,0.87,1.50,1.33,73,12,0.06,42,6,87,81,0,60,76,0,0.00,99,18,0.00,2.25,9.24,8.22,74,35,35,43,4.37,3.89,47.30,2,0.25,76,0,50.00,0,0.00,99,2,0.22,0.25,51,40,44,16,0,0,0,0,0,41,56,74,68,0,99,54,60,57,2,22,71,6,0,0
Gino Infantino,23,1053327600,2003/05/19,Primera División,2026,Midfielder,Argentinos Juniors,34,20,14,Argentina,2,1,1,0,0,0,0,0,0,0,0,2,1,1,0,0,0,0,0,0,0,0,0,0,0,0,0,17,0,0,0,-1,-1,-1,16,0,6.63,0,63,90.00,17.00,99,34,14.00,28,80,74.12,99,0.00,0.00,0.00,0,0.00,0.00,5.29,1.00,2,0.00,0.50,0.00,0.00,0.00,0.00,0.50,0.00,0.00,2.65,0.00,0.50,0.00,0.50,0.06,0.00,0.00,0.00,0.00,0,0,,1,0.50,94,1,2.65,99,0,0.00,9,0,2,0,99,0.00,99,0,0,0.00,10,0,28,0.00,12,0,0.00,99,0,0.00,0,0,0.00,0,0.00,8,1,2.65,80,1,2.65,100.00,0,0.00,0,0,0,0.00,0,0,0.00,99,0.00,0,N/A,N/A,N/A,N/A,0.00,0,0.00,0,0.11,0.00,0,82.35,100.00,99,99,0.00,0.00,0,99,99,0,0,0,0.00,0.00,0,29,13.26,0.50,2.65,1,0,0.00,0.00,99,0.00,0,0,0,0.00,0.00,0,0.00,0.00,0.00,0.00,0,0,0.00,56,0,0,56,0,0.07,83,0.04,0.19,0.11,86,0.06,0.29,96,1,0.50,2.65,2.65,0.50,96,1,0.29,85,29,70,81,0,46,1,0,0.00,99,0,0.00,0.00,13.24,2.50,5,4,99,85,10.59,2.00,80.00,1,2.65,2,0,0.00,0,0.00,99,0,0.00,0.00,28,0,57,16,0,0,0,0,0,41,56,74,68,0,99,99,15,15,0,0,16,32,0,0
Gino Santilli,24,1004079600,2001/10/26,Primera División,2026,Goalkeeper,Banfield,0,0,0,Argentina,0,0,0,0,0,0,0,0,0,0,0,0,0,0,0,0,0,0,0,0,0,0,0,0,0,0,0,0,0,0,0,-1,-1,-1,-1,N/A,N/A,N/A,N/A,N/A,N/A,N/A,N/A,N/A,N/A,N/A,N/A,N/A,N/A,N/A,N/A,N/A,N/A,N/A,N/A,N/A,N/A,N/A,N/A,N/A,N/A,N/A,N/A,N/A,N/A,N/A,N/A,N/A,N/A,N/A,N/A,N/A,N/A,N/A,N/A,N/A,N/A,N/A,N/A,N/A,N/A,N/A,N/A,N/A,N/A,N/A,N/A,N/A,N/A,N/A,N/A,N/A,N/A,N/A,N/A,N/A,N/A,N/A,N/A,N/A,N/A,N/A,N/A,N/A,N/A,N/A,N/A,N/A,N/A,N/A,N/A,N/A,N/A,N/A,N/A,N/A,N/A,N/A,N/A,N/A,N/A,N/A,N/A,N/A,N/A,N/A,N/A,N/A,N/A,N/A,N/A,N/A,N/A,N/A,N/A,N/A,N/A,N/A,N/A,N/A,N/A,N/A,N/A,N/A,N/A,N/A,N/A,N/A,N/A,N/A,N/A,N/A,N/A,N/A,N/A,N/A,N/A,N/A,N/A,N/A,N/A,N/A,N/A,N/A,N/A,N/A,N/A,N/A,N/A,N/A,N/A,N/A,N/A,N/A,N/A,N/A,N/A,N/A,N/A,N/A,N/A,N/A,N/A,N/A,N/A,N/A,N/A,N/A,N/A,N/A,N/A,N/A,N/A,N/A,N/A,N/A,N/A,N/A,N/A,N/A,N/A,N/A,N/A,N/A,N/A,N/A,N/A,N/A,N/A,N/A,N/A,N/A,N/A,N/A,N/A,N/A,N/A,N/A,N/A,N/A,N/A,N/A,N/A,N/A,N/A,N/A,N/A,N/A,N/A,N/A,N/A,N/A,N/A,N/A,N/A,N/A,N/A,N/A,N/A,N/A,N/A,N/A,N/A,N/A,N/A,N/A,N/A,N/A,N/A,N/A,N/A,N/A,N/A,N/A,N/A,N/A,N/A,N/A,N/A
Giovanni Baroni,17,1232524800,2009/01/21,Primera División,2026,Midfielder,Talleres Córdoba,706,338,368,Argentina,13,5,8,0,0,0,3,1,2,0,0,4,1,3,6,3,3,1,0,0.38,0.38,0,0,0,0,0.76,118,54,706,235,0.13,547,19,-1,19,0,6.29,0.23,98,31.19,18.85,51,245,13.54,176,32,22.40,48,0.00,0.00,0.92,12,0.00,4.15,1.65,1.00,13,0.00,0.54,0.00,0.00,0.00,0.15,0.85,0.54,0.00,2.04,0.92,1.92,0.00,0.31,0.08,0.00,0.62,0.00,0.00,0,0,,16,1.23,81,4,0.51,70,12,1.53,87,6,4,9,54,0.00,99,0,2,0.25,21,54,53,6.87,97,0,0.00,99,0,0.00,0,0,0.00,0,1.53,87,25,3.18,87,11,1.40,44.00,0,0.00,0,0,0,0.00,0,7,0.00,65,0.89,38,N/A,N/A,N/A,N/A,0.00,0,0.00,0,1.02,0.00,0,71.84,25.00,45,38,0.46,0.76,6,87,50,0,0,0,0.00,0.00,0,29,81.79,0.23,0.38,3,0,0.00,0.00,99,0.00,0,0,0,0.00,0.00,0,0.00,0.00,0.13,0.08,1,0,0.00,56,36,49,56,65,2.50,97,0.19,0.32,1.02,62,0.08,0.13,64,10,0.77,1.27,1.15,0.69,52,9,0.13,60,12,10,81,0,63,42,0,0.00,99,8,0.00,1.02,10.95,6.62,86,42,63,64,5.35,3.23,48.84,7,0.89,40,0,24.07,0,0.00,99,13,1.00,1.65,96,48,75,96,0,0,0,0,0,86,56,74,68,0,99,47,87,29,1,8,29,30,0,0
Giovanni Ismael Cantizano,19,1174460400,2007/03/21,Primera División,2026,Forward,Rosario Central,149,149,0,Argentina,3,3,0,1,1,0,1,1,0,0,0,0,0,0,1,1,0,0,0,1.21,0.6,0.6,0.6,0,149,0.6,149,50,0,149,0,-1,-1,-1,5,0,7.00,0.33,99,20.54,11.33,13,34,9.33,28,80,16.91,29,0.00,0.00,0.67,2,0.00,1.00,1.21,0.67,2,0.00,1.33,0.00,0.00,0.00,0.00,1.00,0.33,7.00,4.23,0.67,2.33,0.00,1.67,0.45,0.00,0.00,0.00,0.00,0,0,,7,2.33,99,5,3.02,99,2,1.21,78,0,2,1,33,0.00,99,0,0,0.00,10,3,28,1.81,61,0,0.00,99,0,0.00,0,0,0.00,0,1.21,75,7,4.23,94,3,1.81,42.86,0,0.00,0,0,0,0.00,0,1,0.00,84,0.60,11,N/A,N/A,N/A,N/A,0.00,0,0.00,0,1.35,0.00,0,82.35,71.43,98,12,0.67,1.21,2,92,48,0,0,0,0.00,0.00,0,29,21.01,0.33,0.60,1,0,0.00,0.00,99,0.00,0,0,1,0.33,0.60,0,0.00,0.00,0.00,0.00,0,0,14.29,83,0,0,57,84,0.69,99,0.23,0.42,1.35,99,0.45,0.82,62,2,0.67,1.21,2.42,1.33,94,4,0.82,99,84,18,99,0,46,1,0,0.00,99,0,0.00,0.00,12.68,7.00,21,7,31,81,4.23,2.33,33.33,4,2.42,4,0,0.00,0,0.00,99,0,0.00,0.00,28,0,57,16,0,0,0,0,0,99,99,74,97,0,99,1,15,15,0,0,16,26,0,0
Giovanni Lautaro Millán,20,1124175600,2005/08/16,Primera División,2026,Midfielder,Independiente,756,405,351,Argentina,15,8,7,1,1,0,1,1,0,0,0,4,3,1,9,3,6,4,0,0.24,0.12,0.12,0.22,0,756,1.07,84,50,189,756,0.48,163,126,-1,10,0,6.82,0.07,79,26.90,15.07,37,226,12.73,191,89,22.74,49,0.00,0.00,1.13,17,0.00,1.40,2.02,1.13,17,0.00,0.33,0.00,0.00,0.00,0.13,0.60,0.67,10.00,1.19,0.47,0.80,0.00,0.20,0.09,0.00,0.60,0.00,0.00,0,0,,10,0.67,59,3,0.36,59,7,0.83,60,2,6,9,70,0.00,99,0,2,0.24,20,21,79,2.50,69,0,0.00,99,0,0.00,0,0,0.00,0,2.02,95,12,1.43,58,9,1.07,75.00,0,0.00,0,0,0,0.00,0,10,0.00,36,1.19,65,N/A,N/A,N/A,N/A,0.00,0,0.00,0,1.36,0.00,0,84.51,30.00,53,18,0.60,1.07,9,80,90,0,0,0,0.00,0.00,0,29,102.28,0.13,0.24,2,0,0.00,0.00,99,0.00,0,0,0,0.00,0.00,0,0.00,0.00,0.00,0.00,0,0,10.00,72,43,73,88,36,1.72,85,0.11,0.20,1.36,68,0.09,0.16,84,16,1.07,1.90,1.43,0.80,68,12,0.16,66,59,7,81,0,46,45,0,0.00,99,9,0.00,1.07,11.79,6.60,99,51,79,73,6.07,3.40,51.52,5,0.60,55,0,33.33,0,0.00,99,7,0.47,0.83,79,48,88,57,0,0,0,0,0,75,70,74,80,0,99,33,28,88,4,27,82,8,0,0
Giuliano Cerato,28,898326000,1998/06/20,Primera División,2026,Defender,Instituto,1427,717,710,Argentina,16,8,8,2,2,0,1,1,0,0,0,4,2,2,15,7,8,4,0,0.19,0.06,0.13,0.25,0,714,0.95,95,89,357,1427,0.25,160,191,129,2,0,6.93,0.06,65,34.25,33.94,62,543,22.12,354,16,22.33,48,0.00,0.00,1.19,19,0.00,5.06,2.71,2.69,43,0.00,0.69,0.00,0.00,0.00,0.88,0.44,1.06,6.50,0.82,0.38,0.75,0.00,0.44,0.15,0.00,0.88,0.00,0.00,0,0,,13,0.81,46,7,0.44,65,6,0.38,31,1,0,16,90,0.00,99,0,14,0.88,51,81,59,5.11,94,0,0.00,99,0,0.00,0,0,0.00,0,1.20,74,12,0.76,36,7,0.44,58.33,0,0.00,0,0,0,0.00,0,17,0.00,46,1.07,55,N/A,N/A,N/A,N/A,0.00,0,0.00,0,2.43,0.00,0,65.19,53.85,92,26,0.94,0.95,15,47,76,0,0,0,0.25,0.25,4,62,110.89,3.25,3.28,52,0,0.00,0.00,99,0.00,0,0,0,0.00,0.00,0,0.00,0.00,0.13,0.12,2,0,15.38,84,91,88,86,46,2.09,66,0.13,0.13,2.43,66,0.15,0.15,14,5,0.31,0.32,0.95,0.94,40,15,0.15,64,78,76,81,0,63,35,0,0.00,99,14,0.00,0.88,7.63,7.56,121,67,31,22,4.23,4.19,55.37,11,0.69,50,0,25.93,0,0.00,99,21,1.31,1.32,92,93,30,41,0,0,0,0,0,67,72,74,82,0,99,27,58,57,4,25,79,44,0,0
Giuliano Galoppo,27,929689200,1999/06/18,Primera División,2026,Midfielder,River Plate,313,149,164,Argentina,10,6,4,1,1,0,0,0,0,0,0,3,1,2,1,0,1,1,0,0.29,0,0.29,0.6,0,313,0.29,313,31,313,0,0.29,64,500,-1,7,0,6.75,0,63,41.46,15.80,79,158,12.80,128,76,33.59,80,0.00,0.00,0.40,4,0.00,0.30,1.31,0.50,5,0.00,1.00,0.00,0.00,0.00,0.20,0.20,0.10,14.00,3.67,0.90,0.50,0.00,0.50,0.17,0.00,0.60,0.00,0.00,0,0,,14,1.40,98,5,1.31,96,9,2.36,99,1,8,2,38,0.00,99,0,2,0.52,32,3,28,0.79,46,0,0.00,99,0,0.00,0,0,0.00,0,1.05,69,5,1.31,53,2,0.52,40.00,0,0.00,0,0,0,0.00,0,1,0.00,98,0.26,1,N/A,N/A,N/A,N/A,0.00,0,0.00,0,1.69,0.00,0,81.01,35.71,65,36,0.30,0.79,3,52,43,0,0,0,0.20,0.52,2,83,67.49,0.60,1.57,6,0,0.00,0.00,99,0.00,0,0,0,0.00,0.00,0,0.00,0.00,0.26,0.10,1,0,7.14,65,0,23,68,98,0.36,47,0.04,0.09,1.69,96,0.17,0.44,95,10,1.00,2.62,1.84,0.70,86,7,0.44,95,47,51,81,0,78,63,0,0.00,99,6,0.00,1.57,12.86,4.90,49,22,72,82,5.77,2.20,44.90,10,2.62,2,0,0.00,0,0.00,99,0,0.00,0.00,28,0,95,41,0,0,0,0,0,79,89,74,97,0,99,41,52,64,1,10,34,34,0,0
Gonzalo Agustín Piñeyro,25,965286000,2000/08/03,Primera División,2026,Midfielder,Tigre,320,89,231,Argentina,7,2,5,0,0,0,0,0,0,0,0,2,0,2,6,2,4,3,0,0,0,0,0,0,0,1.69,53,46,107,0,0.84,285,256,-1,9,0,6.52,0,63,35.72,18.14,66,127,14.14,99,61,27.84,65,0.00,0.00,0.14,1,0.00,0.29,1.69,0.86,6,0.00,0.14,0.00,0.00,0.00,0.71,0.14,0.86,0.00,0.28,0.00,0.14,0.00,0.14,0.02,0.00,0.43,0.00,0.00,0,0,,1,0.14,16,1,0.28,52,0,0.00,9,3,3,4,55,0.00,99,0,5,1.41,80,2,28,0.56,41,0,0.00,99,0,0.00,0,0,0.00,0,0.28,24,1,0.28,19,1,0.28,100.00,0,0.00,0,0,0,0.00,0,6,0.00,4,1.69,90,N/A,N/A,N/A,N/A,0.00,0,0.00,0,0.12,0.00,0,77.95,100.00,99,32,0.43,0.84,3,31,99,0,0,0,0.14,0.28,1,65,45.61,1.29,2.53,9,0,0.00,0.00,99,0.00,0,0,0,0.00,0.00,0,0.00,0.00,0.00,0.00,0,0,0.00,56,0,6,56,4,0.27,42,0.04,0.08,0.12,26,0.02,0.03,42,3,0.43,0.84,4.22,2.14,99,15,0.03,26,19,68,81,0,46,34,0,0.00,99,3,0.00,0.84,11.25,5.71,40,13,17,67,3.66,1.86,32.50,1,0.28,74,0,0.00,0,0.00,99,0,0.00,0.00,28,8,66,74,0,0,0,0,0,41,56,74,68,0,99,39,16,99,3,43,97,23,0,0
Gonzalo Alejandro Ríos,27,917424000,1999/01/27,Primera División,2026,Midfielder,Independiente Rivadavia,854,463,391,Argentina,16,9,7,1,1,0,3,1,2,0,0,3,0,3,11,7,4,1,0,0.42,0.32,0.11,0.19,0,854,1.16,78,53,854,285,0.11,184,26,-1,11,0,6.67,0.19,96,26.87,15.94,37,255,13.06,209,79,22.03,47,0.00,0.00,1.00,16,0.00,2.12,1.16,0.69,11,0.00,1.25,0.00,0.00,0.00,0.38,0.62,0.69,11.00,1.16,0.38,1.75,0.00,0.31,0.10,0.00,0.38,0.00,0.00,0,0,,11,0.69,57,5,0.53,72,6,0.63,51,2,6,10,30,0.00,99,0,6,0.63,38,34,74,3.58,82,0,0.00,99,0,0.00,0,0,0.00,0,1.69,91,28,2.95,84,10,1.05,35.71,0,0.00,0,0,0,0.00,0,11,0.00,27,1.16,62,N/A,N/A,N/A,N/A,0.00,0,0.00,0,1.57,0.00,0,81.96,45.45,80,14,0.69,1.16,11,79,34,0,0,0,0.00,0.00,0,29,106.80,0.19,0.32,3,0,0.00,0.00,99,0.00,0,0,0,0.00,0.00,0,0.00,0.00,0.00,0.00,0,0,9.09,70,50,88,91,28,2.78,96,0.17,0.29,1.57,69,0.10,0.17,79,16,1.00,1.69,1.16,0.69,53,11,0.17,68,35,9,81,0,46,26,0,0.00,99,6,0.00,0.63,12.96,7.69,123,43,40,83,4.53,2.69,34.96,20,2.11,6,0,32.35,0,0.00,99,11,0.69,1.16,87,52,88,57,0,0,0,0,0,89,68,74,78,0,99,11,92,25,1,6,21,11,0,0
Gonzalo Damián Abrego,26,947232000,2000/01/07,Primera División,2026,Midfielder,San Lorenzo,510,194,316,Argentina,11,5,6,0,0,0,0,0,0,0,0,6,3,3,3,2,1,1,0,0,0,0,0,0,0,0.53,170,46,510,0,0.18,272,255,-1,14,0,6.64,0,63,37.59,19.36,71,213,14.45,159,44,28.06,65,0.00,0.00,0.27,3,0.00,0.91,1.41,0.73,8,0.00,0.55,0.00,0.00,0.00,0.27,0.55,0.36,0.00,0.88,0.18,0.64,0.00,0.27,0.04,0.00,1.55,0.00,0.00,0,0,,5,0.45,50,3,0.53,72,2,0.35,28,2,5,6,42,0.00,99,0,3,0.53,33,10,45,1.76,60,0,0.00,99,0,0.00,0,0,0.00,0,0.53,39,7,1.24,51,6,1.06,85.71,0,0.00,0,0,0,0.00,0,4,0.00,89,0.71,18,N/A,N/A,N/A,N/A,0.00,0,0.00,0,0.43,0.00,0,74.65,60.00,95,11,0.64,1.24,7,79,93,0,0,0,0.00,0.00,0,29,73.01,0.64,1.24,7,0,0.00,0.00,99,0.00,0,0,0,0.00,0.00,0,0.00,0.00,0.00,0.00,0,0,0.00,56,18,31,56,89,0.41,36,0.04,0.07,0.43,48,0.04,0.08,43,5,0.45,0.88,1.41,0.73,66,8,0.08,48,31,41,81,0,46,89,0,0.00,99,17,0.00,3.00,10.76,5.55,61,34,77,61,6.00,3.09,55.74,6,1.06,31,0,20.00,0,0.00,99,2,0.18,0.35,58,27,82,57,0,0,0,0,0,41,56,74,68,0,99,93,78,39,1,9,32,26,0,0
Gonzalo Errecalde,26,954403200,2000/03/30,Primera División,2026,Defender,Gimnasia La Plata,152,90,62,Argentina,3,1,2,0,0,0,0,0,0,0,0,1,0,1,4,3,1,1,0,0,0,0,0,0,0,2.37,38,51,152,0,0.59,-1,-1,-1,24,0,4.38,0,63,65.72,37.00,99,111,33.00,99,99,58.62,99,0.00,0.00,0.00,0,0.00,0.00,0.59,0.33,1,0.00,0.00,0.00,0.00,0.00,0.00,0.00,1.33,0.00,0.59,0.33,0.00,0.00,0.00,0.02,0.00,1.33,0.00,0.00,0,0,,1,0.33,34,0,0.00,22,1,0.59,48,2,1,2,12,0.00,99,0,0,0.00,10,0,28,0.00,12,0,0.00,99,0,0.00,0,0,0.00,0,0.00,8,0,0.00,9,0,0.00,0.00,0,0.00,0,0,0,0.00,0,4,0.00,0,2.37,93,N/A,N/A,N/A,N/A,0.00,0,0.00,0,0.05,0.00,0,89.19,0.00,22,99,0.00,0.00,0,12,12,0,0,0,0.33,0.59,1,86,13.14,8.00,14.21,24,0,0.00,0.00,99,0.00,0,0,0,0.00,0.00,0,0.00,0.00,0.00,0.00,0,0,0.00,56,0,0,56,0,0.22,66,0.07,0.13,0.05,26,0.02,0.03,2,0,0.00,0.00,0.59,0.33,18,1,0.03,26,0,99,81,0,46,78,0,0.00,99,4,0.00,2.37,5.33,3.00,9,5,10,9,2.96,1.67,55.56,0,0.00,99,0,0.00,0,0.00,99,0,0.00,0.00,28,0,44,57,0,0,0,0,0,41,56,74,68,0,99,54,21,94,1,33,92,14,0,0
Gonzalo Germán Gelini,19,1166169600,2006/12/15,Primera División,2026,Forward,Boca Juniors,185,123,62,Argentina,5,3,2,0,0,0,1,0,1,0,0,3,3,0,0,0,0,0,0,0.49,0.49,0,0,0,0,0,0,37,0,185,0,-1,-1,-1,15,0,6.37,0.2,99,20.20,7.33,11,22,5.67,17,59,15.61,23,0.00,0.00,0.00,0,0.00,1.33,0.00,0.00,0,0.00,0.00,0.00,0.00,0.00,0.67,0.33,0.00,0.00,1.84,0.67,1.33,0.00,0.00,0.04,0.00,0.00,0.00,0.00,0,0,,2,0.67,76,0,0.00,22,2,1.84,95,3,3,2,5,0.00,99,0,2,1.84,92,4,57,3.67,82,0,0.00,99,0,0.00,0,0,0.00,0,0.00,8,4,3.67,91,1,0.92,25.00,0,0.00,0,0,0,0.00,0,0,0.00,99,0.00,0,N/A,N/A,N/A,N/A,0.00,0,0.00,0,0.12,0.00,0,77.27,0.00,22,0,1.00,2.76,3,72,21,0,0,0,0.00,0.00,0,29,19.10,0.00,0.00,0,0,0.00,0.00,99,0.00,0,0,0,0.00,0.00,0,0.00,0.00,0.00,0.00,0,0,0.00,56,0,1,56,0,0.04,11,0.01,0.04,0.12,55,0.04,0.11,46,1,0.33,0.92,0.92,0.33,38,1,0.11,54,14,1,81,0,46,1,0,0.00,99,0,0.00,0.00,9.18,3.33,10,2,8,42,1.84,0.67,20.00,0,0.00,99,0,25.00,0,0.00,99,1,0.33,0.92,81,0,66,74,0,0,0,0,0,93,56,74,68,0,99,97,15,15,0,0,16,37,0,0
Gonzalo Gonzalez,23,1050390000,2003/04/15,Primera División,2026,Defender,Gimnasia La Plata,2,2,0,Argentina,1,1,0,0,0,0,0,0,0,0,0,0,0,0,0,0,0,0,0,0,0,0,0,0,0,0,0,2,0,0,0,-1,-1,-1,27,0,0.00,0,63,495.00,11.00,99,11,11.00,11,99,495.00,99,0.00,0.00,0.00,0,0.00,0.00,0.00,0.00,0,0.00,0.00,0.00,0.00,0.00,0.00,0.00,0.00,0.00,0.00,0.00,0.00,0.00,0.00,0.00,0.00,0.00,0.00,0.00,0,0,,0,0.00,8,0,0.00,22,0,0.00,9,0,1,0,5,0.00,99,0,0,0.00,10,0,28,0.00,12,0,0.00,99,0,0.00,0,0,0.00,0,0.00,8,0,0.00,9,0,0.00,0.00,0,0.00,0,0,0,0.00,0,0,0.00,99,0.00,0,N/A,N/A,N/A,N/A,0.00,0,0.00,0,0.00,0.00,0,100.00,0.00,22,99,0.00,0.00,0,12,12,0,0,0,0.00,0.00,0,29,0.00,1.00,45.00,1,0,0.00,0.00,99,0.00,0,0,0,0.00,0.00,0,0.00,0.00,0.00,0.00,0,0,0.00,56,0,0,56,0,0.03,99,0.03,1.35,0.00,9,0.00,0.00,2,0,0.00,0.00,0.00,0.00,6,0,0.00,9,0,99,81,0,46,1,0,0.00,99,0,0.00,0.00,90.00,2.00,2,0,0,99,0.00,0.00,0.00,0,0.00,99,0,0.00,0,0.00,99,0,0.00,0.00,28,0,44,16,0,0,0,0,0,41,56,74,68,0,99,1,15,15,0,0,16,2,0,0
Gonzalo Lencina,28,877158000,1997/10/18,Primera División,2026,Forward,Platense,460,161,299,Argentina,8,3,5,0,0,0,0,0,0,0,0,2,0,2,6,2,4,0,0,0,0,0,0,0,0,1.17,77,58,0,0,0,297,286,-1,10,0,6.71,0,63,18.00,11.50,7,92,7.88,63,24,12.33,10,0.00,0.00,1.00,8,0.00,0.12,1.17,0.75,6,0.00,0.38,0.00,0.00,0.00,0.00,0.50,0.75,0.00,2.35,1.00,1.00,0.00,0.50,0.12,0.00,1.88,0.00,0.00,0,0,,12,1.50,88,4,0.78,84,8,1.57,89,4,2,6,31,0.00,99,0,0,0.00,10,1,28,0.20,25,0,0.00,99,0,0.00,0,0,0.00,0,1.57,87,8,1.57,62,4,0.78,50.00,0,0.00,0,0,0,0.00,0,6,0.00,27,1.17,62,N/A,N/A,N/A,N/A,0.00,0,0.00,0,0.99,0.00,0,68.48,33.33,62,54,0.38,0.59,3,64,66,0,0,0,0.00,0.00,0,29,53.67,0.12,0.20,1,0,0.00,0.00,99,0.00,0,0,0,0.00,0.00,0,0.00,0.00,0.59,0.38,3,0,0.00,56,13,11,56,27,0.36,36,0.04,0.07,0.99,72,0.12,0.19,86,10,1.25,1.96,0.98,0.62,42,5,0.19,71,41,5,81,0,92,88,0,0.00,99,15,0.00,2.93,13.70,8.75,70,33,84,87,6.46,4.12,47.14,3,0.59,56,0,0.00,0,0.00,99,0,0.00,0.00,28,27,57,84,0,0,0,0,0,41,56,74,68,0,99,27,15,15,0,0,16,99,0,0
Gonzalo Maffini,33,727257600,1993/01/17,Primera División,2026,Defender,Estudiantes Río Cuarto,1080,450,630,Argentina,12,5,7,0,0,0,1,1,0,0,0,3,2,1,16,4,12,4,1,0.08,0.08,0,0,0,0,1.33,68,90,216,1080,0.42,315,170,206,17,0,6.77,0.08,71,33.08,33.08,57,397,22.92,275,25,22.92,50,0.00,0.00,0.17,2,0.00,0.08,0.92,0.92,11,0.00,0.08,0.00,0.00,0.00,1.50,0.08,1.50,0.00,0.58,0.42,0.08,0.00,0.17,0.04,0.00,4.42,0.00,0.00,0,0,,7,0.58,34,2,0.17,39,5,0.42,34,0,0,12,21,0.00,99,0,18,1.50,83,1,99,0.08,17,0,0.00,99,0,0.00,0,0,0.00,0,0.17,17,1,0.08,11,1,0.08,100.00,0,0.00,0,0,0,0.00,0,18,0.00,14,1.50,84,N/A,N/A,N/A,N/A,0.00,0,0.00,0,0.53,0.00,0,69.27,28.57,50,21,1.00,1.00,12,16,99,0,0,0,0.75,0.75,9,92,81.26,7.33,7.33,88,0,0.00,0.00,99,0.00,0,0,0,0.00,0.00,0,0.00,0.00,0.00,0.00,0,0,0.00,56,66,39,56,15,1.25,54,0.10,0.10,0.53,32,0.04,0.04,35,9,0.75,0.75,0.92,0.92,38,11,0.04,32,50,96,81,0,46,97,0,0.00,99,53,0.00,4.42,9.75,9.75,117,73,79,49,6.08,6.08,62.39,1,0.08,86,0,100.00,0,0.00,99,1,0.08,0.08,32,65,30,16,0,0,0,0,0,48,56,74,68,0,99,27,33,84,3,25,79,2,0,0
Gonzalo Maroni,27,921744000,1999/03/18,Primera División,2026,Midfielder,Barracas Central,415,278,137,Argentina,10,6,4,1,1,0,0,0,0,0,0,2,1,1,3,2,1,2,0,0.22,0,0.22,0.32,0,415,0.65,138,42,208,0,0.43,88,261,-1,4,0,6.64,0,63,35.22,16.20,65,162,13.00,130,73,28.26,66,0.00,0.00,0.60,6,0.00,0.40,1.74,0.80,8,0.00,1.20,0.00,0.00,0.00,0.30,0.60,0.40,6.00,1.30,0.20,1.60,0.00,0.40,0.12,0.00,0.20,0.00,0.00,0,0,,6,0.60,64,4,0.87,86,2,0.43,35,3,7,3,59,0.00,99,0,3,0.65,40,4,57,0.87,48,0,0.00,99,0,0.00,0,0,0.00,0,1.30,78,16,3.48,89,6,1.30,37.50,0,0.00,0,0,0,0.00,0,4,0.00,79,0.87,37,N/A,N/A,N/A,N/A,0.00,0,0.00,0,1.24,0.00,0,80.25,66.67,98,30,0.40,0.87,4,85,38,0,0,0,0.00,0.00,0,29,66.38,0.10,0.22,1,0,0.00,0.00,99,0.00,0,0,0,0.00,0.00,0,0.00,0.00,0.00,0.00,0,0,16.67,88,6,23,71,77,0.45,54,0.04,0.10,1.24,84,0.12,0.27,80,8,0.80,1.74,2.61,1.20,96,12,0.27,83,31,6,81,0,46,17,0,0.00,99,2,0.00,0.43,13.91,6.40,64,23,52,88,5.00,2.30,35.94,12,2.61,3,0,25.00,0,0.00,99,1,0.10,0.22,49,3,92,74,0,0,0,0,0,72,86,74,87,0,99,15,31,85,2,20,65,33,0,0
Gonzalo Martínez,33,739954800,1993/06/13,Primera División,2026,Midfielder,Tigre,363,197,166,Argentina,11,6,5,2,2,0,0,0,0,0,0,2,1,1,3,1,2,1,0,0.5,0,0.5,0.91,0,182,0.74,121,33,363,0,0.25,11,268,-1,3,0,7.02,0,63,49.09,18.00,91,198,13.09,144,36,35.70,83,0.00,0.00,1.00,11,0.00,1.64,1.49,0.55,6,0.00,0.55,0.00,0.00,0.00,0.00,0.91,0.27,9.50,4.71,1.09,2.00,0.00,0.64,0.25,0.00,0.18,0.00,0.00,0,0,,19,1.73,99,7,1.74,99,12,2.98,99,6,7,4,46,0.00,99,0,0,0.00,10,18,79,4.46,90,0,0.00,99,0,0.00,0,0,0.00,0,2.73,99,22,5.45,98,10,2.48,45.45,0,0.00,0,0,0,0.00,0,3,0.00,69,0.74,21,N/A,N/A,N/A,N/A,0.00,0,0.00,0,2.70,0.00,0,72.73,36.84,66,61,0.18,0.50,2,98,53,0,0,0,0.09,0.25,1,62,77.21,0.00,0.00,0,0,0.00,0.00,99,0.00,0,0,2,0.18,0.50,0,0.00,0.00,0.25,0.09,1,0,10.53,73,0,31,58,68,0.72,81,0.07,0.18,2.70,99,0.25,0.67,99,27,2.45,6.69,1.49,0.55,73,6,0.67,99,86,1,99,0,76,21,0,0.00,99,2,0.00,0.50,17.60,6.45,71,45,99,97,11.16,4.09,63.38,6,1.49,17,0,33.33,0,0.00,99,6,0.55,1.49,95,8,92,96,0,0,0,0,0,94,99,74,99,0,99,10,61,57,1,9,32,28,0,0
Gonzalo Montiel,29,852105600,1997/01/01,Primera División,2026,Defender,River Plate,1396,676,720,Argentina,16,8,8,4,0,4,1,0,1,0,0,7,3,4,12,8,4,4,0,0.32,0.06,0.26,0,0.5,349,0.77,116,87,349,1396,0.26,75,196,85,3,0,7.14,0.06,65,49.80,49.31,92,789,40.12,642,77,40.52,91,0.00,0.00,1.75,28,0.00,1.81,1.45,1.44,23,0.00,0.19,0.00,0.00,0.00,0.94,0.31,0.81,4.25,1.07,0.69,0.62,0.00,0.38,0.23,0.00,1.00,0.00,0.00,0,0,,17,1.06,55,6,0.38,60,11,0.69,54,2,0,16,44,0.00,99,0,15,0.95,54,29,79,1.83,61,0,0.00,99,0,0.00,0,0,0.00,0,1.77,93,10,0.63,31,5,0.32,50.00,0,0.00,0,0,0,0.00,0,13,0.00,64,0.82,29,N/A,N/A,N/A,N/A,0.00,0,0.00,0,3.64,0.00,0,81.37,35.29,64,67,0.44,0.44,7,36,66,2,1,0,0.25,0.25,4,62,114.31,1.62,1.64,26,0,0.00,0.00,99,0.00,0,3,0,0.00,0.00,0,0.00,0.00,0.38,0.38,6,0,23.53,93,89,88,69,63,3.31,87,0.21,0.21,1.54,54,0.10,0.10,36,12,0.75,0.76,0.57,0.56,18,9,0.23,77,93,53,81,0,85,42,0,0.00,99,16,0.00,1.01,5.74,5.69,91,56,16,10,3.53,3.50,61.54,3,0.19,80,0,34.48,0,0.00,99,10,0.62,0.63,72,93,30,57,0,0,0,0,0,82,88,97,68,0,99,78,58,58,4,25,79,29,0,0
Gonzalo Nahuel Flores,24,1014364800,2002/02/22,Primera División,2026,Forward,Deportivo Riestra,139,7,132,Argentina,4,1,3,0,0,0,0,0,0,0,0,2,1,1,2,0,2,3,0,0,0,0,0,0,0,1.29,70,35,46,0,1.94,-1,-1,-1,10,0,6.61,0,63,22.66,8.75,23,35,6.25,25,31,16.19,26,0.00,0.00,0.25,1,0.00,0.25,2.59,1.00,4,0.00,0.75,0.00,0.00,0.00,0.25,0.00,0.50,0.00,1.94,0.75,0.00,0.00,0.00,0.04,0.00,0.50,0.00,0.00,0,0,,3,0.75,79,0,0.00,22,3,1.94,96,3,2,2,86,0.00,99,0,1,0.65,40,1,28,0.65,42,0,0.00,99,0,0.00,0,0,0.00,0,0.65,46,0,0.00,9,0,0.00,0.00,0,0.00,0,0,0,0.00,0,2,0.00,16,1.29,72,N/A,N/A,N/A,N/A,0.00,0,0.00,0,0.14,0.00,0,71.43,0.00,22,99,0.00,0.00,0,12,12,0,0,0,0.00,0.00,0,29,26.44,1.50,3.88,6,0,0.00,0.00,99,0.00,0,0,0,0.00,0.00,0,0.00,0.00,0.65,0.25,1,0,0.00,56,0,0,56,17,0.09,26,0.02,0.06,0.14,52,0.04,0.09,95,4,1.00,2.59,1.94,0.75,88,3,0.09,51,27,79,81,0,94,54,0,0.00,99,2,0.00,1.29,12.95,5.00,20,10,85,83,6.47,2.50,50.00,3,1.94,7,0,0.00,0,0.00,99,0,0.00,0.00,28,0,57,74,0,0,0,0,0,41,56,74,68,0,99,88,15,99,3,75,99,32,0,0
Gonzalo Nicolas Zelarayán,22,1083135600,2004/04/28,Primera División,2026,Midfielder,Belgrano,14,3,11,Argentina,2,1,1,0,0,0,0,0,0,0,0,2,1,1,0,0,0,0,0,0,0,0,0,0,0,0,0,7,0,0,0,-1,-1,-1,17,0,3.10,0,63,32.14,2.50,55,5,1.50,3,7,19.29,37,0.00,0.00,0.00,0,0.00,2.00,0.00,0.00,0,0.00,1.00,0.00,0.00,0.00,0.00,0.00,0.00,0.00,0.00,0.00,1.00,0.00,0.00,0.00,0.00,0.50,0.00,0.00,0,0,,0,0.00,8,0,0.00,22,0,0.00,9,0,2,0,5,0.00,99,0,0,0.00,10,4,57,25.71,99,0,0.00,99,0,0.00,0,0,0.00,0,0.00,8,2,12.86,99,0,0.00,0.00,0,0.00,0,0,0,0.00,0,0,0.00,99,0.00,0,N/A,N/A,N/A,N/A,0.00,0,0.00,0,0.00,0.00,0,60.00,0.00,22,0,1.00,12.86,2,12,12,0,0,0,0.00,0.00,0,29,6.19,0.00,0.00,0,0,0.00,0.00,99,0.00,0,0,0,0.00,0.00,0,0.00,0.00,0.00,0.00,0,0,0.00,56,0,0,56,0,0.01,26,0.01,0.06,0.00,9,0.00,0.00,2,0,0.00,0.00,0.00,0.00,6,0,0.00,9,0,1,81,0,46,99,0,0.00,99,1,0.00,6.43,45.00,3.50,7,1,84,99,6.43,0.50,14.29,2,12.86,0,0,25.00,0,0.00,99,1,0.50,6.43,99,0,57,16,0,0,0,0,0,41,56,74,68,0,99,99,15,15,0,0,16,30,0,0
Gonzalo Pérez,25,978595200,2001/01/04,Primera División,2026,Defender,Lanús,326,175,151,Uruguay,7,3,4,0,0,0,0,0,0,0,0,3,2,1,4,0,4,1,0,0,0,0,0,0,0,1.1,82,47,326,0,0.28,529,527,159,27,0,6.59,0,63,62.94,32.57,98,228,26.86,188,81,51.90,97,0.00,0.00,0.29,2,0.00,1.00,2.21,1.14,8,0.00,0.14,0.00,0.00,0.00,0.29,0.00,0.57,0.00,0.28,0.00,0.00,0.00,0.14,0.02,0.00,0.43,0.00,0.00,0,0,,1,0.14,16,1,0.28,52,0,0.00,9,3,4,3,76,0.00,99,0,2,0.55,33,7,68,1.93,62,0,0.00,99,0,0.00,0,0,0.00,0,0.55,40,0,0.00,9,0,0.00,0.00,0,0.00,0,0,0,0.00,0,4,0.00,34,1.10,58,N/A,N/A,N/A,N/A,0.00,0,0.00,0,0.15,0.00,0,82.46,100.00,99,57,0.29,0.55,2,12,12,0,0,0,0.00,0.00,0,29,46.13,1.14,2.21,8,0,0.00,0.00,99,0.00,0,0,0,0.00,0.00,0,0.00,0.00,0.00,0.00,0,0,0.00,56,0,6,56,34,0.54,74,0.08,0.15,0.15,32,0.02,0.04,42,3,0.43,0.83,1.10,0.57,50,4,0.04,32,25,63,81,0,46,33,0,0.00,99,3,0.00,0.83,6.35,3.29,23,14,21,13,3.87,2.00,60.87,1,0.28,74,0,28.57,0,0.00,99,2,0.29,0.55,68,3,75,74,0,0,0,0,0,41,56,74,68,0,99,75,54,62,1,14,47,4,0,0
Gonzalo Requena,23,1046764800,2003/03/04,Primera División,2026,Defender,Instituto,0,0,0,Argentina,0,0,0,0,0,0,0,0,0,0,0,0,0,0,0,0,0,0,0,0,0,0,0,0,0,0,0,0,0,0,0,-1,-1,-1,-1,N/A,N/A,N/A,N/A,N/A,N/A,N/A,N/A,N/A,N/A,N/A,N/A,N/A,N/A,N/A,N/A,N/A,N/A,N/A,N/A,N/A,N/A,N/A,N/A,N/A,N/A,N/A,N/A,N/A,N/A,N/A,N/A,N/A,N/A,N/A,N/A,N/A,N/A,N/A,N/A,N/A,N/A,N/A,N/A,N/A,N/A,N/A,N/A,N/A,N/A,N/A,N/A,N/A,N/A,N/A,N/A,N/A,N/A,N/A,N/A,N/A,N/A,N/A,N/A,N/A,N/A,N/A,N/A,N/A,N/A,N/A,N/A,N/A,N/A,N/A,N/A,N/A,N/A,N/A,N/A,N/A,N/A,N/A,N/A,N/A,N/A,N/A,N/A,N/A,N/A,N/A,N/A,N/A,N/A,N/A,N/A,N/A,N/A,N/A,N/A,N/A,N/A,N/A,N/A,N/A,N/A,N/A,N/A,N/A,N/A,N/A,N/A,N/A,N/A,N/A,N/A,N/A,N/A,N/A,N/A,N/A,N/A,N/A,N/A,N/A,N/A,N/A,N/A,N/A,N/A,N/A,N/A,N/A,N/A,N/A,N/A,N/A,N/A,N/A,N/A,N/A,N/A,N/A,N/A,N/A,N/A,N/A,N/A,N/A,N/A,N/A,N/A,N/A,N/A,N/A,N/A,N/A,N/A,N/A,N/A,N/A,N/A,N/A,N/A,N/A,N/A,N/A,N/A,N/A,N/A,N/A,N/A,N/A,N/A,N/A,N/A,N/A,N/A,N/A,N/A,N/A,N/A,N/A,N/A,N/A,N/A,N/A,N/A,N/A,N/A,N/A,N/A,N/A,N/A,N/A,N/A,N/A,N/A,N/A,N/A,N/A,N/A,N/A,N/A,N/A,N/A,N/A,N/A,N/A,N/A,N/A,N/A,N/A,N/A,N/A,N/A,N/A,N/A,N/A,N/A,N/A,N/A,N/A,N/A
Gonzalo Sebastián Sosa,21,1110009600,2005/03/05,Primera División,2026,Midfielder,Racing Club,95,49,46,Argentina,3,2,1,0,0,0,0,0,0,0,0,1,1,0,1,0,1,0,0,0,0,0,0,0,0,0.95,95,32,0,0,0,-1,-1,-1,14,0,6.48,0,63,23.68,8.33,26,25,6.00,18,33,17.05,29,0.00,0.00,0.33,1,0.00,0.00,1.89,0.67,2,0.00,1.00,0.00,0.00,0.00,0.00,0.33,0.67,0.00,1.89,0.67,0.67,0.00,0.00,0.04,0.00,0.00,0.00,0.00,0,0,,2,0.67,77,0,0.00,22,2,1.89,95,4,2,1,65,0.00,99,0,0,0.00,10,0,28,0.00,12,0,0.00,99,0,0.00,0,0,0.00,0,0.95,64,2,1.89,68,1,0.95,50.00,0,0.00,0,0,0,0.00,0,2,0.00,46,1.89,92,N/A,N/A,N/A,N/A,0.00,0,0.00,0,0.11,0.00,0,72.00,0.00,22,99,0.00,0.00,0,73,66,0,0,0,0.00,0.00,0,29,19.44,0.00,0.00,0,0,0.00,0.00,99,0.00,0,0,0,0.00,0.00,0,0.00,0.00,0.00,0.00,0,0,0.00,56,0,0,56,46,0.07,36,0.02,0.07,0.11,54,0.04,0.10,2,0,0.00,0.00,1.89,0.67,87,2,0.10,53,17,1,81,0,46,1,0,0.00,99,0,0.00,0.00,11.37,4.00,12,3,10,69,2.84,1.00,25.00,3,2.84,1,0,0.00,0,0.00,99,0,0.00,0.00,28,0,57,84,0,0,0,0,0,41,56,74,68,0,99,54,15,15,0,0,16,44,0,0
Gonzalo Siri Payer,22,1061967600,2003/08/27,Primera División,2026,Goalkeeper,Argentinos Juniors,0,0,0,Argentina,0,0,0,0,0,0,0,0,0,0,0,0,0,0,0,0,0,0,0,0,0,0,0,0,0,0,0,0,0,0,0,-1,-1,-1,-1,N/A,N/A,N/A,N/A,N/A,N/A,N/A,N/A,N/A,N/A,N/A,N/A,N/A,N/A,N/A,N/A,N/A,N/A,N/A,N/A,N/A,N/A,N/A,N/A,N/A,N/A,N/A,N/A,N/A,N/A,N/A,N/A,N/A,N/A,N/A,N/A,N/A,N/A,N/A,N/A,N/A,N/A,N/A,N/A,N/A,N/A,N/A,N/A,N/A,N/A,N/A,N/A,N/A,N/A,N/A,N/A,N/A,N/A,N/A,N/A,N/A,N/A,N/A,N/A,N/A,N/A,N/A,N/A,N/A,N/A,N/A,N/A,N/A,N/A,N/A,N/A,N/A,N/A,N/A,N/A,N/A,N/A,N/A,N/A,N/A,N/A,N/A,N/A,N/A,N/A,N/A,N/A,N/A,N/A,N/A,N/A,N/A,N/A,N/A,N/A,N/A,N/A,N/A,N/A,N/A,N/A,N/A,N/A,N/A,N/A,N/A,N/A,N/A,N/A,N/A,N/A,N/A,N/A,N/A,N/A,N/A,N/A,N/A,N/A,N/A,N/A,N/A,N/A,N/A,N/A,N/A,N/A,N/A,N/A,N/A,N/A,N/A,N/A,N/A,N/A,N/A,N/A,N/A,N/A,N/A,N/A,N/A,N/A,N/A,N/A,N/A,N/A,N/A,N/A,N/A,N/A,N/A,N/A,N/A,N/A,N/A,N/A,N/A,N/A,N/A,N/A,N/A,N/A,N/A,N/A,N/A,N/A,N/A,N/A,N/A,N/A,N/A,N/A,N/A,N/A,N/A,N/A,N/A,N/A,N/A,N/A,N/A,N/A,N/A,N/A,N/A,N/A,N/A,N/A,N/A,N/A,N/A,N/A,N/A,N/A,N/A,N/A,N/A,N/A,N/A,N/A,N/A,N/A,N/A,N/A,N/A,N/A,N/A,N/A,N/A,N/A,N/A,N/A,N/A,N/A,N/A,N/A,N/A,N/A
Gregorio Rodríguez,26,948096000,2000/01/17,Primera División,2026,Forward,San Lorenzo,516,203,313,Argentina,13,5,8,2,1,1,0,0,0,0,0,7,3,4,3,1,2,0,0,0.35,0,0.35,0.44,0.29,258,0.52,172,40,0,0,0,45,244,-1,4,0,6.14,0,63,19.91,9.31,11,121,7.23,94,60,15.47,23,0.00,0.00,0.23,3,0.00,1.85,2.63,1.23,16,0.00,0.54,0.00,0.00,0.00,0.46,0.38,0.31,2.00,0.66,0.15,1.31,0.00,0.15,0.11,0.00,0.08,0.00,0.00,0,0,,4,0.31,38,2,0.33,57,2,0.33,26,1,7,6,87,0.00,99,0,6,0.99,57,24,33,3.95,85,0,0.00,99,0,0.00,0,0,0.00,0,0.49,36,17,2.80,82,5,0.82,29.41,0,0.00,0,0,0,0.00,0,4,0.00,90,0.66,14,N/A,N/A,N/A,N/A,0.00,0,0.00,0,1.45,0.00,0,77.69,50.00,91,9,0.62,1.32,8,66,24,0,0,0,0.00,0.00,0,29,79.79,0.46,0.99,6,0,0.00,0.00,99,0.00,0,0,1,0.08,0.16,0,0.00,0.00,0.16,0.08,1,0,50.00,99,18,49,65,89,0.28,18,0.02,0.05,1.45,80,0.11,0.24,14,2,0.15,0.33,1.48,0.69,72,9,0.24,78,9,34,95,0,67,4,0,0.00,99,1,0.00,0.16,10.53,4.92,64,24,23,58,3.95,1.85,37.50,7,1.15,27,0,12.50,0,0.00,99,3,0.23,0.49,65,27,92,41,0,0,0,0,0,83,92,89,92,0,99,92,15,15,0,0,16,17,0,0
Guido Herrera,34,699350400,1992/02/29,Primera División,2026,Goalkeeper,Talleres Córdoba,1530,720,810,Argentina,17,8,9,0,0,0,0,0,0,0,0,6,3,3,11,5,6,4,1,0,0,0,0,0,0,0.65,139,90,383,0,0.24,550,551,52,21,0,7.09,0,63,30.00,30.00,47,510,20.00,340,19,20.00,39,0.00,0.00,0.06,1,0.00,0.00,0.06,0.06,1,0.00,0.00,0.00,0.00,2.82,0.00,0.00,3.65,0.00,0.00,0.00,0.00,0.00,0.00,0.00,0.00,0.47,0.00,0.00,0,0,,0,0.00,8,0,0.00,22,0,0.00,9,0,0,17,6,0.00,99,0,0,0.00,10,0,28,0.00,12,0,0.00,99,0,0.00,0,0,0.00,0,0.06,9,0,0.00,9,0,0.00,0.00,0,0.00,0,48,81,2.82,53,62,0.00,79,3.65,95,N/A,N/A,N/A,N/A,77.42,0,0.00,0,0.00,0.00,0,66.67,0.00,22,99,0.00,0.00,0,12,12,0,0,34,0.00,0.00,0,29,120.54,1.29,1.29,22,0,0.00,0.00,99,0.00,0,0,0,0.00,0.00,8,0.47,0.47,0.00,0.00,0,0,0.00,56,96,94,56,79,0.76,11,0.04,0.04,0.00,9,0.00,0.00,15,6,0.35,0.35,0.00,0.00,6,0,0.00,9,92,42,81,66,46,20,0,0.00,99,8,0.00,0.47,0.71,0.71,12,12,6,5,0.71,0.71,100.00,0,0.00,99,0,0.00,0,0.00,99,0,0.00,0.00,28,95,30,16,0,0,0,0,0,41,56,74,68,0,99,56,64,54,3,18,57,22,0,0
Guido Mainero,31,795945600,1995/03/23,Primera División,2026,Forward,Platense,1077,513,564,Argentina,16,8,8,0,0,0,0,0,0,0,0,6,2,4,9,4,5,1,0,0,0,0,0,0,0,0.75,120,67,1077,0,0.08,441,432,-1,26,0,6.64,0,63,30.00,22.44,47,359,15.38,246,24,20.56,41,0.00,0.00,0.69,11,0.00,4.50,1.25,0.94,15,0.00,0.69,0.00,0.00,0.00,0.31,0.56,0.62,0.00,0.75,0.25,1.50,0.00,0.31,0.06,0.00,0.56,0.00,0.00,0,0,,9,0.56,42,5,0.42,64,4,0.33,26,4,2,14,35,0.00,99,0,5,0.42,27,72,40,6.02,96,0,0.00,99,0,0.00,0,0,0.00,0,0.92,62,24,2.01,70,9,0.75,37.50,0,0.00,0,0,0,0.00,0,10,0.00,67,0.84,32,N/A,N/A,N/A,N/A,0.00,0,0.00,0,0.90,0.00,0,68.52,55.56,92,75,0.25,0.33,4,62,38,0,0,0,0.06,0.08,1,33,106.25,0.75,1.00,12,0,0.00,0.00,99,0.00,0,0,0,0.00,0.00,0,0.00,0.00,0.17,0.12,2,0,0.00,56,66,88,56,67,0.87,36,0.05,0.07,0.90,48,0.06,0.08,63,15,0.94,1.25,0.84,0.62,34,10,0.08,48,31,35,81,0,69,31,0,0.00,99,9,0.00,0.75,8.69,6.50,104,45,20,35,3.76,2.81,43.27,11,0.92,38,0,18.06,0,0.00,99,13,0.81,1.09,85,78,57,84,0,0,0,0,0,41,56,74,68,0,99,65,94,21,1,6,21,7,0,0
Guido Marcelo Carrillo,35,675154800,1991/05/25,Primera División,2026,Forward,Estudiantes,972,625,347,Argentina,12,8,4,1,1,0,1,0,1,0,0,6,4,2,5,3,2,0,0,0.19,0.09,0.09,0.14,0,972,0.46,194,81,0,972,0,198,147,-1,7,0,6.96,0.08,74,20.19,18.17,11,218,11.92,143,18,13.24,14,0.00,0.00,1.33,16,0.00,0.00,0.65,0.58,7,0.00,0.33,0.00,0.00,0.00,0.08,0.17,0.42,33.00,3.06,1.50,0.42,0.00,1.25,0.29,0.00,4.17,0.00,0.00,0,0,,33,2.75,97,15,1.39,98,18,1.67,91,2,1,11,14,0.00,99,0,1,0.09,12,0,28,0.00,12,0,0.00,99,0,0.00,0,0,0.00,0,1.48,84,5,0.46,24,2,0.19,40.00,0,0.00,0,0,0,0.00,0,5,0.00,94,0.46,4,N/A,N/A,N/A,N/A,0.00,0,0.00,0,3.54,0.00,0,65.60,45.45,80,73,0.33,0.37,4,23,43,0,0,0,0.08,0.09,1,34,83.47,1.42,1.57,17,0,0.00,0.00,99,0.00,0,0,0,0.00,0.00,0,0.00,0.00,0.28,0.25,3,0,3.03,56,58,39,92,93,1.57,74,0.13,0.15,3.54,89,0.29,0.33,30,7,0.58,0.65,0.93,0.83,39,10,0.33,88,81,51,81,0,79,97,0,0.00,99,50,0.00,4.63,11.02,9.92,119,64,75,65,5.93,5.33,53.78,4,0.37,69,0,0.00,0,0.00,99,0,0.00,0.00,28,59,44,57,0,0,0,0,0,67,64,74,73,0,99,88,15,15,0,0,16,9,0,0
Guillermo Enrique,26,951379200,2000/02/24,Primera División,2026,Defender,Aldosivi,284,127,157,Argentina,7,3,4,0,0,0,0,0,0,0,0,2,2,0,5,2,3,1,0,0,0,0,0,0,0,1.58,57,41,284,0,0.32,277,263,227,10,0,6.61,0,63,26.08,11.71,35,82,8.29,58,30,18.45,34,0.00,0.00,0.57,4,0.00,3.57,2.23,1.00,7,0.00,0.43,0.00,0.00,0.00,0.71,1.43,0.71,0.00,1.27,0.57,3.00,0.00,0.00,0.02,0.00,0.29,0.00,0.00,0,0,,4,0.57,63,0,0.00,22,4,1.27,79,1,5,2,77,0.00,99,0,5,1.59,86,25,45,7.95,98,0,0.00,99,0,0.00,0,0,0.00,0,1.27,77,21,6.68,99,10,3.18,47.62,0,0.00,0,0,0,0.00,0,5,0.00,5,1.59,87,N/A,N/A,N/A,N/A,0.00,0,0.00,0,0.17,0.00,0,70.73,0.00,22,48,0.29,0.64,2,99,56,0,0,0,0.14,0.32,1,69,46.25,1.43,3.18,10,0,0.00,0.00,99,0.00,0,0,0,0.00,0.00,0,0.00,0.00,0.00,0.00,0,0,0.00,56,0,6,56,5,0.29,47,0.04,0.09,0.17,36,0.02,0.05,64,4,0.57,1.27,0.32,0.14,9,1,0.05,36,27,75,81,0,46,27,0,0.00,99,2,0.00,0.64,13.99,6.29,44,23,93,89,7.31,3.29,52.27,3,0.95,36,0,20.00,0,0.00,99,5,0.71,1.59,95,0,82,41,0,0,0,0,0,41,56,74,68,0,99,39,48,69,1,14,47,2,0,0
Guillermo Matías Fernández,34,687164400,1991/10/11,Primera División,2026,Midfielder,Rosario Central,526,256,270,Argentina,11,5,6,0,0,0,1,1,0,0,0,2,0,2,7,2,5,2,0,0.17,0.17,0,0,0,0,1.2,75,48,263,526,0.34,302,88,-1,18,0,6.82,0.09,85,56.82,31.91,95,351,28.55,314,99,50.83,97,0.00,0.00,1.18,13,0.00,0.27,1.13,0.64,7,0.00,0.27,0.00,0.00,0.00,0.45,0.55,0.73,0.00,0.97,0.36,1.00,0.00,0.18,0.04,0.00,0.27,0.00,0.00,0,0,,6,0.55,52,2,0.32,56,4,0.65,52,4,5,6,29,0.00,99,0,5,0.81,48,3,99,0.49,38,0,0.00,99,0,0.00,0,0,0.00,0,2.10,96,11,1.78,66,6,0.97,54.55,0,0.00,0,0,0,0.00,0,8,0.00,24,1.29,72,N/A,N/A,N/A,N/A,0.00,0,0.00,0,0.40,0.00,0,89.46,33.33,62,77,0.18,0.32,2,75,70,0,0,0,0.09,0.16,1,47,75.06,0.45,0.81,5,0,0.00,0.00,99,0.00,0,0,1,0.09,0.16,0,0.00,0.00,0.00,0.00,0,0,0.00,56,20,31,56,24,1.70,95,0.15,0.28,0.40,42,0.04,0.06,40,5,0.45,0.81,0.65,0.36,22,4,0.06,42,59,27,95,0,46,20,0,0.00,99,3,0.00,0.49,5.99,3.36,37,21,15,11,3.40,1.91,56.76,3,0.49,63,0,100.00,0,0.00,99,3,0.27,0.49,65,27,82,84,0,0,0,0,0,65,56,74,68,0,99,10,44,72,2,18,57,28,0,0
Guillermo Soto,32,758188800,1994/01/10,Primera División,2026,Defender,Tigre,296,101,195,Chile,5,2,3,0,0,0,0,0,0,0,0,1,1,0,3,1,2,0,0,0,0,0,0,0,0,0.91,99,59,0,0,0,323,314,122,24,0,6.53,0,63,29.49,19.40,45,97,14.20,71,37,21.59,46,0.00,0.00,0.80,4,0.00,3.60,0.61,0.40,2,0.00,0.20,0.00,0.00,0.00,0.20,0.60,0.60,0.00,0.61,0.40,1.20,0.00,0.00,0.02,0.00,0.40,0.00,0.00,0,0,,2,0.40,35,0,0.00,22,2,0.61,50,0,2,3,13,0.00,99,0,1,0.30,22,18,64,5.47,95,0,0.00,99,0,0.00,0,0,0.00,0,1.22,75,6,1.82,67,3,0.91,50.00,0,0.00,0,0,0,0.00,0,3,0.00,49,0.91,39,N/A,N/A,N/A,N/A,0.00,0,0.00,0,0.10,0.00,0,73.20,0.00,22,52,0.40,0.61,2,71,66,0,0,0,0.20,0.30,1,66,32.66,2.60,3.95,13,0,0.00,0.00,99,0.00,0,0,0,0.00,0.00,0,0.00,0.00,0.00,0.00,0,0,0.00,56,0,1,56,49,0.33,54,0.07,0.10,0.10,26,0.02,0.03,2,0,0.00,0.00,1.82,1.20,85,6,0.03,26,19,80,81,0,46,26,0,0.00,99,2,0.00,0.61,6.69,4.40,22,7,8,14,2.13,1.40,31.82,1,0.30,73,0,27.78,0,0.00,99,5,1.00,1.52,95,3,57,16,0,0,0,0,0,41,56,74,68,0,99,15,15,15,0,0,16,17,0,0
Gustavo Abregú,29,867999600,1997/07/04,Primera División,2026,Midfielder,Instituto,1077,523,554,Argentina,14,7,7,0,0,0,1,1,0,0,0,4,2,2,10,5,5,1,0,0.08,0.08,0,0,0,0,0.84,108,77,1077,1077,0.08,378,162,-1,19,0,6.81,0.07,71,34.01,29.07,62,407,24.14,338,83,28.25,66,0.00,0.00,0.71,10,0.00,0.07,1.17,1.00,14,0.00,0.36,0.00,0.00,0.00,1.14,0.07,0.71,0.00,0.42,0.36,0.21,0.00,0.00,0.02,0.00,1.43,0.00,0.00,0,0,,5,0.36,23,0,0.00,22,5,0.42,34,3,2,12,31,0.00,99,0,16,1.34,75,1,28,0.08,17,0,0.00,99,0,0.00,0,0,0.00,0,0.84,59,3,0.25,19,1,0.08,33.33,0,0.00,0,0,0,0.00,0,10,0.00,58,0.84,32,N/A,N/A,N/A,N/A,0.00,0,0.00,0,0.26,0.00,0,83.05,0.00,22,54,0.50,0.58,7,16,32,0,0,0,0.07,0.08,1,33,95.27,1.14,1.34,16,0,0.00,0.00,99,0.00,0,0,0,0.00,0.00,0,0.00,0.00,0.08,0.07,1,0,0.00,56,66,61,56,59,1.76,74,0.13,0.15,0.26,20,0.02,0.02,19,5,0.36,0.42,0.67,0.57,22,8,0.02,20,57,45,81,0,54,65,0,0.00,99,20,0.00,1.67,6.18,5.29,74,40,14,12,3.34,2.86,54.05,5,0.42,66,0,0.00,0,0.00,99,0,0.00,0.00,28,65,57,74,0,0,0,0,0,48,56,74,68,0,99,39,94,21,1,7,25,55,0,0
Guzmán Corujo,29,838969200,1996/08/02,Primera División,2026,Defender,San Lorenzo,162,90,72,Uruguay,4,1,3,0,0,0,0,0,0,0,0,0,0,0,5,4,1,0,0,0,0,0,0,0,0,2.78,32,41,0,0,0,-1,-1,-1,11,0,4.80,0,63,46.41,24.75,87,99,21.25,85,94,39.84,90,0.00,0.00,0.00,0,0.00,0.25,2.34,1.25,5,0.00,0.50,0.00,0.00,0.00,0.25,0.00,1.75,0.00,0.47,0.25,0.00,0.00,0.00,0.01,0.00,0.75,0.00,0.00,0,0,,1,0.25,26,0,0.00,22,1,0.47,39,0,2,2,80,0.00,99,0,1,0.47,29,1,28,0.47,37,0,0.00,99,0,0.00,0,0,0.00,0,0.00,8,0,0.00,9,0,0.00,0.00,0,0.00,0,0,0,0.00,0,7,0.00,0,3.28,94,N/A,N/A,N/A,N/A,0.00,0,0.00,0,0.05,0.00,0,85.86,0.00,22,26,0.50,0.94,2,12,12,0,0,0,0.50,0.94,2,97,19.21,1.50,2.81,6,0,0.00,0.00,99,0.00,0,0,0,0.00,0.00,0,0.00,0.00,0.00,0.00,0,0,0.00,56,0,0,56,0,0.19,47,0.05,0.09,0.05,20,0.01,0.02,22,1,0.25,0.47,0.94,0.50,39,2,0.02,20,1,72,81,0,46,58,0,0.00,99,3,0.00,1.41,9.38,5.00,20,9,31,45,4.22,2.25,45.00,2,0.94,36,0,0.00,0,0.00,99,0,0.00,0.00,28,0,57,16,0,0,0,0,0,41,56,74,68,0,99,1,15,15,0,0,16,16,0,0
Héctor David Martínez,28,885369600,1998/01/21,Primera División,2026,Defender,Defensa y Justicia,934,457,477,Argentina,12,6,6,0,0,0,1,0,1,0,0,4,2,2,12,5,7,5,0,0.1,0.1,0,0,0,0,1.16,78,78,187,934,0.48,409,137,179,26,0,6.84,0.08,76,48.47,41.92,89,503,33.42,401,70,38.64,88,0.00,0.00,0.58,7,0.00,0.33,2.41,2.08,25,0.00,0.33,0.00,0.00,0.00,1.58,0.33,1.00,0.00,1.06,0.75,0.83,0.00,0.17,0.05,0.00,0.92,0.00,0.00,0,0,,11,0.92,55,2,0.19,42,9,0.87,63,2,0,12,83,0.00,99,0,19,1.83,92,4,95,0.39,33,0,0.00,99,0,0.00,0,0,0.00,0,0.67,47,10,0.96,43,4,0.39,40.00,0,0.00,0,0,0,0.00,0,12,0.00,27,1.16,62,N/A,N/A,N/A,N/A,0.00,0,0.00,0,0.62,0.00,0,79.72,18.18,32,30,0.75,0.87,9,43,43,0,0,0,0.33,0.39,4,76,82.09,5.58,6.46,67,0,0.00,0.00,99,0.00,0,0,0,0.00,0.00,0,0.00,0.00,0.00,0.00,0,0,0.00,56,56,39,56,28,1.75,80,0.15,0.17,0.62,42,0.05,0.06,23,5,0.42,0.48,1.54,1.33,75,16,0.06,42,63,93,81,0,46,44,0,0.00,99,11,0.00,1.06,8.38,7.25,87,44,32,30,4.24,3.67,50.57,4,0.39,68,0,50.00,0,0.00,99,2,0.17,0.19,43,65,30,57,0,0,0,0,0,51,56,74,68,0,99,54,27,88,5,42,96,21,0,0
Héctor Jonás Acevedo,29,855216000,1997/02/06,Primera División,2026,Forward,Instituto,162,96,66,Argentina,7,3,4,0,0,0,0,0,0,0,0,2,1,1,4,2,2,0,0,0,0,0,0,0,0,2.22,41,23,0,0,0,-1,-1,-1,26,0,5.59,0,63,38.10,9.86,72,69,8.00,56,76,30.92,75,0.00,0.00,0.43,3,0.00,0.86,1.66,0.43,3,0.00,0.29,0.00,0.00,0.00,0.14,0.00,0.57,0.00,1.10,0.29,0.14,0.00,0.00,0.02,0.00,0.14,0.00,0.00,0,0,,2,0.29,55,0,0.00,22,2,1.10,72,3,6,1,54,0.00,99,0,1,0.55,33,6,39,3.31,79,0,0.00,99,0,0.00,0,0,0.00,0,1.66,90,1,0.55,27,0,0.00,0.00,0,0.00,0,0,0,0.00,0,4,0.00,0,2.21,93,N/A,N/A,N/A,N/A,0.00,0,0.00,0,0.11,0.00,0,81.16,0.00,22,57,0.14,0.55,1,12,12,0,0,0,0.14,0.55,1,85,39.15,0.14,0.55,1,0,0.00,0.00,99,0.00,0,0,0,0.00,0.00,0,0.00,0.00,0.55,0.14,1,0,0.00,56,0,6,56,0,0.27,74,0.04,0.15,0.11,42,0.02,0.06,78,3,0.43,1.66,1.66,0.43,81,3,0.06,42,2,16,81,0,92,23,0,0.00,99,1,0.00,0.55,8.83,2.29,16,7,21,37,3.87,1.00,43.75,2,1.10,29,0,16.67,0,0.00,99,1,0.14,0.55,68,0,88,74,0,0,0,0,0,41,56,74,68,0,99,39,15,15,0,0,16,8,0,0
Hernán De La Fuente,29,852624000,1997/01/07,Primera División,2026,Defender,Instituto,47,3,44,Argentina,2,1,1,0,0,0,0,0,0,0,0,1,1,0,1,0,1,0,0,0,0,0,0,0,0,1.91,47,24,0,0,0,-1,-1,-1,25,0,3.20,0,63,28.72,7.50,42,15,4.50,9,7,17.23,30,0.00,0.00,0.00,0,0.00,1.00,3.83,1.00,2,0.00,0.50,0.00,0.00,0.00,0.00,0.00,0.50,0.00,1.91,0.00,0.00,0.00,0.50,0.06,0.00,0.00,0.00,0.00,0,0,,1,0.50,77,1,1.91,99,0,0.00,9,0,2,0,98,0.00,99,0,0,0.00,10,2,95,3.83,84,0,0.00,99,0,0.00,0,0,0.00,0,0.00,8,0,0.00,9,0,0.00,0.00,0,0.00,0,0,0,0.00,0,1,0.00,2,1.91,92,N/A,N/A,N/A,N/A,0.00,0,0.00,0,0.11,0.00,0,60.00,100.00,99,99,0.00,0.00,0,12,12,0,0,0,0.00,0.00,0,29,6.40,0.00,0.00,0,0,0.00,0.00,99,0.00,0,0,0,0.00,0.00,0,0.00,0.00,0.00,0.00,0,0,0.00,56,0,0,56,2,0.02,11,0.01,0.04,0.11,76,0.06,0.21,84,1,0.50,1.91,1.91,0.50,87,1,0.21,74,0,1,81,0,46,1,0,0.00,99,0,0.00,0.00,9.57,2.50,5,3,72,46,5.74,1.50,60.00,1,1.91,8,0,50.00,0,0.00,99,1,0.50,1.91,97,0,57,16,0,0,0,0,0,41,56,74,68,0,99,88,15,15,0,0,16,2,0,0
Hernán Ismael Galíndez,39,544089600,1987/03/30,Primera División,2026,Goalkeeper,Huracán,1530,630,900,Argentina,17,7,10,0,0,0,0,0,0,0,0,6,2,4,13,8,5,0,0,0,0,0,0,0,0,0.76,118,90,0,0,0,456,448,81,16,0,7.00,0,63,28.87,30.00,42,510,18.71,318,10,18.00,33,0.00,0.00,0.06,1,0.00,0.00,0.00,0.00,0,0.00,0.06,0.00,0.00,2.65,0.00,0.00,3.59,0.00,0.00,0.00,0.00,0.00,0.00,0.00,0.00,0.24,0.00,0.00,0,0,,0,0.00,8,0,0.00,22,0,0.00,9,0,0,17,5,0.00,99,0,0,0.00,10,0,28,0.00,12,0,0.00,99,0,0.00,0,0,0.00,0,0.06,9,0,0.00,9,0,0.00,0.00,0,0.00,0,45,53,2.55,33,61,0.00,65,3.45,95,N/A,N/A,N/A,N/A,73.77,0,0.00,0,0.00,0.00,0,62.35,0.00,22,93,0.06,0.06,1,12,12,0,0,30,0.00,0.00,0,29,118.96,0.59,0.57,10,0,0.00,0.00,99,0.00,2,0,0,0.00,0.00,7,0.41,0.40,0.00,0.00,0,0,0.00,56,96,94,56,65,0.72,11,0.04,0.04,0.00,9,0.00,0.00,4,2,0.12,0.11,0.00,0.00,6,0,0.00,9,84,17,81,54,46,8,0,0.00,99,4,0.00,0.23,0.57,0.59,10,8,3,4,0.45,0.47,80.00,1,0.06,88,0,0.00,0,0.00,99,0,0.00,0.00,28,95,30,16,0,0,0,0,0,41,56,74,68,0,99,56,15,15,0,0,16,1,0,0
Hernán López Muñoz,25,968310000,2000/09/07,Primera División,2026,Midfielder,Argentinos Juniors,832,624,208,Argentina,14,10,4,2,2,0,2,1,1,0,0,7,6,1,7,4,3,2,1,0.43,0.22,0.22,0.29,0,416,0.76,119,59,277,416,0.32,85,61,-1,6,0,6.78,0.14,91,29.97,20.50,47,287,14.07,197,24,20.57,41,0.00,0.00,1.21,17,0.00,2.79,1.25,0.86,12,0.00,1.36,0.00,0.00,0.00,0.21,0.64,0.50,14.00,2.92,1.14,2.57,0.00,0.86,0.24,0.00,0.21,0.00,0.00,0,0,,28,2.00,95,12,1.25,95,16,1.67,91,4,2,12,35,0.00,99,0,3,0.31,23,39,46,4.07,86,0,0.00,99,0,0.00,0,0,0.00,0,1.77,93,36,3.76,92,9,0.94,25.00,0,0.00,0,0,0,0.00,0,7,0.00,65,0.73,19,N/A,N/A,N/A,N/A,0.00,0,0.00,0,3.29,0.00,0,68.64,42.86,77,32,0.57,0.84,8,73,21,0,0,0,0.00,0.00,0,29,94.98,0.14,0.21,2,0,0.00,0.00,99,0.00,0,0,1,0.07,0.10,0,0.00,0.00,0.31,0.21,3,0,7.14,65,48,61,71,66,2.24,90,0.16,0.23,3.29,90,0.24,0.34,91,21,1.50,2.19,1.67,1.14,81,16,0.34,90,51,5,90,0,81,10,0,0.00,99,3,0.00,0.31,12.42,8.50,119,45,44,79,4.70,3.21,37.82,19,1.98,7,0,20.51,0,0.00,99,8,0.57,0.84,79,65,57,84,0,0,0,0,0,90,86,74,86,0,99,88,46,69,1,7,25,23,0,0
Horacio Gabriel Tijanovich,30,825494400,1996/02/28,Primera División,2026,Forward,Central Córdoba SdE,593,204,389,Argentina,13,7,6,0,0,0,2,2,0,0,0,6,4,2,6,2,4,4,0,0.3,0.3,0,0,0,0,0.91,99,46,148,297,0.61,381,28,-1,17,0,6.69,0.15,96,15.93,7.92,4,103,5.15,67,16,10.36,5,0.00,0.00,0.69,9,0.00,2.00,1.08,0.54,7,0.00,0.46,0.00,0.00,0.00,0.31,0.15,0.46,0.00,1.39,0.15,0.69,0.00,0.54,0.08,0.00,1.00,0.00,0.00,0,0,,9,0.69,65,7,1.08,92,2,0.31,25,2,7,6,26,0.00,99,0,4,0.62,37,26,51,4.02,85,0,0.00,99,0,0.00,0,0,0.00,0,1.39,81,9,1.39,56,2,0.31,22.22,0,0.00,0,0,0,0.00,0,6,0.00,49,0.93,41,N/A,N/A,N/A,N/A,0.00,0,0.00,0,1.03,0.00,0,65.05,77.78,98,38,0.38,0.77,5,34,18,0,0,0,0.00,0.00,0,29,86.97,1.00,2.01,13,0,0.00,0.00,99,0.00,0,0,0,0.00,0.00,0,0.00,0.00,0.62,0.31,4,0,0.00,56,27,49,56,49,1.64,93,0.13,0.25,1.03,68,0.08,0.16,96,18,1.38,2.78,1.55,0.77,76,10,0.16,66,37,60,81,0,93,72,0,0.00,99,13,0.00,2.01,12.06,6.00,78,40,81,77,6.19,3.08,51.28,6,0.93,37,0,23.08,0,0.00,99,6,0.46,0.93,82,27,92,57,0,0,0,0,0,80,56,74,68,0,99,81,20,95,4,31,89,11,0,0
Hugo Martín Nervo,35,663148800,1991/01/06,Primera División,2026,Defender,Huracán,239,32,207,Argentina,8,4,4,1,1,0,0,0,0,0,0,3,2,1,1,0,1,1,0,0.38,0,0.38,2.81,0,239,0.38,239,30,239,0,0.38,-1,-1,-1,5,0,6.77,0,63,23.70,9.88,26,79,5.75,46,5,13.80,16,0.00,0.00,0.00,0,0.00,0.12,0.90,0.38,3,0.00,0.00,0.00,0.00,0.00,0.62,0.00,0.38,3.00,0.90,0.00,0.00,0.00,0.38,0.12,0.00,1.62,0.00,0.00,0,0,,3,0.38,51,3,0.90,87,0,0.00,9,0,6,2,21,0.00,99,0,5,1.50,83,1,99,0.30,29,0,0.00,99,0,0.00,0,0,0.00,0,0.00,8,0,0.00,9,0,0.00,0.00,0,0.00,0,0,0,0.00,0,3,0.00,97,0.90,39,N/A,N/A,N/A,N/A,0.00,0,0.00,0,0.97,0.00,0,58.23,100.00,99,53,0.25,0.60,2,12,12,0,0,0,0.38,0.90,3,97,54.18,3.88,9.30,31,0,0.00,0.00,99,0.00,0,0,0,0.00,0.00,0,0.00,0.00,0.00,0.00,0,0,33.33,99,0,11,63,97,0.09,6,0.01,0.03,0.97,86,0.12,0.29,12,1,0.12,0.30,0.00,0.00,6,0,0.29,85,50,99,81,0,46,96,0,0.00,99,13,0.00,3.90,8.70,3.62,29,17,55,35,5.10,2.12,58.62,0,0.00,99,0,100.00,0,0.00,99,1,0.12,0.30,55,0,88,16,0,0,0,0,0,86,94,74,99,0,99,65,38,78,0,0,16,21,0,0
Ian Acosta,19,1181286000,2007/06/08,Primera División,2026,Centre Back,Aldosivi,0,0,0,Argentina,0,0,0,0,0,0,0,0,0,0,0,0,0,0,0,0,0,0,0,0,0,0,0,0,0,0,0,0,0,0,0,-1,-1,-1,-1,N/A,N/A,N/A,N/A,N/A,N/A,N/A,N/A,N/A,N/A,N/A,N/A,N/A,N/A,N/A,N/A,N/A,N/A,N/A,N/A,N/A,N/A,N/A,N/A,N/A,N/A,N/A,N/A,N/A,N/A,N/A,N/A,N/A,N/A,N/A,N/A,N/A,N/A,N/A,N/A,N/A,N/A,N/A,N/A,N/A,N/A,N/A,N/A,N/A,N/A,N/A,N/A,N/A,N/A,N/A,N/A,N/A,N/A,N/A,N/A,N/A,N/A,N/A,N/A,N/A,N/A,N/A,N/A,N/A,N/A,N/A,N/A,N/A,N/A,N/A,N/A,N/A,N/A,N/A,N/A,N/A,N/A,N/A,N/A,N/A,N/A,N/A,N/A,N/A,N/A,N/A,N/A,N/A,N/A,N/A,N/A,N/A,N/A,N/A,N/A,N/A,N/A,N/A,N/A,N/A,N/A,N/A,N/A,N/A,N/A,N/A,N/A,N/A,N/A,N/A,N/A,N/A,N/A,N/A,N/A,N/A,N/A,N/A,N/A,N/A,N/A,N/A,N/A,N/A,N/A,N/A,N/A,N/A,N/A,N/A,N/A,N/A,N/A,N/A,N/A,N/A,N/A,N/A,N/A,N/A,N/A,N/A,N/A,N/A,N/A,N/A,N/A,N/A,N/A,N/A,N/A,N/A,N/A,N/A,N/A,N/A,N/A,N/A,N/A,N/A,N/A,N/A,N/A,N/A,N/A,N/A,N/A,N/A,N/A,N/A,N/A,N/A,N/A,N/A,N/A,N/A,N/A,N/A,N/A,N/A,N/A,N/A,N/A,N/A,N/A,N/A,N/A,N/A,N/A,N/A,N/A,N/A,N/A,N/A,N/A,N/A,N/A,N/A,N/A,N/A,N/A,N/A,N/A,N/A,N/A,N/A,N/A,N/A,N/A,N/A,N/A,N/A,N/A,N/A,N/A,N/A,N/A,N/A,N/A
Ian Martin Subiabre,19,1167638400,2007/01/01,Primera División,2026,Forward,River Plate,778,397,381,Argentina,17,9,8,1,1,0,2,1,1,0,0,7,3,4,5,3,2,3,0,0.35,0.23,0.12,0.23,0,778,0.58,156,46,259,389,0.35,175,55,-1,9,0,6.30,0.12,92,31.30,16.53,51,281,12.12,206,37,22.95,50,0.00,0.00,0.88,15,0.00,2.71,0.89,0.47,8,0.00,1.18,0.00,0.00,0.00,0.35,0.94,0.35,20.00,2.23,0.76,2.35,0.00,0.41,0.11,0.00,0.29,0.00,0.00,0,0,,20,1.18,85,7,0.78,84,13,1.45,85,1,8,9,20,0.00,99,0,6,0.67,42,46,33,5.12,94,0,0.00,99,0,0.00,0,0,0.00,0,1.67,90,40,4.46,95,16,1.78,40.00,0,0.00,0,0,0,0.00,0,6,0.00,86,0.67,15,N/A,N/A,N/A,N/A,0.00,0,0.00,0,1.95,0.00,0,73.31,35.00,63,37,0.41,0.78,7,92,43,0,0,0,0.06,0.11,1,38,107.10,0.18,0.33,3,0,0.00,0.00,99,0.00,0,0,1,0.06,0.11,0,0.00,0.00,0.00,0.00,0,1,5.00,58,44,94,89,85,2.16,92,0.13,0.24,1.95,78,0.11,0.22,74,14,0.82,1.56,2.23,1.18,93,20,0.22,76,13,9,91,0,46,24,0,0.00,99,5,0.00,0.56,13.92,7.35,125,43,47,88,4.79,2.53,34.40,20,2.23,5,0,13.04,0,0.00,99,6,0.35,0.67,73,48,95,41,0,0,0,0,0,83,70,74,80,0,99,71,43,73,3,18,57,38,0,0
Ignacio Agustín Rodríguez,24,1014364800,2002/02/22,Primera División,2026,Midfielder,Racing Club,6,0,6,Argentina,2,0,2,0,0,0,0,0,0,0,0,2,0,2,0,0,0,0,0,0,0,0,0,0,0,0,0,3,0,0,0,-1,-1,-1,19,0,3.23,0,63,38.57,1.50,73,3,1.50,3,99,38.57,88,0.00,0.00,0.00,0,0.00,0.00,0.00,0.00,0,0.00,0.00,0.00,0.00,0.00,0.00,0.00,0.00,0.00,0.00,0.00,0.00,0.00,0.00,0.00,0.00,0.00,0.00,0.00,0,0,,0,0.00,8,0,0.00,22,0,0.00,9,0,2,0,5,0.00,99,0,0,0.00,10,0,28,0.00,12,0,0.00,99,0,0.00,0,0,0.00,0,0.00,8,0,0.00,9,0,0.00,0.00,0,0.00,0,0,0,0.00,0,0,0.00,99,0.00,0,N/A,N/A,N/A,N/A,0.00,0,0.00,0,0.00,0.00,0,100.00,0.00,22,99,0.00,0.00,0,12,12,0,0,0,0.00,0.00,0,29,6.47,0.00,0.00,0,0,0.00,0.00,99,0.00,0,0,0,0.00,0.00,0,0.00,0.00,0.00,0.00,0,0,0.00,56,0,0,56,0,0.01,66,0.01,0.13,0.00,9,0.00,0.00,2,0,0.00,0.00,12.86,0.50,99,1,0.00,9,0,1,81,0,46,1,0,0.00,99,0,0.00,0.00,12.86,0.50,1,0,0,82,0.00,0.00,0.00,0,0.00,99,0,0.00,0,0.00,99,0,0.00,0.00,28,0,57,16,0,0,0,0,0,41,56,74,68,0,99,99,15,15,0,0,16,19,0,0
Ignacio Alastra,18,1193641200,2007/10/29,Primera División,2026,Forward,Talleres Córdoba,0,0,0,Argentina,0,0,0,0,0,0,0,0,0,0,0,0,0,0,0,0,0,0,0,0,0,0,0,0,0,0,0,0,0,0,0,-1,-1,-1,-1,N/A,N/A,N/A,N/A,N/A,N/A,N/A,N/A,N/A,N/A,N/A,N/A,N/A,N/A,N/A,N/A,N/A,N/A,N/A,N/A,N/A,N/A,N/A,N/A,N/A,N/A,N/A,N/A,N/A,N/A,N/A,N/A,N/A,N/A,N/A,N/A,N/A,N/A,N/A,N/A,N/A,N/A,N/A,N/A,N/A,N/A,N/A,N/A,N/A,N/A,N/A,N/A,N/A,N/A,N/A,N/A,N/A,N/A,N/A,N/A,N/A,N/A,N/A,N/A,N/A,N/A,N/A,N/A,N/A,N/A,N/A,N/A,N/A,N/A,N/A,N/A,N/A,N/A,N/A,N/A,N/A,N/A,N/A,N/A,N/A,N/A,N/A,N/A,N/A,N/A,N/A,N/A,N/A,N/A,N/A,N/A,N/A,N/A,N/A,N/A,N/A,N/A,N/A,N/A,N/A,N/A,N/A,N/A,N/A,N/A,N/A,N/A,N/A,N/A,N/A,N/A,N/A,N/A,N/A,N/A,N/A,N/A,N/A,N/A,N/A,N/A,N/A,N/A,N/A,N/A,N/A,N/A,N/A,N/A,N/A,N/A,N/A,N/A,N/A,N/A,N/A,N/A,N/A,N/A,N/A,N/A,N/A,N/A,N/A,N/A,N/A,N/A,N/A,N/A,N/A,N/A,N/A,N/A,N/A,N/A,N/A,N/A,N/A,N/A,N/A,N/A,N/A,N/A,N/A,N/A,N/A,N/A,N/A,N/A,N/A,N/A,N/A,N/A,N/A,N/A,N/A,N/A,N/A,N/A,N/A,N/A,N/A,N/A,N/A,N/A,N/A,N/A,N/A,N/A,N/A,N/A,N/A,N/A,N/A,N/A,N/A,N/A,N/A,N/A,N/A,N/A,N/A,N/A,N/A,N/A,N/A,N/A,N/A,N/A,N/A,N/A,N/A,N/A,N/A,N/A,N/A,N/A,N/A,N/A
Ignacio Francisco Chicco,30,836118000,1996/06/30,Primera División,2026,Goalkeeper,Aldosivi,90,90,0,Argentina,1,1,0,0,0,0,0,0,0,0,0,0,0,0,1,1,0,0,0,0,0,0,0,0,0,1,90,90,0,0,0,-1,-1,-1,17,0,7.47,0,63,21.00,21.00,16,21,13.00,13,9,13.00,12,0.00,0.00,0.00,0,0.00,0.00,0.00,0.00,0,0.00,0.00,0.00,0.00,4.00,0.00,0.00,5.00,0.00,0.00,0.00,0.00,0.00,0.00,0.00,0.00,0.00,0.00,0.00,0,0,,0,0.00,8,0,0.00,22,0,0.00,9,0,0,1,5,0.00,99,0,0,0.00,10,0,28,0.00,12,0,0.00,99,0,0.00,0,0,0.00,0,0.00,8,0,0.00,9,0,0.00,0.00,0,0.00,0,4,86,4.00,89,5,0.00,41,5.00,99,N/A,N/A,N/A,N/A,80.00,0,0.00,0,0.00,0.00,0,61.90,0.00,22,99,0.00,0.00,0,12,12,0,0,2,0.00,0.00,0,29,7.47,4.00,4.00,4,0,0.00,0.00,99,0.00,0,0,0,0.00,0.00,4,4.00,4.00,0.00,0.00,0,0,0.00,56,0,0,56,41,0.03,6,0.03,0.03,0.00,9,0.00,0.00,2,0,0.00,0.00,0.00,0.00,6,0,0.00,9,99,80,81,99,46,1,0,0.00,99,0,0.00,0.00,0.00,0.00,0,0,0,0,0.00,0.00,0.00,0,0.00,99,0,0.00,0,0.00,99,0,0.00,0.00,28,0,30,16,0,0,0,0,0,41,56,74,68,0,99,1,15,15,0,0,16,23,0,0
Ignacio Galván,23,1031295600,2002/09/06,Primera División,2026,Defender,Atlético Tucumán,881,528,353,Argentina,13,7,6,0,0,0,0,0,0,0,0,4,3,1,9,4,5,2,0,0,0,0,0,0,0,0.92,98,68,441,0,0.2,473,470,123,21,0,6.69,0,63,31.57,23.77,52,309,17.85,232,46,23.70,52,0.00,0.00,0.62,8,0.00,1.62,2.25,1.69,22,0.00,0.69,0.00,0.00,0.00,0.69,0.69,0.85,0.00,0.72,0.31,1.69,0.00,0.23,0.05,0.00,1.46,0.00,0.00,0,0,,7,0.54,41,3,0.31,55,4,0.41,33,2,4,9,78,0.00,99,0,9,0.92,52,21,30,2.15,65,0,0.00,99,0,0.00,0,0,0.00,0,0.82,57,22,2.25,74,9,0.92,40.91,0,0.00,0,0,0,0.00,0,11,0.00,48,1.12,59,N/A,N/A,N/A,N/A,0.00,0,0.00,0,0.60,0.00,0,75.08,42.86,77,77,0.23,0.31,3,72,45,0,0,0,0.00,0.00,0,29,86.95,2.08,2.76,27,1,0.00,0.10,6,0.08,0,0,0,0.00,0.00,0,0.00,0.00,0.00,0.00,0,0,0.00,56,52,49,56,49,0.92,47,0.07,0.09,0.60,42,0.05,0.06,53,10,0.77,1.02,1.33,1.00,64,13,0.06,42,37,72,81,0,46,70,0,0.00,99,19,0.00,1.94,10.62,8.00,104,60,80,59,6.13,4.62,57.69,9,0.92,38,0,9.52,0,0.00,99,2,0.15,0.20,46,48,75,57,0,0,0,0,0,41,56,74,68,0,99,47,70,45,2,15,50,21,0,0
Ignacio Mauricio Jesús Arce,34,702716400,1992/04/08,Primera División,2026,Goalkeeper,Deportivo Riestra,1440,720,720,Argentina,16,8,8,0,0,0,0,0,0,0,0,6,4,2,10,4,6,4,0,0,0,0,0,0,0,0.63,144,90,360,0,0.25,247,234,44,5,0,7.27,0,63,37.38,37.38,70,598,17.62,282,2,17.62,32,0.00,0.00,0.19,3,0.00,0.06,0.06,0.06,1,0.00,0.06,0.00,0.00,3.44,0.06,0.19,4.25,0.00,0.06,0.06,0.19,0.00,0.00,0.00,0.00,0.44,0.00,0.00,0,0,,1,0.06,8,0,0.00,22,1,0.06,10,0,0,16,6,0.00,99,0,1,0.06,11,1,28,0.06,13,0,0.00,99,0,0.00,0,0,0.00,0,0.19,18,3,0.19,16,3,0.19,100.00,0,0.00,0,55,89,3.44,81,68,0.00,82,4.25,98,N/A,N/A,N/A,N/A,80.88,0,0.00,0,0.05,0.00,0,47.16,0.00,22,93,0.06,0.06,1,23,99,0,0,30,0.00,0.00,0,29,116.34,1.00,1.00,16,0,0.00,0.00,99,0.00,0,0,0,0.00,0.00,6,0.38,0.38,0.00,0.00,0,0,0.00,56,93,88,56,82,0.62,11,0.04,0.04,0.05,9,0.00,0.00,13,5,0.31,0.31,0.06,0.06,6,1,0.00,9,97,35,81,49,46,18,0,0.00,99,7,0.00,0.44,1.12,1.12,18,15,7,7,0.94,0.94,83.33,1,0.06,88,0,0.00,0,0.00,99,0,0.00,0.00,28,93,30,16,0,0,0,0,0,41,56,74,68,0,99,65,60,57,4,25,79,1,0,0
Ignacio Máximo Rossi,23,1054882800,2003/06/06,Primera División,2026,Midfielder,Instituto,0,0,0,Argentina,0,0,0,0,0,0,0,0,0,0,0,0,0,0,0,0,0,0,0,0,0,0,0,0,0,0,0,0,0,0,0,-1,-1,-1,-1,N/A,N/A,N/A,N/A,N/A,N/A,N/A,N/A,N/A,N/A,N/A,N/A,N/A,N/A,N/A,N/A,N/A,N/A,N/A,N/A,N/A,N/A,N/A,N/A,N/A,N/A,N/A,N/A,N/A,N/A,N/A,N/A,N/A,N/A,N/A,N/A,N/A,N/A,N/A,N/A,N/A,N/A,N/A,N/A,N/A,N/A,N/A,N/A,N/A,N/A,N/A,N/A,N/A,N/A,N/A,N/A,N/A,N/A,N/A,N/A,N/A,N/A,N/A,N/A,N/A,N/A,N/A,N/A,N/A,N/A,N/A,N/A,N/A,N/A,N/A,N/A,N/A,N/A,N/A,N/A,N/A,N/A,N/A,N/A,N/A,N/A,N/A,N/A,N/A,N/A,N/A,N/A,N/A,N/A,N/A,N/A,N/A,N/A,N/A,N/A,N/A,N/A,N/A,N/A,N/A,N/A,N/A,N/A,N/A,N/A,N/A,N/A,N/A,N/A,N/A,N/A,N/A,N/A,N/A,N/A,N/A,N/A,N/A,N/A,N/A,N/A,N/A,N/A,N/A,N/A,N/A,N/A,N/A,N/A,N/A,N/A,N/A,N/A,N/A,N/A,N/A,N/A,N/A,N/A,N/A,N/A,N/A,N/A,N/A,N/A,N/A,N/A,N/A,N/A,N/A,N/A,N/A,N/A,N/A,N/A,N/A,N/A,N/A,N/A,N/A,N/A,N/A,N/A,N/A,N/A,N/A,N/A,N/A,N/A,N/A,N/A,N/A,N/A,N/A,N/A,N/A,N/A,N/A,N/A,N/A,N/A,N/A,N/A,N/A,N/A,N/A,N/A,N/A,N/A,N/A,N/A,N/A,N/A,N/A,N/A,N/A,N/A,N/A,N/A,N/A,N/A,N/A,N/A,N/A,N/A,N/A,N/A,N/A,N/A,N/A,N/A,N/A,N/A,N/A,N/A,N/A,N/A,N/A,N/A
Ignacio Nicolás Campo,21,1112169600,2005/03/30,Primera División,2026,Defender,Huracán,750,309,441,Argentina,10,4,6,1,0,1,1,1,0,0,0,4,1,3,6,4,2,5,0,0.24,0.12,0.12,0,0.2,750,0.72,125,75,150,750,0.6,169,122,73,10,0,6.69,0.1,79,24.92,21.60,30,216,16.00,160,41,18.46,34,0.00,0.00,0.30,3,0.00,0.80,1.27,1.10,11,0.00,0.30,0.00,0.00,0.00,0.90,0.70,0.70,5.00,0.58,0.30,1.10,0.00,0.20,0.10,0.00,0.90,0.00,0.00,0,0,,5,0.50,34,2,0.23,47,3,0.35,28,2,1,9,36,0.00,99,0,9,1.04,60,8,57,0.92,49,0,0.00,99,0,0.00,0,0,0.00,0,0.35,28,11,1.27,52,7,0.81,63.64,0,0.00,0,0,0,0.00,0,7,0.00,71,0.81,28,N/A,N/A,N/A,N/A,0.00,0,0.00,0,0.99,0.00,0,74.07,40.00,74,19,0.90,1.04,9,65,82,0,0,0,0.30,0.35,3,72,66.91,2.90,3.35,29,0,0.00,0.00,99,0.00,0,0,0,0.00,0.00,0,0.00,0.00,0.00,0.00,0,0,20.00,93,42,23,88,70,1.03,63,0.10,0.12,0.99,55,0.10,0.11,46,8,0.80,0.92,1.27,1.10,60,11,0.11,54,37,77,81,0,46,43,0,0.00,99,9,0.00,1.04,8.19,7.10,71,35,25,29,4.04,3.50,49.30,3,0.35,70,0,25.00,0,0.00,99,2,0.20,0.23,50,48,44,57,0,0,0,0,0,75,70,84,68,0,99,69,21,95,5,50,99,34,0,0
Ignacio Ovando,19,1183100400,2007/06/29,Primera División,2026,Defender,Rosario Central,1421,720,701,Argentina,16,8,8,1,0,1,0,0,0,0,0,4,2,2,14,7,7,2,0,0.06,0,0.06,0,0.13,1421,0.89,102,89,711,0,0.13,227,349,116,6,0,6.90,0,63,45.40,45.75,86,732,41.06,657,99,40.75,91,0.00,0.00,0.19,3,0.00,0.00,0.68,0.69,11,0.00,0.44,0.00,0.00,0.00,2.50,0.31,0.88,8.00,0.50,0.38,0.56,0.00,0.12,0.07,0.00,1.88,0.00,0.00,0,0,,8,0.50,28,2,0.12,33,6,0.37,31,3,0,16,15,0.00,99,0,40,2.48,99,0,28,0.00,12,0,0.00,99,0,0.00,0,0,0.00,0,0.19,18,9,0.56,28,5,0.31,55.56,0,0.00,0,0,0,0.00,0,14,0.00,52,0.87,37,N/A,N/A,N/A,N/A,0.00,0,0.00,0,1.12,0.00,0,89.75,25.00,45,68,0.44,0.43,7,34,73,0,0,0,0.50,0.50,8,82,110.36,4.00,3.97,64,0,0.00,0.00,99,0.00,0,0,1,0.06,0.06,0,0.00,0.00,0.06,0.06,1,0,12.50,79,90,88,98,52,1.69,54,0.11,0.10,1.12,44,0.07,0.07,63,20,1.25,1.24,0.68,0.69,23,11,0.07,44,72,80,82,0,48,69,0,0.00,99,30,0.00,1.86,6.95,7.00,112,66,27,17,4.09,4.12,58.93,7,0.43,66,0,0.00,0,0.00,99,0,0.00,0.00,28,93,30,74,0,0,0,0,0,43,59,78,68,0,99,27,88,29,2,12,41,46,0,0
Ignacio Pais Mayán,26,959670000,2000/05/30,Primera División,2026,Midfielder,Banfield,989,469,520,Argentina,12,6,6,0,0,0,0,0,0,0,0,4,4,0,15,4,11,2,0,0,0,0,0,0,0,1.37,66,82,495,0,0.18,299,287,-1,10,0,6.80,0,63,35.74,32.45,66,357,24.55,270,49,27.03,63,0.00,0.00,0.45,5,0.00,0.18,3.90,3.55,39,0.00,1.36,0.00,0.00,0.00,1.18,0.45,1.18,0.00,1.40,0.91,0.55,0.00,0.36,0.10,0.00,0.82,0.00,0.00,0,0,,14,1.27,66,4,0.40,62,10,1.00,69,3,0,12,99,0.00,99,0,13,1.30,73,2,28,0.20,25,0,0.00,99,0,0.00,0,0,0.00,0,0.50,37,6,0.60,30,5,0.50,83.33,0,0.00,0,0,0,0.00,0,13,0.00,12,1.30,73,N/A,N/A,N/A,N/A,0.00,0,0.00,0,1.13,0.00,0,75.63,28.57,50,8,1.27,1.40,14,51,92,0,0,0,0.45,0.50,5,82,74.83,1.27,1.40,14,0,0.00,0.00,99,0.00,0,0,0,0.00,0.00,0,0.00,0.00,0.10,0.09,1,0,0.00,56,59,39,56,12,0.70,36,0.06,0.07,1.13,55,0.10,0.11,44,9,0.82,0.90,2.30,2.09,94,23,0.11,54,55,47,81,0,57,36,0,0.00,99,9,0.00,0.90,12.81,11.64,128,62,82,82,6.21,5.64,48.44,15,1.50,17,0,0.00,0,0.00,99,0,0.00,0.00,28,65,30,74,0,0,0,0,0,41,56,74,68,0,99,54,77,39,2,17,53,35,0,0
Ignacio Perruzzi Ambrosini,21,1112684400,2005/04/05,Primera División,2026,Midfielder,San Lorenzo,821,386,435,Argentina,13,6,7,0,0,0,0,0,0,0,0,6,3,3,11,8,3,2,0,0,0,0,0,0,0,1.21,75,63,411,0,0.22,391,381,-1,27,0,6.09,0,63,33.59,24.46,60,318,20.38,265,84,27.99,65,0.00,0.00,0.31,4,0.00,0.00,1.58,1.15,15,0.00,0.38,0.00,0.00,0.00,0.69,0.00,1.00,0.00,0.00,0.00,0.15,0.00,0.00,0.00,0.00,1.31,0.00,0.00,0,0,,0,0.00,8,0,0.00,22,0,0.00,9,2,4,9,51,0.00,99,0,9,0.95,54,0,28,0.00,12,0,0.00,99,0,0.00,0,0,0.00,0,0.42,33,2,0.21,17,0,0.00,0.00,0,0.00,0,0,0,0.00,0,13,0.00,22,1.37,77,N/A,N/A,N/A,N/A,0.00,0,0.00,0,0.00,0.00,0,83.33,0.00,22,26,0.69,0.95,9,12,12,0,0,0,0.00,0.00,0,29,79.20,1.85,2.54,24,1,0.00,0.11,5,0.08,0,0,0,0.00,0.00,0,0.00,0.00,0.00,0.00,0,1,0.00,56,47,49,56,24,0.65,36,0.05,0.07,0.00,9,0.00,0.00,84,18,1.38,1.90,2.01,1.46,89,19,0.00,9,8,69,81,0,46,68,0,0.00,99,17,0.00,1.80,9.30,6.77,88,46,49,44,4.86,3.54,52.27,5,0.53,60,0,0.00,0,0.00,99,0,0.00,0.00,28,48,75,57,0,0,0,0,0,41,56,74,68,0,99,81,67,50,2,15,50,5,0,0
Ignacio Pussetto,30,819532800,1995/12/21,Primera División,2026,Forward,Independiente,417,188,229,Argentina,10,5,5,1,1,0,0,0,0,0,0,3,2,1,8,3,5,1,0,0.22,0,0.22,0.48,0,417,1.73,52,42,417,0,0.22,84,512,-1,7,0,6.72,0,63,22.01,10.20,20,102,7.40,74,35,15.97,25,0.00,0.00,0.50,5,0.00,1.40,2.16,1.00,10,0.00,0.90,0.00,0.00,0.00,0.10,0.80,0.80,10.00,2.16,0.80,1.30,0.00,0.20,0.12,0.00,1.20,0.00,0.00,0,0,,10,1.00,83,2,0.43,65,8,1.73,93,4,5,5,75,0.00,99,0,1,0.22,19,14,29,3.02,77,0,0.00,99,0,0.00,0,0,0.00,0,1.08,70,13,2.81,82,8,1.73,61.54,0,0.00,0,0,0,0.00,0,8,0.00,3,1.73,91,N/A,N/A,N/A,N/A,0.00,0,0.00,0,1.21,0.00,0,72.55,20.00,35,68,0.20,0.43,2,91,80,0,0,0,0.00,0.00,0,29,67.24,1.10,2.37,11,0,0.00,0.00,99,0.00,0,0,0,0.00,0.00,0,0.00,0.00,0.43,0.20,2,0,10.00,72,7,23,72,3,0.92,85,0.09,0.20,1.21,82,0.12,0.26,65,6,0.60,1.29,2.81,1.30,97,13,0.26,81,42,65,81,0,87,82,0,0.00,99,12,0.00,2.59,17.05,7.90,79,35,94,96,7.55,3.50,44.30,9,1.94,7,0,7.14,0,0.00,99,1,0.10,0.22,49,18,82,84,0,0,0,0,0,72,86,74,94,0,99,41,68,50,1,10,34,25,0,0
Ignacio Ramírez,31,791625600,1995/02/01,Primera División,2026,Forward,Newell's Old Boys,460,143,317,Uruguay,10,4,6,4,1,3,0,0,0,0,0,0,0,0,12,1,11,0,0,0.78,0,0.78,0.63,0.85,115,2.35,38,46,0,0,0,4,247,-1,1,0,6.29,0,63,16.63,8.50,5,85,6.20,62,36,12.13,9,0.00,0.00,0.20,2,0.00,0.20,1.17,0.60,6,0.00,0.10,0.00,0.00,0.00,0.00,0.20,1.20,3.00,2.93,0.80,0.40,0.00,0.70,0.43,0.00,1.20,0.00,0.00,0,0,,15,1.50,96,7,1.37,97,8,1.57,89,3,6,4,31,0.00,99,0,0,0.00,10,2,28,0.39,33,0,0.00,99,0,0.00,0,0,0.00,0,0.39,31,4,0.78,37,2,0.39,50.00,0,0.00,0,0,0,0.00,0,12,0.00,0,2.35,93,N/A,N/A,N/A,N/A,0.00,0,0.00,0,4.32,0.00,0,72.94,46.67,82,71,0.20,0.39,2,43,66,1,0,0,0.00,0.00,0,29,62.91,0.20,0.39,2,0,0.00,0.00,99,0.00,0,1,0,0.00,0.00,0,0.00,0.00,1.17,0.60,6,0,33.33,99,13,23,57,0,0.19,11,0.02,0.04,3.62,99,0.36,0.71,91,11,1.10,2.15,2.15,1.10,91,11,0.85,99,12,10,81,0,99,78,0,0.00,99,12,0.00,2.35,12.72,6.50,65,30,74,81,5.87,3.00,46.15,1,0.20,79,0,0.00,0,0.00,99,0,0.00,0.00,28,8,88,74,0,0,0,0,0,99,99,99,97,0,99,1,15,15,0,0,16,99,0,0
Ignacio Russo Cordero,25,976694400,2000/12/13,Primera División,2026,Forward,Tigre,1358,706,652,Argentina,16,8,8,4,1,3,3,2,1,0,0,4,2,2,14,8,6,2,0,0.46,0.2,0.27,0.13,0.41,340,0.93,97,85,679,453,0.13,70,80,-1,2,0,7.07,0.19,89,17.89,16.88,7,270,11.06,177,17,11.73,9,0.00,0.00,1.00,16,0.00,1.81,0.66,0.62,10,0.00,1.25,0.00,0.00,0.00,0.38,0.44,0.88,8.50,2.25,1.19,1.00,0.00,0.94,0.32,0.00,1.75,0.00,0.00,0,0,,34,2.12,86,15,0.99,89,19,1.26,79,5,1,15,14,0.00,99,0,6,0.40,25,29,28,1.92,62,0,0.00,99,0,0.00,0,0,0.00,0,1.06,69,16,1.06,45,7,0.46,43.75,0,0.00,0,0,0,0.00,0,14,0.00,48,0.93,41,N/A,N/A,N/A,N/A,0.00,0,0.00,0,5.18,0.00,0,65.56,44.12,78,75,0.31,0.33,5,48,50,0,0,0,0.12,0.13,2,43,113.19,0.81,0.86,13,0,0.00,0.00,99,0.00,0,0,1,0.06,0.07,0,0.00,0.00,0.20,0.19,3,0,11.76,77,86,88,68,48,2.70,81,0.17,0.18,5.18,90,0.32,0.34,78,25,1.56,1.66,1.39,1.31,66,21,0.34,90,91,30,85,0,72,69,0,0.00,99,28,0.00,1.86,10.27,9.69,155,70,42,55,4.64,4.38,45.16,20,1.33,22,0,3.45,0,0.00,99,1,0.06,0.07,31,85,44,92,0,1,0,6,0,91,88,95,71,0,99,27,87,29,2,12,41,29,0,0
Ignacio Sabatini Charparin,27,929948400,1999/06/21,Primera División,2026,Forward,Gimnasia Mendoza,323,143,180,Argentina,5,3,2,0,0,0,2,1,1,0,0,1,1,0,6,0,6,0,0,0.56,0.56,0,0,0,0,1.67,54,65,0,162,0,307,7,-1,12,0,6.88,0.4,99,17.28,12.40,5,62,7.40,37,7,10.31,4,0.00,0.00,1.00,5,0.00,1.00,0.84,0.60,3,0.00,0.80,0.00,0.00,0.00,0.00,1.00,1.20,0.00,1.11,0.60,2.20,0.00,0.20,0.05,0.00,1.60,0.00,0.00,0,0,,4,0.80,56,1,0.28,52,3,0.84,61,0,2,3,18,0.00,99,0,0,0.00,10,5,85,1.39,56,0,0.00,99,0,0.00,0,0,0.00,0,1.39,81,11,3.07,85,5,1.39,45.45,0,0.00,0,0,0,0.00,0,6,0.00,4,1.67,89,N/A,N/A,N/A,N/A,0.00,0,0.00,0,0.26,0.00,0,59.68,25.00,45,16,0.80,1.11,4,87,53,0,0,0,0.20,0.28,1,65,34.40,1.60,2.23,8,0,0.00,0.00,99,0.00,0,0,0,0.00,0.00,0,0.00,0.00,0.28,0.20,1,0,0.00,56,0,1,56,4,1.51,99,0.30,0.42,0.26,44,0.05,0.07,99,14,2.80,3.90,2.23,1.60,93,8,0.07,44,69,63,81,0,79,75,0,0.00,99,8,0.00,2.23,17.55,12.60,63,30,97,97,8.36,6.00,47.62,4,1.11,29,0,40.00,0,0.00,99,2,0.40,0.56,68,3,57,16,0,0,0,0,0,96,56,74,68,0,99,15,15,15,0,0,16,17,0,0
Ignacio Vázquez,29,866358000,1997/06/15,Primera División,2026,Defender,Platense,990,450,540,Argentina,11,5,6,1,0,1,0,0,0,0,0,5,2,3,6,4,2,2,0,0.09,0,0.09,0,0.17,990,0.55,165,90,495,0,0.18,193,430,28,4,0,7.06,0,63,39.36,39.36,75,433,29.64,326,47,29.64,71,0.00,0.00,0.09,1,0.00,0.18,2.27,2.27,25,0.00,0.27,0.00,0.00,0.00,1.64,0.36,0.64,5.00,0.45,0.27,0.55,0.00,0.18,0.09,0.00,2.91,0.00,0.00,0,0,,5,0.45,25,2,0.18,40,3,0.27,21,0,0,11,79,0.00,99,0,18,1.64,87,2,28,0.18,23,0,0.00,99,0,0.00,0,0,0.00,0,0.09,11,6,0.55,27,4,0.36,66.67,0,0.00,0,0,0,0.00,0,7,0.00,88,0.64,13,N/A,N/A,N/A,N/A,0.00,0,0.00,0,0.99,0.00,0,75.29,40.00,74,34,0.82,0.82,9,40,87,1,0,0,0.82,0.82,9,94,77.64,5.00,5.00,55,0,0.00,0.00,99,0.00,0,1,0,0.00,0.00,0,0.00,0.00,0.09,0.09,1,0,20.00,93,59,31,93,88,0.81,36,0.07,0.07,0.29,26,0.03,0.03,69,15,1.36,1.36,0.82,0.82,32,9,0.09,51,90,84,81,0,55,87,0,0.00,99,32,0.00,2.91,11.18,11.18,123,75,88,67,6.82,6.82,60.98,3,0.27,74,0,0.00,0,0.00,99,0,0.00,0.00,28,59,30,16,0,0,0,0,0,50,64,81,68,0,99,79,77,39,2,18,57,13,0,0
Iker Zufiaurre,20,1123398000,2005/08/07,Primera División,2026,Forward,Boca Juniors,212,75,137,Argentina,9,6,3,1,0,1,0,0,0,0,0,5,4,1,4,0,4,1,0,0.42,0,0.42,0,0.66,212,1.7,53,24,212,0,0.42,-1,-1,-1,12,0,4.36,0,63,19.86,5.44,10,49,4.44,40,78,16.22,26,0.00,0.00,0.00,0,0.00,0.22,1.62,0.44,4,0.00,0.22,0.00,0.00,0.00,0.00,0.00,0.44,4.00,1.62,0.33,0.56,0.00,0.11,0.10,0.00,0.22,0.00,0.00,0,0,,4,0.44,70,1,0.41,63,3,1.22,79,3,7,2,53,0.00,99,0,0,0.00,10,2,28,0.81,47,0,0.00,99,0,0.00,0,0,0.00,0,0.00,8,5,2.03,70,0,0.00,0.00,0,0.00,0,0,0,0.00,0,4,0.00,3,1.62,88,N/A,N/A,N/A,N/A,0.00,0,0.00,0,0.87,0.00,0,81.63,25.00,45,68,0.11,0.41,1,12,12,0,0,0,0.00,0.00,0,29,39.26,0.22,0.81,2,0,0.00,0.00,99,0.00,0,0,0,0.00,0.00,0,0.00,0.00,0.81,0.22,2,0,25.00,95,0,17,61,4,0.10,11,0.01,0.04,0.87,91,0.10,0.35,18,1,0.11,0.41,2.03,0.56,90,5,0.35,90,0,27,81,0,96,33,0,0.00,99,2,0.00,0.81,12.16,3.33,30,7,10,77,2.84,0.78,23.33,2,0.81,43,0,0.00,0,0.00,99,0,0.00,0.00,28,0,92,74,0,0,0,0,0,89,95,99,68,0,99,96,31,84,1,11,37,41,0,0
Imanol González Benac,28,884073600,1998/01/06,Primera División,2026,Defender,Gimnasia Mendoza,578,360,218,Argentina,7,4,3,0,0,0,0,0,0,0,0,3,1,2,4,3,1,0,0,0,0,0,0,0,0,0.62,145,83,0,0,0,405,394,38,23,0,6.92,0,63,32.54,29.86,56,209,22.86,160,55,24.91,55,0.00,0.00,0.14,1,0.00,0.00,0.62,0.57,4,0.00,0.29,0.00,0.00,0.00,1.71,0.29,0.57,2.00,0.31,0.14,0.29,0.00,0.14,0.11,0.00,2.86,0.00,0.00,0,0,,2,0.29,17,1,0.16,37,1,0.16,14,1,0,7,13,0.00,99,0,12,1.87,93,0,28,0.00,12,0,0.00,99,0,0.00,0,0,0.00,0,0.16,16,2,0.31,20,2,0.31,100.00,0,0.00,0,0,0,0.00,0,4,0.00,83,0.62,12,N/A,N/A,N/A,N/A,0.00,0,0.00,0,0.75,0.00,0,76.56,50.00,91,77,0.29,0.31,2,34,99,0,0,0,0.29,0.31,2,67,48.45,7.43,8.10,52,1,0.00,0.16,2,0.14,0,0,0,0.00,0.00,0,0.00,0.00,0.31,0.29,2,0,50.00,99,26,6,56,82,0.35,18,0.05,0.05,0.75,58,0.11,0.12,47,6,0.86,0.93,0.78,0.71,29,5,0.12,57,77,98,81,0,81,90,0,0.00,99,20,0.00,3.11,9.19,8.43,59,32,52,42,4.98,4.57,54.24,2,0.31,72,0,0.00,0,0.00,99,0,0.00,0.00,28,33,30,41,0,0,0,0,0,41,56,74,68,0,99,75,15,15,0,0,16,6,0,0
Imanol Machuca,26,947923200,2000/01/15,Primera División,2026,Forward,Vélez Sarsfield,154,84,70,Argentina,4,2,2,0,0,0,0,0,0,0,0,3,2,1,0,0,0,1,0,0,0,0,0,0,0,0,0,39,154,0,0.58,-1,-1,-1,10,0,4.88,0,63,34.48,14.75,63,59,11.25,45,53,26.30,61,0.00,0.00,0.50,2,0.00,1.50,0.58,0.25,1,0.00,0.75,0.00,0.00,0.00,0.25,0.75,0.00,0.00,0.58,0.25,2.75,0.00,0.00,0.01,0.00,0.00,0.00,0.00,0,0,,1,0.25,34,0,0.00,22,1,0.58,47,1,2,2,12,0.00,99,0,1,0.58,34,6,28,3.51,81,0,0.00,99,0,0.00,0,0,0.00,0,1.17,73,11,6.43,99,3,1.75,27.27,0,0.00,0,0,0,0.00,0,0,0.00,99,0.00,0,N/A,N/A,N/A,N/A,0.00,0,0.00,0,0.05,0.00,0,76.27,0.00,22,13,0.50,1.17,2,91,22,0,0,0,0.00,0.00,0,29,19.51,0.00,0.00,0,0,0.00,0.00,99,0.00,0,0,0,0.00,0.00,0,0.00,0.00,0.00,0.00,0,0,0.00,56,0,0,56,0,0.17,54,0.04,0.10,0.05,26,0.01,0.03,80,3,0.75,1.75,1.17,0.50,54,2,0.03,26,1,1,81,0,46,1,0,0.00,99,0,0.00,0.00,13.44,5.75,23,7,27,85,4.09,1.75,30.43,3,1.75,10,0,0.00,0,0.00,99,0,0.00,0.00,28,0,57,41,0,0,0,0,0,41,56,74,68,0,99,99,22,94,1,25,79,7,0,0
Ismael Cortez,24,1009872000,2002/01/01,Primera División,2026,Defender,Gimnasia Mendoza,264,112,152,Argentina,6,3,3,0,0,0,0,0,0,0,0,1,1,0,5,2,3,1,0,0,0,0,0,0,0,1.7,53,44,264,0,0.34,-1,-1,-1,11,0,6.37,0,63,20.11,9.83,11,59,5.33,32,4,10.91,6,0.00,0.00,0.50,3,0.00,0.67,1.70,0.83,5,0.00,1.00,0.00,0.00,0.00,0.50,0.33,0.83,0.00,0.68,0.17,0.50,0.00,0.17,0.03,0.00,0.67,0.00,0.00,0,0,,2,0.33,39,1,0.34,58,1,0.34,27,2,4,2,56,0.00,99,0,3,1.02,58,4,57,1.36,56,0,0.00,99,0,0.00,0,0,0.00,0,1.02,68,3,1.02,44,2,0.68,66.67,0,0.00,0,0,0,0.00,0,5,0.00,3,1.70,90,N/A,N/A,N/A,N/A,0.00,0,0.00,0,0.20,0.00,0,54.24,50.00,91,0,1.17,2.39,7,59,87,0,0,0,0.00,0.00,0,29,38.24,1.50,3.07,9,0,0.00,0.00,99,0.00,0,0,0,0.00,0.00,0,0.00,0.00,0.00,0.00,0,0,0.00,56,0,4,56,4,0.20,36,0.03,0.07,0.20,44,0.03,0.07,31,2,0.33,0.68,1.70,0.83,83,5,0.07,44,14,75,81,0,46,57,0,0.00,99,4,0.00,1.36,11.93,5.83,35,13,37,75,4.43,2.17,37.14,6,2.05,6,0,25.00,0,0.00,99,1,0.17,0.34,57,0,75,57,0,0,0,0,0,41,56,74,68,0,99,8,44,72,1,17,53,36,0,0
Iván Alexander Guaraz,21,1110528000,2005/03/11,Primera División,2026,Midfielder,Barracas Central,454,221,233,Argentina,10,5,5,0,0,0,0,0,0,0,0,3,2,1,2,1,1,2,0,0,0,0,0,0,0,0.4,227,45,227,0,0.4,461,468,-1,19,0,6.67,0,63,33.30,16.80,59,168,12.80,128,53,25.37,57,0.00,0.00,0.10,1,0.00,0.20,2.38,1.20,12,0.00,0.50,0.00,0.00,0.00,0.50,0.50,0.30,0.00,0.79,0.40,0.50,0.00,0.00,0.02,0.00,0.50,0.00,0.00,0,0,,4,0.40,45,0,0.00,22,4,0.79,58,4,5,5,81,0.00,99,0,5,0.99,57,2,95,0.40,34,0,0.00,99,0,0.00,0,0,0.00,0,0.20,19,5,0.99,44,5,0.99,100.00,0,0.00,0,0,0,0.00,0,3,0.00,96,0.59,10,N/A,N/A,N/A,N/A,0.00,0,0.00,0,0.19,0.00,0,76.19,0.00,22,70,0.20,0.40,2,76,99,0,0,0,0.20,0.40,2,76,66.65,1.30,2.58,13,0,0.00,0.00,99,0.00,0,0,0,0.00,0.00,0,0.00,0.00,0.00,0.00,0,0,0.00,56,11,23,56,96,0.29,26,0.03,0.06,0.19,32,0.02,0.04,50,5,0.50,0.99,0.99,0.50,43,5,0.04,32,35,69,81,0,46,40,0,0.00,99,5,0.00,0.99,9.32,4.70,47,26,57,44,5.15,2.60,55.32,5,0.99,34,0,50.00,0,0.00,99,1,0.10,0.20,46,18,82,84,0,0,0,0,0,41,56,74,68,0,99,41,35,81,2,20,65,16,0,0
Iván Andrés Morales Bravo,26,933231600,1999/07/29,Primera División,2026,Forward,Argentinos Juniors,906,530,376,Chile,14,9,5,2,0,2,1,0,1,0,0,6,5,1,9,2,7,1,0,0.3,0.1,0.2,0,0.48,453,0.89,101,65,906,906,0.1,98,136,-1,5,0,6.60,0.07,76,12.12,9.00,1,126,7.21,101,73,9.71,4,0.00,0.00,0.79,11,0.00,1.00,0.29,0.21,3,0.00,0.86,0.00,0.00,0.00,0.00,0.36,0.64,8.00,1.54,0.57,1.57,0.00,0.57,0.18,0.00,0.43,0.00,0.00,0,0,,16,1.14,68,8,0.77,83,8,0.77,57,3,4,10,9,0.00,99,0,0,0.00,10,14,68,1.35,55,0,0.00,99,0,0.00,0,0,0.00,0,1.06,69,22,2.12,72,5,0.48,22.73,0,0.00,0,0,0,0.00,0,9,0.00,52,0.87,37,N/A,N/A,N/A,N/A,0.00,0,0.00,0,2.52,0.00,0,80.16,50.00,91,72,0.29,0.38,4,49,18,0,0,0,0.07,0.10,1,36,92.40,0.07,0.10,1,0,0.00,0.00,99,0.00,0,0,1,0.07,0.10,0,0.00,0.00,0.58,0.43,6,0,12.50,79,54,61,74,52,1.23,63,0.09,0.12,2.52,80,0.18,0.24,77,17,1.21,1.63,1.25,0.93,59,13,0.24,78,26,2,90,0,92,24,0,0.00,99,6,0.00,0.58,9.42,7.00,98,30,10,45,2.88,2.14,30.61,12,1.15,27,0,28.57,0,0.00,99,4,0.29,0.38,60,52,75,74,0,0,0,0,0,80,83,96,68,0,99,75,92,24,1,7,25,30,0,0
Iván Emilio Villalba Chamorro,31,790502400,1995/01/19,Primera División,2026,Defender,Independiente Rivadavia,1121,716,405,Paraguay,15,9,6,0,0,0,0,0,0,0,0,4,1,3,13,11,2,3,0,0,0,0,0,0,0,1.04,86,75,374,0,0.24,480,476,151,24,0,6.81,0,63,26.17,21.73,35,326,15.87,238,37,19.11,37,0.00,0.00,0.13,2,0.00,0.07,2.25,1.87,28,0.00,0.00,0.00,0.00,0.00,0.67,0.00,0.87,0.00,0.56,0.33,0.07,0.00,0.13,0.04,0.00,2.67,0.00,0.00,0,0,,7,0.47,32,2,0.16,37,5,0.40,33,3,3,12,78,0.00,99,0,10,0.80,47,1,28,0.08,17,0,0.00,99,0,0.00,0,0,0.00,0,0.16,16,1,0.08,11,0,0.00,0.00,0,0.00,0,0,0,0.00,0,13,0.00,37,1.04,53,N/A,N/A,N/A,N/A,0.00,0,0.00,0,0.56,0.00,0,73.01,28.57,50,19,0.87,1.04,13,12,12,0,0,0,0.40,0.48,6,81,102.22,5.33,6.42,80,0,0.00,0.00,99,0.00,0,0,1,0.07,0.08,0,0.00,0.00,0.00,0.00,0,0,0.00,56,68,73,56,37,0.66,18,0.04,0.05,0.56,32,0.04,0.04,55,13,0.87,1.04,0.96,0.80,40,12,0.04,32,57,92,87,0,46,91,0,0.00,99,40,0.00,3.21,10.44,8.67,130,81,85,57,6.50,5.40,62.31,0,0.00,99,0,0.00,0,0.00,99,0,0.00,0.00,28,65,66,74,0,0,0,0,0,41,56,74,68,0,99,33,63,54,3,20,65,40,0,0
Iván Erquiaga,28,890899200,1998/03/26,Primera División,2026,Defender,Instituto,53,9,44,Argentina,2,1,1,0,0,0,0,0,0,0,0,0,0,0,1,0,1,0,0,0,0,0,0,0,0,1.7,53,27,0,0,0,-1,-1,-1,18,0,6.51,0,63,50.94,15.00,93,30,9.50,19,12,32.26,78,0.00,0.00,0.50,1,0.00,1.50,0.00,0.00,0,0.00,0.00,0.00,0.00,0.00,0.00,0.50,0.50,0.00,0.00,0.00,0.50,0.00,0.00,0.00,0.00,1.00,0.00,0.00,0,0,,0,0.00,8,0,0.00,22,0,0.00,9,0,2,0,5,0.00,99,0,0,0.00,10,3,28,5.09,93,0,0.00,99,0,0.00,0,0,0.00,0,1.70,91,1,1.70,65,1,1.70,100.00,0,0.00,0,0,0,0.00,0,1,0.00,3,1.70,90,N/A,N/A,N/A,N/A,0.00,0,0.00,0,0.00,0.00,0,63.33,0.00,22,2,0.50,1.70,1,91,99,0,0,0,0.00,0.00,0,29,13.03,0.50,1.70,1,0,0.00,0.00,99,0.00,0,0,0,0.00,0.00,0,0.00,0.00,0.00,0.00,0,0,0.00,56,0,0,56,4,0.07,63,0.04,0.12,0.00,9,0.00,0.00,2,0,0.00,0.00,0.00,0.00,6,0,0.00,9,18,54,81,0,46,93,0,0.00,99,2,0.00,3.40,8.49,2.50,5,3,55,31,5.09,1.50,60.00,0,0.00,99,0,0.00,0,0.00,99,0,0.00,0.00,28,0,57,16,0,0,0,0,0,41,56,74,68,0,99,1,15,15,0,0,16,33,0,0
Iván Gómez,29,857116800,1997/02/28,Primera División,2026,Midfielder,Platense,459,254,205,Argentina,6,3,3,0,0,0,0,0,0,0,0,1,0,1,8,4,4,1,0,0,0,0,0,0,0,1.57,57,77,459,0,0.2,293,278,-1,9,0,6.75,0,63,40.78,34.67,77,208,30.83,185,99,36.27,84,0.00,0.00,0.67,4,0.00,0.83,1.96,1.67,10,0.00,1.33,0.00,0.00,0.00,1.50,0.33,1.33,0.00,0.78,0.50,1.00,0.00,0.17,0.04,0.00,1.33,0.00,0.00,0,0,,4,0.67,44,1,0.20,43,3,0.59,48,3,1,5,68,0.00,99,0,9,1.76,91,5,45,0.98,50,0,0.00,99,0,0.00,0,0,0.00,0,0.78,55,6,1.18,49,2,0.39,33.33,0,0.00,0,0,0,0.00,0,8,0.00,5,1.57,86,N/A,N/A,N/A,N/A,0.00,0,0.00,0,0.26,0.00,0,88.94,25.00,45,37,0.67,0.78,4,43,32,0,0,0,0.33,0.39,2,76,40.47,1.83,2.16,11,0,0.00,0.00,99,0.00,0,0,1,0.17,0.20,0,0.00,0.00,0.00,0.00,0,0,0.00,56,12,4,56,5,0.62,63,0.10,0.12,0.26,36,0.04,0.05,7,1,0.17,0.20,1.57,1.33,77,8,0.05,36,47,62,97,0,46,63,0,0.00,99,8,0.00,1.57,9.80,8.33,50,20,22,50,3.92,3.33,40.00,8,1.57,15,0,20.00,0,0.00,99,1,0.17,0.20,46,18,44,74,0,0,0,0,0,41,56,74,68,0,99,8,74,45,1,17,53,5,0,0
Iván José Marcone,36,644396400,1990/06/03,Primera División,2026,Midfielder,Independiente,1218,517,701,Argentina,15,6,9,1,1,0,0,0,0,0,0,4,3,1,18,6,12,4,0,0.07,0,0.07,0.17,0,1218,1.33,68,81,305,0,0.3,213,513,-1,8,0,6.85,0,63,44.63,40.27,84,604,33.00,495,79,36.58,84,0.00,0.00,0.67,10,0.00,0.13,2.59,2.33,35,0.00,0.93,0.00,0.00,0.00,0.93,0.80,1.27,8.00,0.59,0.33,1.60,0.00,0.20,0.08,0.00,0.47,0.00,0.00,0,0,,8,0.53,34,3,0.22,46,5,0.37,31,1,1,14,86,0.00,99,0,14,1.03,59,2,95,0.15,22,0,0.00,99,0,0.00,0,0,0.00,0,0.74,51,24,1.77,66,12,0.89,50.00,0,0.00,0,0,0,0.00,0,19,0.00,14,1.40,79,N/A,N/A,N/A,N/A,0.00,0,0.00,0,1.26,0.00,0,81.95,37.50,68,9,1.20,1.33,18,71,66,0,0,0,0.40,0.44,6,79,102.72,1.20,1.33,18,1,0.00,0.07,10,0.07,0,0,1,0.07,0.07,0,0.00,0.00,0.00,0.00,0,0,12.50,79,76,73,96,15,1.50,59,0.10,0.11,1.26,52,0.08,0.09,64,17,1.13,1.26,1.55,1.40,76,21,0.09,51,65,44,85,0,46,21,0,0.00,99,7,0.00,0.52,10.49,9.47,142,71,60,58,5.25,4.73,50.00,14,1.03,33,0,50.00,0,0.00,99,1,0.07,0.07,31,78,44,41,0,0,0,0,0,46,61,74,77,0,99,33,51,65,4,27,82,23,0,0
Iván López,30,824544000,1996/02/17,Primera División,2026,Goalkeeper,Deportivo Riestra,0,0,0,Argentina,0,0,0,0,0,0,0,0,0,0,0,0,0,0,0,0,0,0,0,0,0,0,0,0,0,0,0,0,0,0,0,-1,-1,-1,-1,N/A,N/A,N/A,N/A,N/A,N/A,N/A,N/A,N/A,N/A,N/A,N/A,N/A,N/A,N/A,N/A,N/A,N/A,N/A,N/A,N/A,N/A,N/A,N/A,N/A,N/A,N/A,N/A,N/A,N/A,N/A,N/A,N/A,N/A,N/A,N/A,N/A,N/A,N/A,N/A,N/A,N/A,N/A,N/A,N/A,N/A,N/A,N/A,N/A,N/A,N/A,N/A,N/A,N/A,N/A,N/A,N/A,N/A,N/A,N/A,N/A,N/A,N/A,N/A,N/A,N/A,N/A,N/A,N/A,N/A,N/A,N/A,N/A,N/A,N/A,N/A,N/A,N/A,N/A,N/A,N/A,N/A,N/A,N/A,N/A,N/A,N/A,N/A,N/A,N/A,N/A,N/A,N/A,N/A,N/A,N/A,N/A,N/A,N/A,N/A,N/A,N/A,N/A,N/A,N/A,N/A,N/A,N/A,N/A,N/A,N/A,N/A,N/A,N/A,N/A,N/A,N/A,N/A,N/A,N/A,N/A,N/A,N/A,N/A,N/A,N/A,N/A,N/A,N/A,N/A,N/A,N/A,N/A,N/A,N/A,N/A,N/A,N/A,N/A,N/A,N/A,N/A,N/A,N/A,N/A,N/A,N/A,N/A,N/A,N/A,N/A,N/A,N/A,N/A,N/A,N/A,N/A,N/A,N/A,N/A,N/A,N/A,N/A,N/A,N/A,N/A,N/A,N/A,N/A,N/A,N/A,N/A,N/A,N/A,N/A,N/A,N/A,N/A,N/A,N/A,N/A,N/A,N/A,N/A,N/A,N/A,N/A,N/A,N/A,N/A,N/A,N/A,N/A,N/A,N/A,N/A,N/A,N/A,N/A,N/A,N/A,N/A,N/A,N/A,N/A,N/A,N/A,N/A,N/A,N/A,N/A,N/A,N/A,N/A,N/A,N/A,N/A,N/A,N/A,N/A,N/A,N/A,N/A,N/A
Iván Tapia,27,911808000,1998/11/23,Primera División,2026,Midfielder,Barracas Central,1182,568,614,Argentina,16,8,8,1,1,0,1,1,0,0,0,4,2,2,11,6,5,0,0,0.15,0.08,0.08,0.16,0,1182,0.84,107,74,0,1182,0,199,158,-1,11,0,6.83,0.06,71,31.72,26.06,52,417,20.69,331,69,25.18,57,0.00,0.00,1.12,18,0.00,2.75,0.68,0.56,9,0.00,0.56,0.00,0.00,0.00,0.50,0.31,0.69,16.00,1.22,0.62,0.69,0.00,0.38,0.12,0.00,0.44,0.00,0.00,0,0,,16,1.00,60,6,0.46,67,10,0.76,57,3,0,16,15,0.00,99,0,8,0.61,37,44,87,3.35,79,0,0.00,99,0,0.00,0,0,0.00,0,1.37,80,11,0.84,39,5,0.38,45.45,0,0.00,0,0,0,0.00,0,11,0.00,58,0.84,32,N/A,N/A,N/A,N/A,0.00,0,0.00,0,1.89,0.00,0,79.38,37.50,68,10,1.06,1.29,17,41,53,0,0,0,0.06,0.08,1,33,109.28,0.38,0.46,6,0,0.00,0.00,99,0.00,0,0,0,0.00,0.00,0,0.00,0.00,0.00,0.00,0,0,6.25,62,74,88,95,57,1.94,74,0.12,0.15,1.89,64,0.12,0.14,78,22,1.38,1.67,0.30,0.25,9,4,0.14,63,62,13,81,0,46,22,0,0.00,99,7,0.00,0.53,6.31,5.19,83,42,12,13,3.20,2.62,50.60,9,0.68,51,0,43.18,0,0.00,99,19,1.19,1.45,94,93,30,74,0,0,0,0,0,60,63,74,75,0,99,27,15,15,0,0,16,10,0,0
Jabes Saralegui,23,1050130800,2003/04/12,Primera División,2026,Midfielder,Tigre,512,263,249,Argentina,9,4,5,0,0,0,1,0,1,0,0,2,1,1,6,3,3,2,1,0.18,0.18,0,0,0,0,1.05,85,57,171,512,0.53,325,84,-1,26,0,6.39,0.11,86,25.14,15.89,32,143,11.00,99,25,17.40,31,0.00,0.00,0.44,4,0.00,0.89,1.41,0.89,8,0.00,0.89,0.00,0.00,0.00,0.00,0.44,0.67,0.00,0.88,0.22,1.56,0.00,0.33,0.06,0.00,0.33,0.00,0.00,0,0,,5,0.56,50,3,0.53,72,2,0.35,28,1,2,7,42,0.00,99,0,0,0.00,10,8,57,1.41,56,0,0.00,99,0,0.00,0,0,0.00,0,0.70,49,14,2.46,79,4,0.70,28.57,0,0.00,0,0,0,0.00,0,6,0.00,36,1.05,53,N/A,N/A,N/A,N/A,0.00,0,0.00,0,0.54,0.00,0,69.23,60.00,95,18,0.67,1.05,6,60,23,0,0,0,0.00,0.00,0,29,57.47,1.00,1.58,9,0,0.00,0.00,99,0.00,0,0,0,0.00,0.00,0,0.00,0.00,0.00,0.00,0,0,0.00,56,18,17,56,36,0.95,80,0.11,0.17,0.54,52,0.06,0.09,63,7,0.78,1.23,0.70,0.44,25,4,0.09,51,15,52,81,0,46,22,0,0.00,99,3,0.00,0.53,9.32,5.89,53,22,21,44,3.87,2.44,41.51,8,1.41,19,0,25.00,0,0.00,99,2,0.22,0.35,58,33,57,41,0,0,0,0,0,65,56,74,68,0,99,18,24,92,1,11,37,10,0,0
Jalil Juan José Elías,30,830415600,1996/04/25,Primera División,2026,Midfielder,Tigre,1217,597,620,Argentina,14,7,7,1,1,0,0,0,0,0,0,4,2,2,12,6,6,0,0,0.07,0,0.07,0.15,0,1217,0.89,101,87,0,0,0,221,313,-1,7,0,6.86,0,63,48.81,47.14,90,660,38.36,537,77,39.71,89,0.00,0.00,0.86,12,0.00,0.57,1.70,1.64,23,0.00,0.57,0.00,0.00,0.00,0.93,0.07,0.86,6.00,0.44,0.29,0.64,0.00,0.14,0.07,0.00,1.43,0.00,0.00,0,0,,6,0.43,25,2,0.15,36,4,0.30,24,2,0,14,56,0.00,99,0,13,0.96,55,8,82,0.59,41,0,0.00,99,0,0.00,0,0,0.00,0,0.89,61,9,0.67,33,1,0.07,11.11,0,0.00,0,0,0,0.00,0,12,0.00,52,0.89,38,N/A,N/A,N/A,N/A,0.00,0,0.00,0,1.04,0.00,0,81.36,33.33,62,25,0.93,0.96,13,15,13,0,0,0,0.43,0.44,6,79,96.04,1.29,1.33,18,0,0.00,0.00,99,0.00,0,0,0,0.00,0.00,0,0.00,0.00,0.07,0.07,1,0,16.67,88,76,61,95,52,1.46,59,0.10,0.11,1.04,48,0.07,0.08,31,9,0.64,0.67,0.37,0.36,9,5,0.08,48,66,44,81,0,51,60,0,0.00,99,20,0.00,1.48,8.73,8.43,118,53,22,36,3.92,3.79,44.92,8,0.59,56,0,37.50,0,0.00,99,3,0.21,0.22,49,78,30,57,0,0,0,0,0,46,61,74,74,0,99,39,15,15,0,0,16,30,0,0
Jaminton Leandro Campaz,26,959151600,2000/05/24,Primera División,2026,Forward,Rosario Central,750,355,395,Colombia,12,4,8,1,1,0,4,2,2,0,0,2,0,2,8,3,5,0,0,0.6,0.48,0.12,0.25,0,750,0.96,94,63,0,188,0,173,13,-1,11,0,7.32,0.33,99,29.40,20.42,45,245,16.50,198,76,23.76,53,0.00,0.00,1.83,22,0.00,6.33,1.56,1.08,13,0.00,0.67,0.00,0.00,0.00,0.17,2.33,0.75,32.00,3.84,1.42,4.83,0.00,1.25,0.25,0.00,0.42,0.00,0.00,0,0,,32,2.67,99,15,1.80,99,17,2.04,97,3,4,8,50,0.00,99,0,2,0.24,20,76,68,9.12,99,0,0.00,99,0,0.00,0,0,0.00,0,2.64,98,58,6.96,99,28,3.36,48.28,0,0.00,0,0,0,0.00,0,9,0.00,44,1.08,56,N/A,N/A,N/A,N/A,0.00,0,0.00,0,3.02,0.00,0,80.82,46.88,82,32,0.58,0.84,7,99,58,0,0,0,0.08,0.12,1,41,87.86,0.17,0.24,2,0,0.00,0.00,99,0.00,0,0,1,0.08,0.12,0,0.00,0.00,0.36,0.25,3,0,3.12,56,42,39,88,44,3.55,99,0.30,0.43,3.02,93,0.25,0.36,81,15,1.25,1.80,1.20,0.83,56,10,0.36,91,98,7,93,0,84,25,0,0.00,99,5,0.00,0.60,14.52,10.08,121,61,93,90,7.32,5.08,50.41,8,0.96,36,0,28.95,0,0.00,99,22,1.83,2.64,99,40,75,74,0,0,0,0,0,97,70,74,82,0,99,8,15,15,0,0,16,8,0,0
Jano Gordon,22,1087369200,2004/06/16,Primera División,2026,Defender,Vélez Sarsfield,259,79,180,Argentina,3,1,2,1,0,1,0,0,0,0,0,1,0,1,2,1,1,0,0,0.35,0,0.35,0,0.5,259,0.69,130,86,0,0,0,-1,-1,-1,6,0,7.18,0,63,32.66,31.33,57,94,22.33,67,31,23.28,51,0.00,0.00,1.00,3,0.00,1.67,3.47,3.33,10,0.00,1.00,0.00,0.00,0.00,2.67,0.00,0.67,2.00,0.69,0.00,0.33,0.00,0.67,0.28,0.00,2.00,0.00,0.00,0,0,,2,0.67,40,2,0.69,80,0,0.00,9,2,0,3,98,0.00,99,0,8,2.78,99,5,85,1.74,60,0,0.00,99,0,0.00,0,0,0.00,0,1.04,68,1,0.35,21,0,0.00,0.00,0,0.00,0,0,0,0.00,0,2,0.00,73,0.69,16,N/A,N/A,N/A,N/A,0.00,0,0.00,0,0.85,0.00,0,71.28,100.00,99,74,0.33,0.35,1,12,12,0,0,0,1.00,1.04,3,99,21.54,3.67,3.82,11,0,0.00,0.00,99,0.00,0,0,0,0.00,0.00,0,0.00,0.00,0.35,0.33,1,0,50.00,99,0,0,65,73,0.28,54,0.09,0.10,0.85,87,0.28,0.30,15,1,0.33,0.35,2.08,2.00,90,6,0.30,86,95,79,81,0,84,72,0,0.00,99,6,0.00,2.08,12.16,11.67,35,16,65,77,5.56,5.33,45.71,3,1.04,32,0,40.00,0,0.00,99,2,0.67,0.69,74,3,30,57,0,0,0,0,0,83,92,97,68,0,99,54,15,15,0,0,16,21,0,0
Javier Dominguez,26,959324400,2000/05/26,Primera División,2026,Midfielder,Atlético Tucumán,690,382,308,Paraguay,12,7,5,0,0,0,0,0,0,0,0,3,3,0,9,3,6,3,0,0,0,0,0,0,0,1.17,77,58,230,0,0.39,281,266,-1,11,0,6.04,0,63,41.03,26.25,78,315,18.50,222,28,28.91,69,0.00,0.00,0.50,6,0.00,0.33,2.74,1.75,21,0.00,1.08,0.00,0.00,0.00,1.25,0.33,0.75,0.00,1.17,0.58,0.83,0.00,0.17,0.05,0.00,1.00,0.00,0.00,0,0,,9,0.75,58,2,0.26,51,7,0.91,65,3,3,9,90,0.00,99,0,15,1.95,94,4,95,0.52,39,0,0.00,99,0,0.00,0,0,0.00,0,0.78,55,10,1.30,53,4,0.52,40.00,0,0.00,0,0,0,0.00,0,9,0.00,27,1.17,62,N/A,N/A,N/A,N/A,0.00,0,0.00,0,0.59,0.00,0,70.48,22.22,39,3,1.08,1.69,13,52,43,0,0,0,0.17,0.26,2,63,72.43,1.25,1.95,15,1,0.00,0.13,3,0.08,0,0,0,0.00,0.00,0,0.00,0.00,0.00,0.00,0,0,0.00,56,35,39,56,27,0.75,54,0.06,0.10,0.59,48,0.05,0.08,73,11,0.92,1.43,3.00,1.92,98,23,0.08,48,7,59,81,0,46,62,0,0.00,99,12,0.00,1.56,13.42,8.58,103,45,73,85,5.86,3.75,43.69,13,1.69,11,0,50.00,0,0.00,99,2,0.17,0.26,52,48,66,74,0,0,0,0,0,41,56,74,68,0,99,27,37,80,3,25,79,5,0,0
Javier Ferreira,34,698140800,1992/02/15,Primera División,2026,Forward,Estudiantes Río Cuarto,432,247,185,Paraguay,13,6,7,0,0,0,0,0,0,0,0,2,1,1,6,3,3,2,0,0,0,0,0,0,0,1.25,72,33,216,0,0.42,354,309,-1,21,0,6.50,0,63,20.83,7.69,15,100,4.00,52,3,10.83,6,0.00,0.00,0.31,4,0.00,0.15,0.83,0.31,4,0.00,0.69,0.00,0.00,0.00,0.23,0.31,0.62,0.00,2.92,0.85,0.62,0.00,0.23,0.08,0.00,1.77,0.00,0.00,0,0,,14,1.08,95,3,0.62,77,11,2.29,99,2,9,4,18,0.00,99,0,3,0.62,37,2,95,0.42,35,0,0.00,99,0,0.00,0,0,0.00,0,0.83,59,8,1.67,64,4,0.83,50.00,0,0.00,0,0,0,0.00,0,8,0.00,19,1.67,89,N/A,N/A,N/A,N/A,0.00,0,0.00,0,1.02,0.00,0,52.00,21.43,36,68,0.15,0.42,2,67,66,0,0,0,0.00,0.00,0,29,84.44,0.31,0.83,4,0,0.00,0.00,99,0.00,0,0,2,0.15,0.42,0,0.00,0.00,0.42,0.15,2,0,0.00,56,8,49,56,19,0.24,18,0.02,0.05,1.02,76,0.08,0.21,99,16,1.23,3.33,1.25,0.46,59,6,0.21,74,17,28,99,0,87,98,0,0.00,99,23,0.00,4.79,20.21,7.46,97,47,99,99,9.79,3.62,48.45,9,1.88,8,0,50.00,0,0.00,99,1,0.08,0.21,46,8,97,57,0,0,0,0,0,41,56,74,68,0,99,7,33,84,2,15,50,9,0,0
Javier Hernán García,39,538905600,1987/01/29,Primera División,2026,Goalkeeper,Boca Juniors,0,0,0,Argentina,0,0,0,0,0,0,0,0,0,0,0,0,0,0,0,0,0,0,0,0,0,0,0,0,0,0,0,0,0,0,0,-1,-1,-1,-1,N/A,N/A,N/A,N/A,N/A,N/A,N/A,N/A,N/A,N/A,N/A,N/A,N/A,N/A,N/A,N/A,N/A,N/A,N/A,N/A,N/A,N/A,N/A,N/A,N/A,N/A,N/A,N/A,N/A,N/A,N/A,N/A,N/A,N/A,N/A,N/A,N/A,N/A,N/A,N/A,N/A,N/A,N/A,N/A,N/A,N/A,N/A,N/A,N/A,N/A,N/A,N/A,N/A,N/A,N/A,N/A,N/A,N/A,N/A,N/A,N/A,N/A,N/A,N/A,N/A,N/A,N/A,N/A,N/A,N/A,N/A,N/A,N/A,N/A,N/A,N/A,N/A,N/A,N/A,N/A,N/A,N/A,N/A,N/A,N/A,N/A,N/A,N/A,N/A,N/A,N/A,N/A,N/A,N/A,N/A,N/A,N/A,N/A,N/A,N/A,N/A,N/A,N/A,N/A,N/A,N/A,N/A,N/A,N/A,N/A,N/A,N/A,N/A,N/A,N/A,N/A,N/A,N/A,N/A,N/A,N/A,N/A,N/A,N/A,N/A,N/A,N/A,N/A,N/A,N/A,N/A,N/A,N/A,N/A,N/A,N/A,N/A,N/A,N/A,N/A,N/A,N/A,N/A,N/A,N/A,N/A,N/A,N/A,N/A,N/A,N/A,N/A,N/A,N/A,N/A,N/A,N/A,N/A,N/A,N/A,N/A,N/A,N/A,N/A,N/A,N/A,N/A,N/A,N/A,N/A,N/A,N/A,N/A,N/A,N/A,N/A,N/A,N/A,N/A,N/A,N/A,N/A,N/A,N/A,N/A,N/A,N/A,N/A,N/A,N/A,N/A,N/A,N/A,N/A,N/A,N/A,N/A,N/A,N/A,N/A,N/A,N/A,N/A,N/A,N/A,N/A,N/A,N/A,N/A,N/A,N/A,N/A,N/A,N/A,N/A,N/A,N/A,N/A,N/A,N/A,N/A,N/A,N/A,N/A
Javier Morales,23,1049356800,2003/04/03,Primera División,2026,Forward,Barracas Central,560,280,280,Argentina,11,5,6,1,0,1,0,0,0,0,0,2,0,2,3,2,1,1,0,0.16,0,0.16,0,0.32,560,0.48,187,51,560,0,0.16,129,463,-1,10,0,6.67,0,63,17.52,9.91,6,109,6.82,75,25,12.05,9,0.00,0.00,0.27,3,0.00,0.27,0.32,0.18,2,0.00,0.82,0.00,0.00,0.00,0.27,0.18,0.36,12.00,1.93,0.82,0.55,0.00,0.27,0.13,0.00,0.73,0.00,0.00,0,0,,12,1.09,78,3,0.48,68,9,1.45,85,5,5,6,9,0.00,99,0,3,0.48,30,3,79,0.48,38,0,0.00,99,0,0.00,0,0,0.00,0,0.48,36,6,0.96,43,2,0.32,33.33,0,0.00,0,0,0,0.00,0,4,0.00,93,0.64,13,N/A,N/A,N/A,N/A,0.00,0,0.00,0,1.38,0.00,0,68.81,25.00,45,99,0.00,0.00,0,36,32,0,0,0,0.18,0.32,2,69,73.42,0.55,0.96,6,0,0.00,0.00,99,0.00,0,0,0,0.00,0.00,0,0.00,0.00,0.32,0.18,2,0,8.33,69,24,31,80,92,0.26,11,0.02,0.04,1.38,78,0.13,0.22,73,9,0.82,1.45,1.12,0.64,51,7,0.22,76,35,33,81,0,82,54,0,0.00,99,8,0.00,1.29,8.36,4.73,52,20,12,30,3.21,1.82,38.46,9,1.45,18,0,33.33,0,0.00,99,1,0.09,0.16,41,27,82,92,0,0,0,0,0,62,78,90,68,0,99,10,80,35,1,9,32,9,0,0
Javier Nicolás Burrai,35,655455600,1990/10/09,Primera División,2026,Goalkeeper,Sarmiento,1440,720,720,Argentina,16,8,8,0,0,0,0,0,0,0,0,5,5,0,17,5,12,2,0,0,0,0,0,0,0,1.06,85,90,720,0,0.13,345,337,153,27,0,7.19,0,63,27.06,27.06,38,433,17.06,273,11,17.06,30,0.00,0.00,0.00,0,0.00,0.00,0.06,0.06,1,0.00,0.00,0.00,0.00,4.25,0.00,0.00,5.50,0.00,0.00,0.00,0.00,0.00,0.00,0.00,0.00,0.19,0.00,0.00,0,0,,0,0.00,8,0,0.00,22,0,0.00,9,0,0,16,6,0.00,99,0,0,0.00,10,0,28,0.00,12,0,0.00,99,0,0.00,0,0,0.00,0,0.00,8,0,0.00,9,0,0.00,0.00,0,0.00,0,68,78,4.25,97,88,0.00,36,5.50,99,N/A,N/A,N/A,N/A,77.27,0,0.00,0,0.00,0.00,0,63.05,0.00,22,99,0.00,0.00,0,12,12,0,0,37,0.00,0.00,0,29,114.97,0.81,0.81,13,0,0.00,0.00,99,0.00,0,0,0,0.00,0.00,6,0.38,0.38,0.00,0.00,0,0,0.00,56,93,88,56,36,0.48,6,0.03,0.03,0.00,9,0.00,0.00,6,3,0.19,0.19,0.00,0.00,6,0,0.00,9,95,27,81,49,46,6,0,0.00,99,3,0.00,0.19,0.56,0.56,9,8,4,4,0.50,0.50,88.89,0,0.00,99,0,0.00,0,0.00,99,0,0.00,0.00,28,93,30,16,0,0,0,0,0,41,56,74,68,0,99,47,88,29,2,12,41,1,0,0
Javier Vallejos,23,1041580800,2003/01/03,Primera División,2026,Goalkeeper,Central Córdoba SdE,65,65,0,Argentina,1,1,0,0,0,0,0,0,0,0,0,0,0,0,1,1,0,0,0,0,0,0,0,0,0,1.38,65,65,0,0,0,-1,-1,-1,11,0,6.18,0,63,12.46,9.00,1,9,4.00,4,1,5.54,0,0.00,0.00,0.00,0,0.00,0.00,0.00,0.00,0,0.00,0.00,0.00,0.00,2.00,0.00,0.00,4.00,0.00,0.00,0.00,0.00,0.00,0.00,0.00,0.00,1.00,0.00,0.00,0,0,,0,0.00,8,0,0.00,22,0,0.00,9,0,1,0,5,0.00,99,0,0,0.00,10,0,28,0.00,12,0,0.00,99,0,0.00,0,0,0.00,0,0.00,8,0,0.00,9,0,0.00,0.00,0,0.00,0,2,0,2.77,44,4,0.00,11,5.54,99,N/A,N/A,N/A,N/A,50.00,0,0.00,0,0.00,0.00,0,44.44,0.00,22,99,0.00,0.00,0,12,12,0,0,0,0.00,0.00,0,29,6.18,1.00,1.38,1,0,0.00,0.00,99,0.00,0,0,0,0.00,0.00,1,1.00,1.38,0.00,0.00,0,0,0.00,56,0,0,56,11,0.01,0,0.01,0.01,0.00,9,0.00,0.00,2,0,0.00,0.00,0.00,0.00,6,0,0.00,9,10,46,81,99,46,57,0,0.00,99,1,0.00,1.38,1.38,1.00,1,1,7,7,1.38,1.00,100.00,0,0.00,99,0,0.00,0,0.00,99,0,0.00,0.00,28,0,44,16,0,0,0,0,0,41,56,74,68,0,99,1,15,15,0,0,16,25,0,0
Jeremías Ezequiel Lázaro,22,1088406000,2004/06/28,Primera División,2026,Midfielder,Instituto,286,95,191,Argentina,11,5,6,1,0,1,2,1,1,0,0,3,1,2,2,0,2,0,0,0.94,0.63,0.31,0,0.47,286,0.63,143,26,0,143,0,61,4,-1,4,0,6.85,0.18,99,35.56,10.27,66,113,8.00,88,61,27.69,64,0.00,0.00,0.82,9,0.00,0.64,2.83,0.82,9,0.00,0.45,0.00,0.00,0.00,0.18,0.73,0.27,5.00,1.57,0.36,1.36,0.00,0.09,0.08,0.00,0.45,0.00,0.00,0,0,,5,0.45,69,1,0.31,55,4,1.26,79,4,10,1,91,0.00,99,0,2,0.63,38,7,28,2.20,65,0,0.00,99,0,0.00,0,0,0.00,0,2.83,99,15,4.72,96,8,2.52,53.33,0,0.00,0,0,0,0.00,0,3,0.00,82,0.94,42,N/A,N/A,N/A,N/A,0.00,0,0.00,0,0.89,0.00,0,77.88,20.00,35,77,0.09,0.31,1,98,69,0,0,0,0.00,0.00,0,29,75.38,0.27,0.94,3,0,0.00,0.00,99,0.00,0,0,0,0.00,0.00,0,0.00,0.00,0.63,0.18,2,0,20.00,93,0,31,67,81,1.72,99,0.16,0.54,0.89,85,0.08,0.28,95,8,0.73,2.52,1.26,0.36,59,4,0.28,84,65,32,81,0,93,63,0,0.00,99,5,0.00,1.57,16.05,4.64,51,28,98,95,8.81,2.55,54.90,5,1.57,15,0,0.00,0,0.00,99,0,0.00,0.00,28,0,98,84,0,0,0,0,0,99,90,96,68,0,99,33,15,15,0,0,16,21,0,0
Jeremías Ledesma,33,729590400,1993/02/13,Primera División,2026,Goalkeeper,Rosario Central,1350,720,630,Argentina,15,8,7,0,0,0,0,0,0,0,0,3,2,1,14,7,7,1,0,0,0,0,0,0,0,0.93,96,90,1350,0,0.07,490,483,124,27,0,6.84,0,63,22.57,23.07,23,346,14.13,212,9,13.83,16,0.00,0.00,0.00,0,0.00,0.00,0.00,0.00,0,0.00,0.00,0.00,0.00,2.67,0.00,0.00,3.60,0.00,0.00,0.00,0.00,0.00,0.00,0.00,0.00,0.13,0.00,0.00,0,0,,0,0.00,8,0,0.00,22,0,0.00,9,0,0,15,5,0.00,99,0,0,0.00,10,0,28,0.00,12,0,0.00,99,0,0.00,0,0,0.00,0,0.00,8,0,0.00,9,0,0.00,0.00,0,0.00,0,40,56,2.61,42,54,0.00,48,3.52,95,N/A,N/A,N/A,N/A,74.07,0,0.00,0,0.00,0.00,0,61.27,0.00,22,99,0.00,0.00,0,12,12,0,0,22,0.00,0.00,0,29,102.54,1.00,0.98,15,1,0.00,0.07,10,0.07,1,0,0,0.00,0.00,6,0.40,0.39,0.00,0.00,0,0,0.00,56,86,73,56,47,0.52,6,0.03,0.03,0.00,9,0.00,0.00,7,3,0.20,0.20,0.07,0.07,7,1,0.00,9,63,34,81,51,46,3,0,0.00,99,2,0.00,0.13,0.39,0.40,6,5,1,1,0.33,0.33,83.33,0,0.00,99,0,0.00,0,0.00,99,0,0.00,0.00,28,85,30,16,0,0,0,0,0,41,56,74,68,0,99,15,98,19,1,7,25,23,0,0
Jeremías Lucco,20,1134201600,2005/12/10,Primera División,2026,Midfielder,Belgrano,45,21,24,Argentina,3,1,2,0,0,0,0,0,0,0,0,2,0,2,0,0,0,0,0,0,0,0,0,0,0,0,0,15,0,0,0,-1,-1,-1,14,0,4.27,0,63,32.00,5.33,54,16,1.67,5,0,10.00,4,0.00,0.00,0.00,0,0.00,0.67,10.00,1.67,5,0.00,1.00,0.00,0.00,0.00,0.00,0.00,0.00,0.00,4.00,0.67,0.67,0.00,0.00,0.03,0.00,0.33,0.00,0.00,0,0,,2,0.67,99,0,0.00,22,2,4.00,99,0,3,0,99,0.00,99,0,0,0.00,10,2,28,4.00,85,0,0.00,99,0,0.00,0,0,0.00,0,0.00,8,2,4.00,93,0,0.00,0.00,0,0.00,0,0,0,0.00,0,0,0.00,99,0.00,0,N/A,N/A,N/A,N/A,0.00,0,0.00,0,0.09,0.00,0,31.25,0.00,22,0,1.33,8.00,4,12,12,0,0,0,0.00,0.00,0,29,12.81,0.67,4.00,2,0,0.00,0.00,99,0.00,0,0,0,0.00,0.00,0,0.00,0.00,0.00,0.00,0,0,0.00,56,0,0,56,0,0.01,2,0.00,0.02,0.09,70,0.03,0.18,99,2,0.67,4.00,4.00,0.67,99,2,0.18,69,0,80,81,0,46,71,0,0.00,99,1,0.00,2.00,40.00,6.67,20,8,99,99,16.00,2.67,40.00,3,6.00,0,0,0.00,0,0.00,99,0,0.00,0.00,28,0,66,16,0,0,0,0,0,41,56,74,68,0,99,99,15,15,0,0,16,42,0,0
Jeremias Merlo,20,1150786800,2006/06/20,Primera División,2026,Forward,Gimnasia La Plata,127,73,54,Argentina,4,2,2,0,0,0,0,0,0,0,0,0,0,0,2,1,1,0,0,0,0,0,0,0,0,1.42,64,32,0,0,0,-1,-1,-1,25,0,6.52,0,63,24.80,8.75,29,35,6.00,24,24,17.01,29,0.00,0.00,0.50,2,0.00,1.00,1.42,0.50,2,0.00,1.50,0.00,0.00,0.00,0.25,0.75,0.50,0.00,2.83,1.00,1.50,0.00,0.00,0.04,0.00,0.00,0.00,0.00,0,0,,4,1.00,94,0,0.00,22,4,2.83,99,1,2,2,42,0.00,99,0,1,0.71,43,4,28,2.83,74,0,0.00,99,0,0.00,0,0,0.00,0,1.42,82,6,4.25,94,3,2.13,50.00,0,0.00,0,0,0,0.00,0,2,0.00,9,1.42,80,N/A,N/A,N/A,N/A,0.00,0,0.00,0,0.17,0.00,0,68.57,0.00,22,99,0.00,0.00,0,96,66,0,0,0,0.00,0.00,0,29,26.07,0.00,0.00,0,0,0.00,0.00,99,0.00,0,0,0,0.00,0.00,0,0.00,0.00,1.42,0.50,2,0,0.00,56,0,0,56,10,0.14,54,0.04,0.10,0.17,58,0.04,0.12,97,4,1.00,2.83,0.71,0.25,26,1,0.12,57,19,1,81,0,99,1,0,0.00,99,0,0.00,0.00,13.46,4.75,19,7,51,85,4.96,1.75,36.84,6,4.25,0,0,0.00,0,0.00,99,0,0.00,0.00,28,0,57,41,0,0,0,0,0,41,56,74,68,0,99,1,15,15,0,0,16,11,0,0
Jeremías Nicolás Palavecino,23,1048924800,2003/03/29,Primera División,2026,Midfielder,Unión Santa Fe,197,98,99,Argentina,7,3,4,0,0,0,1,0,1,0,0,2,2,0,4,1,3,0,0,0.46,0.46,0,0,0,0,1.83,49,28,0,197,0,-1,-1,-1,20,0,4.90,0.14,99,41.57,13.00,79,91,11.00,77,90,35.18,82,0.00,0.00,1.14,8,0.00,1.00,1.83,0.57,4,0.00,0.43,0.00,0.00,0.00,0.14,0.29,0.71,0.00,5.48,1.29,1.00,0.00,0.43,0.14,0.00,0.86,0.00,0.00,0,0,,12,1.71,99,3,1.37,97,9,4.11,99,2,6,1,63,0.00,99,0,1,0.46,28,7,95,3.20,78,0,0.00,99,0,0.00,0,0,0.00,0,3.65,99,7,3.20,87,2,0.91,28.57,0,0.00,0,0,0,0.00,0,5,0.00,2,2.28,93,N/A,N/A,N/A,N/A,0.00,0,0.00,0,0.97,0.00,0,84.62,25.00,45,28,0.29,0.91,2,71,23,0,0,0,0.00,0.00,0,29,34.28,0.43,1.37,3,0,0.00,0.00,99,0.00,0,0,0,0.00,0.00,0,0.00,0.00,0.00,0.00,0,0,0.00,56,0,6,56,2,1.05,99,0.15,0.48,0.97,96,0.14,0.44,82,4,0.57,1.83,1.83,0.57,85,4,0.44,95,1,45,81,0,46,84,0,0.00,99,6,0.00,2.74,14.62,4.57,32,15,88,90,6.85,2.14,46.88,3,1.37,21,0,57.14,0,0.00,99,4,0.57,1.83,97,0,88,57,0,0,0,0,0,91,56,74,68,0,99,39,15,15,0,0,16,8,0,0
Jeremías Nisael Florentín,19,1157094000,2006/09/01,Primera División,2026,Goalkeeper,Talleres Córdoba,0,0,0,Argentina,0,0,0,0,0,0,0,0,0,0,0,0,0,0,0,0,0,0,0,0,0,0,0,0,0,0,0,0,0,0,0,-1,-1,-1,-1,N/A,N/A,N/A,N/A,N/A,N/A,N/A,N/A,N/A,N/A,N/A,N/A,N/A,N/A,N/A,N/A,N/A,N/A,N/A,N/A,N/A,N/A,N/A,N/A,N/A,N/A,N/A,N/A,N/A,N/A,N/A,N/A,N/A,N/A,N/A,N/A,N/A,N/A,N/A,N/A,N/A,N/A,N/A,N/A,N/A,N/A,N/A,N/A,N/A,N/A,N/A,N/A,N/A,N/A,N/A,N/A,N/A,N/A,N/A,N/A,N/A,N/A,N/A,N/A,N/A,N/A,N/A,N/A,N/A,N/A,N/A,N/A,N/A,N/A,N/A,N/A,N/A,N/A,N/A,N/A,N/A,N/A,N/A,N/A,N/A,N/A,N/A,N/A,N/A,N/A,N/A,N/A,N/A,N/A,N/A,N/A,N/A,N/A,N/A,N/A,N/A,N/A,N/A,N/A,N/A,N/A,N/A,N/A,N/A,N/A,N/A,N/A,N/A,N/A,N/A,N/A,N/A,N/A,N/A,N/A,N/A,N/A,N/A,N/A,N/A,N/A,N/A,N/A,N/A,N/A,N/A,N/A,N/A,N/A,N/A,N/A,N/A,N/A,N/A,N/A,N/A,N/A,N/A,N/A,N/A,N/A,N/A,N/A,N/A,N/A,N/A,N/A,N/A,N/A,N/A,N/A,N/A,N/A,N/A,N/A,N/A,N/A,N/A,N/A,N/A,N/A,N/A,N/A,N/A,N/A,N/A,N/A,N/A,N/A,N/A,N/A,N/A,N/A,N/A,N/A,N/A,N/A,N/A,N/A,N/A,N/A,N/A,N/A,N/A,N/A,N/A,N/A,N/A,N/A,N/A,N/A,N/A,N/A,N/A,N/A,N/A,N/A,N/A,N/A,N/A,N/A,N/A,N/A,N/A,N/A,N/A,N/A,N/A,N/A,N/A,N/A,N/A,N/A,N/A,N/A,N/A,N/A,N/A,N/A
Jeremías Ramponi,21,1111392000,2005/03/21,Primera División,2026,Defender,Estudiantes Río Cuarto,0,0,0,Argentina,0,0,0,0,0,0,0,0,0,0,0,0,0,0,0,0,0,0,0,0,0,0,0,0,0,0,0,0,0,0,0,-1,-1,-1,-1,N/A,N/A,N/A,N/A,N/A,N/A,N/A,N/A,N/A,N/A,N/A,N/A,N/A,N/A,N/A,N/A,N/A,N/A,N/A,N/A,N/A,N/A,N/A,N/A,N/A,N/A,N/A,N/A,N/A,N/A,N/A,N/A,N/A,N/A,N/A,N/A,N/A,N/A,N/A,N/A,N/A,N/A,N/A,N/A,N/A,N/A,N/A,N/A,N/A,N/A,N/A,N/A,N/A,N/A,N/A,N/A,N/A,N/A,N/A,N/A,N/A,N/A,N/A,N/A,N/A,N/A,N/A,N/A,N/A,N/A,N/A,N/A,N/A,N/A,N/A,N/A,N/A,N/A,N/A,N/A,N/A,N/A,N/A,N/A,N/A,N/A,N/A,N/A,N/A,N/A,N/A,N/A,N/A,N/A,N/A,N/A,N/A,N/A,N/A,N/A,N/A,N/A,N/A,N/A,N/A,N/A,N/A,N/A,N/A,N/A,N/A,N/A,N/A,N/A,N/A,N/A,N/A,N/A,N/A,N/A,N/A,N/A,N/A,N/A,N/A,N/A,N/A,N/A,N/A,N/A,N/A,N/A,N/A,N/A,N/A,N/A,N/A,N/A,N/A,N/A,N/A,N/A,N/A,N/A,N/A,N/A,N/A,N/A,N/A,N/A,N/A,N/A,N/A,N/A,N/A,N/A,N/A,N/A,N/A,N/A,N/A,N/A,N/A,N/A,N/A,N/A,N/A,N/A,N/A,N/A,N/A,N/A,N/A,N/A,N/A,N/A,N/A,N/A,N/A,N/A,N/A,N/A,N/A,N/A,N/A,N/A,N/A,N/A,N/A,N/A,N/A,N/A,N/A,N/A,N/A,N/A,N/A,N/A,N/A,N/A,N/A,N/A,N/A,N/A,N/A,N/A,N/A,N/A,N/A,N/A,N/A,N/A,N/A,N/A,N/A,N/A,N/A,N/A,N/A,N/A,N/A,N/A,N/A,N/A
Jerónimo Gómez Mattar,17,1218092400,2008/08/07,Primera División,2026,Midfielder,Newell's Old Boys,649,323,326,Argentina,13,7,6,0,0,0,1,1,0,0,0,2,2,0,15,6,9,3,0,0.14,0.14,0,0,0,0,2.08,43,50,216,649,0.42,535,104,-1,16,0,6.68,0.08,82,36.55,20.31,69,264,15.46,201,52,27.83,65,0.00,0.00,0.54,7,0.00,1.15,2.91,1.62,21,0.00,0.38,0.00,0.00,0.00,0.46,0.15,1.15,0.00,1.25,0.46,1.15,0.00,0.23,0.05,0.00,0.23,0.00,0.00,0,0,,9,0.69,62,3,0.42,64,6,0.83,60,8,8,5,92,0.00,99,0,6,0.83,49,15,60,2.08,64,0,0.00,99,0,0.00,0,0,0.00,0,0.97,65,15,2.08,71,2,0.28,13.33,0,0.00,0,0,0,0.00,0,15,0.00,1,2.08,92,N/A,N/A,N/A,N/A,0.00,0,0.00,0,0.67,0.00,0,76.14,33.33,62,8,0.77,1.38,10,31,13,0,0,0,0.31,0.55,4,85,86.78,0.92,1.66,12,0,0.00,0.00,99,0.00,0,0,0,0.00,0.00,0,0.00,0.00,0.14,0.08,1,0,0.00,56,32,49,56,1,1.23,80,0.09,0.17,0.67,52,0.05,0.09,98,23,1.77,3.18,0.69,0.38,24,5,0.09,51,36,54,81,0,64,16,0,0.00,99,3,0.00,0.42,12.05,6.69,87,49,87,76,6.78,3.77,56.32,5,0.69,50,0,26.67,0,0.00,99,4,0.31,0.55,68,18,95,99,0,0,0,0,0,58,56,74,68,0,99,7,33,84,3,23,72,19,0,0
Jerónimo Russo,21,1117436400,2005/05/30,Primera División,2026,Defender,Newell's Old Boys,732,433,299,Argentina,13,8,5,1,0,1,2,1,1,0,0,2,2,0,9,4,5,3,0,0.37,0.25,0.12,0,0.3,732,1.11,81,56,244,366,0.37,170,45,165,4,0,6.40,0.15,94,39.17,24.54,74,319,17.38,226,30,27.75,64,0.00,0.00,0.62,8,0.00,2.92,2.09,1.31,17,0.00,0.31,0.00,0.00,0.00,0.77,1.46,0.69,6.00,0.74,0.31,2.08,0.00,0.15,0.08,0.00,0.85,0.00,0.00,0,0,,6,0.46,41,2,0.25,50,4,0.49,41,2,6,7,73,0.00,99,0,10,1.23,69,38,34,4.67,91,0,0.00,99,0,0.00,0,0,0.00,0,0.98,65,27,3.32,88,19,2.33,70.37,0,0.00,0,0,0,0.00,0,9,0.00,32,1.11,58,N/A,N/A,N/A,N/A,0.00,0,0.00,0,1.04,0.00,0,70.85,33.33,62,52,0.38,0.61,5,97,87,0,0,0,0.15,0.25,2,62,83.25,1.54,2.46,20,0,0.00,0.00,99,0.00,0,0,0,0.00,0.00,0,0.00,0.00,0.12,0.08,1,0,16.67,88,39,49,86,32,1.93,92,0.15,0.24,1.04,62,0.08,0.13,91,18,1.38,2.21,0.98,0.62,42,8,0.13,60,15,67,81,0,60,56,0,0.00,99,11,0.00,1.35,11.79,7.38,96,65,96,73,7.98,5.00,67.71,4,0.49,63,0,13.16,0,0.00,99,5,0.38,0.61,70,33,88,57,0,0,0,0,0,85,70,89,68,0,99,7,39,77,3,23,72,28,0,0
Jherson Steven Mosquera Castro,26,937638000,1999/09/18,Primera División,2026,Defender,Newell's Old Boys,90,0,90,Colombia,1,0,1,0,0,0,0,0,0,0,0,0,0,0,1,0,1,0,0,0,0,0,0,0,0,1,90,90,0,0,0,-1,-1,-1,21,0,7.60,0,63,34.00,34.00,62,34,25.00,25,39,25.00,56,0.00,0.00,0.00,0,0.00,0.00,3.00,3.00,3,0.00,1.00,0.00,0.00,0.00,0.00,1.00,1.00,0.00,0.00,0.00,3.00,0.00,0.00,0.00,0.00,2.00,0.00,0.00,0,0,,0,0.00,8,0,0.00,22,0,0.00,9,0,0,1,93,0.00,99,0,0,0.00,10,0,28,0.00,12,0,0.00,99,0,0.00,0,0,0.00,0,0.00,8,3,3.00,85,1,1.00,33.33,0,0.00,0,0,0,0.00,0,1,0.00,41,1.00,50,N/A,N/A,N/A,N/A,0.00,0,0.00,0,0.00,0.00,0,73.53,0.00,22,99,0.00,0.00,0,76,32,0,0,0,4.00,4.00,4,99,7.60,5.00,5.00,5,0,0.00,0.00,99,0.00,0,0,0,0.00,0.00,0,0.00,0.00,0.00,0.00,0,0,0.00,56,0,0,56,41,0.05,18,0.05,0.05,0.00,9,0.00,0.00,88,2,2.00,2.00,0.00,0.00,6,0,0.00,9,99,84,81,0,46,71,0,0.00,99,2,0.00,2.00,11.00,11.00,11,8,96,64,8.00,8.00,72.73,1,1.00,34,0,0.00,0,0.00,99,0,0.00,0.00,28,0,30,16,0,0,0,0,0,41,56,74,68,0,99,1,15,15,0,0,16,6,0,0
Jhohan Romaña,27,905670000,1998/09/13,Primera División,2026,Defender,San Lorenzo,1306,676,630,Colombia,15,8,7,0,0,0,0,0,0,0,0,8,4,4,13,10,3,4,0,0,0,0,0,0,0,0.9,100,87,327,0,0.28,392,382,119,28,0,6.90,0,63,33.28,32.93,59,494,27.87,418,90,28.16,66,0.00,0.00,0.07,1,0.00,0.13,1.62,1.60,24,0.00,0.27,0.00,0.00,0.00,1.53,0.07,1.00,0.00,0.34,0.33,0.13,0.00,0.00,0.02,0.00,2.67,0.00,0.00,0,0,,5,0.33,19,0,0.00,22,5,0.34,27,1,0,15,53,0.00,99,0,23,1.55,86,2,28,0.13,20,0,0.00,99,0,0.00,0,0,0.00,0,0.07,10,2,0.13,12,1,0.07,50.00,0,0.00,0,0,0,0.00,0,15,0.00,50,1.01,51,N/A,N/A,N/A,N/A,0.00,0,0.00,0,0.28,0.00,0,84.62,0.00,22,90,0.13,0.13,2,15,66,0,0,0,0.53,0.54,8,84,103.48,6.40,6.47,96,0,0.00,0.00,99,0.00,0,0,0,0.00,0.00,0,0.00,0.00,0.00,0.00,0,0,0.00,56,82,73,56,50,1.08,36,0.07,0.07,0.28,20,0.02,0.02,52,15,1.00,1.01,0.74,0.73,27,11,0.02,20,72,93,81,0,46,83,0,0.00,99,40,0.00,2.69,8.56,8.47,127,79,62,33,5.32,5.27,62.20,4,0.27,74,0,0.00,0,0.00,99,0,0.00,0.00,28,85,30,41,0,0,0,0,0,41,56,74,68,0,99,91,55,62,4,27,82,4,0,0
Jhon Alexander Rentería Arias,20,1130137200,2005/10/24,Primera División,2026,Forward,Sarmiento,364,183,181,Colombia,8,4,4,0,0,0,1,0,1,0,0,2,2,0,3,1,2,2,0,0.25,0.25,0,0,0,0,0.74,121,46,182,364,0.49,341,44,-1,8,0,6.63,0.12,94,23.24,11.75,25,94,9.12,73,59,18.05,34,0.00,0.00,0.62,5,0.00,2.25,1.48,0.75,6,0.00,1.25,0.00,0.00,0.00,0.00,2.00,0.38,0.00,2.23,0.50,4.25,0.00,0.62,0.09,0.00,0.62,0.00,0.00,0,0,,9,1.12,85,5,1.24,95,4,0.99,68,1,4,4,46,0.00,99,0,0,0.00,10,18,64,4.45,89,0,0.00,99,0,0.00,0,0,0.00,0,1.24,76,34,8.41,99,16,3.96,47.06,0,0.00,0,0,0,0.00,0,3,0.00,69,0.74,21,N/A,N/A,N/A,N/A,0.00,0,0.00,0,0.75,0.00,0,77.66,55.56,92,22,0.50,0.99,4,99,56,0,0,0,0.00,0.00,0,29,53.05,0.00,0.00,0,0,0.00,0.00,99,0.00,0,0,0,0.00,0.00,0,0.00,0.00,0.25,0.12,1,0,0.00,56,1,11,56,68,0.93,90,0.12,0.23,0.75,72,0.09,0.19,97,12,1.50,2.97,0.99,0.50,43,4,0.19,71,29,1,81,0,76,52,0,0.00,99,5,0.00,1.24,19.53,9.88,79,38,99,99,9.40,4.75,48.10,10,2.47,3,0,27.78,0,0.00,99,5,0.62,1.24,89,8,75,41,0,0,0,0,0,76,56,74,68,0,99,27,26,89,2,25,79,10,0,0
Jhon Emerson Córdoba Mosquera,26,963644400,2000/07/15,Primera División,2026,Forward,Instituto,854,488,366,Colombia,12,7,5,1,0,1,0,0,0,0,0,4,2,2,6,3,3,2,0,0.11,0,0.11,0,0.25,854,0.63,142,71,427,0,0.21,180,368,-1,11,0,6.85,0,63,14.12,11.17,2,134,6.92,83,9,8.75,2,0.00,0.00,0.67,8,0.00,2.42,2.32,1.83,22,0.00,0.83,0.00,0.00,0.00,0.42,0.33,0.58,15.00,1.58,0.67,1.75,0.00,0.58,0.16,0.00,0.58,0.00,0.00,0,0,,15,1.25,69,7,0.74,82,8,0.84,61,3,0,12,79,0.00,99,0,5,0.53,33,29,54,3.06,77,0,0.00,99,0,0.00,0,0,0.00,0,0.84,59,21,2.21,73,4,0.42,19.05,0,0.00,0,0,0,0.00,0,7,0.00,82,0.74,21,N/A,N/A,N/A,N/A,0.00,0,0.00,0,1.88,0.00,0,61.94,46.67,82,77,0.25,0.32,3,46,15,0,0,0,0.08,0.11,1,38,82.22,0.67,0.84,8,0,0.00,0.00,99,0.00,0,0,1,0.08,0.11,0,0.00,0.00,0.74,0.58,7,1,6.67,63,50,39,91,80,0.42,11,0.03,0.04,1.88,74,0.16,0.20,75,15,1.25,1.58,2.00,1.58,89,19,0.20,73,65,29,91,0,95,30,0,0.00,99,7,0.00,0.74,12.33,9.75,117,48,54,78,5.06,4.00,41.03,10,1.05,32,0,24.14,0,0.00,99,7,0.58,0.74,76,65,30,74,0,0,0,0,0,54,68,87,68,0,99,54,69,47,2,17,53,20,0,0
Jhonatan Marcelo Candia Hernández,31,795254400,1995/03/15,Primera División,2026,Forward,Barracas Central,754,295,459,Uruguay,14,6,8,1,0,1,0,0,0,0,0,3,1,2,6,2,4,1,0,0.12,0,0.12,0,0.2,754,0.72,126,54,754,0,0.12,174,262,-1,6,0,6.65,0,63,21.13,12.64,17,177,8.50,119,21,14.20,17,0.00,0.00,0.36,5,0.00,0.36,0.60,0.36,5,0.00,0.71,0.00,0.00,0.00,0.29,0.57,0.57,12.00,1.43,0.43,1.21,0.00,0.43,0.11,0.00,2.14,0.00,0.00,0,0,,12,0.86,66,6,0.72,81,6,0.72,55,6,5,9,13,0.00,99,0,4,0.48,30,5,45,0.60,42,0,0.00,99,0,0.00,0,0,0.00,0,0.60,43,17,2.03,70,8,0.95,47.06,0,0.00,0,0,0,0.00,0,8,0.00,71,0.95,43,N/A,N/A,N/A,N/A,0.00,0,0.00,0,1.60,0.00,0,67.23,50.00,91,42,0.43,0.72,6,73,56,0,0,0,0.07,0.12,1,41,93.03,0.64,1.07,9,0,0.00,0.00,99,0.00,0,0,1,0.07,0.12,0,0.00,0.00,0.24,0.14,2,0,8.33,69,43,61,88,71,0.42,18,0.03,0.05,1.60,72,0.11,0.19,67,11,0.79,1.31,2.15,1.29,91,18,0.19,71,32,37,93,0,75,95,0,0.00,99,30,0.00,3.58,16.11,9.64,135,52,82,95,6.21,3.71,38.52,10,1.19,25,0,20.00,0,0.00,99,1,0.07,0.12,37,48,82,96,0,0,0,0,0,55,70,84,68,0,99,17,89,27,1,7,25,20,0,0
Joaquín Ariel Novillo,28,887875200,1998/02/19,Primera División,2026,Defender,Aldosivi,656,386,270,Argentina,8,5,3,0,0,0,0,0,0,0,0,3,3,0,8,3,5,0,0,0,0,0,0,0,0,1.1,82,82,0,0,0,428,423,160,27,0,6.66,0,63,24.42,22.25,28,178,17.88,143,74,19.62,38,0.00,0.00,0.12,1,0.00,0.12,1.10,1.00,8,0.00,0.00,0.00,0.00,0.00,1.38,0.00,1.00,0.00,0.41,0.12,0.12,0.00,0.25,0.03,0.00,2.62,0.00,0.00,0,0,,3,0.38,23,2,0.27,52,1,0.14,13,2,0,8,27,0.00,99,0,11,1.51,84,1,99,0.14,21,0,0.00,99,0,0.00,0,0,0.00,0,0.14,14,1,0.14,12,0,0.00,0.00,0,0.00,0,0,0,0.00,0,8,0.00,34,1.10,58,N/A,N/A,N/A,N/A,0.00,0,0.00,0,0.26,0.00,0,80.34,66.67,98,80,0.25,0.27,2,12,12,0,0,0,0.62,0.69,5,91,53.30,4.62,5.08,37,2,0.00,0.27,0,0.25,0,0,0,0.00,0.00,0,0.00,0.00,0.00,0.00,0,0,0.00,56,33,11,56,34,0.32,11,0.04,0.04,0.26,32,0.03,0.04,18,3,0.38,0.41,1.92,1.75,87,14,0.04,32,34,85,81,0,46,86,0,0.00,99,21,0.00,2.88,8.37,7.62,61,31,33,30,4.25,3.88,50.82,0,0.00,99,0,100.00,0,0.00,99,1,0.12,0.14,39,40,30,57,0,0,0,0,0,41,56,74,68,0,99,65,15,15,0,0,16,6,0,0
Joaquín Blázquez,25,980668800,2001/01/28,Primera División,2026,Goalkeeper,Independiente,0,0,0,Argentina,0,0,0,0,0,0,0,0,0,0,0,0,0,0,0,0,0,0,0,0,0,0,0,0,0,0,0,0,0,0,0,-1,-1,-1,-1,N/A,N/A,N/A,N/A,N/A,N/A,N/A,N/A,N/A,N/A,N/A,N/A,N/A,N/A,N/A,N/A,N/A,N/A,N/A,N/A,N/A,N/A,N/A,N/A,N/A,N/A,N/A,N/A,N/A,N/A,N/A,N/A,N/A,N/A,N/A,N/A,N/A,N/A,N/A,N/A,N/A,N/A,N/A,N/A,N/A,N/A,N/A,N/A,N/A,N/A,N/A,N/A,N/A,N/A,N/A,N/A,N/A,N/A,N/A,N/A,N/A,N/A,N/A,N/A,N/A,N/A,N/A,N/A,N/A,N/A,N/A,N/A,N/A,N/A,N/A,N/A,N/A,N/A,N/A,N/A,N/A,N/A,N/A,N/A,N/A,N/A,N/A,N/A,N/A,N/A,N/A,N/A,N/A,N/A,N/A,N/A,N/A,N/A,N/A,N/A,N/A,N/A,N/A,N/A,N/A,N/A,N/A,N/A,N/A,N/A,N/A,N/A,N/A,N/A,N/A,N/A,N/A,N/A,N/A,N/A,N/A,N/A,N/A,N/A,N/A,N/A,N/A,N/A,N/A,N/A,N/A,N/A,N/A,N/A,N/A,N/A,N/A,N/A,N/A,N/A,N/A,N/A,N/A,N/A,N/A,N/A,N/A,N/A,N/A,N/A,N/A,N/A,N/A,N/A,N/A,N/A,N/A,N/A,N/A,N/A,N/A,N/A,N/A,N/A,N/A,N/A,N/A,N/A,N/A,N/A,N/A,N/A,N/A,N/A,N/A,N/A,N/A,N/A,N/A,N/A,N/A,N/A,N/A,N/A,N/A,N/A,N/A,N/A,N/A,N/A,N/A,N/A,N/A,N/A,N/A,N/A,N/A,N/A,N/A,N/A,N/A,N/A,N/A,N/A,N/A,N/A,N/A,N/A,N/A,N/A,N/A,N/A,N/A,N/A,N/A,N/A,N/A,N/A,N/A,N/A,N/A,N/A,N/A,N/A
Joaquin Flores,21,1117263600,2005/05/28,Primera División,2026,Forward,Central Córdoba SdE,92,30,62,Argentina,5,2,3,0,0,0,0,0,0,0,0,1,1,0,0,0,0,0,0,0,0,0,0,0,0,0,0,18,0,0,0,-1,-1,-1,10,0,6.58,0,63,20.54,4.20,13,21,3.20,16,53,15.65,23,0.00,0.00,0.80,4,0.00,2.00,1.96,0.40,2,0.00,0.40,0.00,0.00,0.00,0.00,0.20,0.00,0.00,1.96,0.40,0.80,0.00,0.00,0.02,0.00,0.20,0.00,0.00,0,0,,2,0.40,79,0,0.00,22,2,1.96,96,0,5,0,68,0.00,99,0,0,0.00,10,10,45,9.78,99,0,0.00,99,0,0.00,0,0,0.00,0,3.91,99,4,3.91,92,1,0.98,25.00,0,0.00,0,0,0,0.00,0,0,0.00,99,0.00,0,N/A,N/A,N/A,N/A,0.00,0,0.00,0,0.09,0.00,0,76.19,0.00,22,23,0.20,0.98,1,75,21,0,0,0,0.00,0.00,0,29,32.89,0.00,0.00,0,0,0.00,0.00,99,0.00,0,0,0,0.00,0.00,0,0.00,0.00,0.00,0.00,0,0,0.00,56,0,1,56,0,0.19,83,0.04,0.19,0.09,52,0.02,0.09,97,3,0.60,2.93,1.96,0.40,88,2,0.09,51,24,1,81,0,46,40,0,0.00,99,1,0.00,0.98,16.63,3.40,17,7,88,95,6.85,1.40,41.18,2,1.96,7,0,20.00,0,0.00,99,2,0.40,1.96,97,0,82,16,0,0,0,0,0,41,56,74,68,0,99,15,15,15,0,0,16,29,0,0
Joaquín García,34,682671600,1991/08/20,Primera División,2026,Defender,Vélez Sarsfield,1069,709,360,Argentina,13,9,4,2,2,0,0,0,0,0,0,5,3,2,8,5,3,1,0,0.17,0,0.17,0.25,0,535,0.67,134,82,1069,0,0.08,121,356,58,4,0,6.92,0,63,42.10,38.46,81,500,30.69,399,71,33.59,80,0.00,0.00,0.62,8,0.00,4.54,1.68,1.54,20,0.00,0.15,0.00,0.00,0.00,1.00,0.23,0.85,3.00,0.51,0.08,1.00,0.00,0.38,0.14,0.00,1.15,0.00,0.00,0,0,,6,0.46,29,5,0.42,64,1,0.08,10,6,1,12,55,0.00,99,0,13,1.09,63,59,61,4.97,93,0,0.00,99,0,0.00,0,0,0.00,0,0.67,47,13,1.09,46,3,0.25,23.08,0,0.00,0,0,0,0.00,0,11,0.00,77,0.93,41,N/A,N/A,N/A,N/A,0.00,0,0.00,0,1.86,0.00,0,79.80,83.33,99,47,0.62,0.67,8,29,19,0,0,0,0.31,0.34,4,71,89.99,1.38,1.52,18,1,0.00,0.08,7,0.08,0,0,0,0.00,0.00,0,0.00,0.00,0.00,0.00,0,1,33.33,99,65,49,79,75,1.19,54,0.09,0.10,1.86,68,0.14,0.16,36,9,0.69,0.76,0.84,0.77,34,10,0.16,66,77,49,81,0,46,54,0,0.00,99,15,0.00,1.26,6.82,6.23,81,45,21,16,3.79,3.46,55.56,2,0.17,81,0,27.12,0,0.00,99,16,1.23,1.35,93,65,44,96,0,0,0,0,0,65,80,74,82,0,99,65,94,21,1,8,29,4,0,0
Joaquín Laso,36,647074800,1990/07/04,Primera División,2026,Defender,Tigre,1230,695,535,Argentina,14,8,6,0,0,0,0,0,0,0,0,4,2,2,11,7,4,3,0,0,0,0,0,0,0,0.8,112,88,410,0,0.22,327,317,91,16,0,6.94,0,63,44.85,43.79,85,613,32.64,457,43,33.44,80,0.00,0.00,0.36,5,0.00,0.71,1.83,1.79,25,0.00,0.21,0.00,0.00,0.00,1.36,0.07,0.79,0.00,0.44,0.43,0.07,0.00,0.00,0.02,0.00,1.57,0.00,0.00,0,0,,6,0.43,25,0,0.00,22,6,0.44,36,3,0,14,63,0.00,99,0,19,1.39,79,10,45,0.73,44,0,0.00,99,0,0.00,0,0,0.00,0,0.37,30,1,0.07,10,1,0.07,100.00,0,0.00,0,0,0,0.00,0,11,0.00,62,0.80,27,N/A,N/A,N/A,N/A,0.00,0,0.00,0,0.34,0.00,0,74.55,0.00,22,73,0.36,0.37,5,15,99,0,0,0,0.57,0.59,8,86,97.11,6.57,6.73,92,0,0.00,0.00,99,0.00,0,0,1,0.07,0.07,0,0.00,0.00,0.15,0.14,2,0,0.00,56,77,61,56,60,1.20,47,0.09,0.09,0.34,20,0.02,0.02,25,7,0.50,0.51,0.59,0.57,18,8,0.02,20,79,94,85,0,66,64,0,0.00,99,22,0.00,1.61,6.15,6.00,84,55,25,12,4.02,3.93,65.48,3,0.22,78,0,20.00,0,0.00,99,2,0.14,0.15,40,78,30,74,0,0,0,0,0,41,56,74,68,0,99,39,67,50,3,21,68,2,0,0
Joaquín Medina,21,1111564800,2005/03/23,Primera División,2026,Midfielder,Instituto,0,0,0,Argentina,0,0,0,0,0,0,0,0,0,0,0,0,0,0,0,0,0,0,0,0,0,0,0,0,0,0,0,0,0,0,0,-1,-1,-1,-1,N/A,N/A,N/A,N/A,N/A,N/A,N/A,N/A,N/A,N/A,N/A,N/A,N/A,N/A,N/A,N/A,N/A,N/A,N/A,N/A,N/A,N/A,N/A,N/A,N/A,N/A,N/A,N/A,N/A,N/A,N/A,N/A,N/A,N/A,N/A,N/A,N/A,N/A,N/A,N/A,N/A,N/A,N/A,N/A,N/A,N/A,N/A,N/A,N/A,N/A,N/A,N/A,N/A,N/A,N/A,N/A,N/A,N/A,N/A,N/A,N/A,N/A,N/A,N/A,N/A,N/A,N/A,N/A,N/A,N/A,N/A,N/A,N/A,N/A,N/A,N/A,N/A,N/A,N/A,N/A,N/A,N/A,N/A,N/A,N/A,N/A,N/A,N/A,N/A,N/A,N/A,N/A,N/A,N/A,N/A,N/A,N/A,N/A,N/A,N/A,N/A,N/A,N/A,N/A,N/A,N/A,N/A,N/A,N/A,N/A,N/A,N/A,N/A,N/A,N/A,N/A,N/A,N/A,N/A,N/A,N/A,N/A,N/A,N/A,N/A,N/A,N/A,N/A,N/A,N/A,N/A,N/A,N/A,N/A,N/A,N/A,N/A,N/A,N/A,N/A,N/A,N/A,N/A,N/A,N/A,N/A,N/A,N/A,N/A,N/A,N/A,N/A,N/A,N/A,N/A,N/A,N/A,N/A,N/A,N/A,N/A,N/A,N/A,N/A,N/A,N/A,N/A,N/A,N/A,N/A,N/A,N/A,N/A,N/A,N/A,N/A,N/A,N/A,N/A,N/A,N/A,N/A,N/A,N/A,N/A,N/A,N/A,N/A,N/A,N/A,N/A,N/A,N/A,N/A,N/A,N/A,N/A,N/A,N/A,N/A,N/A,N/A,N/A,N/A,N/A,N/A,N/A,N/A,N/A,N/A,N/A,N/A,N/A,N/A,N/A,N/A,N/A,N/A,N/A,N/A,N/A,N/A,N/A,N/A
Joaquín Mosqueira,22,1073808000,2004/01/11,Primera División,2026,Midfielder,Tigre,91,26,65,Argentina,6,3,3,0,0,0,0,0,0,0,0,0,0,0,4,1,3,1,0,0,0,0,0,0,0,3.96,23,15,91,0,0.99,-1,-1,-1,10,0,5.34,0,63,34.24,5.83,62,35,4.17,25,31,24.46,54,0.00,0.00,0.17,1,0.00,0.00,1.96,0.33,2,0.00,0.17,0.00,0.00,0.00,0.17,0.00,0.67,0.00,0.00,0.00,0.00,0.00,0.00,0.00,0.00,0.33,0.00,0.00,0,0,,0,0.00,8,0,0.00,22,0,0.00,9,3,5,1,68,0.00,99,0,1,0.98,56,0,28,0.00,12,0,0.00,99,0,0.00,0,0,0.00,0,0.98,65,0,0.00,9,0,0.00,0.00,0,0.00,0,0,0,0.00,0,4,0.00,0,3.91,97,N/A,N/A,N/A,N/A,0.00,0,0.00,0,0.00,0.00,0,71.43,0.00,22,23,0.17,0.98,1,12,12,0,0,0,0.00,0.00,0,29,32.07,0.33,1.96,2,0,0.00,0.00,99,0.00,0,0,0,0.00,0.00,0,0.00,0.00,0.00,0.00,0,0,0.00,56,0,4,56,0,0.08,42,0.01,0.08,0.00,9,0.00,0.00,49,1,0.17,0.98,1.96,0.33,88,2,0.00,9,1,59,81,0,46,71,0,0.00,99,2,0.00,1.96,8.80,1.50,9,5,49,37,4.89,0.83,55.56,1,0.98,34,0,0.00,0,0.00,99,0,0.00,0.00,28,0,82,74,0,0,0,0,0,41,56,74,68,0,99,1,16,99,1,17,53,55,0,0
Joaquín Pereyra,21,1118905200,2005/06/16,Primera División,2026,Midfielder,Estudiantes,152,62,90,Argentina,2,1,1,0,0,0,0,0,0,0,0,1,0,1,1,1,0,1,0,0,0,0,0,0,0,0.59,152,76,152,0,0.59,-1,-1,-1,26,0,6.68,0,63,33.75,28.50,61,57,19.50,39,24,23.09,50,0.00,0.00,0.50,1,0.00,3.00,0.59,0.50,1,0.00,0.50,0.00,0.00,0.00,1.50,0.00,0.50,0.00,0.59,0.50,0.00,0.00,0.00,0.03,0.00,1.00,0.00,0.00,0,0,,1,0.50,34,0,0.00,22,1,0.59,48,1,0,2,12,0.00,99,0,3,1.78,91,6,39,3.55,81,0,0.00,99,0,0.00,0,0,0.00,0,0.59,42,0,0.00,9,0,0.00,0.00,0,0.00,0,0,0,0.00,0,1,0.00,85,0.59,10,N/A,N/A,N/A,N/A,0.00,0,0.00,0,0.05,0.00,0,68.42,0.00,22,99,0.00,0.00,0,12,12,0,0,0,0.00,0.00,0,29,13.36,4.00,4.74,8,0,0.00,0.00,99,0.00,0,0,0,0.00,0.00,0,0.00,0.00,0.00,0.00,0,0,0.00,56,0,0,56,84,0.10,26,0.05,0.06,0.05,26,0.03,0.03,2,0,0.00,0.00,2.37,2.00,94,4,0.03,26,36,84,81,0,46,49,0,0.00,99,2,0.00,1.18,5.92,5.00,10,3,8,11,1.78,1.50,30.00,1,0.59,56,0,16.67,0,0.00,99,1,0.50,0.59,69,0,30,41,0,0,0,0,0,41,56,74,68,0,99,88,21,94,1,50,99,36,0,0
Joaquín Tobio Burgos,21,1103011200,2004/12/14,Primera División,2026,Forward,Estudiantes,325,257,68,Argentina,8,5,3,0,0,0,2,1,1,0,0,5,2,3,0,0,0,0,0,0.55,0.55,0,0,0,0,0,0,41,0,163,0,558,8,-1,18,0,6.87,0.25,99,19.66,8.88,10,71,7.38,59,83,16.34,27,0.00,0.00,1.62,13,0.00,3.25,0.83,0.38,3,0.00,0.25,0.00,0.00,0.00,0.50,0.62,0.00,0.00,1.38,0.50,1.25,0.00,0.12,0.04,0.00,0.12,0.00,0.00,0,0,,5,0.62,65,1,0.28,52,4,1.11,72,2,3,5,18,0.00,99,0,4,1.11,64,26,95,7.20,98,0,0.00,99,0,0.00,0,0,0.00,0,3.60,99,10,2.77,82,5,1.38,50.00,0,0.00,0,0,0,0.00,0,0,0.00,99,0.00,0,N/A,N/A,N/A,N/A,0.00,0,0.00,0,0.28,0.00,0,83.10,20.00,35,57,0.25,0.55,2,87,66,0,0,0,0.00,0.00,0,29,54.98,0.50,1.11,4,0,0.00,0.00,99,0.00,0,0,0,0.00,0.00,0,0.00,0.00,0.28,0.12,1,0,0.00,56,0,11,56,0,1.74,99,0.22,0.48,0.28,48,0.04,0.08,58,4,0.50,1.11,0.83,0.38,33,3,0.08,48,68,37,81,0,79,9,0,0.00,99,1,0.00,0.28,7.48,3.38,27,13,17,21,3.60,1.62,48.15,2,0.55,59,0,57.69,0,0.00,99,15,1.88,4.15,99,18,66,57,0,0,0,0,0,95,56,74,68,0,99,98,15,15,0,0,16,17,0,0
Jonatan Esteban Goitía,31,775810800,1994/08/02,Primera División,2026,Midfielder,Deportivo Riestra,849,479,370,Argentina,13,7,6,0,0,0,0,0,0,0,0,5,4,1,2,2,0,5,1,0,0,0,0,0,0,0.21,425,65,142,0,0.64,240,238,-1,23,0,6.62,0,63,24.56,16.54,29,215,9.69,126,6,14.39,19,0.00,0.00,0.08,1,0.00,0.62,3.20,2.15,28,0.00,0.23,0.00,0.00,0.00,0.77,0.15,0.15,0.00,1.71,1.00,0.38,0.00,0.15,0.07,0.00,0.85,0.00,0.00,0,0,,15,1.15,73,2,0.23,47,13,1.48,86,4,4,9,96,0.00,99,0,10,1.14,65,8,82,0.91,48,0,0.00,99,0,0.00,0,0,0.00,0,0.11,12,5,0.57,28,2,0.23,40.00,0,0.00,0,0,0,0.00,0,2,0.00,99,0.23,1,N/A,N/A,N/A,N/A,0.00,0,0.00,0,0.97,0.00,0,58.60,13.33,25,11,0.85,1.26,11,27,43,0,0,0,0.23,0.34,3,71,86.02,1.23,1.83,16,0,0.00,0.00,99,0.00,0,0,0,0.00,0.00,0,0.00,0.00,0.00,0.00,0,0,0.00,56,49,49,56,99,0.36,11,0.03,0.04,0.97,55,0.07,0.11,64,11,0.85,1.26,2.51,1.69,95,22,0.11,54,29,57,81,0,46,54,0,0.00,99,11,0.00,1.26,11.19,7.54,98,49,67,67,5.60,3.77,50.00,3,0.34,71,0,37.50,0,0.00,99,3,0.23,0.34,57,48,75,84,0,0,0,0,0,41,56,74,68,0,99,65,19,97,4,31,89,27,0,0
Jonatan Gómez,36,630230400,1989/12/21,Primera División,2026,Midfielder,Sarmiento,507,333,174,Argentina,12,6,6,1,0,1,1,1,0,0,0,5,5,0,5,0,5,1,0,0.36,0.18,0.18,0,0.52,507,0.89,101,42,507,507,0.18,109,87,-1,7,0,6.16,0.08,86,32.66,15.33,57,184,12.25,147,71,26.09,60,0.00,0.00,0.67,8,0.00,0.50,1.24,0.58,7,0.00,0.42,0.00,0.00,0.00,0.08,0.17,0.50,14.00,2.49,0.83,1.08,0.00,0.33,0.14,0.00,0.33,0.00,0.00,0,0,,14,1.17,90,4,0.71,80,10,1.78,93,3,6,6,34,0.00,99,0,1,0.18,17,6,79,1.07,51,0,0.00,99,0,0.00,0,0,0.00,0,1.42,82,13,2.31,76,2,0.36,15.38,0,0.00,0,0,0,0.00,0,6,0.00,52,1.07,55,N/A,N/A,N/A,N/A,0.00,0,0.00,0,1.63,0.00,0,79.89,28.57,50,18,0.50,1.07,6,40,14,0,0,0,0.00,0.00,0,29,73.95,1.00,2.13,12,0,0.00,0.00,99,0.00,0,0,0,0.00,0.00,0,0.00,0.00,0.18,0.08,1,0,7.14,65,17,39,76,52,1.20,87,0.10,0.21,1.63,86,0.14,0.29,93,13,1.08,2.31,0.71,0.33,26,4,0.29,85,10,62,81,0,69,28,0,0.00,99,4,0.00,0.71,11.01,5.17,62,24,33,64,4.26,2.00,38.71,5,0.89,40,0,33.33,0,0.00,99,2,0.17,0.36,59,27,88,74,0,0,0,0,0,84,81,97,68,0,99,73,78,39,1,8,29,11,0,0
Jonathan Carlos Herrera,34,685004400,1991/09/16,Primera División,2026,Forward,Deportivo Riestra,982,555,427,Argentina,16,8,8,0,0,0,0,0,0,0,0,6,4,2,5,3,2,4,0,0,0,0,0,0,0,0.46,196,61,246,0,0.37,260,203,-1,22,0,6.60,0,63,15.49,10.56,3,169,5.81,93,4,8.52,1,0.00,0.00,0.50,8,0.00,0.44,0.73,0.50,8,0.00,0.62,0.00,0.00,0.00,0.25,0.31,0.31,26.00,2.38,0.94,0.81,0.00,0.69,0.16,0.00,1.44,0.00,0.00,0,0,,26,1.62,89,11,1.01,90,15,1.37,84,3,4,12,16,0.00,99,0,4,0.37,24,7,35,0.64,42,0,0.00,99,0,0.00,0,0,0.00,0,0.73,51,13,1.19,49,5,0.46,38.46,0,0.00,0,0,0,0.00,0,5,0.00,94,0.46,4,N/A,N/A,N/A,N/A,0.00,0,0.00,0,2.62,0.00,0,55.03,42.31,75,57,0.38,0.55,6,48,38,0,0,0,0.00,0.00,0,29,105.61,0.56,0.82,9,0,0.00,0.00,99,0.00,0,0,1,0.06,0.09,0,0.00,0.00,0.64,0.44,7,0,3.85,57,58,88,56,94,0.46,11,0.03,0.04,2.62,80,0.16,0.24,52,11,0.69,1.01,2.02,1.38,89,22,0.24,78,26,27,88,0,93,74,0,0.00,99,23,0.00,2.11,11.36,7.75,124,46,31,69,4.22,2.88,37.10,10,0.92,38,0,14.29,0,0.00,99,1,0.06,0.09,34,65,75,74,0,0,0,0,0,41,56,74,68,0,99,65,40,77,4,25,79,9,0,0
Jonathan De Irastorza,20,1123225200,2005/08/05,Primera División,2026,Defender,Independiente,0,0,0,Argentina,0,0,0,0,0,0,0,0,0,0,0,0,0,0,0,0,0,0,0,0,0,0,0,0,0,0,0,0,0,0,0,-1,-1,-1,-1,N/A,N/A,N/A,N/A,N/A,N/A,N/A,N/A,N/A,N/A,N/A,N/A,N/A,N/A,N/A,N/A,N/A,N/A,N/A,N/A,N/A,N/A,N/A,N/A,N/A,N/A,N/A,N/A,N/A,N/A,N/A,N/A,N/A,N/A,N/A,N/A,N/A,N/A,N/A,N/A,N/A,N/A,N/A,N/A,N/A,N/A,N/A,N/A,N/A,N/A,N/A,N/A,N/A,N/A,N/A,N/A,N/A,N/A,N/A,N/A,N/A,N/A,N/A,N/A,N/A,N/A,N/A,N/A,N/A,N/A,N/A,N/A,N/A,N/A,N/A,N/A,N/A,N/A,N/A,N/A,N/A,N/A,N/A,N/A,N/A,N/A,N/A,N/A,N/A,N/A,N/A,N/A,N/A,N/A,N/A,N/A,N/A,N/A,N/A,N/A,N/A,N/A,N/A,N/A,N/A,N/A,N/A,N/A,N/A,N/A,N/A,N/A,N/A,N/A,N/A,N/A,N/A,N/A,N/A,N/A,N/A,N/A,N/A,N/A,N/A,N/A,N/A,N/A,N/A,N/A,N/A,N/A,N/A,N/A,N/A,N/A,N/A,N/A,N/A,N/A,N/A,N/A,N/A,N/A,N/A,N/A,N/A,N/A,N/A,N/A,N/A,N/A,N/A,N/A,N/A,N/A,N/A,N/A,N/A,N/A,N/A,N/A,N/A,N/A,N/A,N/A,N/A,N/A,N/A,N/A,N/A,N/A,N/A,N/A,N/A,N/A,N/A,N/A,N/A,N/A,N/A,N/A,N/A,N/A,N/A,N/A,N/A,N/A,N/A,N/A,N/A,N/A,N/A,N/A,N/A,N/A,N/A,N/A,N/A,N/A,N/A,N/A,N/A,N/A,N/A,N/A,N/A,N/A,N/A,N/A,N/A,N/A,N/A,N/A,N/A,N/A,N/A,N/A,N/A,N/A,N/A,N/A,N/A,N/A
Jonathan Galván,34,709455600,1992/06/25,Primera División,2026,Defender,Instituto,929,494,435,Argentina,13,7,6,0,0,0,1,1,0,0,0,4,2,2,8,4,4,3,0,0.1,0.1,0,0,0,0,0.78,116,71,310,929,0.29,379,144,87,12,0,6.85,0.08,76,34.78,27.62,65,359,20.69,269,45,26.06,60,0.00,0.00,0.31,4,0.00,0.38,1.74,1.38,18,0.00,0.15,0.00,0.00,0.00,1.00,0.00,0.69,0.00,0.87,0.46,0.00,0.00,0.23,0.06,0.00,2.85,0.00,0.00,0,0,,9,0.69,49,3,0.29,53,6,0.58,47,2,1,12,59,0.00,99,0,13,1.26,70,5,45,0.48,38,0,0.00,99,0,0.00,0,0,0.00,0,0.39,31,0,0.00,9,0,0.00,0.00,0,0.00,0,0,0,0.00,0,9,0.00,63,0.87,37,N/A,N/A,N/A,N/A,0.00,0,0.00,0,0.78,0.00,0,74.93,33.33,62,46,0.54,0.68,7,12,12,0,0,0,0.31,0.39,4,76,89.10,4.77,6.01,62,0,0.00,0.00,99,0.00,0,0,0,0.00,0.00,0,0.00,0.00,0.10,0.08,1,0,0.00,56,55,49,56,63,1.30,66,0.10,0.13,0.78,48,0.06,0.08,17,4,0.31,0.39,1.65,1.31,81,17,0.08,48,65,89,81,0,57,95,0,0.00,99,37,0.00,3.58,9.88,7.85,102,59,71,51,5.72,4.54,57.84,2,0.19,80,0,20.00,0,0.00,99,1,0.08,0.10,35,65,44,57,0,0,0,0,0,51,56,74,68,0,99,47,52,64,3,23,72,30,0,0
Jordy Josué Caicedo Medina,28,879840000,1997/11/18,Primera División,2026,Forward,Huracán,1493,614,879,Ecuador,17,7,10,8,4,4,0,0,0,0,0,6,2,4,11,7,4,7,0,0.48,0,0.48,0.59,0.41,187,0.66,136,88,213,0,0.42,13,445,-1,1,0,6.83,0,63,11.27,11.00,1,187,6.71,114,8,6.87,1,0.00,0.00,0.41,7,0.00,0.29,0.54,0.53,9,0.00,0.71,0.00,0.00,0.00,0.06,0.24,0.71,4.00,1.93,0.82,1.12,0.00,1.06,0.45,0.00,2.47,0.00,0.00,0,0,,32,1.88,78,18,1.09,92,14,0.84,61,4,0,17,12,0.00,99,0,1,0.06,11,5,85,0.30,29,0,0.00,99,0,0.00,0,0,0.00,0,0.42,33,19,1.15,48,4,0.24,21.05,0,0.00,0,0,0,0.00,0,12,0.00,77,0.72,19,N/A,N/A,N/A,N/A,0.00,0,0.00,0,7.73,0.00,0,60.96,56.25,93,85,0.18,0.18,3,28,17,3,0,0,0.12,0.12,2,41,116.10,0.88,0.90,15,0,0.00,0.00,99,0.00,0,3,0,0.00,0.00,0,0.00,0.00,1.02,1.00,17,1,25.00,95,95,94,58,77,0.49,6,0.03,0.03,5.63,90,0.33,0.34,38,13,0.76,0.78,2.53,2.47,95,42,0.47,96,62,31,81,0,98,81,0,0.00,99,42,0.00,2.53,11.33,11.06,188,68,27,69,4.10,4.00,36.17,12,0.72,49,0,40.00,0,0.00,99,2,0.12,0.12,37,95,30,84,0,0,0,0,0,93,98,95,97,0,99,56,31,84,7,41,96,9,0,0
Jorge Darío Cáceres Ovelar,28,885801600,1998/01/26,Primera División,2026,Defender,Defensa y Justicia,306,182,124,Paraguay,8,4,4,0,0,0,0,0,0,0,0,2,1,1,4,2,2,0,0,0,0,0,0,0,0,1.18,77,38,0,0,0,300,290,184,15,0,5.83,0,63,33.71,14.38,60,115,11.00,88,55,25.80,58,0.00,0.00,0.88,7,0.00,2.62,1.17,0.50,4,0.00,0.25,0.00,0.00,0.00,0.75,0.25,0.62,0.00,1.17,0.50,0.62,0.00,0.00,0.02,0.00,1.00,0.00,0.00,0,0,,4,0.50,58,0,0.00,22,4,1.17,75,1,5,3,31,0.00,99,0,6,1.76,91,21,79,6.16,96,0,0.00,99,0,0.00,0,0,0.00,0,2.05,95,5,1.47,59,2,0.59,40.00,0,0.00,0,0,0,0.00,0,5,0.00,26,1.47,82,N/A,N/A,N/A,N/A,0.00,0,0.00,0,0.19,0.00,0,76.52,0.00,22,99,0.00,0.00,0,55,43,0,0,0,0.12,0.29,1,65,46.64,0.88,2.05,7,0,0.00,0.00,99,0.00,0,0,0,0.00,0.00,0,0.00,0.00,0.59,0.25,2,0,0.00,56,0,11,56,27,0.42,63,0.05,0.12,0.19,42,0.02,0.06,27,2,0.25,0.59,0.59,0.25,18,2,0.06,42,4,60,81,0,92,78,0,0.00,99,8,0.00,2.35,7.33,3.12,25,16,44,20,4.69,2.00,64.00,2,0.59,56,0,33.33,0,0.00,99,7,0.88,2.05,98,3,82,41,0,0,0,0,0,41,56,74,68,0,99,27,15,15,0,0,16,26,0,0
Jorge Emanuel Broun,40,517474800,1986/05/26,Primera División,2026,Goalkeeper,Rosario Central,360,180,180,Argentina,4,2,2,0,0,0,0,0,0,0,0,1,0,1,4,2,2,0,0,0,0,0,0,0,0,1,90,90,0,0,0,489,343,143,26,0,7.02,0,63,31.00,31.00,50,124,21.75,87,28,21.75,46,0.00,0.00,0.25,1,0.00,0.00,0.00,0.00,0,0.00,0.00,0.00,0.00,3.25,0.00,0.00,4.50,0.00,0.00,0.00,0.00,0.00,0.00,0.00,0.00,0.25,0.00,0.00,0,0,,0,0.00,8,0,0.00,22,0,0.00,9,0,0,4,5,0.00,99,0,0,0.00,10,0,28,0.00,12,0,0.00,99,0,0.00,0,0,0.00,0,0.25,22,0,0.00,9,0,0.00,0.00,0,0.00,0,13,42,3.25,75,18,0.00,41,4.50,98,N/A,N/A,N/A,N/A,72.22,0,0.00,0,0.00,0.00,0,70.16,0.00,22,82,0.25,0.25,1,12,12,0,0,9,0.00,0.00,0,29,28.07,0.50,0.50,2,0,0.00,0.00,99,0.00,0,0,0,0.00,0.00,0,0.00,0.00,0.00,0.00,0,0,0.00,56,0,0,56,41,0.21,18,0.05,0.05,0.00,9,0.00,0.00,10,1,0.25,0.25,0.00,0.00,6,0,0.00,9,86,14,81,0,46,8,0,0.00,99,1,0.00,0.25,0.75,0.75,3,2,4,5,0.50,0.50,66.67,0,0.00,99,0,0.00,0,0.00,99,0,0.00,0.00,28,8,30,16,0,0,0,0,0,41,56,74,68,0,99,27,15,15,0,0,16,1,0,0
Jorge Nicolás Figal,32,765360000,1994/04/03,Primera División,2026,Defender,Boca Juniors,360,90,270,Argentina,4,1,3,0,0,0,0,0,0,0,0,2,0,2,2,1,1,0,0,0,0,0,0,0,0,0.5,180,90,0,0,0,254,225,17,24,0,7.02,0,63,52.75,52.75,94,211,45.00,180,93,45.00,94,0.00,0.00,0.00,0,0.00,0.00,1.50,1.50,6,0.00,0.00,0.00,0.00,0.00,2.50,0.00,0.50,0.00,1.00,0.75,0.25,0.00,0.25,0.06,0.00,1.75,0.00,0.00,0,0,,4,1.00,53,1,0.25,50,3,0.75,56,0,0,4,48,0.00,99,0,10,2.50,99,0,28,0.00,12,0,0.00,99,0,0.00,0,0,0.00,0,0.00,8,1,0.25,19,0,0.00,0.00,0,0.00,0,0,0,0.00,0,2,0.00,91,0.50,5,N/A,N/A,N/A,N/A,0.00,0,0.00,0,0.25,0.00,0,85.31,25.00,45,39,0.75,0.75,3,12,12,0,0,0,0.25,0.25,1,62,28.06,5.00,5.00,20,0,0.00,0.00,99,0.00,0,0,0,0.00,0.00,0,0.00,0.00,0.00,0.00,0,0,0.00,56,0,0,56,91,0.35,47,0.09,0.09,0.25,42,0.06,0.06,24,2,0.50,0.50,0.00,0.00,6,0,0.06,42,86,84,81,0,46,67,0,0.00,99,7,0.00,1.75,6.00,6.00,24,15,20,11,3.75,3.75,62.50,0,0.00,99,0,0.00,0,0.00,99,0,0.00,0.00,28,8,30,16,0,0,0,0,0,41,56,74,68,0,99,88,15,15,0,0,16,4,0,0
Jorge Salustiano de Asís,20,1138521600,2006/01/29,Primera División,2026,Forward,Gimnasia La Plata,22,9,13,Argentina,2,1,1,0,0,0,0,0,0,0,0,0,0,0,0,0,0,1,1,0,0,0,0,0,0,0,0,11,11,0,8.18,-1,-1,-1,21,0,5.77,0,63,16.36,2.00,5,4,1.00,2,2,8.18,1,0.00,0.00,0.00,0,0.00,0.00,0.00,0.00,0,0.00,0.50,0.00,0.00,0.00,0.00,0.00,0.00,0.00,8.18,1.00,1.00,0.00,0.00,0.04,0.00,1.00,0.00,0.00,0,0,,2,1.00,99,0,0.00,22,2,8.18,99,0,2,0,5,0.00,99,0,0,0.00,10,0,28,0.00,12,0,0.00,99,0,0.00,0,0,0.00,0,0.00,8,2,8.18,99,0,0.00,0.00,0,0.00,0,0,0,0.00,0,0,0.00,99,0.00,0,N/A,N/A,N/A,N/A,0.00,0,0.00,0,0.09,0.00,0,50.00,0.00,22,0,0.50,4.09,1,12,12,0,0,0,0.00,0.00,0,29,11.54,0.50,4.09,1,0,0.00,0.00,99,0.00,0,0,0,0.00,0.00,0,0.00,0.00,0.00,0.00,0,0,0.00,56,0,0,56,0,0.00,0,0.00,0.00,0.09,93,0.04,0.37,2,0,0.00,0.00,4.09,0.50,99,1,0.37,92,4,81,81,0,46,99,0,0.00,99,2,0.00,8.18,28.64,3.50,7,2,97,99,8.18,1.00,28.57,1,4.09,0,0,0.00,0,0.00,99,0,0.00,0.00,28,0,57,16,0,0,0,0,0,41,56,74,68,0,99,1,15,99,0,0,16,30,0,0
José Amado Gómez,26,952329600,2000/03/06,Primera División,2026,Defender,Central Córdoba SdE,16,0,16,Argentina,2,1,1,0,0,0,0,0,0,0,0,0,0,0,1,0,1,0,0,0,0,0,0,0,0,5.63,16,8,0,0,0,-1,-1,-1,15,0,3.02,0,63,5.29,0.50,0,1,0.50,1,99,5.29,0,0.00,0.00,0.00,0,0.00,0.00,5.29,0.50,1,0.00,0.00,0.00,0.00,0.00,0.00,0.00,1.00,0.00,0.00,0.00,0.00,0.00,0.00,0.00,0.00,0.00,0.00,0.00,0,0,,0,0.00,8,0,0.00,22,0,0.00,9,0,2,0,99,0.00,99,0,0,0.00,10,0,28,0.00,12,0,0.00,99,0,0.00,0,0,0.00,0,0.00,8,0,0.00,9,0,0.00,0.00,0,0.00,0,0,0,0.00,0,2,0.00,0,10.59,99,N/A,N/A,N/A,N/A,0.00,0,0.00,0,0.00,0.00,0,100.00,0.00,22,0,0.50,5.29,1,12,12,0,0,0,0.00,0.00,0,29,6.05,1.50,15.88,3,0,0.00,0.00,99,0.00,0,0,0,0.00,0.00,0,0.00,0.00,0.00,0.00,0,0,0.00,56,0,0,56,0,0.00,0,0.00,0.00,0.00,9,0.00,0.00,2,0,0.00,0.00,0.00,0.00,6,0,0.00,9,0,99,81,0,46,1,0,0.00,99,0,0.00,0.00,10.59,1.00,2,1,61,58,5.29,0.50,50.00,0,0.00,99,0,0.00,0,0.00,99,0,0.00,0.00,28,0,57,16,0,0,0,0,0,41,56,74,68,0,99,1,15,15,0,0,16,13,0,0
José Antonio Devecchi,31,805273200,1995/07/09,Primera División,2026,Goalkeeper,San Lorenzo,180,90,90,Argentina,2,1,1,0,0,0,0,0,0,0,0,0,0,0,3,2,1,1,0,0,0,0,0,0,0,1.5,60,90,180,0,0.5,-1,-1,-1,9,0,9.74,0,63,20.50,20.50,13,41,11.50,23,5,11.50,8,0.00,0.00,0.00,0,0.00,0.00,0.00,0.00,0,0.00,0.00,0.00,0.00,2.00,0.00,0.00,3.50,0.00,0.00,0.00,0.00,0.00,0.00,0.00,0.00,0.00,0.00,0.00,0,0,,0,0.00,8,0,0.00,22,0,0.00,9,0,0,2,5,0.00,99,0,0,0.00,10,0,28,0.00,12,0,0.00,99,0,0.00,0,0,0.00,0,0.00,8,0,0.00,9,0,0.00,0.00,0,0.00,0,4,0,2.00,8,7,0.00,7,3.50,95,N/A,N/A,N/A,N/A,57.14,0,0.00,0,0.00,0.00,0,56.10,0.00,22,61,0.50,0.50,1,12,12,0,0,3,0.00,0.00,0,29,19.48,1.50,1.50,3,0,0.00,0.00,99,0.00,0,0,0,0.00,0.00,3,1.50,1.50,0.00,0.00,0,0,0.00,56,0,0,56,7,0.05,6,0.03,0.03,0.00,9,0.00,0.00,24,1,0.50,0.50,0.00,0.00,6,0,0.00,9,99,49,81,99,46,1,0,0.00,99,0,0.00,0.00,1.00,1.00,2,1,4,7,0.50,0.50,50.00,0,0.00,99,0,0.00,0,0.00,99,0,0.00,0.00,28,0,30,16,0,0,0,0,0,41,56,74,68,0,99,1,26,90,0,0,16,25,0,0
José David Romero,23,1048579200,2003/03/25,Primera División,2026,Forward,Tigre,798,431,367,Argentina,12,6,6,7,4,3,2,0,2,0,0,3,2,1,6,4,2,1,0,1.02,0.23,0.79,0.84,0.74,114,0.68,133,67,798,399,0.11,3,57,-1,1,0,6.97,0.17,92,9.59,7.08,0,85,4.33,52,8,5.86,0,0.00,0.00,0.67,8,0.00,0.42,0.45,0.33,4,0.00,1.58,0.00,0.00,0.00,0.08,1.08,0.50,5.00,3.95,1.75,3.42,0.00,1.17,0.58,0.00,1.33,0.00,0.00,0,0,,35,2.92,99,14,1.58,99,21,2.37,99,3,2,10,10,0.00,99,0,1,0.11,13,5,45,0.56,41,0,0.00,99,0,0.00,0,0,0.00,0,0.90,62,41,4.62,96,13,1.47,31.71,0,0.00,0,0,0,0.00,0,6,0.00,74,0.68,16,N/A,N/A,N/A,N/A,0.00,0,0.00,0,6.92,0.00,0,61.18,40.00,74,91,0.08,0.11,1,88,27,0,0,0,0.08,0.11,1,38,83.61,0.08,0.11,1,0,0.00,0.00,99,0.00,0,0,0,0.00,0.00,0,0.00,0.00,0.45,0.33,4,0,20.00,93,45,39,57,74,1.50,80,0.12,0.17,6.92,99,0.58,0.78,88,18,1.50,2.03,1.24,0.92,58,11,0.78,99,82,2,81,0,88,68,0,0.00,99,16,0.00,1.80,16.02,11.83,142,51,72,94,5.75,4.25,35.92,19,2.14,6,0,20.00,0,0.00,99,1,0.08,0.11,36,52,57,74,0,0,0,0,0,99,99,99,99,0,99,27,91,25,1,8,29,9,0,0
José Ernesto Sosa,41,488012400,1985/06/19,Primera División,2026,Midfielder,Estudiantes,221,162,59,Argentina,6,5,1,0,0,0,1,1,0,0,0,4,3,1,1,1,0,1,0,0.41,0.41,0,0,0,0,0.41,221,37,221,221,0.41,-1,-1,-1,19,0,5.82,0.17,98,58.78,24.17,96,145,20.33,122,87,49.46,96,0.00,0.00,0.83,5,0.00,1.67,1.22,0.50,3,0.00,0.00,0.00,0.00,0.00,0.50,0.33,0.17,0.00,1.22,0.33,0.33,0.00,0.17,0.04,0.00,0.50,0.00,0.00,0,0,,3,0.50,60,1,0.41,63,2,0.81,59,4,2,4,33,0.00,99,0,3,1.22,68,10,70,4.05,86,0,0.00,99,0,0.00,0,0,0.00,0,2.03,95,2,0.81,37,2,0.81,100.00,0,0.00,0,0,0,0.00,0,1,0.00,95,0.41,2,N/A,N/A,N/A,N/A,0.00,0,0.00,0,0.25,0.00,0,84.14,33.33,62,12,0.50,1.22,3,65,99,0,0,0,0.17,0.41,1,77,34.95,0.17,0.41,1,0,0.00,0.00,99,0.00,0,0,0,0.00,0.00,0,0.00,0.00,0.00,0.00,0,0,0.00,56,0,4,56,95,1.02,99,0.17,0.41,0.25,54,0.04,0.10,97,7,1.17,2.84,1.62,0.67,79,4,0.10,53,4,11,81,0,46,52,0,0.00,99,3,0.00,1.22,8.92,3.67,22,14,70,39,5.68,2.33,63.64,0,0.00,99,0,30.00,0,0.00,99,3,0.50,1.22,89,8,57,84,0,0,0,0,0,88,56,74,68,0,99,99,34,82,1,17,53,7,0,0
José Ignacio Florentín Bobadilla,30,836550000,1996/07/05,Primera División,2026,Midfielder,Independiente Rivadavia,1377,844,533,Paraguay,16,10,6,3,1,2,0,0,0,0,0,4,1,3,15,11,4,1,0,0.2,0,0.2,0.11,0.34,459,0.98,92,86,1377,0,0.07,97,478,-1,4,0,7.11,0,63,39.74,38.00,76,608,30.50,488,73,31.90,77,0.00,0.00,0.56,9,0.00,0.19,2.03,1.94,31,0.00,0.44,0.00,0.00,0.00,1.69,0.31,0.94,9.33,1.83,1.12,0.56,0.00,0.62,0.24,0.00,3.88,0.00,0.00,0,0,,28,1.75,76,10,0.65,78,18,1.18,76,1,1,15,70,0.00,99,0,27,1.76,91,3,79,0.20,25,0,0.00,99,0,0.00,0,0,0.00,0,0.59,42,9,0.59,29,5,0.33,55.56,0,0.00,0,0,0,0.00,0,15,0.00,43,0.98,47,N/A,N/A,N/A,N/A,0.00,0,0.00,0,3.86,0.00,0,80.26,35.71,65,30,0.81,0.85,13,36,73,0,0,0,0.38,0.39,6,76,113.80,2.12,2.22,34,1,0.00,0.07,10,0.06,0,0,0,0.00,0.00,0,0.00,0.00,0.20,0.19,3,0,10.71,73,88,88,74,43,1.62,59,0.10,0.11,3.86,82,0.24,0.25,70,21,1.31,1.37,1.76,1.69,84,27,0.25,80,93,63,81,0,72,96,0,0.00,99,62,0.00,4.05,13.46,12.88,206,117,94,85,7.65,7.31,56.80,7,0.46,64,0,33.33,0,0.00,99,1,0.06,0.07,31,85,44,41,0,0,0,0,0,69,83,92,69,0,99,27,98,19,1,6,21,25,0,0
José Luis Palomino,36,631526400,1990/01/05,Primera División,2026,Defender,Talleres Córdoba,522,289,233,Argentina,8,4,4,0,0,0,0,0,0,0,0,4,2,2,4,2,2,0,0,0,0,0,0,0,0,0.69,131,65,0,0,0,551,553,68,23,0,6.97,0,63,47.41,34.38,88,275,29.75,238,95,41.03,91,0.00,0.00,0.12,1,0.00,0.00,1.38,1.00,8,0.00,0.00,0.00,0.00,0.00,0.62,0.12,0.75,0.00,1.03,0.62,0.12,0.00,0.12,0.04,0.00,2.62,0.00,0.00,0,0,,6,0.75,55,1,0.17,39,5,0.86,62,0,3,5,41,0.00,99,0,5,0.86,50,0,28,0.00,12,0,0.00,99,0,0.00,0,0,0.00,0,0.17,17,1,0.17,15,1,0.17,100.00,0,0.00,0,0,0,0.00,0,6,0.00,73,1.03,52,N/A,N/A,N/A,N/A,0.00,0,0.00,0,0.34,0.00,0,86.55,16.67,31,99,0.00,0.00,0,21,99,0,0,0,0.62,0.86,5,96,55.76,5.25,7.24,42,0,0.00,0.00,99,0.00,0,0,1,0.12,0.17,0,0.00,0.00,0.00,0.00,0,0,0.00,56,19,11,56,73,0.51,47,0.06,0.09,0.34,42,0.04,0.06,2,0,0.00,0.00,0.52,0.38,16,3,0.06,42,82,95,96,0,46,95,0,0.00,99,21,0.00,3.62,6.38,4.62,37,29,52,13,5.00,3.62,78.38,0,0.00,99,0,0.00,0,0.00,99,0,0.00,0.00,28,18,66,16,0,0,0,0,0,41,56,74,68,0,99,88,15,15,0,0,16,19,0,0
José María Canale Domínguez,29,837846000,1996/07/20,Primera División,2026,Defender,Lanús,1170,540,630,Paraguay,13,6,7,0,0,0,0,0,0,0,0,5,3,2,11,4,7,1,0,0,0,0,0,0,0,0.85,106,90,1170,0,0.08,458,531,104,19,0,6.80,0,63,44.77,44.77,84,582,37.85,492,89,37.85,86,0.00,0.00,0.23,3,0.00,0.15,1.46,1.46,19,0.00,0.38,0.00,0.00,0.00,1.23,0.23,1.08,0.00,0.23,0.15,0.31,0.00,0.08,0.02,0.00,1.92,0.00,0.00,0,0,,3,0.23,13,1,0.08,26,2,0.15,13,0,0,13,45,0.00,99,0,16,1.23,69,2,95,0.15,22,0,0.00,99,0,0.00,0,0,0.00,0,0.23,21,4,0.31,20,3,0.23,75.00,0,0.00,0,0,0,0.00,0,14,0.00,57,1.08,56,N/A,N/A,N/A,N/A,0.00,0,0.00,0,0.27,0.00,0,84.54,33.33,62,82,0.23,0.23,3,27,90,0,0,0,0.77,0.77,10,93,88.36,6.31,6.31,82,1,0.00,0.08,7,0.08,0,0,0,0.00,0.00,0,0.00,0.00,0.08,0.08,1,0,0.00,56,73,49,56,57,1.02,42,0.08,0.08,0.27,20,0.02,0.02,51,13,1.00,1.00,0.62,0.62,20,8,0.02,20,55,91,81,0,54,70,0,0.00,99,25,0.00,1.92,7.62,7.62,99,59,41,21,4.54,4.54,59.60,5,0.38,68,0,50.00,0,0.00,99,1,0.08,0.08,32,71,30,16,0,0,0,0,0,41,56,74,68,0,99,65,96,21,1,8,29,13,0,0
José María Ingratti,25,964767600,2000/07/28,Primera División,2026,Forward,Deportivo Riestra,46,46,0,Argentina,1,1,0,0,0,0,0,0,0,0,0,1,1,0,0,0,0,0,0,0,0,0,0,0,0,0,0,46,0,0,0,-1,-1,-1,13,0,6.36,0,63,21.52,11.00,18,11,7.00,7,13,13.70,15,0.00,0.00,1.00,1,0.00,0.00,0.00,0.00,0,0.00,1.00,0.00,0.00,0.00,0.00,0.00,0.00,0.00,0.00,0.00,1.00,0.00,0.00,0.00,0.00,2.00,0.00,0.00,0,0,,0,0.00,8,0,0.00,22,0,0.00,9,2,0,1,5,0.00,99,0,0,0.00,10,0,28,0.00,12,0,0.00,99,0,0.00,0,0,0.00,0,1.96,94,1,1.96,69,0,0.00,0.00,0,0.00,0,0,0,0.00,0,0,0.00,99,0.00,0,N/A,N/A,N/A,N/A,0.00,0,0.00,0,0.00,0.00,0,63.64,0.00,22,1,1.00,1.96,1,12,12,0,0,0,0.00,0.00,0,29,6.36,0.00,0.00,0,0,0.00,0.00,99,0.00,0,0,0,0.00,0.00,0,0.00,0.00,0.00,0.00,0,0,0.00,56,0,0,56,0,0.04,42,0.04,0.08,0.00,9,0.00,0.00,2,0,0.00,0.00,0.00,0.00,6,0,0.00,9,14,1,81,0,46,96,0,0.00,99,2,0.00,3.91,21.52,11.00,11,2,22,99,3.91,2.00,18.18,1,1.96,7,0,0.00,0,0.00,99,0,0.00,0.00,28,0,30,57,0,0,0,0,0,41,56,74,68,0,99,99,15,15,0,0,16,21,0,0
José Ramiro Funes Mori,35,668160000,1991/03/05,Primera División,2026,Defender,Estudiantes,253,73,180,Argentina,3,1,2,0,0,0,0,0,0,0,0,2,0,2,1,1,0,0,0,0,0,0,0,0,0,0.36,253,84,0,0,0,-1,-1,-1,11,0,6.99,0,63,43.75,41.00,83,123,34.67,104,89,37.00,85,0.00,0.00,0.00,0,0.00,0.00,1.42,1.33,4,0.00,0.00,0.00,0.00,0.00,0.67,0.00,0.33,0.00,0.00,0.00,0.00,0.00,0.00,0.00,0.00,2.33,0.00,0.00,0,0,,0,0.00,8,0,0.00,22,0,0.00,9,1,0,3,42,0.00,99,0,2,0.71,43,0,28,0.00,12,0,0.00,99,0,0.00,0,0,0.00,0,0.00,8,0,0.00,9,0,0.00,0.00,0,0.00,0,0,0,0.00,0,1,0.00,98,0.36,1,N/A,N/A,N/A,N/A,0.00,0,0.00,0,0.00,0.00,0,84.55,0.00,22,73,0.33,0.36,1,12,12,0,0,0,1.33,1.42,4,99,20.96,6.67,7.11,20,0,0.00,0.00,99,0.00,0,0,0,0.00,0.00,0,0.00,0.00,0.00,0.00,0,0,0.00,56,0,0,56,98,0.19,36,0.06,0.07,0.00,9,0.00,0.00,16,1,0.33,0.36,0.71,0.67,26,2,0.00,9,84,95,81,0,46,80,0,0.00,99,7,0.00,2.49,7.47,7.00,21,12,33,21,4.27,4.00,57.14,0,0.00,99,0,0.00,0,0.00,99,0,0.00,0.00,28,3,30,41,0,0,0,0,0,41,56,74,68,0,99,99,15,15,0,0,16,26,0,0
Josias Palais,20,1144738800,2006/04/11,Primera División,2026,Midfielder,Independiente,0,0,0,Argentina,0,0,0,0,0,0,0,0,0,0,0,0,0,0,0,0,0,0,0,0,0,0,0,0,0,0,0,0,0,0,0,-1,-1,-1,-1,N/A,N/A,N/A,N/A,N/A,N/A,N/A,N/A,N/A,N/A,N/A,N/A,N/A,N/A,N/A,N/A,N/A,N/A,N/A,N/A,N/A,N/A,N/A,N/A,N/A,N/A,N/A,N/A,N/A,N/A,N/A,N/A,N/A,N/A,N/A,N/A,N/A,N/A,N/A,N/A,N/A,N/A,N/A,N/A,N/A,N/A,N/A,N/A,N/A,N/A,N/A,N/A,N/A,N/A,N/A,N/A,N/A,N/A,N/A,N/A,N/A,N/A,N/A,N/A,N/A,N/A,N/A,N/A,N/A,N/A,N/A,N/A,N/A,N/A,N/A,N/A,N/A,N/A,N/A,N/A,N/A,N/A,N/A,N/A,N/A,N/A,N/A,N/A,N/A,N/A,N/A,N/A,N/A,N/A,N/A,N/A,N/A,N/A,N/A,N/A,N/A,N/A,N/A,N/A,N/A,N/A,N/A,N/A,N/A,N/A,N/A,N/A,N/A,N/A,N/A,N/A,N/A,N/A,N/A,N/A,N/A,N/A,N/A,N/A,N/A,N/A,N/A,N/A,N/A,N/A,N/A,N/A,N/A,N/A,N/A,N/A,N/A,N/A,N/A,N/A,N/A,N/A,N/A,N/A,N/A,N/A,N/A,N/A,N/A,N/A,N/A,N/A,N/A,N/A,N/A,N/A,N/A,N/A,N/A,N/A,N/A,N/A,N/A,N/A,N/A,N/A,N/A,N/A,N/A,N/A,N/A,N/A,N/A,N/A,N/A,N/A,N/A,N/A,N/A,N/A,N/A,N/A,N/A,N/A,N/A,N/A,N/A,N/A,N/A,N/A,N/A,N/A,N/A,N/A,N/A,N/A,N/A,N/A,N/A,N/A,N/A,N/A,N/A,N/A,N/A,N/A,N/A,N/A,N/A,N/A,N/A,N/A,N/A,N/A,N/A,N/A,N/A,N/A,N/A,N/A,N/A,N/A,N/A,N/A
Josué Jerónimo Reinatti Balansino,23,1057129200,2003/07/02,Primera División,2026,Goalkeeper,Newell's Old Boys,450,180,270,Argentina,5,2,3,0,0,0,0,0,0,0,0,1,1,0,5,1,4,0,0,0,0,0,0,0,0,1,90,90,0,0,0,294,279,142,11,0,7.19,0,63,23.60,23.60,26,118,16.20,81,24,16.20,26,0.00,0.00,0.00,0,0.00,0.00,0.00,0.00,0,0.00,0.00,0.00,0.00,3.00,0.00,0.00,4.00,0.00,0.00,0.00,0.00,0.00,0.00,0.00,0.00,0.80,0.00,0.00,0,0,,0,0.00,8,0,0.00,22,0,0.00,9,0,0,5,5,0.00,99,0,0,0.00,10,0,28,0.00,12,0,0.00,99,0,0.00,0,0,0.00,0,0.00,8,0,0.00,9,0,0.00,0.00,0,0.00,0,15,61,3.00,69,20,0.00,41,4.00,97,N/A,N/A,N/A,N/A,75.00,0,0.00,0,0.00,0.00,0,68.64,0.00,22,99,0.00,0.00,0,12,12,0,0,12,0.00,0.00,0,29,35.96,0.80,0.80,4,0,0.00,0.00,99,0.00,0,0,0,0.00,0.00,1,0.20,0.20,0.00,0.00,0,0,0.00,56,11,1,56,41,0.19,11,0.04,0.04,0.00,9,0.00,0.00,17,2,0.40,0.40,0.00,0.00,6,0,0.00,9,95,25,81,17,46,33,0,0.00,99,4,0.00,0.80,1.00,1.00,5,5,7,7,1.00,1.00,100.00,0,0.00,99,0,0.00,0,0.00,99,0,0.00,0.00,28,18,30,16,0,0,0,0,0,41,56,74,68,0,99,15,15,15,0,0,16,30,0,0
Juan Antonini,27,920534400,1999/03/04,Primera División,2026,Defender,Estudiantes Río Cuarto,897,442,455,Argentina,11,5,6,0,0,0,0,0,0,0,0,2,1,1,15,6,9,1,1,0,0,0,0,0,0,1.51,60,82,449,0,0.2,346,320,225,24,0,6.54,0,63,26.79,24.27,36,267,15.73,173,16,17.36,31,0.00,0.00,0.27,3,0.00,1.00,1.71,1.55,17,0.00,0.18,0.00,0.00,0.00,1.91,0.09,1.36,0.00,0.70,0.55,0.18,0.00,0.09,0.04,0.00,2.27,0.00,0.00,0,0,,7,0.64,40,1,0.10,29,6,0.60,49,2,1,10,57,0.00,99,0,21,2.11,97,11,64,1.10,52,0,0.00,99,0,0.00,0,0,0.00,0,0.30,26,2,0.20,16,1,0.10,50.00,0,0.00,0,0,0,0.00,0,15,0.00,6,1.51,84,N/A,N/A,N/A,N/A,0.00,0,0.00,0,0.41,0.00,0,64.79,14.29,27,35,0.73,0.80,8,17,66,0,0,0,0.27,0.30,3,66,71.93,4.09,4.52,45,1,0.00,0.10,6,0.09,0,0,0,0.00,0.00,0,0.00,0.00,0.00,0.00,0,0,0.00,56,53,31,56,7,0.52,18,0.05,0.05,0.41,32,0.04,0.04,12,3,0.27,0.30,0.60,0.55,19,6,0.04,32,20,83,81,0,46,81,0,0.00,99,25,0.00,2.51,8.13,7.36,81,44,36,28,4.41,4.00,54.32,2,0.20,79,0,27.27,0,0.00,99,3,0.27,0.30,55,52,44,57,0,0,0,0,0,41,56,74,68,0,99,10,72,45,0,0,16,6,0,0
Juan Barinaga,25,971161200,2000/10/10,Primera División,2026,Defender,Boca Juniors,713,336,377,Argentina,9,4,5,0,0,0,0,0,0,0,0,5,3,2,5,1,4,1,0,0,0,0,0,0,0,0.63,143,79,713,0,0.13,251,209,41,27,0,6.75,0,63,35.85,31.56,67,284,24.00,216,51,27.27,64,0.00,0.00,0.56,5,0.00,2.56,1.64,1.44,13,0.00,0.44,0.00,0.00,0.00,1.22,0.78,0.56,0.00,0.25,0.11,2.11,0.00,0.11,0.02,0.00,1.33,0.00,0.00,0,0,,2,0.22,15,1,0.13,33,1,0.13,12,1,0,9,53,0.00,99,0,11,1.39,79,23,39,2.90,75,0,0.00,99,0,0.00,0,0,0.00,0,0.63,45,19,2.40,77,7,0.88,36.84,0,0.00,0,0,0,0.00,0,5,0.00,82,0.63,12,N/A,N/A,N/A,N/A,0.00,0,0.00,0,0.18,0.00,0,76.06,50.00,91,14,1.00,1.14,9,70,35,0,0,0,0.33,0.38,3,75,60.71,2.33,2.65,21,0,0.00,0.00,99,0.00,0,0,0,0.00,0.00,0,0.00,0.00,0.13,0.11,1,0,0.00,56,37,17,56,81,0.57,36,0.06,0.07,0.18,20,0.02,0.02,64,10,1.11,1.26,0.50,0.44,15,4,0.02,20,47,70,81,0,63,61,0,0.00,99,12,0.00,1.51,9.85,8.67,78,41,58,51,5.18,4.56,52.56,4,0.50,62,0,17.39,0,0.00,99,4,0.44,0.50,66,48,30,41,0,0,0,0,0,41,56,74,68,0,99,96,88,29,1,11,37,24,0,0
Juan Bautista Miritello,27,918460800,1999/02/08,Primera División,2026,Forward,Defensa y Justicia,393,113,280,Argentina,6,2,4,2,0,2,0,0,0,0,0,4,1,3,1,1,0,0,0,0.46,0,0.46,0,0.64,197,0.23,393,66,0,0,0,18,403,-1,4,0,6.88,0,63,16.03,11.67,4,70,9.17,55,65,12.60,11,0.00,0.00,0.50,3,0.00,0.00,0.46,0.33,2,0.00,1.33,0.00,0.00,0.00,0.00,0.67,0.17,2.50,1.15,0.50,1.00,0.00,0.33,0.27,0.00,1.50,0.00,0.00,0,0,,5,0.83,57,2,0.46,67,3,0.69,54,3,1,5,11,0.00,99,0,0,0.00,10,0,28,0.00,12,0,0.00,99,0,0.00,0,0,0.00,0,0.69,49,6,1.37,55,4,0.92,66.67,0,0.00,0,0,0,0.00,0,1,0.00,99,0.23,1,N/A,N/A,N/A,N/A,0.00,0,0.00,0,1.60,0.00,0,78.57,40.00,74,99,0.00,0.00,0,72,87,0,0,0,0.00,0.00,0,29,41.30,0.83,1.15,5,0,0.00,0.00,99,0.00,0,0,0,0.00,0.00,0,0.00,0.00,0.92,0.67,4,0,40.00,99,3,4,59,99,0.25,26,0.04,0.06,1.60,93,0.27,0.37,32,3,0.50,0.69,0.92,0.67,38,4,0.37,92,69,39,81,0,97,72,0,0.00,99,9,0.00,2.06,8.70,6.33,38,17,22,35,3.89,2.83,44.74,8,1.83,9,0,0.00,0,0.00,99,0,0.00,0.00,28,18,44,74,0,1,0,17,0,91,97,99,68,0,99,99,15,15,0,0,16,9,0,0
Juan Bisanz,24,998982000,2001/08/28,Primera División,2026,Forward,Huracán,481,261,220,Argentina,14,7,7,2,2,0,1,1,0,0,0,5,2,3,5,4,1,1,0,0.56,0.19,0.37,0.69,0,241,0.94,96,34,481,481,0.19,43,83,-1,2,0,6.74,0.07,86,14.47,6.21,3,87,3.86,54,9,8.98,3,0.00,0.00,0.36,5,0.00,1.07,0.67,0.29,4,0.00,0.57,0.00,0.00,0.00,0.00,1.07,0.57,7.50,2.50,0.57,2.36,0.00,0.50,0.18,0.00,0.57,0.00,0.00,0,0,,15,1.07,91,7,1.16,93,8,1.33,82,2,11,3,14,0.00,99,0,0,0.00,10,15,60,2.50,69,0,0.00,99,0,0.00,0,0,0.00,0,0.83,59,33,5.49,98,15,2.50,45.45,0,0.00,0,0,0,0.00,0,8,0.00,47,1.33,74,N/A,N/A,N/A,N/A,0.00,0,0.00,0,2.45,0.00,0,62.07,46.67,82,75,0.14,0.33,2,98,53,0,0,0,0.07,0.17,1,49,94.30,0.36,0.83,5,0,0.00,0.00,99,0.00,0,0,0,0.00,0.00,0,0.00,0.00,0.00,0.00,0,2,13.33,80,15,61,64,47,0.89,74,0.06,0.15,2.45,95,0.18,0.41,93,14,1.00,2.33,2.16,0.93,92,13,0.41,93,46,28,81,0,46,56,0,0.00,99,8,0.00,1.33,14.31,6.14,86,40,87,89,6.65,2.86,46.51,8,1.33,22,0,26.67,0,0.00,99,4,0.29,0.67,73,3,99,57,0,0,0,0,0,96,93,74,98,0,99,59,76,41,1,7,25,17,0,0
Juan Carlos Gauto,22,1086159600,2004/06/02,Primera División,2026,Forward,Platense,1003,559,444,Argentina,16,8,8,0,0,0,1,1,0,0,0,6,2,4,7,5,2,0,0,0.09,0.09,0,0,0,0,0.63,143,63,0,1003,0,435,153,-1,20,0,6.16,0.06,74,30.78,21.44,49,343,18.06,289,88,25.93,59,0.00,0.00,1.12,18,0.00,3.69,1.08,0.75,12,0.00,1.19,0.00,0.00,0.00,0.38,0.62,0.50,0.00,1.88,0.94,3.06,0.00,0.38,0.10,0.00,0.06,0.00,0.00,0,0,,21,1.31,77,6,0.54,73,15,1.35,83,1,4,12,26,0.00,99,0,6,0.54,33,59,57,5.29,94,0,0.00,99,0,0.00,0,0,0.00,0,1.62,89,49,4.40,95,10,0.90,20.41,0,0.00,0,0,0,0.00,0,8,0.00,82,0.72,19,N/A,N/A,N/A,N/A,0.00,0,0.00,0,1.53,0.00,0,84.26,28.57,50,50,0.44,0.63,7,71,17,0,0,0,0.00,0.00,0,29,98.60,0.06,0.09,1,0,0.00,0.00,99,0.00,0,0,2,0.12,0.18,0,0.00,0.00,0.45,0.31,5,0,0.00,56,60,88,56,81,1.94,80,0.12,0.17,1.53,64,0.10,0.14,34,8,0.50,0.72,1.08,0.75,49,12,0.14,63,10,2,96,0,88,2,0,0.00,99,1,0.00,0.09,10.59,7.38,118,31,10,58,2.78,1.94,26.27,19,1.70,11,0,25.42,0,0.00,99,15,0.94,1.35,93,65,75,41,0,0,0,0,0,50,56,74,68,0,99,65,15,15,0,0,16,33,0,0
Juan Carlos Portillo,26,958633200,2000/05/18,Primera División,2026,Midfielder,River Plate,15,0,15,Argentina,1,0,1,0,0,0,0,0,0,0,0,0,0,0,0,0,0,0,0,0,0,0,0,0,0,0,0,15,0,0,0,-1,-1,-1,29,0,6.45,0,63,24.00,4.00,27,4,4.00,4,99,24.00,53,0.00,0.00,0.00,0,0.00,0.00,0.00,0.00,0,0.00,0.00,0.00,0.00,0.00,0.00,0.00,0.00,0.00,0.00,0.00,0.00,0.00,0.00,0.00,0.00,0.00,0.00,0.00,0,0,,0,0.00,8,0,0.00,22,0,0.00,9,0,1,0,5,0.00,99,0,0,0.00,10,0,28,0.00,12,0,0.00,99,0,0.00,0,0,0.00,0,0.00,8,0,0.00,9,0,0.00,0.00,0,0.00,0,0,0,0.00,0,0,0.00,99,0.00,0,N/A,N/A,N/A,N/A,0.00,0,0.00,0,0.00,0.00,0,100.00,0.00,22,99,0.00,0.00,0,12,12,0,0,0,0.00,0.00,0,29,6.45,0.00,0.00,0,0,0.00,0.00,99,0.00,0,0,0,0.00,0.00,0,0.00,0.00,0.00,0.00,0,0,0.00,56,0,0,56,0,0.01,26,0.01,0.06,0.00,9,0.00,0.00,2,0,0.00,0.00,0.00,0.00,6,0,0.00,9,17,1,81,0,46,1,0,0.00,99,0,0.00,0.00,0.00,0.00,0,0,0,0,0.00,0.00,0.00,0,0.00,99,0,0.00,0,0.00,99,0,0.00,0.00,28,0,44,16,0,0,0,0,0,41,56,74,68,0,99,1,15,15,0,0,16,5,0,0
Juan Cruz Cortazzo,20,1129618800,2005/10/18,Primera División,2026,Defender,Gimnasia La Plata,82,37,45,Argentina,6,3,3,0,0,0,0,0,0,0,0,3,1,2,0,0,0,1,0,0,0,0,0,0,0,0,0,14,82,0,1.1,-1,-1,-1,18,0,5.21,0,63,32.93,5.00,57,30,3.83,23,55,25.24,57,0.00,0.00,0.00,0,0.00,0.00,1.10,0.17,1,0.00,0.00,0.00,0.00,0.00,0.00,0.00,0.17,0.00,1.10,0.17,0.00,0.00,0.00,0.01,0.00,0.83,0.00,0.00,0,0,,1,0.17,55,0,0.00,22,1,1.10,72,0,6,0,27,0.00,99,0,0,0.00,10,0,28,0.00,12,0,0.00,99,0,0.00,0,0,0.00,0,0.00,8,0,0.00,9,0,0.00,0.00,0,0.00,0,0,0,0.00,0,1,0.00,99,1.10,58,N/A,N/A,N/A,N/A,0.00,0,0.00,0,0.05,0.00,0,76.67,0.00,22,99,0.00,0.00,0,12,12,0,0,0,0.00,0.00,0,29,31.28,1.67,10.98,10,0,0.00,0.00,99,0.00,0,0,0,0.00,0.00,0,0.00,0.00,0.00,0.00,0,0,0.00,56,0,4,56,0,0.05,18,0.01,0.05,0.05,36,0.01,0.05,2,0,0.00,0.00,1.10,0.17,50,1,0.05,36,1,99,81,0,46,99,0,0.00,99,5,0.00,5.49,7.68,1.17,7,6,86,22,6.59,1.00,85.71,0,0.00,99,0,0.00,0,0.00,99,0,0.00,0.00,28,0,88,16,0,0,0,0,0,41,56,74,68,0,99,88,15,99,1,17,53,35,0,0
Juan Cruz Meza,18,1205478000,2008/03/14,Primera División,2026,Midfielder,River Plate,345,316,29,Argentina,7,6,1,0,0,0,2,1,1,0,0,4,3,1,5,5,0,2,0,0.52,0.52,0,0,0,0,1.3,69,49,173,173,0.52,559,12,-1,20,0,6.86,0.29,99,32.61,17.86,56,125,14.86,104,84,27.13,63,0.00,0.00,0.86,6,0.00,2.29,1.83,1.00,7,0.00,0.29,0.00,0.00,0.00,0.29,0.43,0.71,0.00,1.57,0.57,1.57,0.00,0.29,0.05,0.00,0.43,0.00,0.00,0,0,,6,0.86,69,2,0.52,71,4,1.04,71,2,4,3,63,0.00,99,0,2,0.52,32,16,33,4.17,87,0,0.00,99,0,0.00,0,0,0.00,0,1.57,87,11,2.87,83,3,0.78,27.27,0,0.00,0,0,0,0.00,0,5,0.00,16,1.30,73,N/A,N/A,N/A,N/A,0.00,0,0.00,0,0.38,0.00,0,83.20,33.33,62,80,0.14,0.26,1,64,22,0,0,0,0.00,0.00,0,29,47.99,0.43,0.78,3,0,0.00,0.00,99,0.00,0,0,1,0.14,0.26,0,0.00,0.00,0.00,0.00,0,0,0.00,56,0,6,56,16,1.65,99,0.24,0.43,0.38,54,0.05,0.10,90,8,1.14,2.09,0.78,0.43,29,3,0.10,53,66,24,98,0,46,32,0,0.00,99,3,0.00,0.78,9.39,5.14,36,21,64,45,5.48,3.00,58.33,2,0.52,61,0,12.50,0,0.00,99,2,0.29,0.52,67,3,75,57,0,0,0,0,0,94,56,74,68,0,99,96,25,92,2,29,85,24,0,0
Juan Cruz Randazzo,31,781858800,1994/10/11,Primera División,2026,Defender,Deportivo Riestra,931,457,474,Argentina,12,6,6,0,0,0,0,0,0,0,0,6,4,2,6,2,4,3,0,0,0,0,0,0,0,0.58,155,78,310,0,0.29,331,243,32,17,0,6.61,0,63,18.46,15.92,8,191,9.25,111,5,10.73,6,0.00,0.00,0.25,3,0.00,0.25,0.87,0.75,9,0.00,0.00,0.00,0.00,0.00,1.17,0.17,0.67,0.00,0.19,0.17,0.25,0.00,0.00,0.01,0.00,1.58,0.00,0.00,0,0,,2,0.17,10,0,0.00,22,2,0.19,16,3,2,10,19,0.00,99,0,14,1.35,76,3,28,0.29,28,0,0.00,99,0,0.00,0,0,0.00,0,0.29,25,3,0.29,20,2,0.19,66.67,0,0.00,0,0,0,0.00,0,8,0.00,86,0.77,23,N/A,N/A,N/A,N/A,0.00,0,0.00,0,0.09,0.00,0,58.12,0.00,22,54,0.50,0.58,6,23,87,0,0,0,0.17,0.19,2,52,79.37,4.67,5.41,56,0,0.00,0.00,99,0.00,0,0,0,0.00,0.00,0,0.00,0.00,0.10,0.08,1,0,0.00,56,56,39,56,85,0.40,11,0.03,0.04,0.09,13,0.01,0.01,31,7,0.58,0.68,1.84,1.58,86,19,0.01,13,27,87,81,0,57,69,0,0.00,99,19,0.00,1.84,7.73,6.67,80,37,17,23,3.58,3.08,46.25,0,0.00,99,0,0.00,0,0.00,99,0,0.00,0.00,28,52,57,74,0,0,0,0,0,41,56,74,68,0,99,88,52,64,3,25,79,19,0,0
Juan Espínola,31,783763200,1994/11/02,Primera División,2026,Goalkeeper,Barracas Central,460,270,190,Paraguay,6,3,3,0,0,0,0,0,0,0,0,1,1,0,5,2,3,0,0,0,0,0,0,0,0,0.98,92,77,0,0,0,462,458,138,15,0,6.73,0,63,25.83,22.00,34,132,8.50,51,0,9.98,4,0.00,0.00,0.00,0,0.00,0.17,0.00,0.00,0,0.00,0.00,0.00,0.00,2.33,0.00,0.00,3.33,0.00,0.00,0.00,0.00,0.00,0.00,0.00,0.00,0.33,0.00,0.00,0,0,,0,0.00,8,0,0.00,22,0,0.00,9,0,1,5,5,0.00,99,0,0,0.00,10,1,99,0.20,25,0,0.00,99,0,0.00,0,0,0.00,0,0.00,8,0,0.00,9,0,0.00,0.00,0,0.00,0,14,33,2.74,44,20,0.00,43,3.91,97,N/A,N/A,N/A,N/A,70.00,0,0.00,0,0.00,0.00,0,38.64,0.00,22,84,0.17,0.20,1,12,12,0,0,6,0.00,0.00,0,29,40.39,1.83,2.15,11,0,0.00,0.00,99,0.00,0,0,0,0.00,0.00,6,1.00,1.17,0.00,0.00,0,0,0.00,56,13,4,56,43,0.12,2,0.02,0.02,0.00,9,0.00,0.00,7,1,0.17,0.20,0.00,0.00,6,0,0.00,9,44,62,81,97,46,13,0,0.00,99,2,0.00,0.39,0.59,0.50,3,2,2,4,0.39,0.33,66.67,0,0.00,99,0,100.00,0,0.00,99,1,0.17,0.20,46,18,44,16,0,0,0,0,0,41,56,74,68,0,99,8,15,15,0,0,16,1,0,0
Juan Fernando Quintero Paniagua,33,727344000,1993/01/18,Primera División,2026,Midfielder,River Plate,608,279,329,Colombia,15,8,7,3,3,0,3,1,2,0,0,8,4,4,6,4,2,0,0,0.89,0.44,0.44,0.97,0,203,0.89,101,41,0,203,0,21,15,-1,4,0,7.36,0.2,99,75.33,35.60,99,534,29.87,448,86,63.20,99,0.00,0.00,1.93,29,0.00,3.27,0.42,0.20,3,0.00,0.27,0.00,0.00,0.00,0.20,0.40,0.47,10.00,4.23,1.00,1.07,0.00,1.00,0.30,0.00,0.07,0.00,0.00,0,0,,30,2.00,99,15,2.12,99,15,2.12,98,1,9,6,10,0.00,99,0,3,0.42,27,49,40,6.91,97,0,0.00,99,0,0.00,0,0,0.00,0,4.09,99,16,2.26,75,6,0.85,37.50,0,0.00,0,0,0,0.00,0,7,0.00,52,0.99,48,N/A,N/A,N/A,N/A,0.00,0,0.00,0,4.46,0.00,0,83.90,50.00,91,79,0.13,0.28,2,69,38,0,1,0,0.00,0.00,0,29,110.38,0.27,0.56,4,0,0.00,0.00,99,0.00,0,1,0,0.00,0.00,0,0.00,0.00,0.14,0.07,1,0,10.00,72,29,73,60,52,3.77,99,0.25,0.53,3.76,99,0.25,0.53,50,7,0.47,0.99,0.14,0.07,7,1,0.63,99,99,16,81,0,64,3,0,0.00,99,1,0.00,0.14,4.51,2.13,32,17,8,8,2.40,1.13,53.12,4,0.56,58,0,18.37,0,0.00,99,9,0.60,1.27,90,27,97,41,0,1,0,7,0,99,97,74,99,0,99,91,15,15,0,0,16,10,0,0
Juan Gutiérrez,24,1012809600,2002/02/04,Primera División,2026,Forward,Defensa y Justicia,1311,686,625,Uruguay,16,8,8,3,2,1,3,0,3,0,0,5,2,3,18,9,9,1,0,0.41,0.21,0.21,0.26,0.14,437,1.24,73,82,1311,437,0.07,94,69,-1,1,0,6.79,0.19,90,15.43,14.06,3,225,10.31,165,38,11.32,8,0.00,0.00,0.50,8,0.00,0.81,0.89,0.81,13,0.00,1.62,0.00,0.00,0.00,0.31,1.62,1.31,9.33,1.92,1.00,3.62,0.00,0.75,0.27,0.00,0.31,0.00,0.00,0,0,,28,1.75,77,12,0.82,85,16,1.10,72,3,1,15,20,0.00,99,0,5,0.34,23,13,36,0.89,48,0,0.00,99,0,0.00,0,0,0.00,0,0.55,40,58,3.98,93,26,1.78,44.83,0,0.00,0,0,0,0.00,0,21,0.00,19,1.44,81,N/A,N/A,N/A,N/A,0.00,0,0.00,0,4.26,0.00,0,73.33,42.86,77,45,0.62,0.69,10,92,52,0,0,0,0.00,0.00,0,29,108.60,0.06,0.07,1,0,0.00,0.00,99,0.00,0,0,2,0.12,0.14,0,0.00,0.00,0.34,0.31,5,1,10.71,73,82,88,73,20,2.42,80,0.15,0.17,4.26,86,0.27,0.29,75,23,1.44,1.58,0.82,0.75,32,12,0.29,85,53,1,94,0,84,11,0,0.00,99,5,0.00,0.34,10.91,9.94,159,66,40,63,4.53,4.12,41.51,26,1.78,10,0,15.38,0,0.00,99,2,0.12,0.14,39,85,44,74,0,0,0,0,0,88,85,78,83,0,99,47,97,19,1,6,21,24,0,0
Juan Ignacio Méndez,29,862210800,1997/04/28,Primera División,2026,Midfielder,Instituto,567,239,328,Argentina,14,7,7,0,0,0,1,0,1,0,0,4,2,2,7,3,4,2,0,0.16,0.16,0,0,0,0,1.11,81,41,284,567,0.32,383,98,-1,16,0,6.18,0.07,84,48.49,21.86,89,306,16.64,233,52,36.92,85,0.00,0.00,0.29,4,0.00,0.14,1.58,0.71,10,0.00,0.36,0.00,0.00,0.00,0.50,0.36,0.57,0.00,0.63,0.29,0.50,0.00,0.00,0.01,0.00,0.57,0.00,0.00,0,0,,4,0.29,36,0,0.00,22,4,0.63,51,1,8,6,51,0.00,99,0,7,1.11,64,2,95,0.32,30,0,0.00,99,0,0.00,0,0,0.00,0,0.63,45,7,1.11,46,5,0.79,71.43,0,0.00,0,0,0,0.00,0,8,0.00,32,1.27,70,N/A,N/A,N/A,N/A,0.00,0,0.00,0,0.19,0.00,0,76.14,0.00,22,63,0.21,0.48,3,64,88,0,0,0,0.14,0.32,2,69,86.49,0.71,1.58,10,0,0.00,0.00,99,0.00,0,0,0,0.00,0.00,0,0.00,0.00,0.16,0.07,1,0,0.00,56,24,61,56,32,1.21,83,0.09,0.19,0.19,26,0.01,0.03,30,4,0.29,0.63,0.79,0.36,30,5,0.03,26,10,52,81,0,67,54,0,0.00,99,8,0.00,1.27,7.29,3.29,46,26,28,20,4.12,1.86,56.52,5,0.79,45,0,50.00,0,0.00,99,1,0.07,0.16,41,27,95,41,0,0,0,0,0,62,56,74,68,0,99,39,48,69,2,14,47,13,0,0
Juan Ignacio Miramon,23,1055401200,2003/06/12,Primera División,2026,Midfielder,Gimnasia La Plata,922,380,542,Argentina,12,5,7,0,0,0,0,0,0,0,0,5,2,3,12,5,7,5,0,0,0,0,0,0,0,1.17,77,77,184,0,0.49,284,245,-1,16,0,6.85,0,63,47.99,38.92,89,506,31.15,405,72,38.41,88,0.00,0.00,0.54,7,0.00,0.85,2.66,2.15,28,0.00,1.08,0.00,0.00,0.00,0.85,0.85,0.92,0.00,0.47,0.23,1.46,0.00,0.15,0.03,0.00,0.77,0.00,0.00,0,0,,5,0.38,26,2,0.19,42,3,0.28,22,1,1,11,88,0.00,99,0,11,1.04,60,11,30,1.04,51,0,0.00,99,0,0.00,0,0,0.00,0,0.66,46,19,1.80,67,11,1.04,57.89,0,0.00,0,0,0,0.00,0,12,0.00,27,1.14,60,N/A,N/A,N/A,N/A,0.00,0,0.00,0,0.40,0.00,0,80.04,40.00,74,26,0.77,0.95,10,79,75,0,0,0,0.23,0.28,3,65,89.08,1.92,2.37,25,0,0.00,0.00,99,0.00,0,0,0,0.00,0.00,0,0.00,0.00,0.00,0.00,0,0,0.00,56,55,39,56,27,0.94,47,0.07,0.09,0.40,32,0.03,0.04,90,22,1.69,2.09,1.71,1.38,83,18,0.04,32,65,65,81,0,46,39,0,0.00,99,10,0.00,0.95,11.95,9.69,126,69,86,75,6.54,5.31,54.76,14,1.33,22,0,9.09,0,0.00,99,1,0.08,0.09,34,59,44,41,0,0,0,0,0,41,56,74,68,0,99,73,27,89,5,42,96,5,0,0
Juan Ignacio Nardoni,24,1026630000,2002/07/14,Primera División,2026,Midfielder,Racing Club,128,71,57,Argentina,2,1,1,0,0,0,0,0,0,0,0,0,0,0,4,2,2,1,0,0,0,0,0,0,0,2.81,32,64,128,0,0.7,-1,-1,-1,21,0,6.52,0,63,20.39,14.50,13,29,11.00,22,50,15.47,23,0.00,0.00,1.00,2,0.00,0.00,0.70,0.50,1,0.00,0.00,0.00,0.00,0.00,0.00,0.50,2.00,0.00,0.70,0.50,0.50,0.00,0.00,0.02,0.00,1.00,0.00,0.00,0,0,,1,0.50,40,0,0.00,22,1,0.70,54,5,0,2,15,0.00,99,0,0,0.00,10,0,28,0.00,12,0,0.00,99,0,0.00,0,0,0.00,0,1.41,82,1,0.70,35,1,0.70,100.00,0,0.00,0,0,0,0.00,0,4,0.00,0,2.81,93,N/A,N/A,N/A,N/A,0.00,0,0.00,0,0.04,0.00,0,75.86,0.00,22,99,0.00,0.00,0,60,99,0,0,0,0.00,0.00,0,29,13.03,0.00,0.00,0,0,0.00,0.00,99,0.00,0,0,0,0.00,0.00,0,0.00,0.00,0.00,0.00,0,0,0.00,56,0,0,56,0,0.11,42,0.06,0.08,0.04,26,0.02,0.03,32,1,0.50,0.70,2.11,1.50,90,3,0.03,26,19,1,81,0,46,58,0,0.00,99,2,0.00,1.41,7.03,5.00,10,5,16,17,3.52,2.50,50.00,0,0.00,99,0,0.00,0,0.00,99,0,0.00,0.00,28,0,30,92,0,0,0,0,0,41,56,74,68,0,99,1,17,98,1,50,99,5,0,0
Juan Ignacio Saborido,28,893487600,1998/04/25,Primera División,2026,Defender,Platense,1299,586,713,Argentina,15,7,8,0,0,0,0,0,0,0,0,6,2,4,13,7,6,1,0,0,0,0,0,0,0,0.9,100,87,1299,0,0.07,436,372,117,21,0,6.71,0,63,26.54,25.53,36,383,18.47,277,33,19.19,37,0.00,0.00,0.67,10,0.00,2.80,2.36,2.27,34,0.00,0.53,0.00,0.00,0.00,0.93,1.00,0.93,0.00,0.90,0.73,2.40,0.00,0.13,0.06,0.00,1.20,0.00,0.00,0,0,,13,0.87,51,2,0.14,34,11,0.76,57,1,0,15,81,0.00,99,0,14,0.97,56,42,48,2.91,75,0,0.00,99,0,0.00,0,0,0.00,0,0.69,49,36,2.49,79,15,1.04,41.67,0,0.00,0,0,0,0.00,0,14,0.00,50,0.97,46,N/A,N/A,N/A,N/A,0.00,0,0.00,0,0.88,0.00,0,72.32,15.38,27,11,1.20,1.25,18,79,46,0,0,0,0.40,0.42,6,78,100.65,2.60,2.70,39,0,0.00,0.00,99,0.00,0,0,1,0.07,0.07,0,0.00,0.00,0.00,0.00,0,0,0.00,56,81,73,56,50,0.93,26,0.06,0.06,0.88,42,0.06,0.06,23,7,0.47,0.48,0.83,0.80,33,12,0.06,42,41,71,85,0,46,53,0,0.00,99,18,0.00,1.25,10.12,9.73,146,72,52,54,4.99,4.80,49.32,8,0.55,59,0,21.43,0,0.00,99,9,0.60,0.62,71,85,30,41,0,0,0,0,0,41,56,74,68,0,99,69,97,19,1,7,25,25,0,0
Juan Infante,30,821001600,1996/01/07,Primera División,2026,Defender,Atlético Tucumán,90,0,90,Argentina,1,0,1,0,0,0,0,0,0,0,0,0,0,0,2,0,2,0,0,0,0,0,0,0,0,2,45,90,0,0,0,-1,-1,-1,25,0,6.26,0,63,16.00,16.00,4,16,15.00,15,99,15.00,21,0.00,0.00,0.00,0,0.00,0.00,1.00,1.00,1,0.00,1.00,0.00,0.00,0.00,1.00,0.00,2.00,0.00,1.00,1.00,0.00,0.00,0.00,0.05,0.00,0.00,0.00,0.00,0,0,,1,1.00,53,0,0.00,22,1,1.00,69,0,0,1,24,0.00,99,0,1,1.00,57,0,28,0.00,12,0,0.00,99,0,0.00,0,0,0.00,0,0.00,8,0,0.00,9,0,0.00,0.00,0,0.00,0,0,0,0.00,0,2,0.00,1,2.00,92,N/A,N/A,N/A,N/A,0.00,0,0.00,0,0.05,0.00,0,93.75,0.00,22,21,1.00,1.00,1,12,12,0,0,0,1.00,1.00,1,99,6.26,0.00,0.00,0,0,0.00,0.00,99,0.00,0,0,0,0.00,0.00,0,0.00,0.00,0.00,0.00,0,0,0.00,56,0,0,56,1,0.03,6,0.03,0.03,0.05,36,0.05,0.05,2,0,0.00,0.00,2.00,2.00,89,2,0.05,36,11,1,81,0,46,1,0,0.00,99,0,0.00,0.00,5.00,5.00,5,1,7,9,1.00,1.00,20.00,1,1.00,34,0,0.00,0,0.00,99,0,0.00,0.00,28,0,30,16,0,0,0,0,0,41,56,74,68,0,99,1,15,15,0,0,16,32,0,0
Juan José Cardozo,22,1077609600,2004/02/24,Primera División,2026,Midfielder,Central Córdoba SdE,519,248,271,Paraguay,9,5,4,0,0,0,0,0,0,0,0,4,3,1,11,4,7,0,0,0,0,0,0,0,0,1.91,47,58,0,0,0,287,284,-1,25,0,6.52,0,63,39.19,25.11,74,226,21.11,190,87,32.95,79,0.00,0.00,0.00,0,0.00,0.00,1.21,0.78,7,0.00,0.44,0.00,0.00,0.00,0.56,0.33,1.44,0.00,0.00,0.00,0.33,0.00,0.00,0.00,0.00,0.78,0.00,0.00,0,0,,0,0.00,8,0,0.00,22,0,0.00,9,6,4,5,33,0.00,99,0,5,0.87,50,0,28,0.00,12,0,0.00,99,0,0.00,0,0,0.00,0,0.00,8,3,0.52,26,3,0.52,100.00,0,0.00,0,0,0,0.00,0,13,0.00,2,2.25,93,N/A,N/A,N/A,N/A,0.00,0,0.00,0,0.00,0.00,0,84.07,0.00,22,4,1.00,1.56,9,52,99,0,0,0,0.44,0.69,4,91,58.65,1.67,2.60,15,0,0.00,0.00,99,0.00,0,0,0,0.00,0.00,0,0.00,0.00,0.00,0.00,0,0,0.00,56,19,17,56,2,0.42,36,0.05,0.07,0.00,9,0.00,0.00,26,3,0.33,0.52,1.04,0.67,46,6,0.00,9,19,69,81,0,46,51,0,0.00,99,7,0.00,1.21,7.98,5.11,46,20,16,26,3.47,2.22,43.48,4,0.69,50,0,0.00,0,0.00,99,0,0.00,0.00,28,18,75,96,0,0,0,0,0,41,56,74,68,0,99,78,15,15,0,0,16,55,0,0
Juan José Franco Arrellaga,34,697708800,1992/02/10,Primera División,2026,Defender,Gimnasia Mendoza,318,145,173,Paraguay,6,2,4,0,0,0,0,0,0,0,0,2,1,1,6,2,4,2,0,0,0,0,0,0,0,1.7,53,53,159,0,0.57,396,386,230,20,0,7.58,0,63,19.81,11.67,10,70,9.17,55,65,15.57,23,0.00,0.00,0.00,0,0.00,1.83,2.26,1.33,8,0.00,0.50,0.00,0.00,0.00,0.83,0.33,1.00,0.00,0.28,0.17,0.83,0.00,0.00,0.01,0.00,0.17,0.00,0.00,0,0,,1,0.17,16,0,0.00,22,1,0.28,22,2,1,5,79,0.00,99,0,5,1.42,80,11,30,3.11,78,0,0.00,99,0,0.00,0,0,0.00,0,0.00,8,5,1.42,57,2,0.57,40.00,0,0.00,0,0,0,0.00,0,6,0.00,3,1.70,90,N/A,N/A,N/A,N/A,0.00,0,0.00,0,0.05,0.00,0,78.57,0.00,22,55,0.33,0.57,2,54,43,0,0,0,0.17,0.28,1,65,45.47,1.17,1.98,7,0,0.00,0.00,99,0.00,0,0,0,0.00,0.00,0,0.00,0.00,0.00,0.00,0,0,0.00,56,0,4,56,4,0.14,11,0.02,0.04,0.05,13,0.01,0.01,72,5,0.83,1.42,1.13,0.67,51,4,0.01,13,99,59,81,0,46,9,0,0.00,99,1,0.00,0.28,8.49,5.00,30,16,40,31,4.53,2.67,53.33,3,0.85,41,0,9.09,0,0.00,99,1,0.17,0.28,54,18,44,57,0,0,0,0,0,41,56,74,68,0,99,54,22,94,1,17,53,22,0,0
Juan José Pérez Suaza,21,1090738800,2004/07/25,Primera División,2026,Midfielder,Gimnasia La Plata,65,44,21,Colombia,4,3,1,0,0,0,0,0,0,0,0,0,0,0,0,0,0,0,0,0,0,0,0,0,0,0,0,16,0,0,0,-1,-1,-1,15,0,4.97,0,63,42.92,7.75,82,31,6.50,26,86,36.00,84,0.00,0.00,0.25,1,0.00,0.00,2.77,0.50,2,0.00,0.50,0.00,0.00,0.00,0.25,1.00,0.25,0.00,2.77,0.25,1.25,0.00,0.25,0.04,0.00,0.00,0.00,0.00,0,0,,2,0.50,94,1,1.38,97,1,1.38,84,0,4,0,90,0.00,99,0,1,1.38,78,0,28,0.00,12,0,0.00,99,0,0.00,0,0,0.00,0,1.38,80,5,6.92,99,4,5.54,80.00,0,0.00,0,0,0,0.00,0,1,0.00,99,1.38,77,N/A,N/A,N/A,N/A,0.00,0,0.00,0,0.15,0.00,0,83.87,50.00,91,8,0.25,1.38,1,99,91,0,0,0,0.00,0.00,0,29,19.88,0.00,0.00,0,0,0.00,0.00,99,0.00,0,0,0,0.00,0.00,0,0.00,0.00,0.00,0.00,0,0,0.00,56,0,0,56,0,0.09,63,0.02,0.12,0.15,76,0.04,0.21,71,1,0.25,1.38,2.77,0.50,97,2,0.21,74,1,1,81,0,46,1,0,0.00,99,0,0.00,0.00,18.00,3.25,13,6,97,98,8.31,1.50,46.15,2,2.77,2,0,0.00,0,0.00,99,0,0.00,0.00,28,0,75,16,0,0,0,0,0,41,56,74,68,0,99,1,15,15,0,0,16,20,0,0
Juan Juan Scaglia,17,1233129600,2009/01/28,Primera División,2026,Defender,Rosario Central,0,0,0,Argentina,0,0,0,0,0,0,0,0,0,0,0,0,0,0,0,0,0,0,0,0,0,0,0,0,0,0,0,0,0,0,0,-1,-1,-1,-1,N/A,N/A,N/A,N/A,N/A,N/A,N/A,N/A,N/A,N/A,N/A,N/A,N/A,N/A,N/A,N/A,N/A,N/A,N/A,N/A,N/A,N/A,N/A,N/A,N/A,N/A,N/A,N/A,N/A,N/A,N/A,N/A,N/A,N/A,N/A,N/A,N/A,N/A,N/A,N/A,N/A,N/A,N/A,N/A,N/A,N/A,N/A,N/A,N/A,N/A,N/A,N/A,N/A,N/A,N/A,N/A,N/A,N/A,N/A,N/A,N/A,N/A,N/A,N/A,N/A,N/A,N/A,N/A,N/A,N/A,N/A,N/A,N/A,N/A,N/A,N/A,N/A,N/A,N/A,N/A,N/A,N/A,N/A,N/A,N/A,N/A,N/A,N/A,N/A,N/A,N/A,N/A,N/A,N/A,N/A,N/A,N/A,N/A,N/A,N/A,N/A,N/A,N/A,N/A,N/A,N/A,N/A,N/A,N/A,N/A,N/A,N/A,N/A,N/A,N/A,N/A,N/A,N/A,N/A,N/A,N/A,N/A,N/A,N/A,N/A,N/A,N/A,N/A,N/A,N/A,N/A,N/A,N/A,N/A,N/A,N/A,N/A,N/A,N/A,N/A,N/A,N/A,N/A,N/A,N/A,N/A,N/A,N/A,N/A,N/A,N/A,N/A,N/A,N/A,N/A,N/A,N/A,N/A,N/A,N/A,N/A,N/A,N/A,N/A,N/A,N/A,N/A,N/A,N/A,N/A,N/A,N/A,N/A,N/A,N/A,N/A,N/A,N/A,N/A,N/A,N/A,N/A,N/A,N/A,N/A,N/A,N/A,N/A,N/A,N/A,N/A,N/A,N/A,N/A,N/A,N/A,N/A,N/A,N/A,N/A,N/A,N/A,N/A,N/A,N/A,N/A,N/A,N/A,N/A,N/A,N/A,N/A,N/A,N/A,N/A,N/A,N/A,N/A,N/A,N/A,N/A,N/A,N/A,N/A
Juan Ludueña,23,1044950400,2003/02/11,Primera División,2026,Defender,Unión Santa Fe,1412,630,782,Argentina,17,7,10,0,0,0,1,1,0,0,0,4,4,0,19,5,14,1,0,0.06,0.06,0,0,0,0,1.21,74,83,1412,1412,0.06,444,197,189,17,0,6.83,0.06,65,35.44,32.71,66,556,26.18,445,72,28.36,67,0.00,0.00,0.29,5,0.00,0.18,1.78,1.65,28,0.00,0.24,0.00,0.00,0.00,1.71,0.00,1.29,0.00,0.64,0.41,0.18,0.00,0.18,0.05,0.00,2.76,0.00,0.00,0,0,,10,0.59,37,3,0.19,42,7,0.45,37,0,2,15,61,0.00,99,0,29,1.85,92,3,96,0.19,24,0,0.00,99,0,0.00,0,0,0.00,0,0.32,27,3,0.19,16,0,0.00,0.00,0,0.00,0,0,0,0.00,0,22,0.00,22,1.40,79,N/A,N/A,N/A,N/A,0.00,0,0.00,0,0.86,0.00,0,80.04,30.00,53,66,0.41,0.45,7,12,12,0,0,0,0.47,0.51,8,83,116.18,5.71,6.18,97,0,0.00,0.00,99,0.00,0,0,0,0.00,0.00,0,0.00,0.00,0.06,0.06,1,0,0.00,56,90,94,56,21,1.67,59,0.10,0.11,0.86,36,0.05,0.05,17,6,0.35,0.38,0.38,0.35,10,6,0.05,36,62,90,81,0,48,89,0,0.00,99,47,0.00,3.00,8.60,7.94,135,80,55,33,5.10,4.71,59.26,4,0.25,76,0,66.67,0,0.00,99,2,0.12,0.13,38,85,57,16,0,0,0,0,0,43,56,74,68,0,99,21,98,17,1,6,21,26,0,0
Juan Luis Alfaro,26,940057200,1999/10/16,Primera División,2026,Defender,Banfield,174,46,128,Argentina,3,1,2,0,0,0,0,0,0,0,0,0,0,0,2,1,1,1,0,0,0,0,0,0,0,1.03,87,58,174,0,0.52,-1,-1,-1,19,0,7.03,0,63,29.48,19.00,45,57,14.00,42,39,21.72,46,0.00,0.00,0.67,2,0.00,1.33,5.17,3.33,10,0.00,0.67,0.00,0.00,0.00,0.67,1.00,0.67,0.00,0.00,0.00,1.00,0.00,0.00,0.00,0.00,3.00,0.00,0.00,0,0,,0,0.00,8,0,0.00,22,0,0.00,9,3,0,3,99,0.00,99,0,2,1.03,59,4,57,2.07,64,0,0.00,99,0,0.00,0,0,0.00,0,1.03,68,3,1.55,61,3,1.55,100.00,0,0.00,0,0,0,0.00,0,2,0.00,38,1.03,52,N/A,N/A,N/A,N/A,0.00,0,0.00,0,0.00,0.00,0,73.68,0.00,22,99,0.00,0.00,0,90,99,0,0,0,1.00,1.55,3,99,21.10,2.67,4.14,8,0,0.00,0.00,99,0.00,0,0,0,0.00,0.00,0,0.00,0.00,0.00,0.00,0,0,0.00,56,0,0,56,38,0.14,36,0.05,0.07,0.00,9,0.00,0.00,26,1,0.33,0.52,2.07,1.33,90,4,0.00,9,87,81,81,0,46,98,0,0.00,99,9,0.00,4.66,15.52,10.00,30,21,99,93,10.86,7.00,70.00,2,1.03,33,0,25.00,0,0.00,99,1,0.33,0.52,67,3,30,74,0,0,0,0,0,41,56,74,68,0,99,1,25,92,1,33,92,4,0,0
Juan Manuel Cabrera,26,952675200,2000/03/10,Primera División,2026,Defender,Sarmiento,361,139,222,Argentina,8,3,5,0,0,0,0,0,0,0,0,1,1,0,8,4,4,2,0,0,0,0,0,0,0,1.99,45,45,181,0,0.5,344,334,238,10,0,5.42,0,63,30.25,15.12,48,121,10.00,80,18,20.00,39,0.00,0.00,0.12,1,0.00,0.88,1.50,0.75,6,0.00,0.62,0.00,0.00,0.00,0.75,0.00,1.00,0.00,0.25,0.12,0.50,0.00,0.00,0.01,0.00,0.50,0.00,0.00,0,0,,1,0.12,15,0,0.00,22,1,0.25,20,3,5,3,48,0.00,99,0,6,1.50,83,7,28,1.75,60,0,0.00,99,0,0.00,0,0,0.00,0,0.25,22,4,1.00,44,0,0.00,0.00,0,0.00,0,0,0,0.00,0,8,0.00,1,2.00,92,N/A,N/A,N/A,N/A,0.00,0,0.00,0,0.06,0.00,0,66.12,0.00,22,39,0.38,0.75,3,12,12,0,0,0,0.12,0.25,1,62,43.39,1.00,2.00,8,0,0.00,0.00,99,0.00,0,0,0,0.00,0.00,0,0.00,0.00,0.00,0.00,0,0,0.00,56,0,11,56,1,0.17,11,0.02,0.04,0.06,13,0.01,0.01,24,2,0.25,0.50,2.50,1.25,95,10,0.01,13,2,60,81,0,46,41,0,0.00,99,4,0.00,1.00,9.50,4.75,38,12,10,45,3.00,1.50,31.58,5,1.25,24,0,0.00,0,0.00,99,0,0.00,0.00,28,3,82,74,0,0,0,0,0,41,56,74,68,0,99,5,26,90,2,25,79,4,0,0
Juan Manuel Elordi,31,777452400,1994/08/21,Primera División,2026,Defender,Independiente Rivadavia,1124,665,459,Argentina,16,10,6,1,1,0,2,1,1,0,0,4,1,3,12,9,3,2,0,0.24,0.16,0.08,0.14,0,1124,0.96,94,70,562,562,0.16,203,96,134,8,0,6.54,0.12,84,33.28,26.00,59,416,20.25,324,61,25.92,59,0.00,0.00,1.25,20,0.00,2.12,2.00,1.56,25,0.00,0.62,0.00,0.00,0.00,1.00,0.12,0.75,18.00,1.44,0.69,0.69,0.00,0.44,0.13,0.00,1.25,0.00,0.00,0,0,,18,1.12,67,7,0.56,74,11,0.88,64,1,4,12,69,0.00,99,0,16,1.28,71,34,80,2.72,73,0,0.00,99,0,0.00,0,0,0.00,0,1.60,88,11,0.88,40,2,0.16,18.18,0,0.00,0,0,0,0.00,0,12,0.00,44,0.96,45,N/A,N/A,N/A,N/A,0.00,0,0.00,0,2.04,0.00,0,77.88,38.89,69,42,0.56,0.72,9,21,15,0,0,0,0.50,0.64,8,89,104.58,2.81,3.60,45,0,0.00,0.00,99,0.00,0,0,0,0.00,0.00,0,0.00,0.00,0.16,0.12,2,0,5.56,61,69,88,94,44,2.59,87,0.16,0.21,2.04,68,0.13,0.16,17,5,0.31,0.40,0.88,0.69,36,11,0.16,66,20,78,81,0,67,64,0,0.00,99,20,0.00,1.60,7.92,6.19,99,52,29,25,4.16,3.25,52.53,10,0.80,44,0,35.29,0,0.00,99,12,0.75,0.96,83,65,75,41,0,0,0,0,0,75,63,74,73,0,99,27,81,35,2,12,41,3,0,0
Juan Manuel Fedorco,25,975398400,2000/11/28,Primera División,2026,Defender,Independiente,524,203,321,Argentina,10,4,6,1,1,0,0,0,0,0,0,3,2,1,7,4,3,1,0,0.17,0,0.17,0.44,0,524,1.2,75,52,524,0,0.17,113,514,187,4,0,6.07,0,63,39.85,23.20,76,232,17.40,174,46,29.89,72,0.00,0.00,0.00,0,0.00,0.00,2.75,1.60,16,0.00,0.20,0.00,0.00,0.00,0.90,0.00,0.80,5.00,0.86,0.20,0.20,0.00,0.30,0.11,0.00,2.50,0.00,0.00,0,0,,5,0.50,48,3,0.52,71,2,0.34,27,0,5,5,90,0.00,99,0,9,1.55,86,0,28,0.00,12,0,0.00,99,0,0.00,0,0,0.00,0,0.00,8,2,0.34,21,0,0.00,0.00,0,0.00,0,0,0,0.00,0,8,0.00,24,1.37,77,N/A,N/A,N/A,N/A,0.00,0,0.00,0,1.07,0.00,0,75.00,60.00,95,45,0.40,0.69,4,12,12,0,0,0,0.10,0.17,1,49,60.69,3.80,6.53,38,0,0.00,0.00,99,0.00,0,0,0,0.00,0.00,0,0.00,0.00,0.00,0.00,0,0,20.00,93,19,23,77,24,0.37,26,0.04,0.06,1.07,70,0.11,0.18,32,4,0.40,0.69,0.52,0.30,16,3,0.18,69,8,93,81,0,46,97,0,0.00,99,25,0.00,4.29,13.57,7.90,79,45,96,86,7.73,4.50,56.96,2,0.34,71,0,0.00,0,0.00,99,0,0.00,0.00,28,18,82,16,0,0,0,0,0,65,80,74,92,0,99,41,79,37,1,10,34,13,0,0
Juan Manuel Insaurralde,41,465634800,1984/10/03,Primera División,2026,Defender,Sarmiento,1132,622,510,Argentina,13,7,6,0,0,0,0,0,0,0,0,4,4,0,11,5,6,7,2,0,0,0,0,0,0,0.87,103,87,162,0,0.56,335,336,109,22,0,6.80,0,63,36.65,35.46,69,461,27.77,361,64,28.70,68,0.00,0.00,0.08,1,0.00,0.00,1.19,1.15,15,0.00,0.08,0.00,0.00,0.00,0.85,0.31,1.00,0.00,0.56,0.46,0.62,0.00,0.08,0.03,0.00,2.69,0.00,0.00,0,0,,7,0.54,32,1,0.08,26,6,0.48,40,0,0,13,32,0.00,99,0,11,0.87,50,0,28,0.00,12,0,0.00,99,0,0.00,0,0,0.00,0,0.08,11,8,0.64,32,4,0.32,50.00,0,0.00,0,0,0,0.00,0,13,0.00,54,1.03,52,N/A,N/A,N/A,N/A,0.00,0,0.00,0,0.41,0.00,0,78.31,14.29,27,48,0.62,0.64,8,36,66,0,0,0,0.77,0.80,10,94,88.45,8.31,8.59,108,0,0.00,0.00,99,0.00,0,0,0,0.00,0.00,0,0.00,0.00,0.00,0.00,0,1,0.00,56,70,49,56,53,0.67,18,0.05,0.05,0.41,26,0.03,0.03,23,6,0.46,0.48,0.64,0.62,21,8,0.03,26,55,99,81,0,46,85,0,0.00,99,35,0.00,2.78,7.23,7.00,91,59,44,19,4.69,4.54,64.84,1,0.08,86,0,0.00,0,0.00,99,0,0.00,0.00,28,71,30,16,0,0,0,0,0,41,56,74,68,0,99,47,23,94,5,38,94,2,0,0
Juan Manuel Romero Báez,25,989046000,2001/05/05,Primera División,2026,Forward,Instituto,14,14,0,Paraguay,1,1,0,0,0,0,0,0,0,0,0,0,0,0,0,0,0,0,0,0,0,0,0,0,0,0,0,14,0,0,0,-1,-1,-1,21,0,6.50,0,63,32.14,5.00,55,5,3.00,3,7,19.29,37,0.00,0.00,0.00,0,0.00,0.00,0.00,0.00,0,0.00,0.00,0.00,0.00,0.00,0.00,0.00,1.00,0.00,0.00,0.00,0.00,0.00,0.00,0.00,0.00,1.00,0.00,0.00,0,0,,0,0.00,8,0,0.00,22,0,0.00,9,1,1,0,5,0.00,99,0,0,0.00,10,0,28,0.00,12,0,0.00,99,0,0.00,0,0,0.00,0,0.00,8,0,0.00,9,0,0.00,0.00,0,0.00,0,0,0,0.00,0,1,0.00,99,6.43,99,N/A,N/A,N/A,N/A,0.00,0,0.00,0,0.00,0.00,0,60.00,0.00,22,99,0.00,0.00,0,12,12,0,0,0,0.00,0.00,0,29,6.50,0.00,0.00,0,0,0.00,0.00,99,0.00,0,0,0,0.00,0.00,0,0.00,0.00,0.00,0.00,0,0,0.00,56,0,0,56,0,0.01,26,0.01,0.06,0.00,9,0.00,0.00,2,0,0.00,0.00,0.00,0.00,6,0,0.00,9,17,1,81,0,46,99,0,0.00,99,1,0.00,6.43,6.43,1.00,1,1,84,13,6.43,1.00,100.00,0,0.00,99,0,0.00,0,0.00,99,0,0.00,0.00,28,0,44,41,0,0,0,0,0,41,56,74,68,0,99,1,15,15,0,0,16,24,0,0
Juan Martín Iribarren,23,1043222400,2003/01/22,Primera División,2026,Defender,Banfield,0,0,0,Argentina,0,0,0,0,0,0,0,0,0,0,0,0,0,0,0,0,0,0,0,0,0,0,0,0,0,0,0,0,0,0,0,-1,-1,-1,-1,N/A,N/A,N/A,N/A,N/A,N/A,N/A,N/A,N/A,N/A,N/A,N/A,N/A,N/A,N/A,N/A,N/A,N/A,N/A,N/A,N/A,N/A,N/A,N/A,N/A,N/A,N/A,N/A,N/A,N/A,N/A,N/A,N/A,N/A,N/A,N/A,N/A,N/A,N/A,N/A,N/A,N/A,N/A,N/A,N/A,N/A,N/A,N/A,N/A,N/A,N/A,N/A,N/A,N/A,N/A,N/A,N/A,N/A,N/A,N/A,N/A,N/A,N/A,N/A,N/A,N/A,N/A,N/A,N/A,N/A,N/A,N/A,N/A,N/A,N/A,N/A,N/A,N/A,N/A,N/A,N/A,N/A,N/A,N/A,N/A,N/A,N/A,N/A,N/A,N/A,N/A,N/A,N/A,N/A,N/A,N/A,N/A,N/A,N/A,N/A,N/A,N/A,N/A,N/A,N/A,N/A,N/A,N/A,N/A,N/A,N/A,N/A,N/A,N/A,N/A,N/A,N/A,N/A,N/A,N/A,N/A,N/A,N/A,N/A,N/A,N/A,N/A,N/A,N/A,N/A,N/A,N/A,N/A,N/A,N/A,N/A,N/A,N/A,N/A,N/A,N/A,N/A,N/A,N/A,N/A,N/A,N/A,N/A,N/A,N/A,N/A,N/A,N/A,N/A,N/A,N/A,N/A,N/A,N/A,N/A,N/A,N/A,N/A,N/A,N/A,N/A,N/A,N/A,N/A,N/A,N/A,N/A,N/A,N/A,N/A,N/A,N/A,N/A,N/A,N/A,N/A,N/A,N/A,N/A,N/A,N/A,N/A,N/A,N/A,N/A,N/A,N/A,N/A,N/A,N/A,N/A,N/A,N/A,N/A,N/A,N/A,N/A,N/A,N/A,N/A,N/A,N/A,N/A,N/A,N/A,N/A,N/A,N/A,N/A,N/A,N/A,N/A,N/A,N/A,N/A,N/A,N/A,N/A,N/A
Juan Martin Velazquez,21,1100851200,2004/11/19,Primera División,2026,Defender,Belgrano,450,185,265,Argentina,9,4,5,0,0,0,0,0,0,0,0,4,2,2,5,1,4,1,0,0,0,0,0,0,0,1,90,50,450,0,0.2,238,212,144,22,0,6.67,0,63,33.16,19.44,58,175,15.22,137,64,25.96,59,0.00,0.00,0.44,4,0.00,2.89,2.08,1.22,11,0.00,0.44,0.00,0.00,0.00,1.11,0.33,0.56,0.00,0.95,0.56,0.89,0.00,0.00,0.02,0.00,0.56,0.00,0.00,0,0,,5,0.56,52,0,0.00,22,5,0.95,67,5,3,6,73,0.00,99,0,10,1.89,93,26,42,4.93,93,0,0.00,99,0,0.00,0,0,0.00,0,0.76,53,8,1.52,61,3,0.57,37.50,0,0.00,0,0,0,0.00,0,5,0.00,41,0.95,43,N/A,N/A,N/A,N/A,0.00,0,0.00,0,0.21,0.00,0,78.29,0.00,22,85,0.11,0.19,1,54,38,0,0,0,0.00,0.00,0,29,60.04,0.33,0.57,3,1,0.00,0.19,1,0.11,0,0,0,0.00,0.00,0,0.00,0.00,0.00,0.00,0,0,0.00,56,11,17,56,41,0.37,36,0.04,0.07,0.21,32,0.02,0.04,36,4,0.44,0.76,0.57,0.33,18,3,0.04,32,35,17,81,0,46,39,0,0.00,99,5,0.00,0.95,7.96,4.67,42,23,35,26,4.36,2.56,54.76,4,0.76,46,0,19.23,0,0.00,99,5,0.56,0.95,82,27,66,92,0,0,0,0,0,41,56,74,68,0,99,78,73,45,1,11,37,53,0,0
Juan Pablo Álvarez,30,823939200,1996/02/10,Primera División,2026,Forward,Gimnasia Mendoza,28,28,0,Argentina,1,1,0,0,0,0,0,0,0,0,0,0,0,0,1,1,0,0,0,0,0,0,0,0,0,3.21,28,28,0,0,0,-1,-1,-1,14,0,5.96,0,63,35.36,11.00,66,11,8.00,8,36,25.71,58,0.00,0.00,0.00,0,0.00,0.00,0.00,0.00,0,0.00,1.00,0.00,0.00,0.00,0.00,0.00,1.00,0.00,0.00,0.00,2.00,0.00,0.00,0.00,0.00,0.00,0.00,0.00,0,0,,0,0.00,8,0,0.00,22,0,0.00,9,0,1,0,5,0.00,99,0,0,0.00,10,0,28,0.00,12,0,0.00,99,0,0.00,0,0,0.00,0,0.00,8,2,6.43,99,0,0.00,0.00,0,0.00,0,0,0,0.00,0,1,0.00,0,3.21,94,N/A,N/A,N/A,N/A,0.00,0,0.00,0,0.00,0.00,0,72.73,0.00,22,0,2.00,6.43,2,12,12,0,0,0,0.00,0.00,0,29,5.96,0.00,0.00,0,0,0.00,0.00,99,0.00,0,0,0,0.00,0.00,0,0.00,0.00,0.00,0.00,0,0,0.00,56,0,0,56,0,0.02,26,0.02,0.06,0.00,9,0.00,0.00,2,0,0.00,0.00,0.00,0.00,6,0,0.00,9,6,1,81,0,46,1,0,0.00,99,0,0.00,0.00,16.07,5.00,5,0,0,95,0.00,0.00,0.00,1,3.21,1,0,0.00,0,0.00,99,0,0.00,0.00,28,0,44,16,0,0,0,0,0,41,56,74,68,0,99,1,15,15,0,0,16,18,0,0
Juan Pablo Insúa,21,1104825600,2005/01/04,Primera División,2026,Goalkeeper,Barracas Central,0,0,0,Argentina,0,0,0,0,0,0,0,0,0,0,0,0,0,0,0,0,0,0,0,0,0,0,0,0,0,0,0,0,0,0,0,-1,-1,-1,-1,N/A,N/A,N/A,N/A,N/A,N/A,N/A,N/A,N/A,N/A,N/A,N/A,N/A,N/A,N/A,N/A,N/A,N/A,N/A,N/A,N/A,N/A,N/A,N/A,N/A,N/A,N/A,N/A,N/A,N/A,N/A,N/A,N/A,N/A,N/A,N/A,N/A,N/A,N/A,N/A,N/A,N/A,N/A,N/A,N/A,N/A,N/A,N/A,N/A,N/A,N/A,N/A,N/A,N/A,N/A,N/A,N/A,N/A,N/A,N/A,N/A,N/A,N/A,N/A,N/A,N/A,N/A,N/A,N/A,N/A,N/A,N/A,N/A,N/A,N/A,N/A,N/A,N/A,N/A,N/A,N/A,N/A,N/A,N/A,N/A,N/A,N/A,N/A,N/A,N/A,N/A,N/A,N/A,N/A,N/A,N/A,N/A,N/A,N/A,N/A,N/A,N/A,N/A,N/A,N/A,N/A,N/A,N/A,N/A,N/A,N/A,N/A,N/A,N/A,N/A,N/A,N/A,N/A,N/A,N/A,N/A,N/A,N/A,N/A,N/A,N/A,N/A,N/A,N/A,N/A,N/A,N/A,N/A,N/A,N/A,N/A,N/A,N/A,N/A,N/A,N/A,N/A,N/A,N/A,N/A,N/A,N/A,N/A,N/A,N/A,N/A,N/A,N/A,N/A,N/A,N/A,N/A,N/A,N/A,N/A,N/A,N/A,N/A,N/A,N/A,N/A,N/A,N/A,N/A,N/A,N/A,N/A,N/A,N/A,N/A,N/A,N/A,N/A,N/A,N/A,N/A,N/A,N/A,N/A,N/A,N/A,N/A,N/A,N/A,N/A,N/A,N/A,N/A,N/A,N/A,N/A,N/A,N/A,N/A,N/A,N/A,N/A,N/A,N/A,N/A,N/A,N/A,N/A,N/A,N/A,N/A,N/A,N/A,N/A,N/A,N/A,N/A,N/A,N/A,N/A,N/A,N/A,N/A,N/A
Juan Pablo Pignani,25,994057200,2001/07/02,Primera División,2026,Defender,Central Córdoba SdE,602,332,270,Argentina,8,5,3,0,0,0,0,0,0,0,0,3,3,0,10,3,7,3,1,0,0,0,0,0,0,1.5,60,75,151,0,0.6,361,388,224,20,0,6.62,0,63,39.32,32.88,74,263,25.38,203,58,30.35,74,0.00,0.00,0.12,1,0.00,0.00,1.94,1.62,13,0.00,0.00,0.00,0.00,0.00,1.12,0.25,1.38,0.00,0.30,0.25,0.38,0.00,0.00,0.01,0.00,1.62,0.00,0.00,0,0,,2,0.25,16,0,0.00,22,2,0.30,24,0,1,7,67,0.00,99,0,9,1.35,76,0,28,0.00,12,0,0.00,99,0,0.00,0,0,0.00,0,0.15,15,3,0.45,24,2,0.30,66.67,0,0.00,0,0,0,0.00,0,11,0.00,7,1.64,89,N/A,N/A,N/A,N/A,0.00,0,0.00,0,0.08,0.00,0,77.19,0.00,22,88,0.12,0.15,1,33,87,0,0,0,1.00,1.20,8,99,52.95,4.50,5.38,36,0,0.00,0.00,99,0.00,0,0,0,0.00,0.00,0,0.00,0.00,0.00,0.00,0,0,0.00,56,28,11,56,7,0.41,26,0.05,0.06,0.08,13,0.01,0.01,21,3,0.38,0.45,0.75,0.62,28,5,0.01,13,29,87,81,0,46,70,0,0.00,99,13,0.00,1.94,7.03,5.88,47,30,38,17,4.49,3.75,63.83,0,0.00,99,0,0.00,0,0.00,99,0,0.00,0.00,28,33,44,16,0,0,0,0,0,41,56,74,68,0,99,65,21,95,2,25,79,42,0,0
Juan Posse,21,1111132800,2005/03/18,Primera División,2026,Midfielder,Atlético Tucumán,0,0,0,Argentina,0,0,0,0,0,0,0,0,0,0,0,0,0,0,0,0,0,0,0,0,0,0,0,0,0,0,0,0,0,0,0,-1,-1,-1,-1,N/A,N/A,N/A,N/A,N/A,N/A,N/A,N/A,N/A,N/A,N/A,N/A,N/A,N/A,N/A,N/A,N/A,N/A,N/A,N/A,N/A,N/A,N/A,N/A,N/A,N/A,N/A,N/A,N/A,N/A,N/A,N/A,N/A,N/A,N/A,N/A,N/A,N/A,N/A,N/A,N/A,N/A,N/A,N/A,N/A,N/A,N/A,N/A,N/A,N/A,N/A,N/A,N/A,N/A,N/A,N/A,N/A,N/A,N/A,N/A,N/A,N/A,N/A,N/A,N/A,N/A,N/A,N/A,N/A,N/A,N/A,N/A,N/A,N/A,N/A,N/A,N/A,N/A,N/A,N/A,N/A,N/A,N/A,N/A,N/A,N/A,N/A,N/A,N/A,N/A,N/A,N/A,N/A,N/A,N/A,N/A,N/A,N/A,N/A,N/A,N/A,N/A,N/A,N/A,N/A,N/A,N/A,N/A,N/A,N/A,N/A,N/A,N/A,N/A,N/A,N/A,N/A,N/A,N/A,N/A,N/A,N/A,N/A,N/A,N/A,N/A,N/A,N/A,N/A,N/A,N/A,N/A,N/A,N/A,N/A,N/A,N/A,N/A,N/A,N/A,N/A,N/A,N/A,N/A,N/A,N/A,N/A,N/A,N/A,N/A,N/A,N/A,N/A,N/A,N/A,N/A,N/A,N/A,N/A,N/A,N/A,N/A,N/A,N/A,N/A,N/A,N/A,N/A,N/A,N/A,N/A,N/A,N/A,N/A,N/A,N/A,N/A,N/A,N/A,N/A,N/A,N/A,N/A,N/A,N/A,N/A,N/A,N/A,N/A,N/A,N/A,N/A,N/A,N/A,N/A,N/A,N/A,N/A,N/A,N/A,N/A,N/A,N/A,N/A,N/A,N/A,N/A,N/A,N/A,N/A,N/A,N/A,N/A,N/A,N/A,N/A,N/A,N/A,N/A,N/A,N/A,N/A,N/A,N/A
Juan Rattalino,22,1087974000,2004/06/23,Primera División,2026,Midfielder,San Lorenzo,133,46,87,Argentina,5,3,2,0,0,0,0,0,0,0,0,2,1,1,2,1,1,0,0,0,0,0,0,0,0,1.35,67,27,0,0,0,-1,-1,-1,20,0,3.96,0,63,49.70,14.80,91,74,11.80,59,70,39.63,89,0.00,0.00,0.20,1,0.00,0.20,4.03,1.20,6,0.00,0.80,0.00,0.00,0.00,0.40,0.00,0.40,0.00,0.67,0.20,0.00,0.00,0.00,0.01,0.00,0.20,0.00,0.00,0,0,,1,0.20,39,0,0.00,22,1,0.67,53,3,4,1,99,0.00,99,0,2,1.34,75,1,28,0.67,42,0,0.00,99,0,0.00,0,0,0.00,0,0.67,47,0,0.00,9,0,0.00,0.00,0,0.00,0,0,0,0.00,0,2,0.00,13,1.34,75,N/A,N/A,N/A,N/A,0.00,0,0.00,0,0.05,0.00,0,79.73,0.00,22,47,0.20,0.67,1,12,12,0,0,0,0.40,1.34,2,99,19.79,0.40,1.34,2,0,0.00,0.00,99,0.00,0,0,0,0.00,0.00,0,0.00,0.00,0.00,0.00,0,0,0.00,56,0,1,56,14,0.15,54,0.03,0.10,0.05,26,0.01,0.03,68,2,0.40,1.34,2.01,0.60,89,3,0.03,26,0,45,81,0,46,27,0,0.00,99,1,0.00,0.67,12.09,3.60,18,9,78,77,6.04,1.80,50.00,4,2.69,2,0,0.00,0,0.00,99,0,0.00,0.00,28,0,75,74,0,0,0,0,0,41,56,74,68,0,99,69,15,15,0,0,16,13,0,0
Juan Sebastián Sforza,24,1013673600,2002/02/14,Primera División,2026,Midfielder,Talleres Córdoba,1034,496,538,Argentina,16,8,8,0,0,0,0,0,0,0,0,6,3,3,9,4,5,4,0,0,0,0,0,0,0,0.78,115,65,259,0,0.35,536,548,-1,16,0,6.84,0,63,60.23,43.25,97,692,36.44,583,88,50.74,96,0.00,0.00,0.44,7,0.00,0.75,2.18,1.56,25,0.00,0.19,0.00,0.00,0.00,0.75,0.06,0.69,0.00,0.35,0.25,0.12,0.00,0.00,0.01,0.00,1.25,0.00,0.00,0,0,,4,0.25,19,0,0.00,22,4,0.35,28,5,6,10,76,0.00,99,0,12,1.04,60,12,86,1.04,51,0,0.00,99,0,0.00,0,0,0.00,0,0.61,44,2,0.17,15,1,0.09,50.00,0,0.00,0,0,0,0.00,0,11,0.00,63,0.96,45,N/A,N/A,N/A,N/A,0.00,0,0.00,0,0.23,0.00,0,84.25,0.00,22,25,0.69,0.96,11,16,66,0,0,0,0.12,0.17,2,49,109.49,1.56,2.18,25,0,0.00,0.00,99,0.00,0,0,0,0.00,0.00,0,0.00,0.00,0.00,0.00,0,0,0.00,56,62,88,56,63,1.32,59,0.08,0.11,0.23,20,0.01,0.02,71,16,1.00,1.39,0.96,0.69,40,11,0.02,20,63,62,81,0,46,67,0,0.00,99,20,0.00,1.74,8.70,6.25,100,62,64,35,5.40,3.88,62.00,3,0.26,75,0,41.67,0,0.00,99,5,0.31,0.44,62,52,88,92,0,0,0,0,0,41,56,74,68,0,99,65,43,73,4,25,79,13,0,0
Juan Villalba,20,1142409600,2006/03/15,Primera División,2026,Defender,Tigre,90,0,90,Argentina,1,0,1,0,0,0,0,0,0,0,0,0,0,0,1,0,1,1,0,0,0,0,0,0,0,1,90,90,90,0,1,-1,-1,-1,13,0,6.46,0,63,53.00,53.00,94,53,41.00,41,59,41.00,91,0.00,0.00,1.00,1,0.00,2.00,1.00,1.00,1,0.00,3.00,0.00,0.00,0.00,1.00,1.00,1.00,0.00,0.00,0.00,1.00,0.00,0.00,0.00,0.00,0.00,0.00,0.00,0,0,,0,0.00,8,0,0.00,22,0,0.00,9,0,0,1,24,0.00,99,0,1,1.00,57,2,28,2.00,63,0,0.00,99,0,0.00,0,0,0.00,0,1.00,67,1,1.00,44,1,1.00,100.00,0,0.00,0,0,0,0.00,0,1,0.00,41,1.00,50,N/A,N/A,N/A,N/A,0.00,0,0.00,0,0.00,0.00,0,77.36,0.00,22,21,1.00,1.00,1,76,99,0,0,0,0.00,0.00,0,29,6.46,6.00,6.00,6,0,0.00,0.00,99,0.00,0,0,0,0.00,0.00,0,0.00,0.00,0.00,0.00,0,0,0.00,56,0,0,56,41,0.12,63,0.12,0.12,0.00,9,0.00,0.00,88,2,2.00,2.00,1.00,1.00,44,1,0.00,9,17,89,81,0,46,1,0,0.00,99,0,0.00,0.00,9.00,9.00,9,4,24,40,4.00,4.00,44.44,3,3.00,1,0,0.00,0,0.00,99,0,0.00,0.00,28,0,30,16,0,0,0,0,0,41,56,74,68,0,99,1,16,99,1,100,99,32,0,0
Julián Alejo López,26,947318400,2000/01/08,Primera División,2026,Midfielder,Defensa y Justicia,244,88,156,Argentina,7,2,5,0,0,0,0,0,0,0,0,4,1,3,2,1,1,0,0,0,0,0,0,0,0,0.74,122,35,0,0,0,-1,-1,-1,23,0,6.64,0,63,27.50,11.00,39,77,8.14,57,41,20.36,40,0.00,0.00,0.29,2,0.00,0.14,3.57,1.43,10,0.00,0.14,0.00,0.00,0.00,0.57,0.00,0.29,0.00,0.00,0.00,0.00,0.00,0.00,0.00,0.00,0.57,0.00,0.00,0,0,,0,0.00,8,0,0.00,22,0,0.00,9,0,6,1,98,0.00,99,0,4,1.43,81,1,99,0.36,32,0,0.00,99,0,0.00,0,0,0.00,0,0.71,50,0,0.00,9,0,0.00,0.00,0,0.00,0,0,0,0.00,0,2,0.00,69,0.71,18,N/A,N/A,N/A,N/A,0.00,0,0.00,0,0.00,0.00,0,74.03,0.00,22,2,0.71,1.79,5,12,12,0,0,0,0.00,0.00,0,29,46.49,1.71,4.29,12,0,0.00,0.00,99,0.00,0,0,0,0.00,0.00,0,0.00,0.00,0.00,0.00,0,0,0.00,56,0,6,56,69,0.19,36,0.03,0.07,0.00,9,0.00,0.00,16,1,0.14,0.36,1.07,0.43,48,3,0.00,9,31,82,81,0,46,58,0,0.00,99,4,0.00,1.43,10.00,4.00,28,15,63,53,5.36,2.14,53.57,1,0.36,70,0,100.00,0,0.00,99,1,0.14,0.36,59,0,88,16,0,0,0,0,0,41,56,74,68,0,99,96,15,15,0,0,16,55,0,0
Julián Contrera,23,1052550000,2003/05/10,Primera División,2026,Forward,Sarmiento,908,399,509,Argentina,15,7,8,0,0,0,2,2,0,0,0,5,5,0,12,4,8,5,0,0.2,0.2,0,0,0,0,1.19,76,61,182,454,0.5,336,77,-1,20,0,6.57,0.13,89,21.41,14.40,18,216,9.67,145,20,14.37,18,0.00,0.00,1.13,17,0.00,4.00,1.49,1.00,15,0.00,1.80,0.00,0.00,0.00,0.53,0.47,0.87,0.00,1.09,0.40,2.13,0.00,0.33,0.06,0.00,0.20,0.00,0.00,0,0,,11,0.73,55,5,0.50,70,6,0.59,48,2,6,9,46,0.00,99,0,8,0.79,46,60,82,5.95,96,0,0.00,99,0,0.00,0,0,0.00,0,1.69,91,32,3.17,86,7,0.69,21.88,0,0.00,0,0,0,0.00,0,13,0.00,25,1.29,72,N/A,N/A,N/A,N/A,0.00,0,0.00,0,0.87,0.00,0,67.13,45.45,80,61,0.33,0.50,5,60,18,0,0,0,0.07,0.10,1,36,98.58,0.67,0.99,10,0,0.00,0.00,99,0.00,0,0,1,0.07,0.10,0,0.00,0.00,0.69,0.47,7,0,0.00,56,54,73,56,26,2.10,87,0.14,0.21,0.87,52,0.06,0.09,61,12,0.80,1.19,3.27,2.20,99,33,0.09,51,23,34,90,0,94,10,0,0.00,99,3,0.00,0.30,13.68,9.20,138,37,18,86,3.67,2.47,26.81,27,2.68,2,0,36.67,0,0.00,99,22,1.47,2.18,98,48,88,57,0,0,0,0,0,69,56,74,68,0,99,54,26,90,5,33,92,19,0,0
Julián Dario Ceballos,21,1095058800,2004/09/13,Primera División,2026,Midfielder,Gimnasia Mendoza,428,252,176,Argentina,8,5,3,0,0,0,1,0,1,0,0,2,1,1,3,1,2,1,0,0.21,0.21,0,0,0,0,0.63,143,54,428,428,0.21,403,64,-1,27,0,6.72,0.12,90,25.86,15.38,34,123,12.75,102,83,21.45,46,0.00,0.00,0.50,4,0.00,2.25,2.94,1.75,14,0.00,0.38,0.00,0.00,0.00,0.75,1.00,0.38,0.00,1.26,0.50,2.12,0.00,0.25,0.06,0.00,0.12,0.00,0.00,0,0,,6,0.75,62,2,0.42,64,4,0.84,61,1,3,5,93,0.00,99,0,6,1.26,70,18,64,3.79,84,0,0.00,99,0,0.00,0,0,0.00,0,0.84,59,17,3.57,90,8,1.68,47.06,0,0.00,0,0,0,0.00,0,3,0.00,82,0.63,12,N/A,N/A,N/A,N/A,0.00,0,0.00,0,0.47,0.00,0,82.93,33.33,62,6,0.88,1.47,7,91,56,0,0,0,0.00,0.00,0,29,53.79,0.38,0.63,3,0,0.00,0.00,99,0.00,0,0,0,0.00,0.00,0,0.00,0.00,0.42,0.25,2,0,0.00,56,7,11,56,81,0.95,85,0.12,0.20,0.47,54,0.06,0.10,30,3,0.38,0.63,2.10,1.25,90,10,0.10,53,42,19,81,0,87,7,0,0.00,99,1,0.00,0.21,11.78,7.00,56,24,54,73,5.05,3.00,42.86,3,0.63,53,0,27.78,0,0.00,99,5,0.62,1.05,85,18,66,41,0,0,0,0,0,71,56,74,68,0,99,27,69,47,1,12,41,19,0,0
Julián Fernández,22,1073116800,2004/01/03,Primera División,2026,Forward,Rosario Central,723,276,447,Argentina,11,4,7,1,0,1,3,1,2,0,0,3,1,2,6,2,4,2,0,0.5,0.37,0.12,0,0.2,723,0.75,121,66,362,241,0.25,167,20,-1,12,0,7.02,0.27,98,36.10,26.36,67,290,21.73,239,81,29.75,72,0.00,0.00,0.82,9,0.00,2.00,1.62,1.18,13,0.00,1.45,0.00,0.00,0.00,0.18,1.82,0.55,13.00,1.62,0.82,3.36,0.00,0.36,0.14,0.00,0.64,0.00,0.00,0,0,,13,1.18,70,4,0.50,70,9,1.12,73,4,3,8,53,0.00,99,0,2,0.25,21,22,64,2.74,73,0,0.00,99,0,0.00,0,0,0.00,0,1.12,71,37,4.61,96,20,2.49,54.05,0,0.00,0,0,0,0.00,0,6,0.00,67,0.75,22,N/A,N/A,N/A,N/A,0.00,0,0.00,0,1.57,0.00,0,82.41,30.77,54,73,0.27,0.37,3,98,69,0,0,0,0.09,0.12,1,41,77.22,0.55,0.75,6,0,0.00,0.00,99,0.00,0,0,0,0.00,0.00,0,0.00,0.00,0.25,0.18,2,0,7.69,66,39,31,86,68,2.51,97,0.23,0.31,1.57,74,0.14,0.20,76,13,1.18,1.62,0.75,0.55,28,6,0.20,73,86,23,81,0,76,35,0,0.00,99,7,0.00,0.87,12.57,9.18,101,52,85,80,6.47,4.73,51.49,16,1.99,7,0,27.27,0,0.00,99,6,0.55,0.75,77,40,66,84,0,0,0,0,0,94,70,84,68,0,99,33,60,57,2,18,57,18,0,0
Julián Kadijevic,22,1075190400,2004/01/27,Primera División,2026,Goalkeeper,Gimnasia La Plata,152,90,62,Argentina,2,1,1,0,0,0,0,0,0,0,0,0,0,0,3,2,1,0,0,0,0,0,0,0,0,1.78,51,76,0,0,0,-1,-1,-1,22,0,6.52,0,63,20.13,17.00,11,34,8.50,17,2,10.07,4,0.00,0.00,0.00,0,0.00,0.00,0.00,0.00,0,0.00,0.00,0.00,0.00,2.50,0.00,0.00,4.50,0.00,0.00,0.00,0.00,0.00,0.00,0.00,0.00,0.00,0.00,0.00,0,0,,0,0.00,8,0,0.00,22,0,0.00,9,0,1,1,5,0.00,99,0,0,0.00,10,0,28,0.00,12,0,0.00,99,0,0.00,0,0,0.00,0,0.00,8,0,0.00,9,0,0.00,0.00,0,0.00,0,5,0,2.96,67,9,0.00,2,5.33,99,N/A,N/A,N/A,N/A,55.56,0,0.00,0,0.00,0.00,0,50.00,0.00,22,99,0.00,0.00,0,12,12,0,0,2,0.00,0.00,0,29,13.03,1.50,1.78,3,0,0.00,0.00,99,0.00,0,0,0,0.00,0.00,2,1.00,1.18,0.00,0.00,0,0,0.00,56,0,0,56,3,0.04,2,0.02,0.02,0.00,9,0.00,0.00,2,0,0.00,0.00,0.00,0.00,6,0,0.00,9,19,56,81,97,46,1,0,0.00,99,0,0.00,0.00,0.00,0.00,0,0,0,0,0.00,0.00,0.00,0,0.00,99,0,0.00,0,0.00,99,0,0.00,0.00,28,0,44,16,0,0,0,0,0,41,56,74,68,0,99,1,15,15,0,0,16,27,0,0
Julián Mavilla,26,956818800,2000/04/27,Primera División,2026,Midfielder,Belgrano,264,166,98,Argentina,6,3,3,1,1,0,0,0,0,0,0,2,0,2,4,3,1,0,0,0.34,0,0.34,0.54,0,264,1.36,66,44,0,0,0,-1,-1,-1,8,0,6.75,0,63,28.64,14.00,41,84,10.33,62,40,21.14,44,0.00,0.00,0.67,4,0.00,0.83,2.05,1.00,6,0.00,0.50,0.00,0.00,0.00,0.50,1.17,0.67,1.00,0.34,0.00,2.00,0.00,0.17,0.11,0.00,1.17,0.00,0.00,0,0,,1,0.17,19,1,0.34,58,0,0.00,9,1,5,1,70,0.00,99,0,3,1.02,58,5,28,1.70,60,0,0.00,99,0,0.00,0,0,0.00,0,1.36,79,12,4.09,93,7,2.39,58.33,0,0.00,0,0,0,0.00,0,4,0.00,12,1.36,75,N/A,N/A,N/A,N/A,0.00,0,0.00,0,0.69,0.00,0,73.81,100.00,99,8,0.67,1.36,4,97,76,0,0,0,0.33,0.68,2,90,40.51,0.83,1.70,5,0,0.00,0.00,99,0.00,0,0,0,0.00,0.00,0,0.00,0.00,0.68,0.33,2,0,100.00,99,0,4,65,12,0.24,42,0.04,0.08,0.69,80,0.11,0.24,31,2,0.33,0.68,1.02,0.50,45,3,0.24,78,47,54,81,0,94,78,0,0.00,99,7,0.00,2.39,12.95,6.33,38,22,94,83,7.50,3.67,57.89,3,1.02,34,0,0.00,0,0.00,99,0,0.00,0.00,28,0,82,41,0,0,0,0,0,82,91,74,95,0,99,54,15,15,0,0,16,32,0,0
Julián Palacios,27,918115200,1999/02/04,Primera División,2026,Midfielder,Unión Santa Fe,1349,643,706,Argentina,17,8,9,3,1,2,6,1,5,0,0,5,5,0,17,5,12,4,0,0.6,0.4,0.2,0.14,0.25,450,1.13,79,79,337,225,0.27,103,16,-1,3,0,7.03,0.35,98,31.16,27.47,51,467,21.06,358,55,23.88,53,0.00,0.00,2.24,38,0.00,3.88,1.73,1.53,26,0.00,1.18,0.00,0.00,0.00,0.59,0.88,1.06,10.67,2.13,1.29,2.29,0.00,0.59,0.25,0.00,0.24,0.00,0.00,0,0,,32,1.88,83,10,0.67,80,22,1.47,85,1,0,17,58,0.00,99,0,10,0.67,42,66,71,4.40,89,0,0.00,99,0,0.00,0,0,0.00,0,2.54,98,39,2.60,80,15,1.00,38.46,0,0.00,0,0,0,0.00,0,18,0.00,30,1.20,66,N/A,N/A,N/A,N/A,0.00,0,0.00,0,4.29,0.00,0,76.66,31.25,55,4,1.41,1.60,24,76,38,0,0,0,0.06,0.07,1,31,119.59,0.24,0.27,4,1,0.00,0.07,10,0.06,0,0,1,0.06,0.07,0,0.00,0.00,0.13,0.12,2,0,9.38,70,84,94,73,29,5.61,98,0.33,0.37,4.29,86,0.25,0.29,88,30,1.76,2.00,1.47,1.29,71,22,0.29,85,87,7,85,0,63,9,0,0.00,99,4,0.00,0.27,11.54,10.18,173,74,50,71,4.94,4.35,42.77,20,1.33,22,0,30.30,0,0.00,99,20,1.18,1.33,92,95,30,41,0,0,0,0,0,97,83,87,73,0,99,39,56,61,4,24,73,20,0,0
Junior Arias,33,737622000,1993/05/17,Primera División,2026,Forward,Aldosivi,716,262,454,Uruguay,11,5,6,0,0,0,0,0,0,0,0,3,3,0,9,1,8,2,0,0,0,0,0,0,0,1.13,80,65,358,0,0.25,279,264,-1,12,0,6.04,0,63,18.85,13.64,9,150,9.64,106,29,13.32,14,0.00,0.00,0.64,7,0.00,0.55,0.38,0.27,3,0.00,0.18,0.00,0.00,0.00,0.36,0.09,0.82,0.00,2.51,1.55,1.36,0.00,0.27,0.12,0.00,2.00,0.00,0.00,0,0,,20,1.82,92,3,0.38,60,17,2.14,98,1,2,9,9,0.00,99,0,4,0.50,31,6,39,0.75,45,0,0.00,99,0,0.00,0,0,0.00,0,0.88,61,15,1.89,68,1,0.13,6.67,0,0.00,0,0,0,0.00,0,9,0.00,30,1.13,60,N/A,N/A,N/A,N/A,0.00,0,0.00,0,1.32,0.00,0,70.67,15.00,27,50,0.45,0.63,5,19,13,0,0,0,0.00,0.00,0,29,66.40,0.73,1.01,8,0,0.00,0.00,99,0.00,0,0,0,0.00,0.00,0,0.00,0.00,0.38,0.27,3,0,0.00,56,37,31,56,31,0.47,26,0.04,0.06,1.32,69,0.12,0.17,43,7,0.64,0.88,0.75,0.55,28,6,0.17,68,7,35,81,0,85,85,0,0.00,99,22,0.00,2.77,9.93,7.18,79,33,29,52,4.15,3.00,41.77,2,0.25,76,0,16.67,0,0.00,99,1,0.09,0.13,38,48,57,41,0,0,0,0,0,41,56,74,68,0,99,33,59,57,2,18,57,9,0,0
Junior Osvaldo Marabel Jara,28,890899200,1998/03/26,Primera División,2026,Forward,Sarmiento,1172,606,566,Paraguay,16,8,8,6,4,2,3,1,2,0,0,5,5,0,13,5,8,1,0,0.69,0.23,0.46,0.59,0.32,195,1,90,73,1172,391,0.08,16,58,-1,1,0,6.94,0.19,92,19.43,15.81,10,253,11.19,179,30,13.75,16,0.00,0.00,0.75,12,0.00,0.12,0.46,0.38,6,0.00,0.94,0.00,0.00,0.00,0.19,0.19,0.88,5.00,2.30,1.06,0.56,0.00,0.81,0.38,0.00,2.38,0.00,0.00,0,0,,30,1.88,87,13,1.00,89,17,1.31,81,5,2,14,11,0.00,99,0,3,0.23,19,2,28,0.15,22,0,0.00,99,0,0.00,0,0,0.00,0,0.92,62,9,0.69,35,3,0.23,33.33,0,0.00,0,0,0,0.00,0,14,0.00,41,1.08,56,N/A,N/A,N/A,N/A,0.00,0,0.00,0,6.02,0.00,0,70.75,43.33,78,65,0.38,0.46,6,27,32,2,0,0,0.00,0.00,0,29,111.01,0.56,0.69,9,0,0.00,0.00,99,0.00,0,2,1,0.06,0.08,0,0.00,0.00,0.31,0.25,4,0,20.00,93,73,88,59,41,2.60,85,0.16,0.20,4.62,91,0.29,0.35,67,17,1.06,1.31,0.69,0.56,24,9,0.46,95,79,21,87,0,81,87,0,0.00,99,38,0.00,2.92,11.44,9.31,149,62,46,70,4.76,3.88,41.61,15,1.15,27,0,0.00,0,0.00,99,0,0.00,0.00,28,78,57,92,0,0,0,0,0,98,97,90,97,0,99,47,96,21,1,6,21,27,0,0
Kevin Agustín Coronel Alarcón,21,1092207600,2004/08/11,Primera División,2026,Defender,Argentinos Juniors,538,268,270,Argentina,7,4,3,0,0,0,0,0,0,0,0,3,2,1,8,3,5,1,0,0,0,0,0,0,0,1.34,67,77,538,0,0.17,347,338,208,20,0,6.83,0,63,50.52,43.14,92,302,34.29,240,69,40.15,90,0.00,0.00,0.43,3,0.00,3.14,2.84,2.43,17,0.00,0.57,0.00,0.00,0.00,0.57,0.71,1.14,0.00,1.51,0.71,1.43,0.00,0.57,0.11,0.00,1.00,0.00,0.00,0,0,,9,1.29,68,4,0.67,80,5,0.84,61,5,1,6,91,0.00,99,0,4,0.67,42,22,81,3.68,83,0,0.00,99,0,0.00,0,0,0.00,0,0.50,37,10,1.67,64,5,0.84,50.00,0,0.00,0,0,0,0.00,0,8,0.00,14,1.34,75,N/A,N/A,N/A,N/A,0.00,0,0.00,0,0.80,0.00,0,79.47,44.44,80,75,0.29,0.33,2,68,66,0,0,0,0.14,0.17,1,49,47.79,1.57,1.84,11,0,0.00,0.00,99,0.00,0,0,0,0.00,0.00,0,0.00,0.00,0.00,0.00,0,0,0.00,56,21,6,56,14,0.58,54,0.08,0.10,0.80,62,0.11,0.13,31,4,0.57,0.67,1.17,1.00,54,7,0.13,60,62,57,81,0,46,49,0,0.00,99,7,0.00,1.17,9.03,7.71,54,33,65,40,5.52,4.71,61.11,4,0.67,51,0,36.36,0,0.00,99,8,1.14,1.34,93,27,44,92,0,0,0,0,0,41,56,74,68,0,99,75,80,37,1,14,47,14,0,0
Kevin Alejandro Vázquez,25,984988800,2001/03/19,Primera División,2026,Midfielder,Independiente Rivadavia,91,0,91,Argentina,3,1,2,0,0,0,0,0,0,0,0,0,0,0,1,0,1,0,0,0,0,0,0,0,0,0.99,91,30,0,0,0,-1,-1,-1,19,0,2.25,0,63,55.76,19.00,95,57,16.67,50,97,48.91,96,0.00,0.00,0.00,0,0.00,0.00,0.98,0.33,1,0.00,0.67,0.00,0.00,0.00,0.00,0.00,0.33,0.00,1.96,0.67,0.00,0.00,0.00,0.03,0.00,0.67,0.00,0.00,0,0,,2,0.67,79,0,0.00,22,2,1.96,96,0,2,1,23,0.00,99,0,0,0.00,10,0,28,0.00,12,0,0.00,99,0,0.00,0,0,0.00,0,0.00,8,0,0.00,9,0,0.00,0.00,0,0.00,0,0,0,0.00,0,1,0.00,41,0.98,47,N/A,N/A,N/A,N/A,0.00,0,0.00,0,0.09,0.00,0,87.72,0.00,22,23,0.33,0.98,1,12,12,0,0,0,0.00,0.00,0,29,6.75,0.33,0.98,1,0,0.00,0.00,99,0.00,0,0,0,0.00,0.00,0,0.00,0.00,0.00,0.00,0,0,0.00,56,0,0,56,41,0.11,59,0.04,0.11,0.09,52,0.03,0.09,49,1,0.33,0.98,0.98,0.33,42,1,0.09,51,0,34,81,0,46,71,0,0.00,99,2,0.00,1.96,9.78,3.33,10,4,22,49,3.91,1.33,40.00,2,1.96,7,0,0.00,0,0.00,99,0,0.00,0.00,28,0,57,16,0,0,0,0,0,41,56,74,68,0,99,1,15,15,0,0,16,32,0,0
Kevin Andrés Zenon,24,996476400,2001/07/30,Primera División,2026,Forward,Boca Juniors,216,56,160,Argentina,4,2,2,0,0,0,0,0,0,0,0,1,1,0,4,0,4,0,0,0,0,0,0,0,0,1.67,54,54,0,0,0,-1,-1,-1,20,0,6.71,0,63,32.50,19.50,56,78,14.50,58,42,24.17,54,0.00,0.00,0.50,2,0.00,3.00,1.67,1.00,4,0.00,1.25,0.00,0.00,0.00,0.25,0.50,1.00,0.00,1.25,0.50,1.00,0.00,0.25,0.05,0.00,0.75,0.00,0.00,0,0,,3,0.75,62,1,0.42,64,2,0.83,60,4,2,2,54,0.00,99,0,1,0.42,27,12,57,5.00,93,0,0.00,99,0,0.00,0,0,0.00,0,0.83,59,4,1.67,64,2,0.83,50.00,0,0.00,0,0,0,0.00,0,4,0.00,4,1.67,89,N/A,N/A,N/A,N/A,0.00,0,0.00,0,0.20,0.00,0,74.36,33.33,62,68,0.25,0.42,1,67,66,0,0,0,0.00,0.00,0,29,26.85,0.00,0.00,0,0,0.00,0.00,99,0.00,0,0,0,0.00,0.00,0,0.00,0.00,0.00,0.00,0,0,0.00,56,0,0,56,4,0.21,47,0.05,0.09,0.20,48,0.05,0.08,99,8,2.00,3.33,0.42,0.25,11,1,0.08,48,41,1,81,0,46,53,0,0.00,99,3,0.00,1.25,11.67,7.00,28,17,91,72,7.08,4.25,60.71,5,2.08,6,0,25.00,0,0.00,99,3,0.75,1.25,89,0,57,84,0,0,0,0,0,41,56,74,68,0,99,27,15,15,0,0,16,22,0,0
Kevin Duvan Castaño Gil,25,970210800,2000/09/29,Primera División,2026,Midfielder,River Plate,93,36,57,Colombia,5,2,3,0,0,0,0,0,0,0,0,2,1,1,1,0,1,0,0,0,0,0,0,0,0,0.97,93,19,0,0,0,-1,-1,-1,22,0,5.32,0,63,61.94,12.80,98,64,11.40,57,99,55.16,99,0.00,0.00,0.60,3,0.00,0.20,2.90,0.60,3,0.00,0.20,0.00,0.00,0.00,0.40,0.20,0.20,0.00,0.97,0.20,0.80,0.00,0.00,0.01,0.00,0.20,0.00,0.00,0,0,,1,0.20,52,0,0.00,22,1,0.97,68,2,4,1,92,0.00,99,0,2,1.94,94,1,99,0.97,49,0,0.00,99,0,0.00,0,0,0.00,0,2.90,99,4,3.87,92,1,0.97,25.00,0,0.00,0,0,0,0.00,0,1,0.00,44,0.97,46,N/A,N/A,N/A,N/A,0.00,0,0.00,0,0.06,0.00,0,89.06,0.00,22,1,0.40,1.94,2,75,21,0,0,0,0.20,0.97,1,98,26.61,0.20,0.97,1,0,0.00,0.00,99,0.00,0,0,0,0.00,0.00,0,0.00,0.00,0.00,0.00,0,0,0.00,56,0,1,56,44,0.23,88,0.05,0.22,0.06,42,0.01,0.06,85,2,0.40,1.94,3.87,0.80,99,4,0.06,42,1,33,81,0,46,39,0,0.00,99,1,0.00,0.97,19.35,4.00,20,7,87,98,6.77,1.40,35.00,1,0.97,35,0,100.00,0,0.00,99,1,0.20,0.97,83,0,75,57,0,0,0,0,0,41,56,74,68,0,99,69,15,15,0,0,16,22,0,0
Kevin Gutiérrez,20,1138608000,2006/01/30,Primera División,2026,Midfielder,Rosario Central,13,13,0,Argentina,1,1,0,0,0,0,0,0,0,0,0,0,0,0,1,1,0,0,0,0,0,0,0,0,0,6.92,13,13,0,0,0,-1,-1,-1,29,0,6.95,0,63,62.31,9.00,98,9,9.00,9,99,62.31,99,0.00,0.00,3.00,3,0.00,0.00,0.00,0.00,0,0.00,1.00,0.00,0.00,0.00,0.00,2.00,1.00,0.00,0.00,0.00,2.00,0.00,0.00,0.00,0.00,1.00,0.00,0.00,0,0,,0,0.00,8,0,0.00,22,0,0.00,9,0,1,0,5,0.00,99,0,0,0.00,10,0,28,0.00,12,0,0.00,99,0,0.00,0,0,0.00,0,20.77,99,2,13.85,99,2,13.85,100.00,0,0.00,0,0,0,0.00,0,1,0.00,0,6.92,99,N/A,N/A,N/A,N/A,0.00,0,0.00,0,0.00,0.00,0,100.00,0.00,22,99,0.00,0.00,0,99,99,0,0,0,0.00,0.00,0,29,6.95,1.00,6.92,1,0,0.00,0.00,99,0.00,0,0,0,0.00,0.00,0,0.00,0.00,0.00,0.00,0,0,0.00,56,0,0,56,0,0.11,99,0.11,0.76,0.00,9,0.00,0.00,2,0,0.00,0.00,0.00,0.00,6,0,0.00,9,80,94,81,0,46,99,0,0.00,99,1,0.00,6.92,27.69,4.00,4,3,99,99,20.77,3.00,75.00,1,6.92,0,0,0.00,0,0.00,99,0,0.00,0.00,28,0,44,16,0,0,0,0,0,41,56,74,68,0,99,1,15,15,0,0,16,43,0,0
Kevin Jappert,22,1077696000,2004/02/25,Primera División,2026,Defender,Barracas Central,533,296,237,Argentina,9,4,5,1,1,0,0,0,0,0,0,4,2,2,3,2,1,0,0,0.17,0,0.17,0.3,0,533,0.51,178,59,0,0,0,119,479,21,8,0,6.88,0,63,34.45,22.67,63,204,16.67,150,39,25.33,57,0.00,0.00,0.22,2,0.00,0.44,2.20,1.44,13,0.00,0.33,0.00,0.00,0.00,1.89,0.56,0.56,6.00,1.01,0.44,0.67,0.00,0.22,0.12,0.00,1.56,0.00,0.00,0,0,,6,0.67,54,2,0.34,58,4,0.68,53,0,4,5,76,0.00,99,0,17,2.87,99,4,95,0.68,43,0,0.00,99,0,0.00,0,0,0.00,0,0.34,28,6,1.01,44,5,0.84,83.33,0,0.00,0,0,0,0.00,0,5,0.00,91,0.84,32,N/A,N/A,N/A,N/A,0.00,0,0.00,0,1.04,0.00,0,73.53,33.33,62,59,0.33,0.51,3,68,92,0,0,0,0.11,0.17,1,49,61.95,3.33,5.07,30,1,0.00,0.17,2,0.11,0,0,0,0.00,0.00,0,0.00,0.00,0.00,0.00,0,0,16.67,88,20,17,78,91,0.38,26,0.04,0.06,1.04,70,0.12,0.18,61,7,0.78,1.18,0.68,0.44,23,4,0.18,69,69,85,81,0,46,78,0,0.00,99,14,0.00,2.36,8.95,5.89,53,39,86,39,6.59,4.33,73.58,3,0.51,62,0,50.00,0,0.00,99,2,0.22,0.34,57,18,75,16,0,0,0,0,0,65,80,74,86,0,99,78,15,15,0,0,16,14,0,0
Kevin Lomónaco,24,1010476800,2002/01/08,Primera División,2026,Defender,Independiente,1368,701,667,Argentina,17,8,9,0,0,0,1,1,0,0,0,4,3,1,20,9,11,4,0,0.07,0.07,0,0,0,0,1.32,68,80,342,1368,0.26,519,172,205,21,0,6.36,0.06,69,47.86,42.82,88,728,35.94,611,87,40.17,90,0.00,0.00,0.41,7,0.00,0.35,1.12,1.00,17,0.00,0.47,0.00,0.00,0.00,1.29,0.24,1.18,0.00,0.33,0.29,0.53,0.00,0.00,0.02,0.00,2.00,0.00,0.00,0,0,,5,0.29,18,0,0.00,22,5,0.33,26,1,1,16,28,0.00,99,0,22,1.45,81,6,79,0.39,33,0,0.00,99,0,0.00,0,0,0.00,0,0.46,35,9,0.59,29,4,0.26,44.44,0,0.00,0,0,0,0.00,0,20,0.00,15,1.31,74,N/A,N/A,N/A,N/A,0.00,0,0.00,0,0.28,0.00,0,83.93,0.00,22,65,0.41,0.46,7,30,52,0,0,0,0.29,0.33,5,70,108.09,3.53,3.94,60,1,0.00,0.07,10,0.06,0,0,0,0.00,0.00,0,0.00,0.00,0.07,0.06,1,0,0.00,56,87,94,56,15,2.07,70,0.12,0.14,0.28,20,0.02,0.02,50,15,0.88,0.99,0.66,0.59,22,10,0.02,20,14,79,81,0,51,75,0,0.00,99,34,0.00,2.24,7.95,7.12,121,68,38,26,4.47,4.00,56.20,8,0.53,60,0,33.33,0,0.00,99,2,0.12,0.13,38,93,44,41,0,0,0,0,0,46,56,74,68,0,99,21,57,58,4,24,73,26,0,0
Kevin Nicolás Retamar,27,918288000,1999/02/06,Primera División,2026,Forward,Platense,549,333,216,Argentina,12,6,6,1,0,1,2,2,0,0,0,5,2,3,10,6,4,0,0,0.49,0.33,0.16,0,0.42,549,1.64,55,46,0,275,0,131,25,-1,5,0,6.71,0.17,97,26.89,13.67,37,164,8.92,107,17,17.54,32,0.00,0.00,0.83,10,0.00,2.17,1.31,0.67,8,0.00,0.67,0.00,0.00,0.00,0.50,0.25,0.83,14.00,2.30,0.83,0.92,0.00,0.33,0.14,0.00,0.58,0.00,0.00,0,0,,14,1.17,87,4,0.66,79,10,1.64,91,3,6,6,38,0.00,99,0,6,0.98,56,26,72,4.26,88,0,0.00,99,0,0.00,0,0,0.00,0,1.64,89,11,1.80,67,3,0.49,27.27,0,0.00,0,0,0,0.00,0,10,0.00,4,1.64,89,N/A,N/A,N/A,N/A,0.00,0,0.00,0,1.66,0.00,0,65.24,28.57,50,99,0.00,0.00,0,50,22,0,0,0,0.00,0.00,0,29,80.48,0.33,0.66,4,0,0.00,0.00,99,0.00,0,0,0,0.00,0.00,0,0.00,0.00,0.16,0.08,1,0,7.14,65,22,39,79,4,1.77,96,0.15,0.29,1.66,84,0.14,0.27,23,3,0.25,0.49,0.98,0.50,42,6,0.27,83,41,20,81,0,67,49,0,0.00,99,7,0.00,1.15,8.69,4.42,53,21,15,35,3.44,1.75,39.62,8,1.31,23,0,30.77,0,0.00,99,8,0.67,1.31,92,27,88,74,0,0,0,0,0,93,78,95,68,0,99,73,15,15,0,0,16,43,0,0
Kevin Ortíz,25,969260400,2000/09/18,Primera División,2026,Midfielder,Atlético Tucumán,824,447,377,Argentina,11,5,6,0,0,0,1,1,0,0,0,4,3,1,11,3,8,2,1,0.11,0.11,0,0,0,0,1.2,75,75,412,824,0.22,470,131,-1,19,0,6.24,0.09,77,42.98,35.82,82,394,26.36,290,39,31.64,76,0.00,0.00,0.64,7,0.00,0.64,3.27,2.73,30,0.00,0.45,0.00,0.00,0.00,1.64,0.45,1.18,0.00,0.65,0.45,0.64,0.00,0.09,0.04,0.00,1.36,0.00,0.00,0,0,,6,0.55,38,1,0.11,30,5,0.55,44,1,2,9,97,0.00,99,0,18,1.96,95,7,68,0.76,46,0,0.00,99,0,0.00,0,0,0.00,0,0.76,53,7,0.76,36,5,0.55,71.43,0,0.00,0,0,0,0.00,0,13,0.00,24,1.42,80,N/A,N/A,N/A,N/A,0.00,0,0.00,0,0.45,0.00,0,73.60,16.67,31,13,1.00,1.20,11,53,88,0,0,0,0.18,0.22,2,58,68.63,1.18,1.42,13,0,0.00,0.00,99,0.00,0,0,0,0.00,0.00,0,0.00,0.00,0.00,0.00,0,0,0.00,56,47,31,56,24,1.46,76,0.13,0.16,0.45,36,0.04,0.05,80,16,1.45,1.75,1.42,1.18,67,13,0.05,36,11,47,81,0,46,64,0,0.00,99,15,0.00,1.64,11.02,9.18,101,64,90,65,6.98,5.82,63.37,5,0.55,59,0,28.57,0,0.00,99,2,0.18,0.22,49,48,57,41,0,0,0,0,0,54,56,74,68,0,99,59,67,50,1,9,32,45,0,0
Lautaro Alejo Duarte,20,1129532400,2005/10/17,Primera División,2026,Defender,Deportivo Riestra,46,0,46,Argentina,1,0,1,0,0,0,0,0,0,0,0,0,0,0,2,0,2,1,0,0,0,0,0,0,0,3.91,23,46,46,0,1.96,-1,-1,-1,7,0,6.33,0,63,13.70,7.00,2,7,4.00,4,5,7.83,1,0.00,0.00,0.00,0,0.00,0.00,1.96,1.00,1,0.00,0.00,0.00,0.00,0.00,0.00,0.00,2.00,0.00,0.00,0.00,0.00,0.00,0.00,0.00,0.00,0.00,0.00,0.00,0,0,,0,0.00,8,0,0.00,22,0,0.00,9,2,0,1,68,0.00,99,0,0,0.00,10,0,28,0.00,12,0,0.00,99,0,0.00,0,0,0.00,0,0.00,8,0,0.00,9,0,0.00,0.00,0,0.00,0,0,0,0.00,0,2,0.00,0,3.91,97,N/A,N/A,N/A,N/A,0.00,0,0.00,0,0.00,0.00,0,57.14,0.00,22,99,0.00,0.00,0,12,12,0,0,0,0.00,0.00,0,29,6.33,0.00,0.00,0,0,0.00,0.00,99,0.00,0,0,0,0.00,0.00,0,0.00,0.00,0.00,0.00,0,0,0.00,56,0,0,56,0,0.01,2,0.01,0.02,0.00,9,0.00,0.00,86,1,1.00,1.96,3.91,2.00,99,2,0.00,9,13,1,81,0,46,1,0,0.00,99,0,0.00,0.00,7.83,4.00,4,2,22,24,3.91,2.00,50.00,0,0.00,99,0,0.00,0,0.00,99,0,0.00,0.00,28,0,30,57,0,0,0,0,0,41,56,74,68,0,99,1,15,99,1,100,99,39,0,0
Lautaro Amade,26,945763200,1999/12/21,Primera División,2026,Goalkeeper,Defensa y Justicia,0,0,0,Argentina,0,0,0,0,0,0,0,0,0,0,0,0,0,0,0,0,0,0,0,0,0,0,0,0,0,0,0,0,0,0,0,-1,-1,-1,-1,N/A,N/A,N/A,N/A,N/A,N/A,N/A,N/A,N/A,N/A,N/A,N/A,N/A,N/A,N/A,N/A,N/A,N/A,N/A,N/A,N/A,N/A,N/A,N/A,N/A,N/A,N/A,N/A,N/A,N/A,N/A,N/A,N/A,N/A,N/A,N/A,N/A,N/A,N/A,N/A,N/A,N/A,N/A,N/A,N/A,N/A,N/A,N/A,N/A,N/A,N/A,N/A,N/A,N/A,N/A,N/A,N/A,N/A,N/A,N/A,N/A,N/A,N/A,N/A,N/A,N/A,N/A,N/A,N/A,N/A,N/A,N/A,N/A,N/A,N/A,N/A,N/A,N/A,N/A,N/A,N/A,N/A,N/A,N/A,N/A,N/A,N/A,N/A,N/A,N/A,N/A,N/A,N/A,N/A,N/A,N/A,N/A,N/A,N/A,N/A,N/A,N/A,N/A,N/A,N/A,N/A,N/A,N/A,N/A,N/A,N/A,N/A,N/A,N/A,N/A,N/A,N/A,N/A,N/A,N/A,N/A,N/A,N/A,N/A,N/A,N/A,N/A,N/A,N/A,N/A,N/A,N/A,N/A,N/A,N/A,N/A,N/A,N/A,N/A,N/A,N/A,N/A,N/A,N/A,N/A,N/A,N/A,N/A,N/A,N/A,N/A,N/A,N/A,N/A,N/A,N/A,N/A,N/A,N/A,N/A,N/A,N/A,N/A,N/A,N/A,N/A,N/A,N/A,N/A,N/A,N/A,N/A,N/A,N/A,N/A,N/A,N/A,N/A,N/A,N/A,N/A,N/A,N/A,N/A,N/A,N/A,N/A,N/A,N/A,N/A,N/A,N/A,N/A,N/A,N/A,N/A,N/A,N/A,N/A,N/A,N/A,N/A,N/A,N/A,N/A,N/A,N/A,N/A,N/A,N/A,N/A,N/A,N/A,N/A,N/A,N/A,N/A,N/A,N/A,N/A,N/A,N/A,N/A,N/A
Lautaro Angel Ezequiel Montenegro,21,1109404800,2005/02/26,Primera División,2026,Defender,San Lorenzo,540,270,270,Argentina,6,3,3,0,0,0,0,0,0,0,0,4,2,2,3,2,1,2,0,0,0,0,0,0,0,0.5,180,90,270,0,0.33,289,272,19,29,0,6.85,0,63,31.89,33.67,53,202,25.50,153,50,24.16,54,0.00,0.00,0.00,0,0.00,0.83,1.42,1.50,9,0.00,0.33,0.00,0.00,0.00,1.83,0.67,0.67,0.00,0.32,0.33,1.00,0.00,0.00,0.02,0.00,1.83,0.00,0.00,0,0,,2,0.33,17,0,0.00,22,2,0.32,25,0,0,6,42,0.00,99,0,11,1.74,90,5,85,0.79,46,0,0.00,99,0,0.00,0,0,0.00,0,0.00,8,6,0.95,42,4,0.63,66.67,0,0.00,0,0,0,0.00,0,4,0.00,91,0.63,12,N/A,N/A,N/A,N/A,0.00,0,0.00,0,0.10,0.00,0,75.74,0.00,22,16,1.17,1.11,7,57,87,0,0,0,0.83,0.79,5,94,41.08,4.17,3.95,25,0,0.00,0.00,99,0.00,0,0,0,0.00,0.00,0,0.00,0.00,0.00,0.00,0,0,0.00,56,21,4,56,91,0.29,18,0.05,0.05,0.10,20,0.02,0.02,30,4,0.67,0.63,1.42,1.50,67,9,0.02,20,65,80,81,0,46,67,0,0.00,99,11,0.00,1.74,8.21,8.67,52,28,37,29,4.42,4.67,53.85,2,0.32,71,0,40.00,0,0.00,99,2,0.33,0.32,56,27,30,16,0,0,0,0,0,41,56,74,68,0,99,99,45,70,2,33,92,55,0,0
Lautaro Carrera,23,1054278000,2003/05/30,Primera División,2026,Defender,Gimnasia Mendoza,369,142,227,Argentina,8,4,4,0,0,0,0,0,0,0,0,2,1,1,7,1,6,0,0,0,0,0,0,0,0,1.71,53,46,0,0,0,384,384,231,17,0,5.76,0,63,28.05,14.38,40,115,9.62,77,20,18.78,36,0.00,0.00,0.00,0,0.00,0.00,2.93,1.50,12,0.00,0.12,0.00,0.00,0.00,0.75,0.00,0.88,0.00,0.00,0.00,0.00,0.00,0.00,0.00,0.00,1.12,0.00,0.00,0,0,,0,0.00,8,0,0.00,22,0,0.00,9,0,5,3,93,0.00,99,0,6,1.46,82,0,28,0.00,12,0,0.00,99,0,0.00,0,0,0.00,0,0.00,8,0,0.00,9,0,0.00,0.00,0,0.00,0,0,0,0.00,0,7,0.00,3,1.71,90,N/A,N/A,N/A,N/A,0.00,0,0.00,0,0.00,0.00,0,66.96,0.00,22,41,0.38,0.73,3,12,12,0,0,0,0.12,0.24,1,60,46.10,4.62,9.02,37,0,0.00,0.00,99,0.00,0,0,0,0.00,0.00,0,0.00,0.00,0.00,0.00,0,0,0.00,56,2,11,56,4,0.16,11,0.02,0.04,0.00,9,0.00,0.00,49,4,0.50,0.98,0.49,0.25,14,2,0.00,9,4,99,81,0,46,75,0,0.00,99,9,0.00,2.20,9.27,4.75,38,24,73,43,5.85,3.00,63.16,1,0.24,77,0,0.00,0,0.00,99,0,0.00,0.00,28,3,82,16,0,0,0,0,0,41,56,74,68,0,99,27,15,15,0,0,16,42,0,0
Lautaro Chávez,25,979718400,2001/01/17,Primera División,2026,Midfielder,Aldosivi,0,0,0,Argentina,0,0,0,0,0,0,0,0,0,0,0,0,0,0,0,0,0,0,0,0,0,0,0,0,0,0,0,0,0,0,0,-1,-1,-1,-1,N/A,N/A,N/A,N/A,N/A,N/A,N/A,N/A,N/A,N/A,N/A,N/A,N/A,N/A,N/A,N/A,N/A,N/A,N/A,N/A,N/A,N/A,N/A,N/A,N/A,N/A,N/A,N/A,N/A,N/A,N/A,N/A,N/A,N/A,N/A,N/A,N/A,N/A,N/A,N/A,N/A,N/A,N/A,N/A,N/A,N/A,N/A,N/A,N/A,N/A,N/A,N/A,N/A,N/A,N/A,N/A,N/A,N/A,N/A,N/A,N/A,N/A,N/A,N/A,N/A,N/A,N/A,N/A,N/A,N/A,N/A,N/A,N/A,N/A,N/A,N/A,N/A,N/A,N/A,N/A,N/A,N/A,N/A,N/A,N/A,N/A,N/A,N/A,N/A,N/A,N/A,N/A,N/A,N/A,N/A,N/A,N/A,N/A,N/A,N/A,N/A,N/A,N/A,N/A,N/A,N/A,N/A,N/A,N/A,N/A,N/A,N/A,N/A,N/A,N/A,N/A,N/A,N/A,N/A,N/A,N/A,N/A,N/A,N/A,N/A,N/A,N/A,N/A,N/A,N/A,N/A,N/A,N/A,N/A,N/A,N/A,N/A,N/A,N/A,N/A,N/A,N/A,N/A,N/A,N/A,N/A,N/A,N/A,N/A,N/A,N/A,N/A,N/A,N/A,N/A,N/A,N/A,N/A,N/A,N/A,N/A,N/A,N/A,N/A,N/A,N/A,N/A,N/A,N/A,N/A,N/A,N/A,N/A,N/A,N/A,N/A,N/A,N/A,N/A,N/A,N/A,N/A,N/A,N/A,N/A,N/A,N/A,N/A,N/A,N/A,N/A,N/A,N/A,N/A,N/A,N/A,N/A,N/A,N/A,N/A,N/A,N/A,N/A,N/A,N/A,N/A,N/A,N/A,N/A,N/A,N/A,N/A,N/A,N/A,N/A,N/A,N/A,N/A,N/A,N/A,N/A,N/A,N/A,N/A
Lautaro Darío Giaccone,25,981014400,2001/02/01,Primera División,2026,Forward,Argentinos Juniors,397,325,72,Argentina,11,7,4,0,0,0,0,0,0,0,0,7,6,1,1,1,0,0,0,0,0,0,0,0,0,0.23,397,36,0,0,0,351,345,-1,13,0,6.18,0,63,35.96,15.73,67,173,11.73,129,44,26.81,63,0.00,0.00,0.73,8,0.00,1.55,1.87,0.82,9,0.00,0.09,0.00,0.00,0.00,0.73,0.91,0.09,0.00,1.66,0.45,1.55,0.00,0.27,0.06,0.00,0.09,0.00,0.00,0,0,,8,0.73,72,3,0.62,77,5,1.04,71,2,8,3,65,0.00,99,0,8,1.66,88,17,39,3.53,81,0,0.00,99,0,0.00,0,0,0.00,0,1.66,90,17,3.53,90,10,2.08,58.82,0,0.00,0,0,0,0.00,0,1,0.00,99,0.21,0,N/A,N/A,N/A,N/A,0.00,0,0.00,0,0.61,0.00,0,74.57,37.50,68,33,0.36,0.83,4,96,76,0,0,0,0.00,0.00,0,29,68.01,0.36,0.83,4,0,0.00,0.00,99,0.00,0,0,1,0.09,0.21,0,0.00,0.00,0.21,0.09,1,1,0.00,56,4,31,56,99,0.60,63,0.05,0.12,0.61,62,0.06,0.13,55,5,0.45,1.04,0.42,0.18,11,2,0.13,60,10,28,97,0,73,7,0,0.00,99,1,0.00,0.21,9.15,4.00,44,25,59,41,5.20,2.27,56.82,1,0.21,78,0,17.65,0,0.00,99,3,0.27,0.62,71,3,95,57,0,0,0,0,0,41,56,74,68,0,99,98,15,15,0,0,16,7,0,0
Lautaro Di Lollo,22,1078905600,2004/03/10,Primera División,2026,Defender,Boca Juniors,1170,720,450,Argentina,13,8,5,1,1,0,0,0,0,0,0,7,5,2,8,3,5,3,0,0.08,0,0.08,0.13,0,1170,0.62,146,90,390,0,0.23,207,232,39,8,0,7.09,0,63,63.98,65.62,98,853,55.38,720,89,54.00,98,0.00,0.00,0.08,1,0.00,0.08,2.33,2.38,31,0.00,0.31,0.00,0.00,0.00,0.92,0.15,0.77,16.00,1.20,0.85,0.15,0.00,0.38,0.13,0.00,4.69,0.00,0.00,0,0,,16,1.23,59,5,0.38,60,11,0.82,60,0,0,13,80,0.00,99,0,12,0.90,52,1,28,0.08,17,0,0.00,99,0,0.00,0,0,0.00,0,0.08,11,2,0.15,13,2,0.15,100.00,0,0.00,0,0,0,0.00,0,10,0.00,83,0.75,22,N/A,N/A,N/A,N/A,0.00,0,0.00,0,1.66,0.00,0,84.41,31.25,55,39,0.77,0.75,10,20,99,0,0,0,0.77,0.75,10,92,92.16,5.62,5.48,73,2,0.00,0.15,2,0.15,0,0,0,0.00,0.00,0,0.00,0.00,0.00,0.00,0,0,6.25,62,73,49,94,83,1.74,66,0.13,0.13,1.66,58,0.13,0.12,21,6,0.46,0.45,0.60,0.62,19,8,0.12,57,92,88,81,0,46,97,0,0.00,99,61,0.00,4.58,10.42,10.69,139,99,94,57,7.43,7.62,71.22,4,0.30,73,0,0.00,0,0.00,99,0,0.00,0.00,28,71,30,16,0,0,0,0,0,48,63,74,71,0,99,92,64,52,3,23,72,2,0,0
Lautaro Emanuel Blanco,27,919411200,1999/02/19,Primera División,2026,Defender,Boca Juniors,1180,720,460,Argentina,14,8,6,1,1,0,1,1,0,0,0,8,5,3,8,3,5,0,0,0.15,0.08,0.08,0.13,0,1180,0.61,148,84,0,1180,0,202,160,37,9,0,7.08,0.07,71,39.05,37.50,73,525,29.14,408,60,30.35,74,0.00,0.00,1.57,22,0.00,8.14,3.05,2.93,41,0.00,0.57,0.00,0.00,0.00,0.71,1.07,0.71,6.00,0.45,0.29,2.36,0.00,0.14,0.07,0.00,0.29,0.00,0.00,0,0,,6,0.43,25,2,0.15,36,4,0.30,24,0,1,13,94,0.00,99,0,10,0.74,45,114,54,8.48,99,0,0.00,99,0,0.00,0,0,0.00,0,1.64,89,33,2.45,78,15,1.12,45.45,0,0.00,0,0,0,0.00,0,10,0.00,83,0.74,21,N/A,N/A,N/A,N/A,0.00,0,0.00,0,1.04,0.00,0,77.71,33.33,62,24,0.93,0.97,13,81,53,0,0,0,0.14,0.15,2,45,99.13,2.50,2.60,35,0,0.00,0.00,99,0.00,0,0,0,0.00,0.00,0,0.00,0.00,0.07,0.07,1,0,16.67,88,74,61,95,83,2.49,83,0.18,0.19,1.04,48,0.07,0.08,12,4,0.29,0.30,0.74,0.71,27,10,0.08,48,91,69,81,0,51,10,0,0.00,99,4,0.00,0.30,8.78,8.43,118,63,44,37,4.69,4.50,53.39,8,0.60,55,0,24.56,0,0.00,99,28,2.00,2.08,98,71,44,16,0,0,0,0,0,60,63,74,71,0,99,96,15,15,0,0,16,3,0,0
Lautaro Fabián Ortiz,18,1200470400,2008/01/16,Primera División,2026,Midfielder,Talleres Córdoba,0,0,0,Argentina,0,0,0,0,0,0,0,0,0,0,0,0,0,0,0,0,0,0,0,0,0,0,0,0,0,0,0,0,0,0,0,-1,-1,-1,-1,N/A,N/A,N/A,N/A,N/A,N/A,N/A,N/A,N/A,N/A,N/A,N/A,N/A,N/A,N/A,N/A,N/A,N/A,N/A,N/A,N/A,N/A,N/A,N/A,N/A,N/A,N/A,N/A,N/A,N/A,N/A,N/A,N/A,N/A,N/A,N/A,N/A,N/A,N/A,N/A,N/A,N/A,N/A,N/A,N/A,N/A,N/A,N/A,N/A,N/A,N/A,N/A,N/A,N/A,N/A,N/A,N/A,N/A,N/A,N/A,N/A,N/A,N/A,N/A,N/A,N/A,N/A,N/A,N/A,N/A,N/A,N/A,N/A,N/A,N/A,N/A,N/A,N/A,N/A,N/A,N/A,N/A,N/A,N/A,N/A,N/A,N/A,N/A,N/A,N/A,N/A,N/A,N/A,N/A,N/A,N/A,N/A,N/A,N/A,N/A,N/A,N/A,N/A,N/A,N/A,N/A,N/A,N/A,N/A,N/A,N/A,N/A,N/A,N/A,N/A,N/A,N/A,N/A,N/A,N/A,N/A,N/A,N/A,N/A,N/A,N/A,N/A,N/A,N/A,N/A,N/A,N/A,N/A,N/A,N/A,N/A,N/A,N/A,N/A,N/A,N/A,N/A,N/A,N/A,N/A,N/A,N/A,N/A,N/A,N/A,N/A,N/A,N/A,N/A,N/A,N/A,N/A,N/A,N/A,N/A,N/A,N/A,N/A,N/A,N/A,N/A,N/A,N/A,N/A,N/A,N/A,N/A,N/A,N/A,N/A,N/A,N/A,N/A,N/A,N/A,N/A,N/A,N/A,N/A,N/A,N/A,N/A,N/A,N/A,N/A,N/A,N/A,N/A,N/A,N/A,N/A,N/A,N/A,N/A,N/A,N/A,N/A,N/A,N/A,N/A,N/A,N/A,N/A,N/A,N/A,N/A,N/A,N/A,N/A,N/A,N/A,N/A,N/A,N/A,N/A,N/A,N/A,N/A,N/A
Lautaro Godoy,23,1047715200,2003/03/15,Primera División,2026,Midfielder,Atlético Tucumán,437,142,295,Argentina,13,5,8,0,0,0,0,0,0,0,0,4,3,1,6,2,4,3,1,0,0,0,0,0,0,1.24,73,34,146,0,0.62,460,456,-1,14,0,5.09,0,63,39.63,14.77,76,192,11.23,146,51,30.14,73,0.00,0.00,0.46,6,0.00,1.77,4.13,1.54,20,0.00,1.31,0.00,0.00,0.00,0.62,1.15,0.62,0.00,3.10,0.77,2.62,0.00,0.38,0.09,0.00,0.08,0.00,0.00,0,0,,15,1.15,97,5,1.03,91,10,2.06,97,3,10,3,99,0.00,99,0,8,1.65,88,23,48,4.75,91,0,0.00,99,0,0.00,0,0,0.00,0,1.24,76,34,7.02,99,15,3.10,44.12,0,0.00,0,0,0,0.00,0,8,0.00,19,1.65,89,N/A,N/A,N/A,N/A,0.00,0,0.00,0,1.16,0.00,0,76.04,33.33,62,20,0.38,1.03,5,99,50,0,0,0,0.08,0.21,1,56,66.15,0.31,0.83,4,0,0.00,0.00,99,0.00,0,0,2,0.15,0.41,0,0.00,0.00,0.00,0.00,0,0,0.00,56,8,49,56,20,0.63,66,0.05,0.13,1.16,80,0.09,0.24,28,3,0.23,0.62,2.89,1.08,98,14,0.24,78,1,28,99,0,46,7,0,0.00,99,1,0.00,0.21,19.20,7.15,93,39,96,98,8.05,3.00,41.94,17,3.51,0,0,21.74,0,0.00,99,5,0.38,1.03,84,3,98,74,0,0,0,0,0,41,56,74,68,0,99,47,20,96,2,15,50,31,0,0
Lautaro Herrera,21,1120633200,2005/07/06,Primera División,2026,Goalkeeper,Estudiantes Río Cuarto,0,0,0,Argentina,0,0,0,0,0,0,0,0,0,0,0,0,0,0,0,0,0,0,0,0,0,0,0,0,0,0,0,0,0,0,0,-1,-1,-1,-1,N/A,N/A,N/A,N/A,N/A,N/A,N/A,N/A,N/A,N/A,N/A,N/A,N/A,N/A,N/A,N/A,N/A,N/A,N/A,N/A,N/A,N/A,N/A,N/A,N/A,N/A,N/A,N/A,N/A,N/A,N/A,N/A,N/A,N/A,N/A,N/A,N/A,N/A,N/A,N/A,N/A,N/A,N/A,N/A,N/A,N/A,N/A,N/A,N/A,N/A,N/A,N/A,N/A,N/A,N/A,N/A,N/A,N/A,N/A,N/A,N/A,N/A,N/A,N/A,N/A,N/A,N/A,N/A,N/A,N/A,N/A,N/A,N/A,N/A,N/A,N/A,N/A,N/A,N/A,N/A,N/A,N/A,N/A,N/A,N/A,N/A,N/A,N/A,N/A,N/A,N/A,N/A,N/A,N/A,N/A,N/A,N/A,N/A,N/A,N/A,N/A,N/A,N/A,N/A,N/A,N/A,N/A,N/A,N/A,N/A,N/A,N/A,N/A,N/A,N/A,N/A,N/A,N/A,N/A,N/A,N/A,N/A,N/A,N/A,N/A,N/A,N/A,N/A,N/A,N/A,N/A,N/A,N/A,N/A,N/A,N/A,N/A,N/A,N/A,N/A,N/A,N/A,N/A,N/A,N/A,N/A,N/A,N/A,N/A,N/A,N/A,N/A,N/A,N/A,N/A,N/A,N/A,N/A,N/A,N/A,N/A,N/A,N/A,N/A,N/A,N/A,N/A,N/A,N/A,N/A,N/A,N/A,N/A,N/A,N/A,N/A,N/A,N/A,N/A,N/A,N/A,N/A,N/A,N/A,N/A,N/A,N/A,N/A,N/A,N/A,N/A,N/A,N/A,N/A,N/A,N/A,N/A,N/A,N/A,N/A,N/A,N/A,N/A,N/A,N/A,N/A,N/A,N/A,N/A,N/A,N/A,N/A,N/A,N/A,N/A,N/A,N/A,N/A,N/A,N/A,N/A,N/A,N/A,N/A
Lautaro Ismael Gutierrez,20,1139126400,2006/02/05,Primera División,2026,Forward,Belgrano,417,296,121,Argentina,14,7,7,2,1,1,0,0,0,0,0,7,4,3,3,2,1,0,0,0.43,0,0.43,0.3,0.74,209,0.65,139,30,0,0,0,24,226,-1,5,0,5.81,0,63,21.29,7.90,17,79,5.60,56,30,15.09,21,0.00,0.00,0.30,3,0.00,0.50,0.54,0.20,2,0.00,1.10,0.00,0.00,0.00,0.00,0.50,0.30,0.00,1.62,0.40,1.10,0.00,0.20,0.05,0.00,0.70,0.00,0.00,0,0,,6,0.60,70,2,0.54,73,4,1.08,71,4,12,2,12,0.00,99,0,0,0.00,10,5,45,1.35,55,0,0.00,99,0,0.00,0,0,0.00,0,0.81,57,11,2.96,84,5,1.35,45.45,0,0.00,0,0,0,0.00,0,3,0.00,79,0.81,28,N/A,N/A,N/A,N/A,0.00,0,0.00,0,0.48,0.00,0,70.89,33.33,62,34,0.30,0.81,3,86,53,0,0,0,0.00,0.00,0,29,58.13,0.60,1.62,6,0,0.00,0.00,99,0.00,0,0,0,0.00,0.00,0,0.00,0.00,0.27,0.10,1,0,0.00,56,7,61,61,79,0.25,36,0.03,0.07,0.48,62,0.05,0.13,40,3,0.30,0.81,1.08,0.40,49,4,0.13,60,4,52,81,0,78,69,0,0.00,99,7,0.00,1.89,16.98,6.30,63,17,42,96,4.58,1.70,26.98,11,2.96,1,0,20.00,0,0.00,99,1,0.10,0.27,53,0,99,84,0,0,0,0,0,90,96,99,86,0,99,88,15,15,0,0,16,37,0,0
Lautaro Iván Mora,20,1140854400,2006/02/25,Primera División,2026,Midfielder,Huracán,47,20,27,Argentina,5,3,2,0,0,0,0,0,0,0,0,3,2,1,0,0,0,1,0,0,0,0,0,0,0,0,0,9,47,0,1.91,-1,-1,-1,13,0,6.56,0,63,26.81,2.80,36,14,1.80,9,14,17.23,30,0.00,0.00,0.20,1,0.00,0.00,0.00,0.00,0,0.00,0.20,0.00,0.00,0.00,0.20,0.60,0.00,0.00,1.91,0.20,0.60,0.00,0.00,0.01,0.00,0.80,0.00,0.00,0,0,,1,0.20,77,0,0.00,22,1,1.91,96,0,5,0,5,0.00,99,0,1,1.91,93,0,28,0.00,12,0,0.00,99,0,0.00,0,0,0.00,0,1.91,94,3,5.74,98,3,5.74,100.00,0,0.00,0,0,0,0.00,0,0,0.00,99,0.00,0,N/A,N/A,N/A,N/A,0.00,0,0.00,0,0.05,0.00,0,64.29,0.00,22,99,0.00,0.00,0,99,99,0,0,0,0.00,0.00,0,29,32.79,0.20,1.91,1,0,0.00,0.00,99,0.00,0,0,0,0.00,0.00,0,0.00,0.00,0.00,0.00,0,0,0.00,56,0,1,56,0,0.06,59,0.01,0.11,0.05,54,0.01,0.10,2,0,0.00,0.00,3.83,0.40,99,2,0.10,53,22,58,81,0,46,99,0,0.00,99,4,0.00,7.66,19.15,2.00,10,6,99,98,11.49,1.20,60.00,1,1.91,8,0,0.00,0,0.00,99,0,0.00,0.00,28,0,82,16,0,0,0,0,0,41,56,74,68,0,99,97,15,99,1,20,65,41,0,0
Lautaro Javier Monza,21,1090738800,2004/07/25,Primera División,2026,Goalkeeper,Sarmiento,0,0,0,Argentina,0,0,0,0,0,0,0,0,0,0,0,0,0,0,0,0,0,0,0,0,0,0,0,0,0,0,0,0,0,0,0,-1,-1,-1,-1,N/A,N/A,N/A,N/A,N/A,N/A,N/A,N/A,N/A,N/A,N/A,N/A,N/A,N/A,N/A,N/A,N/A,N/A,N/A,N/A,N/A,N/A,N/A,N/A,N/A,N/A,N/A,N/A,N/A,N/A,N/A,N/A,N/A,N/A,N/A,N/A,N/A,N/A,N/A,N/A,N/A,N/A,N/A,N/A,N/A,N/A,N/A,N/A,N/A,N/A,N/A,N/A,N/A,N/A,N/A,N/A,N/A,N/A,N/A,N/A,N/A,N/A,N/A,N/A,N/A,N/A,N/A,N/A,N/A,N/A,N/A,N/A,N/A,N/A,N/A,N/A,N/A,N/A,N/A,N/A,N/A,N/A,N/A,N/A,N/A,N/A,N/A,N/A,N/A,N/A,N/A,N/A,N/A,N/A,N/A,N/A,N/A,N/A,N/A,N/A,N/A,N/A,N/A,N/A,N/A,N/A,N/A,N/A,N/A,N/A,N/A,N/A,N/A,N/A,N/A,N/A,N/A,N/A,N/A,N/A,N/A,N/A,N/A,N/A,N/A,N/A,N/A,N/A,N/A,N/A,N/A,N/A,N/A,N/A,N/A,N/A,N/A,N/A,N/A,N/A,N/A,N/A,N/A,N/A,N/A,N/A,N/A,N/A,N/A,N/A,N/A,N/A,N/A,N/A,N/A,N/A,N/A,N/A,N/A,N/A,N/A,N/A,N/A,N/A,N/A,N/A,N/A,N/A,N/A,N/A,N/A,N/A,N/A,N/A,N/A,N/A,N/A,N/A,N/A,N/A,N/A,N/A,N/A,N/A,N/A,N/A,N/A,N/A,N/A,N/A,N/A,N/A,N/A,N/A,N/A,N/A,N/A,N/A,N/A,N/A,N/A,N/A,N/A,N/A,N/A,N/A,N/A,N/A,N/A,N/A,N/A,N/A,N/A,N/A,N/A,N/A,N/A,N/A,N/A,N/A,N/A,N/A,N/A,N/A
Lautaro Leonel Petruchi,27,904633200,1998/09/01,Primera División,2026,Goalkeeper,Gimnasia Mendoza,180,90,90,Argentina,2,1,1,0,0,0,0,0,0,0,0,0,0,0,2,1,1,1,0,0,0,0,0,0,0,1,90,90,180,0,0.5,-1,-1,-1,10,0,6.53,0,63,32.00,32.00,54,64,8.50,17,0,8.50,1,0.00,0.00,0.00,0,0.00,0.00,0.00,0.00,0,0.00,0.00,0.00,0.00,3.00,0.00,0.00,4.00,0.00,0.00,0.00,0.00,0.00,0.00,0.00,0.00,0.00,0.00,0.00,0,0,,0,0.00,8,0,0.00,22,0,0.00,9,0,0,2,5,0.00,99,0,0,0.00,10,0,28,0.00,12,0,0.00,99,0,0.00,0,0,0.00,0,0.00,8,0,0.00,9,0,0.00,0.00,0,0.00,0,6,61,3.00,69,8,0.00,41,4.00,97,N/A,N/A,N/A,N/A,75.00,0,0.00,0,0.00,0.00,0,26.56,0.00,22,99,0.00,0.00,0,12,12,0,0,3,0.00,0.00,0,29,13.06,1.00,1.00,2,0,0.00,0.00,99,0.00,0,0,0,0.00,0.00,1,0.50,0.50,0.00,0.00,0,0,0.00,56,0,0,56,41,0.03,0,0.01,0.01,0.00,9,0.00,0.00,24,1,0.50,0.50,0.00,0.00,6,0,0.00,9,19,35,81,66,46,1,0,0.00,99,0,0.00,0.00,0.50,0.50,1,1,4,3,0.50,0.50,100.00,0,0.00,99,0,0.00,0,0.00,99,0,0.00,0.00,28,0,30,16,0,0,0,0,0,41,56,74,68,0,99,1,26,90,1,50,99,31,0,0
Lautaro Maldonado,24,1007539200,2001/12/05,Primera División,2026,Goalkeeper,Instituto,0,0,0,Argentina,0,0,0,0,0,0,0,0,0,0,0,0,0,0,0,0,0,0,0,0,0,0,0,0,0,0,0,0,0,0,0,-1,-1,-1,-1,N/A,N/A,N/A,N/A,N/A,N/A,N/A,N/A,N/A,N/A,N/A,N/A,N/A,N/A,N/A,N/A,N/A,N/A,N/A,N/A,N/A,N/A,N/A,N/A,N/A,N/A,N/A,N/A,N/A,N/A,N/A,N/A,N/A,N/A,N/A,N/A,N/A,N/A,N/A,N/A,N/A,N/A,N/A,N/A,N/A,N/A,N/A,N/A,N/A,N/A,N/A,N/A,N/A,N/A,N/A,N/A,N/A,N/A,N/A,N/A,N/A,N/A,N/A,N/A,N/A,N/A,N/A,N/A,N/A,N/A,N/A,N/A,N/A,N/A,N/A,N/A,N/A,N/A,N/A,N/A,N/A,N/A,N/A,N/A,N/A,N/A,N/A,N/A,N/A,N/A,N/A,N/A,N/A,N/A,N/A,N/A,N/A,N/A,N/A,N/A,N/A,N/A,N/A,N/A,N/A,N/A,N/A,N/A,N/A,N/A,N/A,N/A,N/A,N/A,N/A,N/A,N/A,N/A,N/A,N/A,N/A,N/A,N/A,N/A,N/A,N/A,N/A,N/A,N/A,N/A,N/A,N/A,N/A,N/A,N/A,N/A,N/A,N/A,N/A,N/A,N/A,N/A,N/A,N/A,N/A,N/A,N/A,N/A,N/A,N/A,N/A,N/A,N/A,N/A,N/A,N/A,N/A,N/A,N/A,N/A,N/A,N/A,N/A,N/A,N/A,N/A,N/A,N/A,N/A,N/A,N/A,N/A,N/A,N/A,N/A,N/A,N/A,N/A,N/A,N/A,N/A,N/A,N/A,N/A,N/A,N/A,N/A,N/A,N/A,N/A,N/A,N/A,N/A,N/A,N/A,N/A,N/A,N/A,N/A,N/A,N/A,N/A,N/A,N/A,N/A,N/A,N/A,N/A,N/A,N/A,N/A,N/A,N/A,N/A,N/A,N/A,N/A,N/A,N/A,N/A,N/A,N/A,N/A,N/A
Lautaro Martín Gómez,22,1060326000,2003/08/08,Primera División,2026,Midfielder,Banfield,692,462,230,Argentina,16,8,8,3,3,0,0,0,0,0,0,4,4,0,9,5,4,2,0,0.39,0,0.39,0.58,0,231,1.17,77,43,346,0,0.26,33,451,-1,3,0,6.27,0,63,19.61,9.44,10,151,6.25,100,18,12.99,12,0.00,0.00,0.56,9,0.00,1.06,2.99,1.44,23,0.00,1.12,0.00,0.00,0.00,0.31,0.62,0.62,3.33,1.30,0.38,1.88,0.00,0.25,0.16,0.00,0.06,0.00,0.00,0,0,,10,0.62,64,4,0.52,71,6,0.78,57,1,8,8,93,0.00,99,0,5,0.65,40,17,52,2.21,65,0,0.00,99,0,0.00,0,0,0.00,0,1.17,73,30,3.90,92,10,1.30,33.33,0,0.00,0,0,0,0.00,0,10,0.00,27,1.30,73,N/A,N/A,N/A,N/A,0.00,0,0.00,0,2.56,0.00,0,66.23,40.00,74,3,0.81,1.69,13,85,32,0,0,0,0.00,0.00,0,29,100.38,0.12,0.26,2,0,0.00,0.00,99,0.00,0,0,0,0.00,0.00,0,0.00,0.00,0.00,0.00,0,0,30.00,97,35,88,63,27,0.53,36,0.03,0.07,2.56,89,0.16,0.33,94,19,1.19,2.47,1.04,0.50,46,8,0.33,88,12,7,81,0,46,3,0,0.00,99,1,0.00,0.13,15.58,7.50,120,53,89,93,6.88,3.31,44.17,18,2.34,4,0,23.53,0,0.00,99,4,0.25,0.52,67,40,95,41,0,1,0,6,0,87,94,74,96,0,99,27,58,58,2,12,41,10,0,0
Lautaro Nicolás Ríos,25,971074800,2000/10/09,Primera División,2026,Midfielder,Banfield,299,134,165,Argentina,5,2,3,0,0,0,0,0,0,0,0,1,1,0,4,1,3,1,0,0,0,0,0,0,0,1.2,75,60,299,0,0.3,411,427,-1,25,0,6.60,0,63,27.09,18.00,38,90,13.60,68,49,20.47,41,0.00,0.00,0.20,1,0.00,0.20,1.51,1.00,5,0.00,0.40,0.00,0.00,0.00,1.40,0.20,0.80,0.00,1.20,0.40,0.60,0.00,0.40,0.06,0.00,1.00,0.00,0.00,0,0,,4,0.80,59,2,0.60,76,2,0.60,49,1,3,2,48,0.00,99,0,7,2.11,97,1,28,0.30,29,0,0.00,99,0,0.00,0,0,0.00,0,0.30,26,3,0.90,41,1,0.30,33.33,0,0.00,0,0,0,0.00,0,4,0.00,24,1.20,66,N/A,N/A,N/A,N/A,0.00,0,0.00,0,0.32,0.00,0,75.56,50.00,91,28,0.60,0.90,3,33,32,0,0,0,0.20,0.30,1,66,33.01,0.60,0.90,3,0,0.00,0.00,99,0.00,0,0,0,0.00,0.00,0,0.00,0.00,0.00,0.00,0,0,0.00,56,0,1,56,24,0.16,18,0.03,0.05,0.32,54,0.06,0.10,93,8,1.60,2.41,3.01,2.00,98,10,0.10,53,26,31,81,0,46,61,0,0.00,99,5,0.00,1.51,12.64,8.40,42,18,64,80,5.42,3.60,42.86,2,0.60,55,0,0.00,0,0.00,99,0,0.00,0.00,28,0,66,41,0,0,0,0,0,41,56,74,68,0,99,15,51,65,1,20,65,8,0,0
Lautaro Ruben Rivero Cruz,22,1067673600,2003/11/01,Primera División,2026,Defender,River Plate,1598,1078,520,Argentina,18,12,6,1,1,0,0,0,0,0,0,8,5,3,15,12,3,6,0,0.06,0,0.06,0.08,0,1598,0.84,107,89,266,0,0.34,226,494,100,13,0,6.99,0,63,60.20,60.50,97,1089,52.22,940,95,51.97,97,0.00,0.00,0.22,4,0.00,0.11,1.55,1.56,28,0.00,0.17,0.00,0.00,0.00,1.22,0.22,0.89,14.00,0.77,0.56,0.28,0.00,0.22,0.09,0.00,2.44,0.00,0.00,0,0,,14,0.78,43,4,0.22,46,10,0.55,44,3,0,18,49,0.00,99,0,22,1.22,68,2,95,0.11,19,0,0.00,99,0,0.00,0,0,0.00,0,0.22,21,5,0.28,19,4,0.22,80.00,0,0.00,0,0,0,0.00,0,16,0.00,58,0.88,37,N/A,N/A,N/A,N/A,0.00,0,0.00,0,1.66,0.00,0,86.32,28.57,50,61,0.50,0.50,9,26,91,0,0,0,0.56,0.55,10,85,125.79,4.33,4.31,78,2,0.00,0.11,5,0.11,0,0,0,0.00,0.00,0,0.00,0.00,0.00,0.00,0,0,7.14,65,98,98,99,57,2.04,59,0.11,0.11,1.66,52,0.09,0.09,58,20,1.11,1.11,0.88,0.89,36,16,0.09,51,84,82,81,0,46,79,0,0.00,99,44,0.00,2.43,7.68,7.72,139,93,56,22,5.14,5.17,66.91,3,0.17,81,0,50.00,0,0.00,99,1,0.06,0.06,29,98,30,74,0,0,0,0,0,43,59,74,68,0,99,78,44,72,6,33,92,13,0,0
Lautaro Thomas Rios,19,1158908400,2006/09/22,Primera División,2026,Forward,Newell's Old Boys,0,0,0,Argentina,0,0,0,0,0,0,0,0,0,0,0,0,0,0,0,0,0,0,0,0,0,0,0,0,0,0,0,0,0,0,0,-1,-1,-1,-1,N/A,N/A,N/A,N/A,N/A,N/A,N/A,N/A,N/A,N/A,N/A,N/A,N/A,N/A,N/A,N/A,N/A,N/A,N/A,N/A,N/A,N/A,N/A,N/A,N/A,N/A,N/A,N/A,N/A,N/A,N/A,N/A,N/A,N/A,N/A,N/A,N/A,N/A,N/A,N/A,N/A,N/A,N/A,N/A,N/A,N/A,N/A,N/A,N/A,N/A,N/A,N/A,N/A,N/A,N/A,N/A,N/A,N/A,N/A,N/A,N/A,N/A,N/A,N/A,N/A,N/A,N/A,N/A,N/A,N/A,N/A,N/A,N/A,N/A,N/A,N/A,N/A,N/A,N/A,N/A,N/A,N/A,N/A,N/A,N/A,N/A,N/A,N/A,N/A,N/A,N/A,N/A,N/A,N/A,N/A,N/A,N/A,N/A,N/A,N/A,N/A,N/A,N/A,N/A,N/A,N/A,N/A,N/A,N/A,N/A,N/A,N/A,N/A,N/A,N/A,N/A,N/A,N/A,N/A,N/A,N/A,N/A,N/A,N/A,N/A,N/A,N/A,N/A,N/A,N/A,N/A,N/A,N/A,N/A,N/A,N/A,N/A,N/A,N/A,N/A,N/A,N/A,N/A,N/A,N/A,N/A,N/A,N/A,N/A,N/A,N/A,N/A,N/A,N/A,N/A,N/A,N/A,N/A,N/A,N/A,N/A,N/A,N/A,N/A,N/A,N/A,N/A,N/A,N/A,N/A,N/A,N/A,N/A,N/A,N/A,N/A,N/A,N/A,N/A,N/A,N/A,N/A,N/A,N/A,N/A,N/A,N/A,N/A,N/A,N/A,N/A,N/A,N/A,N/A,N/A,N/A,N/A,N/A,N/A,N/A,N/A,N/A,N/A,N/A,N/A,N/A,N/A,N/A,N/A,N/A,N/A,N/A,N/A,N/A,N/A,N/A,N/A,N/A,N/A,N/A,N/A,N/A,N/A,N/A
Lautaro Valentín Vargas,21,1107244800,2005/02/01,Primera División,2026,Defender,Unión Santa Fe,1481,696,785,Argentina,17,8,9,0,0,0,2,1,1,0,0,5,5,0,18,5,13,8,0,0.12,0.12,0,0,0,0,1.09,82,87,185,741,0.49,445,119,158,22,0,6.80,0.12,79,34.70,33.59,64,571,26.12,444,60,26.98,63,0.00,0.00,1.12,19,0.00,4.82,2.07,2.00,34,0.00,0.47,0.00,0.00,0.00,1.06,1.12,1.18,0.00,0.36,0.24,2.59,0.00,0.12,0.03,0.00,0.53,0.00,0.00,0,0,,6,0.35,20,2,0.12,33,4,0.24,19,2,0,17,71,0.00,99,0,18,1.09,63,82,71,4.98,93,0,0.00,99,0,0.00,0,0,0.00,0,1.15,72,44,2.67,80,19,1.15,43.18,0,0.00,0,0,0,0.00,0,20,0.00,34,1.22,67,N/A,N/A,N/A,N/A,0.00,0,0.00,0,0.54,0.00,0,77.76,33.33,62,8,1.29,1.34,22,82,48,0,0,0,0.29,0.30,5,66,115.61,1.94,2.01,33,0,0.00,0.00,99,0.00,0,0,1,0.06,0.06,0,0.00,0.00,0.06,0.06,1,1,0.00,56,94,94,56,34,2.78,80,0.16,0.17,0.54,26,0.03,0.03,28,10,0.59,0.61,0.79,0.76,30,13,0.03,26,55,60,82,0,48,23,0,0.00,99,9,0.00,0.55,8.75,8.47,144,70,33,36,4.25,4.12,48.61,8,0.49,63,0,30.49,0,0.00,99,25,1.47,1.52,95,95,30,57,0,0,0,0,0,55,56,74,68,0,99,39,27,89,8,47,98,35,0,0
Lautaro Villegas,22,1072771200,2003/12/30,Primera División,2026,Midfielder,Banfield,733,318,415,Argentina,14,7,7,0,0,0,0,0,0,0,0,4,4,0,13,4,9,3,0,0,0,0,0,0,0,1.6,56,52,244,0,0.37,446,450,-1,16,0,6.62,0,63,32.66,19.00,57,266,14.36,201,49,24.68,55,0.00,0.00,0.50,7,0.00,0.43,3.19,1.86,26,0.00,0.79,0.00,0.00,0.00,0.36,0.50,1.00,0.00,0.37,0.21,0.57,0.00,0.00,0.01,0.00,0.57,0.00,0.00,0,0,,3,0.21,21,0,0.00,22,3,0.37,31,6,5,9,96,0.00,99,0,5,0.61,37,6,95,0.74,45,0,0.00,99,0,0.00,0,0,0.00,0,0.86,60,8,0.98,44,7,0.86,87.50,0,0.00,0,0,0,0.00,0,14,0.00,4,1.72,90,N/A,N/A,N/A,N/A,0.00,0,0.00,0,0.16,0.00,0,75.56,0.00,22,16,0.64,1.11,9,69,93,0,0,0,0.07,0.12,1,41,92.66,1.00,1.72,14,0,0.00,0.00,99,0.00,0,0,0,0.00,0.00,0,0.00,0.00,0.00,0.00,0,0,0.00,56,40,61,56,4,0.73,47,0.05,0.09,0.16,20,0.01,0.02,42,7,0.50,0.86,1.23,0.71,57,10,0.02,20,29,55,81,0,46,40,0,0.00,99,8,0.00,0.98,9.82,5.71,80,43,61,50,5.28,3.07,53.75,11,1.35,21,0,50.00,0,0.00,99,3,0.21,0.37,59,48,82,96,0,0,0,0,0,41,56,74,68,0,99,39,39,77,3,21,68,21,0,0
Leandro Brey,23,1032591600,2002/09/21,Primera División,2026,Goalkeeper,Boca Juniors,458,98,360,Argentina,6,2,4,0,0,0,0,0,0,0,0,4,1,3,2,1,1,0,0,0,0,0,0,0,0,0.39,229,76,0,0,0,255,218,7,23,0,6.71,0,63,28.40,25.67,41,154,13.50,81,3,14.94,21,0.00,0.00,0.00,0,0.00,0.00,0.00,0.00,0,0.00,0.00,0.00,0.00,1.67,0.00,0.00,2.33,0.00,0.00,0.00,0.00,0.00,0.00,0.00,0.00,0.33,0.00,0.00,0,0,,0,0.00,8,0,0.00,22,0,0.00,9,0,1,5,5,0.00,99,0,0,0.00,10,0,28,0.00,12,0,0.00,99,0,0.00,0,0,0.00,0,0.00,8,0,0.00,9,0,0.00,0.00,0,0.00,0,10,39,1.84,3,14,0.00,97,2.58,93,N/A,N/A,N/A,N/A,71.43,0,0.00,0,0.00,0.00,0,52.60,0.00,22,99,0.00,0.00,0,12,12,0,0,6,0.00,0.00,0,29,40.29,1.17,1.29,7,0,0.00,0.00,99,0.00,0,0,0,0.00,0.00,5,0.83,0.92,0.00,0.00,0,0,0.00,56,12,4,56,96,0.20,11,0.03,0.04,0.00,9,0.00,0.00,2,0,0.00,0.00,0.00,0.00,6,0,0.00,9,41,42,81,91,46,12,0,0.00,99,2,0.00,0.37,0.37,0.33,2,2,2,1,0.37,0.33,100.00,0,0.00,99,0,0.00,0,0.00,99,0,0.00,0.00,28,18,44,16,0,0,0,0,0,41,56,74,68,0,99,99,15,15,0,0,16,12,0,0
Leandro González Pírez,34,699091200,1992/02/26,Primera División,2026,Defender,Estudiantes,1194,647,547,Argentina,15,8,7,1,1,0,0,0,0,0,0,8,4,4,6,3,3,7,0,0.08,0,0.08,0.14,0,1194,0.45,199,80,171,0,0.53,201,521,12,8,0,7.12,0,63,47.19,41.73,87,626,35.33,530,90,39.95,90,0.00,0.00,0.13,2,0.00,0.07,1.43,1.27,19,0.00,0.13,0.00,0.00,0.00,1.33,0.67,0.47,7.00,0.53,0.27,0.80,0.00,0.20,0.08,0.00,2.47,0.00,0.00,0,0,,7,0.47,30,3,0.23,47,4,0.30,24,0,2,13,43,0.00,99,0,20,1.51,84,1,99,0.08,17,0,0.00,99,0,0.00,0,0,0.00,0,0.15,15,12,0.90,41,10,0.75,83.33,0,0.00,0,0,0,0.00,0,7,0.00,94,0.53,7,N/A,N/A,N/A,N/A,0.00,0,0.00,0,1.17,0.00,0,84.66,42.86,77,78,0.27,0.30,4,62,92,0,0,0,0.47,0.53,7,84,106.86,5.60,6.33,84,0,0.00,0.00,99,0.00,0,0,0,0.00,0.00,0,0.00,0.00,0.00,0.00,0,0,14.29,83,74,73,95,94,1.32,54,0.09,0.10,1.17,52,0.08,0.09,56,14,0.93,1.06,0.83,0.73,33,11,0.09,51,93,91,81,0,46,85,0,0.00,99,37,0.00,2.79,8.52,7.53,113,78,74,32,5.88,5.20,69.03,2,0.15,83,0,100.00,0,0.00,99,1,0.07,0.08,32,71,57,16,0,0,0,0,0,48,63,74,73,0,99,91,24,92,7,47,98,14,0,0
Leandro Lescano,23,1046678400,2003/03/03,Primera División,2026,Defender,Huracán,181,0,181,Argentina,4,0,4,0,0,0,0,0,0,0,0,2,0,2,1,0,1,3,1,0,0,0,0,0,0,0.5,181,45,60,0,1.49,-1,-1,-1,24,0,6.33,0,63,30.33,15.25,48,61,10.25,41,20,20.39,40,0.00,0.00,0.50,2,0.00,1.00,2.98,1.50,6,0.00,0.50,0.00,0.00,0.00,1.25,0.75,0.25,0.00,1.49,0.50,1.25,0.00,0.25,0.06,0.00,1.50,0.00,0.00,0,0,,3,0.75,67,1,0.50,70,2,0.99,68,4,1,3,93,0.00,99,0,5,2.49,99,4,57,1.99,63,0,0.00,99,0,0.00,0,0,0.00,0,0.99,66,5,2.49,79,3,1.49,60.00,0,0.00,0,0,0,0.00,0,1,0.00,91,0.50,5,N/A,N/A,N/A,N/A,0.00,0,0.00,0,0.23,0.00,0,67.21,33.33,62,61,0.25,0.50,1,89,79,0,0,0,0.25,0.50,1,82,25.33,1.75,3.48,7,1,0.00,0.50,0,0.25,0,0,0,0.00,0.00,0,0.00,0.00,0.50,0.25,1,0,0.00,56,0,0,56,91,0.16,42,0.04,0.08,0.23,55,0.06,0.11,87,4,1.00,1.99,3.98,2.00,99,8,0.11,54,13,77,81,0,91,88,0,0.00,99,6,0.00,2.98,16.41,8.25,33,18,98,95,8.95,4.50,54.55,2,0.99,34,0,25.00,0,0.00,99,1,0.25,0.50,66,3,44,84,0,0,0,0,0,41,56,74,68,0,99,88,15,99,2,50,99,19,0,0
Leandro Lozano,27,914054400,1998/12/19,Primera División,2026,Defender,Argentinos Juniors,1214,854,360,Uruguay,14,10,4,0,0,0,2,2,0,0,0,8,7,1,5,1,4,3,0,0.15,0.15,0,0,0,0,0.37,243,87,405,607,0.22,350,101,5,24,0,7.42,0.14,83,43.30,43.79,83,613,35.64,499,78,35.25,82,0.00,0.00,1.71,24,0.00,4.71,2.40,2.43,34,0.00,0.57,0.00,0.00,0.00,1.43,0.50,0.43,0.00,0.92,0.71,1.21,0.00,0.21,0.06,0.00,2.43,0.00,0.00,0,0,,13,0.93,52,3,0.21,45,10,0.71,55,6,0,14,83,0.00,99,0,20,1.41,80,66,64,4.66,91,0,0.00,99,0,0.00,0,0,0.00,0,1.70,91,17,1.20,49,7,0.49,41.18,0,0.00,0,0,0,0.00,0,6,0.00,98,0.42,2,N/A,N/A,N/A,N/A,0.00,0,0.00,0,0.85,0.00,0,81.40,23.08,40,62,0.50,0.49,7,50,45,0,0,0,0.21,0.21,3,56,103.89,2.71,2.68,38,0,0.00,0.00,99,0.00,0,0,0,0.00,0.00,0,0.00,0.00,0.07,0.07,1,1,0.00,56,76,61,56,97,3.06,88,0.22,0.22,0.85,42,0.06,0.06,86,28,2.00,1.98,0.57,0.57,18,8,0.06,42,99,71,81,0,51,79,0,0.00,99,34,0.00,2.40,10.74,10.86,152,103,93,60,7.28,7.36,67.76,8,0.57,57,0,27.27,0,0.00,99,18,1.29,1.27,90,78,30,96,0,0,0,0,0,60,56,74,68,0,99,96,66,50,3,21,68,22,0,0
Leandro Miguel Fernández,35,668764800,1991/03/12,Primera División,2026,Forward,Argentinos Juniors,144,85,59,Argentina,7,3,4,0,0,0,0,0,0,0,0,2,1,1,1,1,0,1,0,0,0,0,0,0,0,0.63,144,21,144,0,0.63,-1,-1,-1,19,0,6.54,0,63,22.50,5.14,23,36,2.43,17,2,10.62,5,0.00,0.00,0.29,2,0.00,1.43,1.88,0.43,3,0.00,0.43,0.00,0.00,0.00,0.00,0.29,0.14,0.00,2.50,0.43,0.86,0.00,0.14,0.04,0.00,0.14,0.00,0.00,0,0,,4,0.57,91,1,0.62,77,3,1.88,95,1,6,1,65,0.00,99,0,0,0.00,10,10,85,6.25,96,0,0.00,99,0,0.00,0,0,0.00,0,1.25,77,6,3.75,92,2,1.25,33.33,0,0.00,0,0,0,0.00,0,1,0.00,82,0.62,12,N/A,N/A,N/A,N/A,0.00,0,0.00,0,0.31,0.00,0,47.22,25.00,45,51,0.14,0.62,1,84,32,0,0,0,0.00,0.00,0,29,45.77,0.00,0.00,0,0,0.00,0.00,99,0.00,0,0,0,0.00,0.00,0,0.00,0.00,1.88,0.43,3,0,0.00,56,0,6,56,82,0.12,36,0.02,0.07,0.31,72,0.04,0.19,94,4,0.57,2.50,1.25,0.29,59,2,0.19,71,20,1,81,0,99,26,0,0.00,99,1,0.00,0.62,13.12,3.00,21,9,68,84,5.62,1.29,42.86,3,1.88,8,0,40.00,0,0.00,99,4,0.57,2.50,99,0,88,41,0,0,0,0,0,41,56,74,68,0,99,39,19,96,1,14,47,18,0,0
Leandro Nicolás Díaz,34,707814000,1992/06/06,Primera División,2026,Forward,Atlético Tucumán,1078,549,529,Argentina,14,7,7,5,3,2,1,0,1,0,0,5,4,1,11,2,9,2,0,0.5,0.08,0.42,0.49,0.34,216,0.92,98,77,539,1078,0.17,28,169,-1,1,0,6.96,0.07,71,19.04,16.29,9,228,10.43,146,13,12.19,9,0.00,0.00,0.71,10,0.00,0.07,0.17,0.14,2,0.00,0.71,0.00,0.00,0.00,0.07,0.21,0.79,6.00,2.50,1.00,0.50,0.00,1.14,0.41,0.00,2.79,0.00,0.00,0,0,,30,2.14,91,16,1.34,96,14,1.17,75,4,2,12,7,0.00,99,0,1,0.08,11,1,28,0.08,17,0,0.00,99,0,0.00,0,0,0.00,0,0.83,59,7,0.58,29,3,0.25,42.86,0,0.00,0,0,0,0.00,0,11,0.00,48,0.92,40,N/A,N/A,N/A,N/A,0.00,0,0.00,0,5.80,0.00,0,64.04,53.33,91,86,0.14,0.17,2,29,48,3,1,0,0.29,0.33,4,70,97.37,0.86,1.00,12,0,0.00,0.00,99,0.00,0,4,0,0.00,0.00,0,0.00,0.00,1.59,1.36,19,1,16.67,88,66,61,61,49,1.22,54,0.09,0.10,3.00,82,0.21,0.25,60,14,1.00,1.17,1.59,1.36,77,19,0.48,97,81,35,81,0,99,92,0,0.00,99,39,0.00,3.26,11.02,9.43,132,57,46,65,4.76,4.07,43.18,10,0.83,42,0,0.00,0,0.00,99,0,0.00,0.00,28,65,57,84,0,0,0,0,0,94,95,92,94,0,99,59,80,37,2,14,47,9,0,0
Leandro Paredes,32,772873200,1994/06/29,Primera División,2026,Midfielder,Boca Juniors,1068,568,500,Argentina,15,7,8,2,1,1,3,1,2,0,0,8,4,4,7,2,5,7,0,0.42,0.25,0.17,0.16,0.18,534,0.59,153,71,153,356,0.59,122,47,-1,6,0,7.57,0.2,94,83.77,68.13,99,1022,60.53,908,99,74.43,99,0.00,0.00,1.93,29,0.00,4.60,1.72,1.40,21,0.00,0.20,0.00,0.00,0.00,0.67,0.47,0.60,10.50,1.72,0.93,0.60,0.00,0.47,0.19,0.00,0.73,0.00,0.00,0,0,,21,1.40,73,7,0.57,74,14,1.15,74,4,4,11,58,0.00,99,0,10,0.82,49,69,59,5.66,95,0,0.00,99,0,0.00,0,0,0.00,0,2.38,97,9,0.74,36,7,0.57,77.78,0,0.00,0,0,0,0.00,0,9,0.00,85,0.74,21,N/A,N/A,N/A,N/A,0.00,0,0.00,0,2.84,0.00,0,88.85,33.33,62,40,0.60,0.74,9,54,90,2,0,0,0.13,0.16,2,47,113.53,1.53,1.89,23,0,0.00,0.00,99,0.00,0,2,0,0.00,0.00,0,0.00,0.00,0.08,0.07,1,0,9.52,70,65,73,78,85,4.95,99,0.33,0.41,1.44,58,0.10,0.12,89,25,1.67,2.05,0.98,0.80,42,12,0.23,77,99,58,81,0,54,36,0,0.00,99,11,0.00,0.90,7.79,6.33,95,63,57,24,5.16,4.20,66.32,3,0.25,76,0,26.09,0,0.00,99,18,1.20,1.48,94,59,75,84,0,0,0,0,0,89,80,82,75,0,99,91,21,94,7,47,98,5,0,0
Lenny Ivo Lobato Romanelli,25,981187200,2001/02/03,Primera División,2026,Forward,Defensa y Justicia,0,0,0,Argentina,0,0,0,0,0,0,0,0,0,0,0,0,0,0,0,0,0,0,0,0,0,0,0,0,0,0,0,0,0,0,0,-1,-1,-1,-1,N/A,N/A,N/A,N/A,N/A,N/A,N/A,N/A,N/A,N/A,N/A,N/A,N/A,N/A,N/A,N/A,N/A,N/A,N/A,N/A,N/A,N/A,N/A,N/A,N/A,N/A,N/A,N/A,N/A,N/A,N/A,N/A,N/A,N/A,N/A,N/A,N/A,N/A,N/A,N/A,N/A,N/A,N/A,N/A,N/A,N/A,N/A,N/A,N/A,N/A,N/A,N/A,N/A,N/A,N/A,N/A,N/A,N/A,N/A,N/A,N/A,N/A,N/A,N/A,N/A,N/A,N/A,N/A,N/A,N/A,N/A,N/A,N/A,N/A,N/A,N/A,N/A,N/A,N/A,N/A,N/A,N/A,N/A,N/A,N/A,N/A,N/A,N/A,N/A,N/A,N/A,N/A,N/A,N/A,N/A,N/A,N/A,N/A,N/A,N/A,N/A,N/A,N/A,N/A,N/A,N/A,N/A,N/A,N/A,N/A,N/A,N/A,N/A,N/A,N/A,N/A,N/A,N/A,N/A,N/A,N/A,N/A,N/A,N/A,N/A,N/A,N/A,N/A,N/A,N/A,N/A,N/A,N/A,N/A,N/A,N/A,N/A,N/A,N/A,N/A,N/A,N/A,N/A,N/A,N/A,N/A,N/A,N/A,N/A,N/A,N/A,N/A,N/A,N/A,N/A,N/A,N/A,N/A,N/A,N/A,N/A,N/A,N/A,N/A,N/A,N/A,N/A,N/A,N/A,N/A,N/A,N/A,N/A,N/A,N/A,N/A,N/A,N/A,N/A,N/A,N/A,N/A,N/A,N/A,N/A,N/A,N/A,N/A,N/A,N/A,N/A,N/A,N/A,N/A,N/A,N/A,N/A,N/A,N/A,N/A,N/A,N/A,N/A,N/A,N/A,N/A,N/A,N/A,N/A,N/A,N/A,N/A,N/A,N/A,N/A,N/A,N/A,N/A,N/A,N/A,N/A,N/A,N/A,N/A
Leo Ariel Cristaldo Florentín,17,1231747200,2009/01/12,Primera División,2026,Defender,Vélez Sarsfield,0,0,0,Argentina,0,0,0,0,0,0,0,0,0,0,0,0,0,0,0,0,0,0,0,0,0,0,0,0,0,0,0,0,0,0,0,-1,-1,-1,-1,N/A,N/A,N/A,N/A,N/A,N/A,N/A,N/A,N/A,N/A,N/A,N/A,N/A,N/A,N/A,N/A,N/A,N/A,N/A,N/A,N/A,N/A,N/A,N/A,N/A,N/A,N/A,N/A,N/A,N/A,N/A,N/A,N/A,N/A,N/A,N/A,N/A,N/A,N/A,N/A,N/A,N/A,N/A,N/A,N/A,N/A,N/A,N/A,N/A,N/A,N/A,N/A,N/A,N/A,N/A,N/A,N/A,N/A,N/A,N/A,N/A,N/A,N/A,N/A,N/A,N/A,N/A,N/A,N/A,N/A,N/A,N/A,N/A,N/A,N/A,N/A,N/A,N/A,N/A,N/A,N/A,N/A,N/A,N/A,N/A,N/A,N/A,N/A,N/A,N/A,N/A,N/A,N/A,N/A,N/A,N/A,N/A,N/A,N/A,N/A,N/A,N/A,N/A,N/A,N/A,N/A,N/A,N/A,N/A,N/A,N/A,N/A,N/A,N/A,N/A,N/A,N/A,N/A,N/A,N/A,N/A,N/A,N/A,N/A,N/A,N/A,N/A,N/A,N/A,N/A,N/A,N/A,N/A,N/A,N/A,N/A,N/A,N/A,N/A,N/A,N/A,N/A,N/A,N/A,N/A,N/A,N/A,N/A,N/A,N/A,N/A,N/A,N/A,N/A,N/A,N/A,N/A,N/A,N/A,N/A,N/A,N/A,N/A,N/A,N/A,N/A,N/A,N/A,N/A,N/A,N/A,N/A,N/A,N/A,N/A,N/A,N/A,N/A,N/A,N/A,N/A,N/A,N/A,N/A,N/A,N/A,N/A,N/A,N/A,N/A,N/A,N/A,N/A,N/A,N/A,N/A,N/A,N/A,N/A,N/A,N/A,N/A,N/A,N/A,N/A,N/A,N/A,N/A,N/A,N/A,N/A,N/A,N/A,N/A,N/A,N/A,N/A,N/A,N/A,N/A,N/A,N/A,N/A,N/A
Leonard Costa,27,903942000,1998/08/24,Primera División,2026,Defender,Independiente Rivadavia,1072,576,496,Uruguay,16,10,6,1,1,0,1,1,0,0,0,3,1,2,14,9,5,1,0,0.17,0.08,0.08,0.16,0,1072,1.18,77,67,1072,1072,0.08,204,168,183,10,0,5.85,0.06,71,29.55,22.00,45,352,17.25,276,65,23.17,51,0.00,0.00,0.19,3,0.00,0.06,1.01,0.75,12,0.00,0.12,0.00,0.00,0.00,1.00,0.06,0.88,6.00,0.50,0.31,0.19,0.00,0.06,0.06,0.00,1.38,0.00,0.00,0,0,,6,0.38,28,1,0.08,26,5,0.42,34,2,2,14,24,0.00,99,0,16,1.34,75,1,99,0.08,17,0,0.00,99,0,0.00,0,0,0.00,0,0.25,22,3,0.25,19,1,0.08,33.33,0,0.00,0,0,0,0.00,0,14,0.00,26,1.18,63,N/A,N/A,N/A,N/A,0.00,0,0.00,0,0.96,0.00,0,78.41,16.67,31,54,0.44,0.59,7,16,32,0,0,0,0.38,0.50,6,82,93.60,3.44,4.62,55,0,0.00,0.00,99,0.00,0,0,0,0.00,0.00,0,0.00,0.00,0.17,0.12,2,0,16.67,88,65,88,93,27,1.27,59,0.08,0.11,0.96,48,0.06,0.08,24,6,0.38,0.50,0.50,0.38,15,6,0.08,48,4,83,81,0,69,69,0,0.00,99,22,0.00,1.85,6.46,4.81,77,41,15,13,3.44,2.56,53.25,2,0.17,81,0,100.00,0,0.00,99,1,0.06,0.08,32,78,57,57,0,0,0,0,0,65,63,74,75,0,99,11,94,21,1,6,21,2,0,0
Leonardo Emanuel Landriel,30,837327600,1996/07/14,Primera División,2026,Midfielder,Deportivo Riestra,18,13,5,Argentina,2,1,1,0,0,0,0,0,0,0,0,0,0,0,0,0,0,1,0,0,0,0,0,0,0,0,0,9,18,0,5,-1,-1,-1,16,0,6.56,0,63,50.00,5.00,92,10,3.50,7,28,35.00,82,0.00,0.00,0.50,1,0.00,0.00,5.00,0.50,1,0.00,0.00,0.00,0.00,0.00,0.00,0.00,0.00,0.00,0.00,0.00,0.00,0.00,0.00,0.00,0.00,0.00,0.00,0.00,0,0,,0,0.00,8,0,0.00,22,0,0.00,9,0,2,0,99,0.00,99,0,0,0.00,10,0,28,0.00,12,0,0.00,99,0,0.00,0,0,0.00,0,5.00,99,0,0.00,9,0,0.00,0.00,0,0.00,0,0,0,0.00,0,0,0.00,99,0.00,0,N/A,N/A,N/A,N/A,0.00,0,0.00,0,0.00,0.00,0,70.00,0.00,22,99,0.00,0.00,0,12,12,0,0,0,0.50,5.00,1,99,13.13,0.00,0.00,0,0,0.00,0.00,99,0.00,0,0,0,0.00,0.00,0,0.00,0.00,0.00,0.00,0,0,0.00,56,0,0,56,0,0.05,93,0.03,0.25,0.00,9,0.00,0.00,2,0,0.00,0.00,5.00,0.50,99,1,0.00,9,22,1,81,0,46,1,0,0.00,99,0,0.00,0.00,10.00,1.00,2,1,52,53,5.00,0.50,50.00,0,0.00,99,0,0.00,0,0.00,99,0,0.00,0.00,28,0,57,16,0,0,0,0,0,41,56,74,68,0,99,1,15,99,1,50,99,30,0,0
Leonardo Godoy,31,799052400,1995/04/28,Primera División,2026,Defender,Independiente,619,387,232,Argentina,9,5,4,0,0,0,0,0,0,0,0,3,2,1,7,5,2,2,0,0,0,0,0,0,0,1.02,88,69,310,0,0.29,518,518,146,20,0,6.66,0,63,28.21,21.56,41,194,16.11,145,44,21.08,44,0.00,0.00,0.89,8,0.00,2.22,0.73,0.56,5,0.00,0.22,0.00,0.00,0.00,0.33,0.22,0.78,0.00,0.73,0.44,1.00,0.00,0.11,0.03,0.00,0.44,0.00,0.00,0,0,,5,0.56,41,1,0.15,36,4,0.58,47,3,1,8,16,0.00,99,0,3,0.44,28,20,45,2.91,75,0,0.00,99,0,0.00,0,0,0.00,0,1.16,72,9,1.31,53,2,0.29,22.22,0,0.00,0,0,0,0.00,0,7,0.00,39,1.02,51,N/A,N/A,N/A,N/A,0.00,0,0.00,0,0.28,0.00,0,74.74,20.00,35,79,0.22,0.29,2,32,18,0,0,0,0.33,0.44,3,79,59.98,3.22,4.22,29,0,0.00,0.00,99,0.00,0,0,0,0.00,0.00,0,0.00,0.00,0.44,0.33,3,0,0.00,56,29,17,56,39,0.57,42,0.06,0.08,0.28,32,0.03,0.04,80,12,1.33,1.74,1.16,0.89,53,8,0.04,32,34,82,81,0,88,24,0,0.00,99,4,0.00,0.58,7.42,5.67,51,23,14,20,3.34,2.56,45.10,2,0.29,73,0,20.00,0,0.00,99,4,0.44,0.58,69,40,44,74,0,0,0,0,0,41,56,74,68,0,99,54,52,64,2,22,71,29,0,0
Leonardo Heredia,30,821347200,1996/01/11,Primera División,2026,Midfielder,Platense,538,243,295,Argentina,15,8,7,0,0,0,0,0,0,0,0,5,2,3,2,0,2,1,0,0,0,0,0,0,0,0.33,269,36,538,0,0.17,437,400,-1,22,0,6.53,0,63,17.57,7.00,6,105,5.33,80,53,13.38,14,0.00,0.00,0.20,3,0.00,0.07,0.50,0.20,3,0.00,0.53,0.00,0.00,0.00,0.20,0.20,0.20,0.00,2.51,0.53,0.47,0.00,0.47,0.08,0.00,0.93,0.00,0.00,0,0,,15,1.00,92,7,1.17,94,8,1.34,83,3,9,6,12,0.00,99,0,3,0.50,31,1,28,0.17,23,0,0.00,99,0,0.00,0,0,0.00,0,0.50,37,7,1.17,48,3,0.50,42.86,0,0.00,0,0,0,0.00,0,3,0.00,98,0.50,5,N/A,N/A,N/A,N/A,0.00,0,0.00,0,1.25,0.00,0,76.19,46.67,82,75,0.13,0.33,2,51,48,0,0,0,0.00,0.00,0,29,97.95,0.27,0.67,4,1,0.00,0.17,2,0.07,0,0,0,0.00,0.00,0,0.00,0.00,0.67,0.27,4,0,0.00,56,21,73,56,98,0.24,11,0.02,0.04,1.25,76,0.08,0.21,51,6,0.40,1.00,1.17,0.47,54,7,0.21,74,19,21,81,0,94,77,0,0.00,99,14,0.00,2.34,11.71,4.67,70,23,21,73,3.85,1.53,32.86,8,1.34,21,0,0.00,0,0.00,99,0,0.00,0.00,28,27,97,74,0,0,0,0,0,41,56,74,68,0,99,54,80,37,1,7,25,23,0,0
Leonardo Marchi Rivero,29,842943600,1996/09/17,Primera División,2026,Defender,Central Córdoba SdE,178,90,88,Argentina,4,1,3,0,0,0,0,0,0,0,0,1,0,1,2,1,1,2,0,0,0,0,0,0,0,1.01,89,45,89,0,1.01,-1,-1,-1,14,0,6.49,0,63,39.44,19.50,75,78,13.75,55,29,27.81,64,0.00,0.00,0.50,2,0.00,4.25,3.03,1.50,6,0.00,0.00,0.00,0.00,0.00,0.50,0.25,0.75,0.00,0.00,0.00,1.25,0.00,0.00,0.00,0.00,0.75,0.00,0.00,0,0,,0,0.00,8,0,0.00,22,0,0.00,9,3,2,2,94,0.00,99,0,2,1.01,58,17,32,8.60,99,0,0.00,99,0,0.00,0,0,0.00,0,1.01,67,5,2.53,79,1,0.51,20.00,0,0.00,0,0,0,0.00,0,3,0.00,39,1.52,84,N/A,N/A,N/A,N/A,0.00,0,0.00,0,0.00,0.00,0,70.51,0.00,22,59,0.25,0.51,1,51,17,0,0,0,0.00,0.00,0,29,25.94,0.75,1.52,3,0,0.00,0.00,99,0.00,0,0,0,0.00,0.00,0,0.00,0.00,0.00,0.00,0,0,0.00,56,0,0,56,39,0.22,59,0.06,0.11,0.00,9,0.00,0.00,2,0,0.00,0.00,1.52,0.75,75,3,0.00,9,17,49,81,0,46,61,0,0.00,99,3,0.00,1.52,10.62,5.25,21,10,54,59,5.06,2.50,47.62,0,0.00,99,0,11.76,0,0.00,99,2,0.50,1.01,83,0,57,74,0,0,0,0,0,41,56,74,68,0,99,27,15,99,2,50,99,3,0,0
Leonardo Morales,35,671353200,1991/04/11,Primera División,2026,Defender,Belgrano,1483,562,921,Argentina,18,7,11,1,0,1,0,0,0,0,0,9,4,5,14,4,10,5,1,0.06,0,0.06,0,0.1,1483,0.85,106,82,247,0,0.36,222,220,102,10,0,6.83,0,63,30.28,28.28,48,509,21.56,388,53,23.08,50,0.00,0.00,0.39,7,0.00,0.28,1.37,1.28,23,0.00,0.22,0.00,0.00,0.00,1.00,0.17,0.78,8.00,0.48,0.39,0.22,0.00,0.06,0.06,0.00,1.00,0.00,0.00,0,0,,8,0.44,27,1,0.06,23,7,0.42,34,7,0,18,40,0.00,99,0,18,1.07,62,5,28,0.30,29,0,0.00,99,0,0.00,0,0,0.00,0,0.42,33,4,0.24,18,3,0.18,75.00,0,0.00,0,0,0,0.00,0,14,0.00,57,0.83,30,N/A,N/A,N/A,N/A,0.00,0,0.00,0,1.06,0.00,0,76.23,12.50,25,43,0.67,0.71,12,22,90,0,0,0,0.67,0.71,12,91,122.99,4.83,5.18,87,0,0.00,0.00,99,0.00,0,0,0,0.00,0.00,0,0.00,0.00,0.00,0.00,0,0,12.50,79,94,98,99,57,1.21,36,0.07,0.07,1.06,42,0.06,0.06,19,7,0.39,0.42,0.48,0.44,13,8,0.06,42,62,86,81,0,46,45,0,0.00,99,18,0.00,1.07,5.77,5.39,97,50,10,10,2.97,2.78,51.55,4,0.24,77,0,0.00,0,0.00,99,0,0.00,0.00,28,98,30,98,0,0,0,0,0,43,59,74,68,0,99,88,41,75,4,22,71,14,0,0
Leonardo Rios,19,1163059200,2006/11/09,Primera División,2026,Defender,Rosario Central,23,23,0,Argentina,1,1,0,0,0,0,0,0,0,0,0,0,0,0,1,1,0,0,0,0,0,0,0,0,0,3.91,23,23,0,0,0,-1,-1,-1,16,0,6.30,0,63,7.83,2.00,0,2,2.00,2,99,7.83,1,0.00,0.00,0.00,0,0.00,1.00,0.00,0.00,0,0.00,1.00,0.00,0.00,0.00,1.00,0.00,1.00,0.00,0.00,0.00,0.00,0.00,0.00,0.00,0.00,0.00,0.00,0.00,0,0,,0,0.00,8,0,0.00,22,0,0.00,9,0,1,0,5,0.00,99,0,1,3.91,99,1,28,3.91,84,0,0.00,99,0,0.00,0,0,0.00,0,0.00,8,0,0.00,9,0,0.00,0.00,0,0.00,0,0,0,0.00,0,1,0.00,0,3.91,97,N/A,N/A,N/A,N/A,0.00,0,0.00,0,0.00,0.00,0,100.00,0.00,22,99,0.00,0.00,0,12,12,0,0,0,0.00,0.00,0,29,6.30,1.00,3.91,1,0,0.00,0.00,99,0.00,0,0,0,0.00,0.00,0,0.00,0.00,0.00,0.00,0,0,0.00,56,0,0,56,0,0.00,0,0.00,0.00,0.00,9,0.00,0.00,99,1,1.00,3.91,0.00,0.00,6,0,0.00,9,13,79,81,0,46,1,0,0.00,99,0,0.00,0.00,7.83,2.00,2,1,22,24,3.91,1.00,50.00,1,3.91,0,0,0.00,0,0.00,99,0,0.00,0.00,28,0,44,16,0,0,0,0,0,41,56,74,68,0,99,1,15,15,0,0,16,41,0,0
Leonardo Roque Gil,35,675673200,1991/05/31,Primera División,2026,Midfielder,Huracán,1373,651,722,Argentina,18,8,10,1,0,1,1,0,1,0,0,7,3,4,11,7,4,4,0,0.13,0.07,0.07,0,0.12,1373,0.72,125,76,343,1373,0.26,212,186,-1,7,0,6.99,0.06,69,48.09,41.56,89,748,33.00,594,69,38.19,87,0.00,0.00,1.50,27,0.00,2.78,1.86,1.61,29,0.00,0.61,0.00,0.00,0.00,0.50,0.33,0.72,12.00,0.77,0.39,0.72,0.00,0.28,0.09,0.00,1.06,0.00,0.00,0,0,,12,0.67,43,5,0.32,56,7,0.45,37,3,3,15,64,0.00,99,0,9,0.58,34,50,70,3.21,78,0,0.00,99,0,0.00,0,0,0.00,0,1.74,92,13,0.84,39,6,0.39,46.15,0,0.00,0,0,0,0.00,0,13,0.00,71,0.84,32,N/A,N/A,N/A,N/A,0.00,0,0.00,0,1.62,0.00,0,79.41,41.67,74,10,1.11,1.29,20,43,53,0,0,0,0.17,0.19,3,52,125.86,1.00,1.16,18,1,0.00,0.06,11,0.06,0,0,1,0.06,0.06,0,0.00,0.00,0.06,0.06,1,0,8.33,69,88,98,98,70,2.64,80,0.15,0.17,1.62,54,0.09,0.10,94,39,2.17,2.51,1.22,1.06,57,19,0.10,53,84,39,82,0,48,52,0,0.00,99,19,0.00,1.22,10.80,9.33,168,88,69,62,5.66,4.89,52.38,11,0.71,49,0,30.00,0,0.00,99,15,0.83,0.96,83,85,66,74,0,0,0,0,0,56,61,75,68,0,99,65,57,58,4,22,71,8,0,0
Leonardo Sequeira,31,798879600,1995/04/26,Primera División,2026,Forward,Huracán,105,42,63,Argentina,10,5,5,0,0,0,0,0,0,0,0,4,2,2,0,0,0,0,0,0,0,0,0,0,0,0,0,11,0,0,0,-1,-1,-1,15,0,5.90,0,63,28.77,3.90,42,39,2.40,24,9,17.70,33,0.00,0.00,0.40,4,0.00,0.90,1.48,0.20,2,0.00,0.20,0.00,0.00,0.00,0.20,0.20,0.10,0.00,0.74,0.10,0.60,0.00,0.00,0.01,0.00,0.50,0.00,0.00,0,0,,1,0.10,41,0,0.00,22,1,0.74,56,0,10,0,46,0.00,99,0,2,1.48,82,9,49,6.64,97,0,0.00,99,0,0.00,0,0,0.00,0,2.95,99,6,4.43,95,2,1.48,33.33,0,0.00,0,0,0,0.00,0,1,0.00,99,0.74,21,N/A,N/A,N/A,N/A,0.00,0,0.00,0,0.05,0.00,0,61.54,0.00,22,40,0.10,0.74,1,89,32,0,0,0,0.00,0.00,0,29,58.96,0.20,1.48,2,0,0.00,0.00,99,0.00,0,0,0,0.00,0.00,0,0.00,0.00,0.00,0.00,0,0,0.00,56,0,23,56,0,0.19,70,0.02,0.14,0.05,32,0.01,0.04,74,2,0.20,1.48,0.74,0.10,27,1,0.04,32,5,49,81,0,46,95,0,0.00,99,5,0.00,3.69,19.18,2.60,26,11,97,98,8.11,1.10,42.31,2,1.48,18,0,22.22,0,0.00,99,2,0.20,1.48,94,0,98,16,0,0,0,0,0,41,56,74,68,0,99,69,15,15,0,0,16,26,0,0
Leonardo Sosa Ruiz,19,1176879600,2007/04/18,Primera División,2026,Goalkeeper,Rosario Central,0,0,0,Paraguay,0,0,0,0,0,0,0,0,0,0,0,0,0,0,0,0,0,0,0,0,0,0,0,0,0,0,0,0,0,0,0,-1,-1,-1,-1,N/A,N/A,N/A,N/A,N/A,N/A,N/A,N/A,N/A,N/A,N/A,N/A,N/A,N/A,N/A,N/A,N/A,N/A,N/A,N/A,N/A,N/A,N/A,N/A,N/A,N/A,N/A,N/A,N/A,N/A,N/A,N/A,N/A,N/A,N/A,N/A,N/A,N/A,N/A,N/A,N/A,N/A,N/A,N/A,N/A,N/A,N/A,N/A,N/A,N/A,N/A,N/A,N/A,N/A,N/A,N/A,N/A,N/A,N/A,N/A,N/A,N/A,N/A,N/A,N/A,N/A,N/A,N/A,N/A,N/A,N/A,N/A,N/A,N/A,N/A,N/A,N/A,N/A,N/A,N/A,N/A,N/A,N/A,N/A,N/A,N/A,N/A,N/A,N/A,N/A,N/A,N/A,N/A,N/A,N/A,N/A,N/A,N/A,N/A,N/A,N/A,N/A,N/A,N/A,N/A,N/A,N/A,N/A,N/A,N/A,N/A,N/A,N/A,N/A,N/A,N/A,N/A,N/A,N/A,N/A,N/A,N/A,N/A,N/A,N/A,N/A,N/A,N/A,N/A,N/A,N/A,N/A,N/A,N/A,N/A,N/A,N/A,N/A,N/A,N/A,N/A,N/A,N/A,N/A,N/A,N/A,N/A,N/A,N/A,N/A,N/A,N/A,N/A,N/A,N/A,N/A,N/A,N/A,N/A,N/A,N/A,N/A,N/A,N/A,N/A,N/A,N/A,N/A,N/A,N/A,N/A,N/A,N/A,N/A,N/A,N/A,N/A,N/A,N/A,N/A,N/A,N/A,N/A,N/A,N/A,N/A,N/A,N/A,N/A,N/A,N/A,N/A,N/A,N/A,N/A,N/A,N/A,N/A,N/A,N/A,N/A,N/A,N/A,N/A,N/A,N/A,N/A,N/A,N/A,N/A,N/A,N/A,N/A,N/A,N/A,N/A,N/A,N/A,N/A,N/A,N/A,N/A,N/A,N/A
Leonel Benjamín Flores,19,1170748800,2007/02/06,Primera División,2026,Forward,Boca Juniors,0,0,0,Argentina,0,0,0,0,0,0,0,0,0,0,0,0,0,0,0,0,0,0,0,0,0,0,0,0,0,0,0,0,0,0,0,-1,-1,-1,-1,N/A,N/A,N/A,N/A,N/A,N/A,N/A,N/A,N/A,N/A,N/A,N/A,N/A,N/A,N/A,N/A,N/A,N/A,N/A,N/A,N/A,N/A,N/A,N/A,N/A,N/A,N/A,N/A,N/A,N/A,N/A,N/A,N/A,N/A,N/A,N/A,N/A,N/A,N/A,N/A,N/A,N/A,N/A,N/A,N/A,N/A,N/A,N/A,N/A,N/A,N/A,N/A,N/A,N/A,N/A,N/A,N/A,N/A,N/A,N/A,N/A,N/A,N/A,N/A,N/A,N/A,N/A,N/A,N/A,N/A,N/A,N/A,N/A,N/A,N/A,N/A,N/A,N/A,N/A,N/A,N/A,N/A,N/A,N/A,N/A,N/A,N/A,N/A,N/A,N/A,N/A,N/A,N/A,N/A,N/A,N/A,N/A,N/A,N/A,N/A,N/A,N/A,N/A,N/A,N/A,N/A,N/A,N/A,N/A,N/A,N/A,N/A,N/A,N/A,N/A,N/A,N/A,N/A,N/A,N/A,N/A,N/A,N/A,N/A,N/A,N/A,N/A,N/A,N/A,N/A,N/A,N/A,N/A,N/A,N/A,N/A,N/A,N/A,N/A,N/A,N/A,N/A,N/A,N/A,N/A,N/A,N/A,N/A,N/A,N/A,N/A,N/A,N/A,N/A,N/A,N/A,N/A,N/A,N/A,N/A,N/A,N/A,N/A,N/A,N/A,N/A,N/A,N/A,N/A,N/A,N/A,N/A,N/A,N/A,N/A,N/A,N/A,N/A,N/A,N/A,N/A,N/A,N/A,N/A,N/A,N/A,N/A,N/A,N/A,N/A,N/A,N/A,N/A,N/A,N/A,N/A,N/A,N/A,N/A,N/A,N/A,N/A,N/A,N/A,N/A,N/A,N/A,N/A,N/A,N/A,N/A,N/A,N/A,N/A,N/A,N/A,N/A,N/A,N/A,N/A,N/A,N/A,N/A,N/A
Leonel Bucca,27,921916800,1999/03/20,Primera División,2026,Midfielder,Independiente Rivadavia,247,83,164,Argentina,6,3,3,4,2,2,0,0,0,0,0,3,1,2,2,1,1,0,0,1.46,0,1.46,2.17,1.1,62,0.73,124,41,0,0,0,-1,-1,-1,2,0,7.08,0,63,30.61,14.00,49,84,9.00,54,14,19.68,39,0.00,0.00,0.17,1,0.00,0.33,2.19,1.00,6,0.00,0.33,0.00,0.00,0.00,0.17,0.83,0.33,1.75,2.55,0.50,1.17,0.00,0.67,0.52,0.00,1.33,0.00,0.00,0,0,,7,1.17,92,4,1.46,98,3,1.09,71,1,3,3,76,0.00,99,0,1,0.36,23,2,28,0.73,44,0,0.00,99,0,0.00,0,0,0.00,0,0.36,29,7,2.55,80,5,1.82,71.43,0,0.00,0,0,0,0.00,0,2,0.00,69,0.73,19,N/A,N/A,N/A,N/A,0.00,0,0.00,0,3.14,0.00,0,64.29,57.14,93,16,0.50,1.09,3,92,88,0,0,0,0.00,0.00,0,29,42.51,0.50,1.09,3,0,0.00,0.00,99,0.00,0,0,0,0.00,0.00,0,0.00,0.00,0.00,0.00,0,0,57.14,99,0,4,56,70,0.14,18,0.02,0.05,3.14,99,0.52,1.14,74,4,0.67,1.46,0.73,0.33,26,2,1.14,99,91,37,81,0,46,87,0,0.00,99,8,0.00,2.91,14.57,6.67,40,23,97,90,8.38,3.83,57.50,2,0.73,47,0,0.00,0,0.00,99,0,0.00,0.00,28,3,66,41,0,0,0,0,0,99,99,99,99,0,99,88,15,15,0,0,16,8,0,0
Leonel Di Plácido,32,759744000,1994/01/28,Primera División,2026,Defender,Atlético Tucumán,578,360,218,Argentina,7,4,3,0,0,0,0,0,0,0,0,2,2,0,8,3,5,2,0,0,0,0,0,0,0,1.25,72,83,289,0,0.31,282,294,195,12,0,6.80,0,63,32.23,29.57,55,207,21.43,150,34,23.36,52,0.00,0.00,0.86,6,0.00,1.57,2.34,2.14,15,0.00,0.43,0.00,0.00,0.00,1.29,0.43,1.29,0.00,0.78,0.57,1.29,0.00,0.14,0.04,0.00,4.00,0.00,0.00,0,0,,5,0.71,44,1,0.16,37,4,0.62,50,4,0,7,80,0.00,99,0,9,1.40,79,11,64,1.71,60,0,0.00,99,0,0.00,0,0,0.00,0,0.93,63,9,1.40,56,3,0.47,33.33,0,0.00,0,0,0,0.00,0,9,0.00,19,1.40,79,N/A,N/A,N/A,N/A,0.00,0,0.00,0,0.30,0.00,0,72.46,20.00,35,4,1.43,1.56,10,49,32,0,0,0,0.00,0.00,0,29,47.59,2.43,2.65,17,0,0.00,0.00,99,0.00,0,0,0,0.00,0.00,0,0.00,0.00,0.00,0.00,0,0,0.00,56,26,6,56,19,0.48,36,0.07,0.07,0.30,36,0.04,0.05,63,8,1.14,1.25,1.09,1.00,50,7,0.05,36,55,70,81,0,46,97,0,0.00,99,28,0.00,4.36,13.86,12.71,89,53,97,87,8.25,7.57,59.55,3,0.47,64,0,27.27,0,0.00,99,3,0.43,0.47,64,33,30,84,0,0,0,0,0,41,56,74,68,0,99,39,49,67,2,29,85,24,0,0
Leonel Mosevich,29,855043200,1997/02/04,Primera División,2026,Defender,Instituto,1440,720,720,Argentina,16,8,8,0,0,0,0,0,0,0,0,4,2,2,15,7,8,4,0,0,0,0,0,0,0,0.94,96,90,360,0,0.25,406,367,126,22,0,6.77,0,63,32.06,32.06,54,513,26.44,423,81,26.44,61,0.00,0.00,0.00,0,0.00,0.00,1.81,1.81,29,0.00,0.06,0.00,0.00,0.00,1.25,0.00,1.06,0.00,0.56,0.44,0.00,0.00,0.12,0.04,0.00,3.38,0.00,0.00,0,0,,9,0.56,32,2,0.12,33,7,0.44,36,0,0,16,62,0.00,99,0,20,1.25,70,0,28,0.00,12,0,0.00,99,0,0.00,0,0,0.00,0,0.00,8,0,0.00,9,0,0.00,0.00,0,0.00,0,0,0,0.00,0,17,0.00,47,1.06,54,N/A,N/A,N/A,N/A,0.00,0,0.00,0,0.60,0.00,0,82.46,22.22,39,67,0.44,0.44,7,12,12,0,0,0,0.62,0.62,10,88,108.38,5.12,5.12,82,0,0.00,0.00,99,0.00,0,0,0,0.00,0.00,0,0.00,0.00,0.06,0.06,1,0,0.00,56,93,88,56,47,0.88,26,0.06,0.06,0.60,32,0.04,0.04,17,6,0.38,0.38,1.25,1.25,59,20,0.04,32,50,86,81,0,48,93,0,0.00,99,54,0.00,3.38,8.50,8.50,136,86,63,32,5.38,5.38,63.24,1,0.06,88,0,0.00,0,0.00,99,0,0.00,0.00,28,93,30,16,0,0,0,0,0,41,56,74,68,0,99,27,60,57,4,25,79,26,0,0
Leonel Ulises Pérez,21,1092034800,2004/08/09,Primera División,2026,Midfielder,Huracán,0,0,0,Argentina,0,0,0,0,0,0,0,0,0,0,0,0,0,0,0,0,0,0,0,0,0,0,0,0,0,0,0,0,0,0,0,-1,-1,-1,-1,N/A,N/A,N/A,N/A,N/A,N/A,N/A,N/A,N/A,N/A,N/A,N/A,N/A,N/A,N/A,N/A,N/A,N/A,N/A,N/A,N/A,N/A,N/A,N/A,N/A,N/A,N/A,N/A,N/A,N/A,N/A,N/A,N/A,N/A,N/A,N/A,N/A,N/A,N/A,N/A,N/A,N/A,N/A,N/A,N/A,N/A,N/A,N/A,N/A,N/A,N/A,N/A,N/A,N/A,N/A,N/A,N/A,N/A,N/A,N/A,N/A,N/A,N/A,N/A,N/A,N/A,N/A,N/A,N/A,N/A,N/A,N/A,N/A,N/A,N/A,N/A,N/A,N/A,N/A,N/A,N/A,N/A,N/A,N/A,N/A,N/A,N/A,N/A,N/A,N/A,N/A,N/A,N/A,N/A,N/A,N/A,N/A,N/A,N/A,N/A,N/A,N/A,N/A,N/A,N/A,N/A,N/A,N/A,N/A,N/A,N/A,N/A,N/A,N/A,N/A,N/A,N/A,N/A,N/A,N/A,N/A,N/A,N/A,N/A,N/A,N/A,N/A,N/A,N/A,N/A,N/A,N/A,N/A,N/A,N/A,N/A,N/A,N/A,N/A,N/A,N/A,N/A,N/A,N/A,N/A,N/A,N/A,N/A,N/A,N/A,N/A,N/A,N/A,N/A,N/A,N/A,N/A,N/A,N/A,N/A,N/A,N/A,N/A,N/A,N/A,N/A,N/A,N/A,N/A,N/A,N/A,N/A,N/A,N/A,N/A,N/A,N/A,N/A,N/A,N/A,N/A,N/A,N/A,N/A,N/A,N/A,N/A,N/A,N/A,N/A,N/A,N/A,N/A,N/A,N/A,N/A,N/A,N/A,N/A,N/A,N/A,N/A,N/A,N/A,N/A,N/A,N/A,N/A,N/A,N/A,N/A,N/A,N/A,N/A,N/A,N/A,N/A,N/A,N/A,N/A,N/A,N/A,N/A,N/A
Leonel Vega,22,1073548800,2004/01/08,Primera División,2026,Midfielder,Atlético Tucumán,264,91,173,Argentina,5,2,3,0,0,0,0,0,0,0,0,2,1,1,2,1,1,2,0,0,0,0,0,0,0,0.68,132,53,132,0,0.68,-1,-1,-1,17,0,5.56,0,63,26.25,15.40,35,77,14.00,70,99,23.86,53,0.00,0.00,0.20,1,0.00,0.00,6.82,4.00,20,0.00,0.40,0.00,0.00,0.00,1.60,0.00,0.40,0.00,0.68,0.40,0.00,0.00,0.00,0.02,0.00,0.00,0.00,0.00,0,0,,2,0.40,39,0,0.00,22,2,0.68,53,2,2,3,99,0.00,99,0,8,2.73,99,0,28,0.00,12,0,0.00,99,0,0.00,0,0,0.00,0,0.34,28,0,0.00,9,0,0.00,0.00,0,0.00,0,0,0,0.00,0,2,0.00,74,0.68,16,N/A,N/A,N/A,N/A,0.00,0,0.00,0,0.10,0.00,0,90.91,0.00,22,20,0.60,1.02,3,12,12,0,0,0,0.00,0.00,0,29,27.80,0.40,0.68,2,0,0.00,0.00,99,0.00,0,0,0,0.00,0.00,0,0.00,0.00,0.00,0.00,0,0,0.00,56,0,1,56,74,0.20,36,0.04,0.07,0.10,26,0.02,0.03,31,2,0.40,0.68,3.75,2.20,99,11,0.03,26,2,21,81,0,46,1,0,0.00,99,0,0.00,0.00,12.61,7.40,37,22,94,80,7.50,4.40,59.46,2,0.68,51,0,0.00,0,0.00,99,0,0.00,0.00,28,3,57,57,0,0,0,0,0,41,56,74,68,0,99,69,17,98,2,40,95,19,0,0
Lisandro Ezequiel López,36,620636400,1989/09/01,Primera División,2026,Defender,Belgrano,1214,570,644,Argentina,15,7,8,0,0,0,1,1,0,0,0,8,4,4,7,2,5,3,0,0.07,0.07,0,0,0,0,0.52,173,81,405,1214,0.22,241,183,23,18,0,7.16,0.07,69,50.41,45.33,92,680,39.87,598,98,44.33,93,0.00,0.00,0.53,8,0.00,0.07,1.78,1.60,24,0.00,0.00,0.00,0.00,0.00,1.40,0.33,0.53,0.00,0.67,0.33,0.60,0.00,0.27,0.05,0.00,2.20,0.00,0.00,0,0,,9,0.60,39,4,0.30,54,5,0.37,31,7,0,15,61,0.00,99,0,21,1.56,86,1,99,0.07,16,0,0.00,99,0,0.00,0,0,0.00,0,0.59,42,9,0.67,33,5,0.37,55.56,0,0.00,0,0,0,0.00,0,8,0.00,90,0.59,10,N/A,N/A,N/A,N/A,0.00,0,0.00,0,0.76,0.00,0,87.94,44.44,80,67,0.40,0.44,6,41,73,0,0,0,0.67,0.74,10,92,107.47,6.80,7.56,102,1,0.00,0.07,10,0.07,0,0,0,0.00,0.00,0,0.00,0.00,0.15,0.13,2,0,0.00,56,76,73,56,90,2.34,80,0.16,0.17,0.76,42,0.05,0.06,20,6,0.40,0.44,0.52,0.47,16,7,0.06,42,94,97,81,0,66,80,0,0.00,99,33,0.00,2.45,7.27,6.53,98,68,53,19,5.04,4.53,69.39,0,0.00,99,0,100.00,0,0.00,99,1,0.07,0.07,31,85,30,98,0,0,0,0,0,46,56,74,68,0,99,91,66,50,3,20,65,17,0,0
Lisandro Geronimo Piñero,19,1184482800,2007/07/15,Primera División,2026,Forward,Banfield,460,258,202,Argentina,13,6,7,0,0,0,0,0,0,0,0,3,3,0,8,2,6,2,0,0,0,0,0,0,0,1.57,58,35,230,0,0.39,306,293,-1,11,0,6.55,0,63,22.45,8.85,23,115,6.00,78,22,15.23,22,0.00,0.00,0.31,4,0.00,0.92,1.95,0.77,10,0.00,1.23,0.00,0.00,0.00,0.15,0.92,0.62,0.00,0.59,0.23,1.54,0.00,0.00,0.01,0.00,0.38,0.00,0.00,0,0,,3,0.23,34,0,0.00,22,3,0.59,48,4,9,4,68,0.00,99,0,2,0.39,25,12,57,2.34,67,0,0.00,99,0,0.00,0,0,0.00,0,0.78,55,20,3.90,92,12,2.34,60.00,0,0.00,0,0,0,0.00,0,8,0.00,5,1.56,86,N/A,N/A,N/A,N/A,0.00,0,0.00,0,0.14,0.00,0,67.83,0.00,22,1,0.77,1.95,10,97,79,0,0,0,0.00,0.00,0,29,85.21,0.38,0.98,5,0,0.00,0.00,99,0.00,0,0,0,0.00,0.00,0,0.00,0.00,0.39,0.15,2,0,0.00,56,13,49,56,6,0.27,18,0.02,0.05,0.14,26,0.01,0.03,99,18,1.38,3.51,0.98,0.38,42,5,0.03,26,21,34,81,0,85,40,0,0.00,99,5,0.00,0.98,17.18,6.77,88,45,98,97,8.79,3.46,51.14,16,3.12,1,0,25.00,0,0.00,99,3,0.23,0.59,69,8,97,84,0,0,0,0,0,41,56,74,68,0,99,19,37,80,2,15,50,7,0,0
Lisandro Magallán,32,749113200,1993/09/27,Primera División,2026,Defender,Vélez Sarsfield,1331,630,701,Argentina,15,7,8,0,0,0,1,0,1,0,0,7,3,4,8,3,5,3,0,0.07,0.07,0,0,0,0,0.54,166,89,444,1331,0.2,373,174,26,20,0,6.80,0.07,69,40.84,40.27,78,604,31.93,479,68,32.39,78,0.00,0.00,0.27,4,0.00,0.07,1.15,1.13,17,0.00,0.00,0.00,0.00,0.00,0.73,0.00,0.67,0.00,0.27,0.20,0.00,0.00,0.07,0.02,0.00,1.53,0.00,0.00,0,0,,4,0.27,15,1,0.07,24,3,0.20,16,1,0,15,29,0.00,99,0,11,0.74,45,1,99,0.07,16,0,0.00,99,0,0.00,0,0,0.00,0,0.27,23,0,0.00,9,0,0.00,0.00,0,0.00,0,0,0,0.00,0,10,0.00,88,0.68,16,N/A,N/A,N/A,N/A,0.00,0,0.00,0,0.26,0.00,0,79.30,25.00,45,80,0.27,0.27,4,12,12,0,0,0,0.67,0.68,10,90,102.04,6.53,6.63,98,1,0.00,0.07,10,0.07,0,0,0,0.00,0.00,0,0.00,0.00,0.07,0.07,1,0,0.00,56,83,73,56,88,1.64,59,0.11,0.11,0.26,20,0.02,0.02,11,4,0.27,0.27,0.68,0.67,23,10,0.02,20,55,93,81,0,51,62,0,0.00,99,23,0.00,1.56,4.94,4.87,73,44,10,9,2.98,2.93,60.27,0,0.00,99,0,100.00,0,0.00,99,1,0.07,0.07,31,85,30,41,0,0,0,0,0,46,56,74,68,0,99,82,71,45,3,20,65,16,0,0
Lorenzo Albarracín,19,1171699200,2007/02/17,Primera División,2026,Forward,Instituto,0,0,0,Argentina,0,0,0,0,0,0,0,0,0,0,0,0,0,0,0,0,0,0,0,0,0,0,0,0,0,0,0,0,0,0,0,-1,-1,-1,-1,N/A,N/A,N/A,N/A,N/A,N/A,N/A,N/A,N/A,N/A,N/A,N/A,N/A,N/A,N/A,N/A,N/A,N/A,N/A,N/A,N/A,N/A,N/A,N/A,N/A,N/A,N/A,N/A,N/A,N/A,N/A,N/A,N/A,N/A,N/A,N/A,N/A,N/A,N/A,N/A,N/A,N/A,N/A,N/A,N/A,N/A,N/A,N/A,N/A,N/A,N/A,N/A,N/A,N/A,N/A,N/A,N/A,N/A,N/A,N/A,N/A,N/A,N/A,N/A,N/A,N/A,N/A,N/A,N/A,N/A,N/A,N/A,N/A,N/A,N/A,N/A,N/A,N/A,N/A,N/A,N/A,N/A,N/A,N/A,N/A,N/A,N/A,N/A,N/A,N/A,N/A,N/A,N/A,N/A,N/A,N/A,N/A,N/A,N/A,N/A,N/A,N/A,N/A,N/A,N/A,N/A,N/A,N/A,N/A,N/A,N/A,N/A,N/A,N/A,N/A,N/A,N/A,N/A,N/A,N/A,N/A,N/A,N/A,N/A,N/A,N/A,N/A,N/A,N/A,N/A,N/A,N/A,N/A,N/A,N/A,N/A,N/A,N/A,N/A,N/A,N/A,N/A,N/A,N/A,N/A,N/A,N/A,N/A,N/A,N/A,N/A,N/A,N/A,N/A,N/A,N/A,N/A,N/A,N/A,N/A,N/A,N/A,N/A,N/A,N/A,N/A,N/A,N/A,N/A,N/A,N/A,N/A,N/A,N/A,N/A,N/A,N/A,N/A,N/A,N/A,N/A,N/A,N/A,N/A,N/A,N/A,N/A,N/A,N/A,N/A,N/A,N/A,N/A,N/A,N/A,N/A,N/A,N/A,N/A,N/A,N/A,N/A,N/A,N/A,N/A,N/A,N/A,N/A,N/A,N/A,N/A,N/A,N/A,N/A,N/A,N/A,N/A,N/A,N/A,N/A,N/A,N/A,N/A,N/A
Luca Feler,18,1201334400,2008/01/26,Primera División,2026,Midfielder,Vélez Sarsfield,0,0,0,Argentina,2,1,1,0,0,0,0,0,0,0,0,0,0,0,0,0,0,0,0,0,0,0,0,0,0,0,0,0,0,0,0,-1,-1,-1,-1,0,0.00,0,63,135.00,1.50,99,3,0.50,1,0,45.00,94,0.00,0.00,0.00,0,0.00,0.50,0.00,0.00,0,0.00,0.00,0.00,0.00,0.00,0.00,0.00,0.00,0.00,0.00,0.00,0.50,0.00,0.00,0.00,0.00,0.00,0.00,0.00,0,0,,0,0.00,8,0,0.00,22,0,0.00,9,0,2,0,5,0.00,99,0,0,0.00,10,1,28,45.00,99,0,0.00,99,0,0.00,0,0,0.00,0,0.00,8,1,45.00,99,0,0.00,0.00,0,0.00,0,0,0,0.00,0,0,0.00,99,0.00,0,N/A,N/A,N/A,N/A,0.00,0,0.00,0,0.00,0.00,0,33.33,0.00,22,0,0.50,45.00,1,12,12,0,0,0,0.00,0.00,0,29,0.00,0.00,0.00,0,0,0.00,0.00,99,0.00,0,0,0,0.00,0.00,0,0.00,0.00,0.00,0.00,0,0,0.00,56,0,0,56,0,0.00,0,0.00,0.00,0.00,9,0.00,0.00,99,1,0.50,45.00,0.00,0.00,6,0,0.00,9,0,1,81,0,46,1,0,0.00,99,0,0.00,0.00,135.00,1.50,3,1,99,99,45.00,0.50,33.33,0,0.00,99,0,0.00,0,0.00,99,0,0.00,0.00,28,0,57,16,0,0,0,0,0,41,56,74,68,0,99,1,15,15,0,0,16,48,0,0
Luca Klimowicz,22,1084950000,2004/05/19,Primera División,2026,Forward,Instituto,9,0,9,Argentina,2,1,1,0,0,0,0,0,0,0,0,0,0,0,0,0,0,0,0,0,0,0,0,0,0,0,0,5,0,0,0,-1,-1,-1,17,0,3.36,0,63,36.00,2.00,67,4,0.50,1,0,9.00,3,0.00,0.00,0.00,0,0.00,0.00,9.00,0.50,1,0.00,0.00,0.00,0.00,0.00,0.00,0.00,0.00,0.00,0.00,0.00,0.00,0.00,0.00,0.00,0.00,0.00,0.00,0.00,0,0,,0,0.00,8,0,0.00,22,0,0.00,9,0,2,0,99,0.00,99,0,0,0.00,10,0,28,0.00,12,0,0.00,99,0,0.00,0,0,0.00,0,0.00,8,0,0.00,9,0,0.00,0.00,0,0.00,0,0,0,0.00,0,0,0.00,99,0.00,0,N/A,N/A,N/A,N/A,0.00,0,0.00,0,0.00,0.00,0,25.00,0.00,22,99,0.00,0.00,0,12,12,0,0,0,0.00,0.00,0,29,6.72,0.00,0.00,0,0,0.00,0.00,99,0.00,0,0,0,0.00,0.00,0,0.00,0.00,9.00,0.50,1,0,0.00,56,0,0,56,0,0.00,0,0.00,0.00,0.00,9,0.00,0.00,99,2,1.00,18.00,9.00,0.50,99,1,0.00,9,0,1,81,0,99,1,0,0.00,99,0,0.00,0.00,27.00,1.50,3,3,99,99,27.00,1.50,100.00,0,0.00,99,0,0.00,0,0.00,99,0,0.00,0.00,28,0,57,16,0,0,0,0,0,41,56,74,68,0,99,1,15,15,0,0,16,77,0,0
Luca Marcelo Babino,20,1125385200,2005/08/30,Primera División,2026,Midfielder,Huracán,0,0,0,Argentina,0,0,0,0,0,0,0,0,0,0,0,0,0,0,0,0,0,0,0,0,0,0,0,0,0,0,0,0,0,0,0,-1,-1,-1,-1,N/A,N/A,N/A,N/A,N/A,N/A,N/A,N/A,N/A,N/A,N/A,N/A,N/A,N/A,N/A,N/A,N/A,N/A,N/A,N/A,N/A,N/A,N/A,N/A,N/A,N/A,N/A,N/A,N/A,N/A,N/A,N/A,N/A,N/A,N/A,N/A,N/A,N/A,N/A,N/A,N/A,N/A,N/A,N/A,N/A,N/A,N/A,N/A,N/A,N/A,N/A,N/A,N/A,N/A,N/A,N/A,N/A,N/A,N/A,N/A,N/A,N/A,N/A,N/A,N/A,N/A,N/A,N/A,N/A,N/A,N/A,N/A,N/A,N/A,N/A,N/A,N/A,N/A,N/A,N/A,N/A,N/A,N/A,N/A,N/A,N/A,N/A,N/A,N/A,N/A,N/A,N/A,N/A,N/A,N/A,N/A,N/A,N/A,N/A,N/A,N/A,N/A,N/A,N/A,N/A,N/A,N/A,N/A,N/A,N/A,N/A,N/A,N/A,N/A,N/A,N/A,N/A,N/A,N/A,N/A,N/A,N/A,N/A,N/A,N/A,N/A,N/A,N/A,N/A,N/A,N/A,N/A,N/A,N/A,N/A,N/A,N/A,N/A,N/A,N/A,N/A,N/A,N/A,N/A,N/A,N/A,N/A,N/A,N/A,N/A,N/A,N/A,N/A,N/A,N/A,N/A,N/A,N/A,N/A,N/A,N/A,N/A,N/A,N/A,N/A,N/A,N/A,N/A,N/A,N/A,N/A,N/A,N/A,N/A,N/A,N/A,N/A,N/A,N/A,N/A,N/A,N/A,N/A,N/A,N/A,N/A,N/A,N/A,N/A,N/A,N/A,N/A,N/A,N/A,N/A,N/A,N/A,N/A,N/A,N/A,N/A,N/A,N/A,N/A,N/A,N/A,N/A,N/A,N/A,N/A,N/A,N/A,N/A,N/A,N/A,N/A,N/A,N/A,N/A,N/A,N/A,N/A,N/A,N/A
Luca Regiardo,19,1161586800,2006/10/23,Primera División,2026,Midfielder,Newell's Old Boys,965,540,425,Argentina,11,6,5,0,0,0,0,0,0,0,0,2,2,0,16,6,10,4,0,0,0,0,0,0,0,1.49,60,88,241,0,0.37,544,544,-1,29,0,6.70,0,63,33.11,32.27,58,355,25.73,283,70,26.39,61,0.00,0.00,0.09,1,0.00,0.27,2.24,2.18,24,0.00,0.27,0.00,0.00,0.00,1.91,0.27,1.45,0.00,0.47,0.45,0.45,0.00,0.00,0.02,0.00,0.82,0.00,0.00,0,0,,5,0.45,26,0,0.00,22,5,0.47,39,10,0,11,77,0.00,99,0,21,1.96,95,3,28,0.28,27,0,0.00,99,0,0.00,0,0,0.00,0,0.09,11,5,0.47,25,3,0.28,60.00,0,0.00,0,0,0,0.00,0,16,0.00,7,1.49,83,N/A,N/A,N/A,N/A,0.00,0,0.00,0,0.24,0.00,0,79.72,0.00,22,27,0.91,0.93,10,31,79,0,0,0,0.36,0.37,4,74,73.75,1.27,1.31,14,1,0.00,0.09,6,0.09,0,0,0,0.00,0.00,0,0.00,0.00,0.00,0.00,0,0,0.00,56,57,31,56,7,0.70,36,0.06,0.07,0.24,20,0.02,0.02,16,4,0.36,0.37,1.68,1.64,82,18,0.02,20,38,43,81,0,46,34,0,0.00,99,9,0.00,0.84,7.74,7.55,83,38,16,23,3.54,3.45,45.78,3,0.28,74,0,0.00,0,0.00,99,0,0.00,0.00,28,59,30,99,0,0,0,0,0,41,56,74,68,0,99,10,39,77,4,36,93,5,0,0
Luca Valentino Raffin,20,1137139200,2006/01/13,Primera División,2026,Defender,Rosario Central,177,95,82,Paraguay,6,3,3,0,0,0,0,0,0,0,0,1,0,1,3,3,0,0,0,0,0,0,0,0,0,1.53,59,30,0,0,0,-1,-1,-1,14,0,3.79,0,63,36.80,11.86,70,83,10.43,73,98,32.36,78,0.00,0.00,0.14,1,0.00,0.00,1.77,0.57,4,0.00,0.00,0.00,0.00,0.00,0.57,0.00,0.57,0.00,0.00,0.00,0.00,0.00,0.00,0.00,0.00,1.14,0.00,0.00,0,0,,0,0.00,8,0,0.00,22,0,0.00,9,2,4,2,60,0.00,99,0,4,1.77,91,0,28,0.00,12,0,0.00,99,0,0.00,0,0,0.00,0,0.44,34,0,0.00,9,0,0.00,0.00,0,0.00,0,0,0,0.00,0,4,0.00,6,1.77,91,N/A,N/A,N/A,N/A,0.00,0,0.00,0,0.00,0.00,0,87.95,0.00,22,67,0.14,0.44,1,12,12,0,0,0,0.29,0.89,2,97,26.53,3.57,11.08,25,0,0.00,0.00,99,0.00,0,0,0,0.00,0.00,0,0.00,0.00,0.00,0.00,0,0,0.00,56,0,4,56,6,0.17,42,0.02,0.08,0.00,9,0.00,0.00,43,2,0.29,0.89,1.33,0.43,64,3,0.00,9,0,99,81,0,46,94,0,0.00,99,8,0.00,3.55,9.31,3.00,21,14,82,44,6.21,2.00,66.67,0,0.00,99,0,0.00,0,0.00,99,0,0.00,0.00,28,0,75,57,0,0,0,0,0,41,56,74,68,0,99,8,15,15,0,0,16,47,0,0
Lucas Agustín Besozzi,23,1043222400,2003/01/22,Primera División,2026,Forward,Lanús,298,136,162,Argentina,13,7,6,0,0,0,2,2,0,0,0,6,5,1,1,0,1,0,0,0.6,0.6,0,0,0,0,0.3,298,23,0,149,0,523,5,-1,14,0,6.59,0.15,99,46.51,11.85,87,154,10.00,130,89,39.26,89,0.00,0.00,0.62,8,0.00,1.23,0.60,0.15,2,0.00,1.08,0.00,0.00,0.00,0.08,0.69,0.23,0.00,1.21,0.15,1.54,0.00,0.15,0.03,0.00,0.23,0.00,0.00,0,0,,4,0.31,60,2,0.60,76,2,0.60,49,2,12,1,13,0.00,99,0,1,0.30,22,16,57,4.83,92,0,0.00,99,0,0.00,0,0,0.00,0,2.42,97,20,6.04,99,9,2.72,45.00,0,0.00,0,0,0,0.00,0,3,0.00,98,0.91,39,N/A,N/A,N/A,N/A,0.00,0,0.00,0,0.39,0.00,0,84.42,50.00,91,5,0.38,1.51,5,99,52,0,0,0,0.00,0.00,0,29,85.63,0.23,0.91,3,0,0.00,0.00,99,0.00,0,0,0,0.00,0.00,0,0.00,0.00,0.00,0.00,0,0,0.00,56,0,49,56,98,1.71,99,0.13,0.52,0.39,58,0.03,0.12,62,4,0.31,1.21,0.60,0.15,19,2,0.12,57,25,32,81,0,46,37,0,0.00,99,3,0.00,0.91,14.50,3.69,48,18,64,90,5.44,1.38,37.50,14,4.23,0,0,25.00,0,0.00,99,4,0.31,1.21,89,0,99,57,0,0,0,0,0,97,56,74,68,0,99,81,15,15,0,0,16,77,0,0
Lucas Alario,33,718527600,1992/10/08,Primera División,2026,Forward,Estudiantes,112,17,95,Argentina,4,2,2,1,0,1,0,0,0,0,0,2,0,2,0,0,0,0,0,0.8,0,0.8,0,0.95,112,0,0,28,0,0,0,-1,-1,-1,9,0,5.25,0,63,24.69,7.75,29,31,5.75,23,41,18.32,34,0.00,0.00,0.75,3,0.00,0.00,0.00,0.00,0,0.00,0.25,0.00,0.00,0.00,0.25,0.00,0.00,3.00,2.39,0.50,0.00,0.00,0.25,0.20,0.00,1.50,0.00,0.00,0,0,,3,0.75,89,1,0.80,85,2,1.59,89,0,3,1,5,0.00,99,0,1,0.80,47,0,28,0.00,12,0,0.00,99,0,0.00,0,0,0.00,0,2.39,97,0,0.00,9,0,0.00,0.00,0,0.00,0,0,0,0.00,0,0,0.00,99,0.00,0,N/A,N/A,N/A,N/A,0.00,0,0.00,0,0.79,0.00,0,74.19,33.33,62,35,0.25,0.80,1,12,12,0,0,0,0.00,0.00,0,29,20.98,0.25,0.80,1,0,0.00,0.00,99,0.00,0,0,0,0.00,0.00,0,0.00,0.00,0.80,0.25,1,0,33.33,99,0,0,56,0,0.19,74,0.05,0.15,0.79,99,0.20,0.63,98,4,1.00,3.19,1.59,0.50,77,2,0.63,99,1,25,81,0,96,98,0,0.00,99,6,0.00,4.78,15.93,5.00,20,10,96,94,7.96,2.50,50.00,1,0.80,44,0,0.00,0,0.00,99,0,0.00,0.00,28,0,66,16,0,0,0,0,0,99,99,99,68,0,99,88,15,15,0,0,16,27,0,0
Lucas Alejandro González Martínez,26,960015600,2000/06/03,Primera División,2026,Midfielder,Central Córdoba SdE,894,438,456,Argentina,14,7,7,0,0,0,0,0,0,0,0,6,4,2,6,4,2,4,0,0,0,0,0,0,0,0.6,149,64,224,0,0.4,363,373,-1,23,0,6.66,0,63,34.03,24.14,62,338,19.36,271,73,27.28,64,0.00,0.00,0.50,7,0.00,0.36,1.81,1.29,18,0.00,1.29,0.00,0.00,0.00,0.21,0.71,0.43,0.00,1.31,0.86,1.14,0.00,0.07,0.05,0.00,0.21,0.00,0.00,0,0,,13,0.93,64,1,0.10,29,12,1.21,78,3,3,11,62,0.00,99,0,3,0.30,22,5,28,0.50,38,0,0.00,99,0,0.00,0,0,0.00,0,0.70,49,16,1.61,63,10,1.01,62.50,0,0.00,0,0,0,0.00,0,6,0.00,84,0.60,11,N/A,N/A,N/A,N/A,0.00,0,0.00,0,0.67,0.00,0,80.18,7.69,22,78,0.21,0.30,3,77,81,0,0,0,0.07,0.10,1,36,93.24,0.43,0.60,6,0,0.00,0.00,99,0.00,0,0,0,0.00,0.00,0,0.00,0.00,0.00,0.00,0,0,0.00,56,53,61,56,84,0.79,42,0.06,0.08,0.67,44,0.05,0.07,79,17,1.21,1.71,1.51,1.07,75,15,0.07,44,34,18,81,0,46,10,0,0.00,99,3,0.00,0.30,9.26,6.57,92,45,40,43,4.53,3.21,48.91,18,1.81,9,0,0.00,0,0.00,99,0,0.00,0.00,28,59,66,74,0,0,0,0,0,41,56,74,68,0,99,75,34,81,4,29,85,18,0,0
Lucas Ariel Menossi,34,710838000,1992/07/11,Primera División,2026,Midfielder,Unión Santa Fe,93,59,34,Argentina,5,2,3,1,1,0,0,0,0,0,0,0,0,0,1,1,0,1,0,0.97,0,0.97,1.53,0,93,0.97,93,19,93,0,0.97,-1,-1,-1,9,0,5.40,0,63,64.84,13.40,98,67,11.00,55,79,53.23,98,0.00,0.00,0.20,1,0.00,0.20,3.87,0.80,4,0.00,0.40,0.00,0.00,0.00,0.20,0.20,0.60,3.00,2.90,0.20,0.20,0.00,0.40,0.18,0.00,0.00,0.00,0.00,0,0,,3,0.60,95,2,1.94,99,1,0.97,68,0,5,0,98,0.00,99,0,1,0.97,56,1,28,0.97,49,0,0.00,99,0,0.00,0,0,0.00,0,0.97,65,1,0.97,43,1,0.97,100.00,0,0.00,0,0,0,0.00,0,3,0.00,44,2.90,94,N/A,N/A,N/A,N/A,0.00,0,0.00,0,0.89,0.00,0,82.09,66.67,98,24,0.20,0.97,1,75,99,0,0,0,0.00,0.00,0,29,27.02,0.40,1.94,2,0,0.00,0.00,99,0.00,0,0,0,0.00,0.00,0,0.00,0.00,0.00,0.00,0,0,33.33,99,0,1,56,44,0.14,70,0.03,0.14,0.89,99,0.18,0.86,48,1,0.20,0.97,2.90,0.60,98,3,0.86,99,1,59,81,0,46,1,0,0.00,99,0,0.00,0.00,12.58,2.60,13,6,72,80,5.81,1.20,46.15,2,1.94,7,0,0.00,0,0.00,99,0,0.00,0.00,28,0,82,16,0,0,0,0,0,99,99,74,99,0,99,1,16,99,1,20,65,5,0,0
Lucas Baños,20,1123225200,2005/08/05,Primera División,2026,Defender,Newell's Old Boys,0,0,0,Argentina,0,0,0,0,0,0,0,0,0,0,0,0,0,0,0,0,0,0,0,0,0,0,0,0,0,0,0,0,0,0,0,-1,-1,-1,-1,N/A,N/A,N/A,N/A,N/A,N/A,N/A,N/A,N/A,N/A,N/A,N/A,N/A,N/A,N/A,N/A,N/A,N/A,N/A,N/A,N/A,N/A,N/A,N/A,N/A,N/A,N/A,N/A,N/A,N/A,N/A,N/A,N/A,N/A,N/A,N/A,N/A,N/A,N/A,N/A,N/A,N/A,N/A,N/A,N/A,N/A,N/A,N/A,N/A,N/A,N/A,N/A,N/A,N/A,N/A,N/A,N/A,N/A,N/A,N/A,N/A,N/A,N/A,N/A,N/A,N/A,N/A,N/A,N/A,N/A,N/A,N/A,N/A,N/A,N/A,N/A,N/A,N/A,N/A,N/A,N/A,N/A,N/A,N/A,N/A,N/A,N/A,N/A,N/A,N/A,N/A,N/A,N/A,N/A,N/A,N/A,N/A,N/A,N/A,N/A,N/A,N/A,N/A,N/A,N/A,N/A,N/A,N/A,N/A,N/A,N/A,N/A,N/A,N/A,N/A,N/A,N/A,N/A,N/A,N/A,N/A,N/A,N/A,N/A,N/A,N/A,N/A,N/A,N/A,N/A,N/A,N/A,N/A,N/A,N/A,N/A,N/A,N/A,N/A,N/A,N/A,N/A,N/A,N/A,N/A,N/A,N/A,N/A,N/A,N/A,N/A,N/A,N/A,N/A,N/A,N/A,N/A,N/A,N/A,N/A,N/A,N/A,N/A,N/A,N/A,N/A,N/A,N/A,N/A,N/A,N/A,N/A,N/A,N/A,N/A,N/A,N/A,N/A,N/A,N/A,N/A,N/A,N/A,N/A,N/A,N/A,N/A,N/A,N/A,N/A,N/A,N/A,N/A,N/A,N/A,N/A,N/A,N/A,N/A,N/A,N/A,N/A,N/A,N/A,N/A,N/A,N/A,N/A,N/A,N/A,N/A,N/A,N/A,N/A,N/A,N/A,N/A,N/A,N/A,N/A,N/A,N/A,N/A,N/A
Lucas Bernabéu,22,1073462400,2004/01/07,Primera División,2026,Defender,Central Córdoba SdE,0,0,0,Argentina,0,0,0,0,0,0,0,0,0,0,0,0,0,0,0,0,0,0,0,0,0,0,0,0,0,0,0,0,0,0,0,-1,-1,-1,-1,N/A,N/A,N/A,N/A,N/A,N/A,N/A,N/A,N/A,N/A,N/A,N/A,N/A,N/A,N/A,N/A,N/A,N/A,N/A,N/A,N/A,N/A,N/A,N/A,N/A,N/A,N/A,N/A,N/A,N/A,N/A,N/A,N/A,N/A,N/A,N/A,N/A,N/A,N/A,N/A,N/A,N/A,N/A,N/A,N/A,N/A,N/A,N/A,N/A,N/A,N/A,N/A,N/A,N/A,N/A,N/A,N/A,N/A,N/A,N/A,N/A,N/A,N/A,N/A,N/A,N/A,N/A,N/A,N/A,N/A,N/A,N/A,N/A,N/A,N/A,N/A,N/A,N/A,N/A,N/A,N/A,N/A,N/A,N/A,N/A,N/A,N/A,N/A,N/A,N/A,N/A,N/A,N/A,N/A,N/A,N/A,N/A,N/A,N/A,N/A,N/A,N/A,N/A,N/A,N/A,N/A,N/A,N/A,N/A,N/A,N/A,N/A,N/A,N/A,N/A,N/A,N/A,N/A,N/A,N/A,N/A,N/A,N/A,N/A,N/A,N/A,N/A,N/A,N/A,N/A,N/A,N/A,N/A,N/A,N/A,N/A,N/A,N/A,N/A,N/A,N/A,N/A,N/A,N/A,N/A,N/A,N/A,N/A,N/A,N/A,N/A,N/A,N/A,N/A,N/A,N/A,N/A,N/A,N/A,N/A,N/A,N/A,N/A,N/A,N/A,N/A,N/A,N/A,N/A,N/A,N/A,N/A,N/A,N/A,N/A,N/A,N/A,N/A,N/A,N/A,N/A,N/A,N/A,N/A,N/A,N/A,N/A,N/A,N/A,N/A,N/A,N/A,N/A,N/A,N/A,N/A,N/A,N/A,N/A,N/A,N/A,N/A,N/A,N/A,N/A,N/A,N/A,N/A,N/A,N/A,N/A,N/A,N/A,N/A,N/A,N/A,N/A,N/A,N/A,N/A,N/A,N/A,N/A,N/A
Lucas Blondel,29,842684400,1996/09/14,Primera División,2026,Defender,Huracán,840,286,554,Argentina,10,4,6,1,0,1,0,0,0,0,0,4,1,3,7,4,3,4,0,0.11,0,0.11,0,0.16,840,0.75,120,84,210,0,0.43,176,207,79,9,0,6.73,0,63,30.10,29.10,47,291,19.60,196,21,20.28,40,0.00,0.00,0.30,3,0.00,1.10,1.86,1.80,18,0.00,0.70,0.00,0.00,0.00,1.60,0.50,0.80,12.00,1.24,1.00,1.40,0.00,0.20,0.13,0.00,2.00,0.00,0.00,0,0,,12,1.20,61,2,0.21,45,10,1.03,70,4,1,9,64,0.00,99,0,16,1.66,88,11,28,1.14,52,0,0.00,99,0,0.00,0,0,0.00,0,0.31,26,14,1.45,59,5,0.52,35.71,0,0.00,0,0,0,0.00,0,8,0.00,67,0.83,30,N/A,N/A,N/A,N/A,0.00,0,0.00,0,1.34,0.00,0,67.35,16.67,31,5,1.50,1.55,15,52,34,0,0,0,0.30,0.31,3,67,67.32,2.40,2.48,24,0,0.00,0.00,99,0.00,0,0,1,0.10,0.10,0,0.00,0.00,0.00,0.00,0,0,8.33,69,48,23,90,67,0.49,18,0.05,0.05,1.34,64,0.13,0.14,26,5,0.50,0.52,1.24,1.20,58,12,0.14,63,44,68,90,0,46,72,0,0.00,99,20,0.00,2.07,10.76,10.40,104,48,51,61,4.97,4.80,46.15,7,0.72,49,0,0.00,0,0.00,99,0,0.00,0.00,28,48,44,84,0,0,0,0,0,54,68,80,68,0,99,69,31,85,4,40,95,2,0,0
Lucas Castro,37,608108400,1989/04/09,Primera División,2026,Midfielder,Gimnasia La Plata,289,165,124,Argentina,11,6,5,0,0,0,0,0,0,0,0,3,2,1,4,4,0,0,0,0,0,0,0,0,0,1.25,72,26,0,0,0,502,495,-1,20,0,5.49,0,63,45.77,13.45,86,148,9.27,102,25,31.55,76,0.00,0.00,0.27,3,0.00,0.45,4.33,1.27,14,0.00,0.55,0.00,0.00,0.00,0.00,0.27,0.36,0.00,2.78,0.82,0.73,0.00,0.00,0.05,0.00,0.82,0.00,0.00,0,0,,9,0.82,94,0,0.00,22,9,2.78,99,3,8,3,99,0.00,99,0,0,0.00,10,5,85,1.55,58,0,0.00,99,0,0.00,0,0,0.00,0,0.93,63,8,2.47,79,3,0.93,37.50,0,0.00,0,0,0,0.00,0,4,0.00,19,1.24,68,N/A,N/A,N/A,N/A,0.00,0,0.00,0,0.52,0.00,0,68.92,0.00,22,5,0.45,1.55,5,72,38,0,0,0,0.09,0.31,1,67,60.41,1.00,3.40,11,0,0.00,0.00,99,0.00,0,0,0,0.00,0.00,0,0.00,0.00,0.00,0.00,0,0,0.00,56,0,31,56,19,0.39,63,0.04,0.12,0.52,68,0.05,0.16,82,6,0.55,1.86,0.62,0.18,20,2,0.16,66,2,77,81,0,46,85,0,0.00,99,9,0.00,2.78,15.15,4.45,49,32,99,92,9.90,2.91,65.31,6,1.86,8,0,40.00,0,0.00,99,2,0.18,0.62,71,3,95,74,0,0,0,0,0,41,56,74,68,0,99,33,15,15,0,0,16,19,0,0
Lucas Dante Cornejo,21,1109664000,2005/03/01,Primera División,2026,Midfielder,Estudiantes,0,0,0,Argentina,0,0,0,0,0,0,0,0,0,0,0,0,0,0,0,0,0,0,0,0,0,0,0,0,0,0,0,0,0,0,0,-1,-1,-1,-1,N/A,N/A,N/A,N/A,N/A,N/A,N/A,N/A,N/A,N/A,N/A,N/A,N/A,N/A,N/A,N/A,N/A,N/A,N/A,N/A,N/A,N/A,N/A,N/A,N/A,N/A,N/A,N/A,N/A,N/A,N/A,N/A,N/A,N/A,N/A,N/A,N/A,N/A,N/A,N/A,N/A,N/A,N/A,N/A,N/A,N/A,N/A,N/A,N/A,N/A,N/A,N/A,N/A,N/A,N/A,N/A,N/A,N/A,N/A,N/A,N/A,N/A,N/A,N/A,N/A,N/A,N/A,N/A,N/A,N/A,N/A,N/A,N/A,N/A,N/A,N/A,N/A,N/A,N/A,N/A,N/A,N/A,N/A,N/A,N/A,N/A,N/A,N/A,N/A,N/A,N/A,N/A,N/A,N/A,N/A,N/A,N/A,N/A,N/A,N/A,N/A,N/A,N/A,N/A,N/A,N/A,N/A,N/A,N/A,N/A,N/A,N/A,N/A,N/A,N/A,N/A,N/A,N/A,N/A,N/A,N/A,N/A,N/A,N/A,N/A,N/A,N/A,N/A,N/A,N/A,N/A,N/A,N/A,N/A,N/A,N/A,N/A,N/A,N/A,N/A,N/A,N/A,N/A,N/A,N/A,N/A,N/A,N/A,N/A,N/A,N/A,N/A,N/A,N/A,N/A,N/A,N/A,N/A,N/A,N/A,N/A,N/A,N/A,N/A,N/A,N/A,N/A,N/A,N/A,N/A,N/A,N/A,N/A,N/A,N/A,N/A,N/A,N/A,N/A,N/A,N/A,N/A,N/A,N/A,N/A,N/A,N/A,N/A,N/A,N/A,N/A,N/A,N/A,N/A,N/A,N/A,N/A,N/A,N/A,N/A,N/A,N/A,N/A,N/A,N/A,N/A,N/A,N/A,N/A,N/A,N/A,N/A,N/A,N/A,N/A,N/A,N/A,N/A,N/A,N/A,N/A,N/A,N/A,N/A
Lucas Eduardo Carrizo,29,864111600,1997/05/20,Primera División,2026,Defender,Huracán,1080,493,587,Argentina,14,7,7,0,0,0,0,0,0,0,0,4,2,2,8,6,2,5,1,0,0,0,0,0,0,0.67,135,77,180,0,0.5,451,440,61,21,0,6.41,0,63,47.68,42.00,88,588,32.36,453,58,36.73,85,0.00,0.00,0.36,5,0.00,0.29,1.95,1.71,24,0.00,0.21,0.00,0.00,0.00,0.86,0.14,0.71,0.00,0.24,0.14,0.21,0.00,0.07,0.02,0.00,0.86,0.00,0.00,0,0,,3,0.21,14,1,0.08,26,2,0.16,14,1,3,11,68,0.00,99,0,12,0.97,56,4,28,0.32,30,0,0.00,99,0,0.00,0,0,0.00,0,0.41,32,3,0.24,18,2,0.16,66.67,0,0.00,0,0,0,0.00,0,10,0.00,77,0.81,28,N/A,N/A,N/A,N/A,0.00,0,0.00,0,0.24,0.00,0,77.04,33.33,62,24,0.86,0.97,12,21,87,0,0,0,0.29,0.32,4,69,89.73,3.93,4.46,55,0,0.00,0.00,99,0.00,0,0,0,0.00,0.00,0,0.00,0.00,0.00,0.00,0,0,0.00,56,66,61,56,77,1.32,59,0.09,0.11,0.24,20,0.02,0.02,85,24,1.71,1.95,0.57,0.50,18,7,0.02,20,16,83,81,0,46,39,0,0.00,99,12,0.00,0.97,7.46,6.57,92,61,50,21,4.95,4.36,66.30,3,0.24,77,0,0.00,0,0.00,99,0,0.00,0.00,28,59,66,41,0,0,0,0,0,41,56,74,68,0,99,39,26,90,4,29,85,3,0,0
Lucas Emanuel Gamba,39,551516400,1987/06/24,Primera División,2026,Forward,Barracas Central,111,83,28,Argentina,5,3,2,1,1,0,0,0,0,0,0,1,0,1,3,3,0,0,0,0.81,0,0.81,1.08,0,111,2.43,37,22,0,0,0,-1,-1,-1,5,0,5.40,0,63,23.51,5.80,25,29,4.20,21,34,17.03,29,0.00,0.00,0.40,2,0.00,1.20,0.00,0.00,0,0.00,0.40,0.00,0.00,0.00,0.00,0.20,0.80,3.00,2.43,0.20,0.40,0.00,0.40,0.18,0.00,0.00,0.00,0.00,0,0,,3,0.60,89,2,1.62,99,1,0.81,59,4,4,1,5,0.00,99,0,0,0.00,10,6,39,4.86,92,0,0.00,99,0,0.00,0,0,0.00,0,1.62,89,2,1.62,63,1,0.81,50.00,0,0.00,0,0,0,0.00,0,4,0.00,0,3.24,94,N/A,N/A,N/A,N/A,0.00,0,0.00,0,0.89,0.00,0,72.41,66.67,98,99,0.00,0.00,0,65,66,0,0,0,0.00,0.00,0,29,27.00,0.00,0.00,0,0,0.00,0.00,99,0.00,0,0,0,0.00,0.00,0,0.00,0.00,0.81,0.20,1,0,33.33,99,0,1,56,0,0.12,54,0.02,0.10,0.89,99,0.18,0.72,93,3,0.60,2.43,0.81,0.20,32,1,0.72,99,1,1,81,0,96,1,0,0.00,99,0,0.00,0.00,8.11,2.00,10,4,13,28,3.24,0.80,40.00,2,1.62,13,0,16.67,0,0.00,99,1,0.20,0.81,78,0,75,84,0,0,0,0,0,99,99,74,99,0,99,15,15,15,0,0,16,21,0,0
Lucas Ezequiel Janson,31,777020400,1994/08/16,Primera División,2026,Forward,Boca Juniors,185,185,0,Argentina,3,3,0,0,0,0,0,0,0,0,0,2,2,0,1,1,0,1,0,0,0,0,0,0,0,0.49,185,62,185,0,0.49,-1,-1,-1,19,0,6.65,0,63,27.24,18.67,38,56,14.00,42,46,20.43,41,0.00,0.00,1.00,3,0.00,0.33,1.46,1.00,3,0.00,0.67,0.00,0.00,0.00,0.00,1.00,0.33,0.00,0.97,0.00,1.33,0.00,0.67,0.08,0.00,1.67,0.00,0.00,0,0,,2,0.67,52,2,0.97,89,0,0.00,9,5,0,3,45,0.00,99,0,0,0.00,10,1,28,0.49,38,0,0.00,99,0,0.00,0,0,0.00,0,1.46,83,4,1.95,68,3,1.46,75.00,0,0.00,0,0,0,0.00,0,1,0.00,92,0.49,5,N/A,N/A,N/A,N/A,0.00,0,0.00,0,0.24,0.00,0,75.00,100.00,99,24,0.67,0.97,2,88,90,0,0,0,0.00,0.00,0,29,19.96,0.00,0.00,0,0,0.00,0.00,99,0.00,0,0,0,0.00,0.00,0,0.00,0.00,0.49,0.33,1,0,0.00,56,0,0,56,92,0.20,54,0.07,0.10,0.24,58,0.08,0.12,97,6,2.00,2.92,3.41,2.33,99,7,0.12,57,32,1,81,0,91,79,0,0.00,99,5,0.00,2.43,15.08,10.33,31,16,96,92,7.78,5.33,51.61,2,0.97,35,0,0.00,0,0.00,99,0,0.00,0.00,28,3,30,92,0,0,0,0,0,41,56,74,68,0,99,99,27,89,1,33,92,11,0,0
Lucas Ezequiel Piovi,34,694252800,1992/01/01,Primera División,2026,Midfielder,Estudiantes,1236,704,532,Argentina,15,8,7,0,0,0,1,0,1,0,0,9,4,5,6,4,2,4,0,0.07,0.07,0,0,0,0,0.44,206,82,309,1236,0.29,556,179,-1,16,0,6.93,0.07,69,49.66,45.47,91,682,37.93,569,85,41.43,92,0.00,0.00,0.33,5,0.00,0.53,2.91,2.67,40,0.00,0.33,0.00,0.00,0.00,0.67,0.47,0.47,0.00,0.80,0.53,0.93,0.00,0.20,0.05,0.00,0.67,0.00,0.00,0,0,,11,0.73,46,3,0.22,46,8,0.58,47,5,0,15,92,0.00,99,0,10,0.73,44,8,95,0.58,41,0,0.00,99,0,0.00,0,0,0.00,0,0.36,29,14,1.02,44,7,0.51,50.00,0,0.00,0,0,0,0.00,0,7,0.00,95,0.51,6,N/A,N/A,N/A,N/A,0.00,0,0.00,0,0.82,0.00,0,83.43,27.27,47,41,0.67,0.73,10,51,66,0,0,0,0.47,0.51,7,83,103.98,1.40,1.53,21,0,0.00,0.00,99,0.00,0,0,0,0.00,0.00,0,0.00,0.00,0.00,0.00,0,0,0.00,56,77,73,56,95,2.04,74,0.14,0.15,0.82,42,0.05,0.06,16,5,0.33,0.36,1.31,1.20,62,18,0.06,42,78,50,81,0,46,30,0,0.00,99,10,0.00,0.73,8.45,7.73,116,62,39,31,4.51,4.13,53.45,5,0.36,70,0,50.00,0,0.00,99,4,0.27,0.29,54,85,30,92,0,0,0,0,0,46,56,74,68,0,99,97,52,64,4,27,82,21,0,0
Lucas Gabriel Silva,19,1172476800,2007/02/26,Primera División,2026,Midfielder,River Plate,34,34,0,Argentina,1,1,0,0,0,0,0,0,0,0,0,1,1,0,0,0,0,0,0,0,0,0,0,0,0,0,0,34,0,0,0,-1,-1,-1,33,0,6.72,0,63,21.18,8.00,17,8,8.00,8,99,21.18,44,0.00,0.00,0.00,0,0.00,0.00,2.65,1.00,1,0.00,1.00,0.00,0.00,0.00,1.00,0.00,0.00,0.00,2.65,1.00,1.00,0.00,0.00,0.04,0.00,0.00,0.00,0.00,0,0,,1,1.00,94,0,0.00,22,1,2.65,99,0,1,0,88,0.00,99,0,1,2.65,99,0,28,0.00,12,0,0.00,99,0,0.00,0,0,0.00,0,0.00,8,1,2.65,80,0,0.00,0.00,0,0.00,0,0,0,0.00,0,0,0.00,99,0.00,0,N/A,N/A,N/A,N/A,0.00,0,0.00,0,0.04,0.00,0,100.00,0.00,22,99,0.00,0.00,0,12,12,0,0,0,0.00,0.00,0,29,6.72,1.00,2.65,1,0,0.00,0.00,99,0.00,0,0,0,0.00,0.00,0,0.00,0.00,0.00,0.00,0,0,0.00,56,0,0,56,0,0.02,18,0.02,0.05,0.04,55,0.04,0.11,96,1,1.00,2.65,0.00,0.00,6,0,0.11,54,42,70,81,0,46,1,0,0.00,99,0,0.00,0.00,10.59,4.00,4,2,61,58,5.29,2.00,50.00,1,2.65,2,0,0.00,0,0.00,99,0,0.00,0.00,28,0,44,16,0,0,0,0,0,41,56,74,68,0,99,99,15,15,0,0,16,44,0,0
Lucas Giuliano Passerini,32,774342000,1994/07/16,Primera División,2026,Forward,Belgrano,695,182,513,Argentina,14,5,9,0,0,0,6,2,4,0,0,5,2,3,7,1,6,5,1,0.78,0.78,0,0,0,0,0.91,99,50,139,116,0.65,236,1,-1,21,0,6.73,0.43,99,16.88,9.71,5,136,6.57,92,21,11.42,8,0.00,0.00,1.00,14,0.00,0.07,0.99,0.57,8,0.00,1.43,0.00,0.00,0.00,0.14,0.43,0.57,0.00,2.36,0.93,1.36,0.00,0.43,0.10,0.00,1.50,0.00,0.00,0,0,,19,1.36,88,6,0.74,82,13,1.61,90,3,7,7,23,0.00,99,0,2,0.25,21,1,28,0.12,19,0,0.00,99,0,0.00,0,0,0.00,0,1.74,92,19,2.36,77,6,0.74,31.58,0,0.00,0,0,0,0.00,0,8,0.00,49,0.99,48,N/A,N/A,N/A,N/A,0.00,0,0.00,0,1.33,0.00,0,67.65,31.58,56,82,0.14,0.25,2,62,27,0,1,0,0.00,0.00,0,29,94.25,1.29,2.23,18,0,0.00,0.00,99,0.00,0,1,0,0.00,0.00,0,0.00,0.00,1.24,0.71,10,1,0.00,56,36,61,56,49,3.90,99,0.28,0.48,0.63,48,0.04,0.08,87,16,1.14,1.99,2.98,1.71,98,24,0.17,68,44,63,81,0,99,82,0,0.00,99,21,0.00,2.61,18.74,10.79,151,50,82,98,6.21,3.57,33.11,20,2.48,3,0,0.00,0,0.00,99,0,0.00,0.00,28,33,92,74,0,0,0,0,0,99,56,74,68,0,99,59,18,97,4,29,85,9,0,0
Lucas González,28,869814000,1997/07/25,Primera División,2026,Forward,Estudiantes Río Cuarto,99,50,49,Argentina,4,2,2,0,0,0,0,0,0,0,0,1,1,0,2,1,1,0,0,0,0,0,0,0,0,1.82,50,25,0,0,0,-1,-1,-1,23,0,6.59,0,63,24.55,6.75,29,27,4.00,16,7,14.55,19,0.00,0.00,0.25,1,0.00,0.50,0.00,0.00,0,0.00,0.25,0.00,0.00,0.00,0.25,0.00,0.50,0.00,2.73,0.50,0.00,0.00,0.25,0.06,0.00,1.00,0.00,0.00,0,0,,3,0.75,94,1,0.91,87,2,1.82,94,0,4,0,5,0.00,99,0,1,0.91,52,2,95,1.82,61,0,0.00,99,0,0.00,0,0,0.00,0,0.91,62,0,0.00,9,0,0.00,0.00,0,0.00,0,0,0,0.00,0,2,0.00,2,1.82,92,N/A,N/A,N/A,N/A,0.00,0,0.00,0,0.23,0.00,0,59.26,33.33,62,28,0.25,0.91,1,12,12,0,0,0,0.00,0.00,0,29,26.37,0.00,0.00,0,0,0.00,0.00,99,0.00,0,0,0,0.00,0.00,0,0.00,0.00,0.91,0.25,1,0,0.00,56,0,0,56,2,0.06,18,0.01,0.05,0.23,76,0.06,0.21,82,2,0.50,1.82,2.73,0.75,97,3,0.21,74,25,1,81,0,97,95,0,0.00,99,4,0.00,3.64,12.73,3.50,14,6,64,81,5.45,1.50,42.86,1,0.91,38,0,50.00,0,0.00,99,1,0.25,0.91,81,0,75,16,0,0,0,0,0,41,56,74,68,0,99,27,15,15,0,0,16,7,0,0
Lucas Joaquín Meuli Palma,25,993884400,2001/06/30,Primera División,2026,Goalkeeper,Unión Santa Fe,0,0,0,Argentina,0,0,0,0,0,0,0,0,0,0,0,0,0,0,0,0,0,0,0,0,0,0,0,0,0,0,0,0,0,0,0,-1,-1,-1,-1,N/A,N/A,N/A,N/A,N/A,N/A,N/A,N/A,N/A,N/A,N/A,N/A,N/A,N/A,N/A,N/A,N/A,N/A,N/A,N/A,N/A,N/A,N/A,N/A,N/A,N/A,N/A,N/A,N/A,N/A,N/A,N/A,N/A,N/A,N/A,N/A,N/A,N/A,N/A,N/A,N/A,N/A,N/A,N/A,N/A,N/A,N/A,N/A,N/A,N/A,N/A,N/A,N/A,N/A,N/A,N/A,N/A,N/A,N/A,N/A,N/A,N/A,N/A,N/A,N/A,N/A,N/A,N/A,N/A,N/A,N/A,N/A,N/A,N/A,N/A,N/A,N/A,N/A,N/A,N/A,N/A,N/A,N/A,N/A,N/A,N/A,N/A,N/A,N/A,N/A,N/A,N/A,N/A,N/A,N/A,N/A,N/A,N/A,N/A,N/A,N/A,N/A,N/A,N/A,N/A,N/A,N/A,N/A,N/A,N/A,N/A,N/A,N/A,N/A,N/A,N/A,N/A,N/A,N/A,N/A,N/A,N/A,N/A,N/A,N/A,N/A,N/A,N/A,N/A,N/A,N/A,N/A,N/A,N/A,N/A,N/A,N/A,N/A,N/A,N/A,N/A,N/A,N/A,N/A,N/A,N/A,N/A,N/A,N/A,N/A,N/A,N/A,N/A,N/A,N/A,N/A,N/A,N/A,N/A,N/A,N/A,N/A,N/A,N/A,N/A,N/A,N/A,N/A,N/A,N/A,N/A,N/A,N/A,N/A,N/A,N/A,N/A,N/A,N/A,N/A,N/A,N/A,N/A,N/A,N/A,N/A,N/A,N/A,N/A,N/A,N/A,N/A,N/A,N/A,N/A,N/A,N/A,N/A,N/A,N/A,N/A,N/A,N/A,N/A,N/A,N/A,N/A,N/A,N/A,N/A,N/A,N/A,N/A,N/A,N/A,N/A,N/A,N/A,N/A,N/A,N/A,N/A,N/A,N/A
Lucas Martínez Quarta,30,831711600,1996/05/10,Primera División,2026,Defender,River Plate,1701,981,720,Argentina,19,11,8,2,2,0,0,0,0,0,0,9,5,4,15,11,4,4,0,0.11,0,0.11,0.18,0,851,0.79,113,90,425,0,0.21,177,503,89,6,0,7.04,0,63,62.24,63.00,98,1197,54.26,1031,94,53.60,98,0.00,0.00,0.16,3,0.00,0.11,1.72,1.74,33,0.00,0.11,0.00,0.00,0.00,1.42,0.47,0.84,9.50,0.99,0.58,0.89,0.00,0.42,0.15,0.00,2.68,0.00,0.00,0,0,,19,1.00,53,8,0.42,64,11,0.57,46,1,0,19,58,0.00,99,0,27,1.40,79,2,28,0.10,18,0,0.00,99,0,0.00,0,0,0.00,0,0.16,16,17,0.88,40,9,0.47,52.94,0,0.00,0,0,0,0.00,0,16,0.00,63,0.83,30,N/A,N/A,N/A,N/A,0.00,0,0.00,0,2.85,0.00,0,86.13,42.11,75,73,0.37,0.36,7,49,68,0,0,0,0.42,0.42,8,78,133.79,4.00,3.95,76,1,0.00,0.05,11,0.05,0,0,0,0.00,0.00,0,0.00,0.00,0.10,0.11,2,1,10.53,73,99,99,90,62,2.22,63,0.12,0.12,2.85,66,0.15,0.15,50,19,1.00,0.99,0.99,1.00,43,19,0.15,64,88,80,81,0,57,83,0,0.00,99,51,0.00,2.65,8.68,8.79,167,108,68,35,5.62,5.68,64.67,2,0.10,85,0,0.00,0,0.00,99,0,0.00,0.00,28,99,30,41,0,0,0,0,0,54,68,74,77,0,99,82,69,47,4,21,68,28,0,0
Lucas Nahuel Ramos López,20,1137139200,2006/01/13,Primera División,2026,Defender,Rosario Central,77,77,0,Argentina,1,1,0,0,0,0,0,0,0,0,0,0,0,0,0,0,0,0,0,0,0,0,0,0,0,0,0,77,0,0,0,-1,-1,-1,15,0,7.10,0,63,30.39,26.00,49,26,20.00,20,57,23.38,52,0.00,0.00,0.00,0,0.00,0.00,3.51,3.00,3,0.00,0.00,0.00,0.00,0.00,1.00,1.00,0.00,0.00,0.00,0.00,1.00,0.00,0.00,0.00,0.00,2.00,0.00,0.00,0,0,,0,0.00,8,0,0.00,22,0,0.00,9,1,0,1,98,0.00,99,0,1,1.17,66,0,28,0.00,12,0,0.00,99,0,0.00,0,0,0.00,0,0.00,8,1,1.17,48,1,1.17,100.00,0,0.00,0,0,0,0.00,0,0,0.00,99,0.00,0,N/A,N/A,N/A,N/A,0.00,0,0.00,0,0.00,0.00,0,76.92,0.00,22,13,1.00,1.17,1,83,99,0,0,0,0.00,0.00,0,29,7.10,2.00,2.34,2,0,0.00,0.00,99,0.00,0,0,0,0.00,0.00,0,0.00,0.00,0.00,0.00,0,0,0.00,56,0,0,56,0,0.05,26,0.05,0.06,0.00,9,0.00,0.00,93,2,2.00,2.34,1.17,1.00,54,1,0.00,9,93,64,81,0,46,77,0,0.00,99,2,0.00,2.34,16.36,14.00,14,8,98,95,9.35,8.00,57.14,0,0.00,99,0,0.00,0,0.00,99,0,0.00,0.00,28,0,30,41,0,0,0,0,0,41,56,74,68,0,99,1,15,15,0,0,16,35,0,0
Lucas Nahuel Rodríguez,32,749113200,1993/09/27,Primera División,2026,Defender,Aldosivi,722,316,406,Argentina,11,5,6,0,0,0,1,1,0,0,0,1,1,0,11,3,8,0,0,0.12,0.12,0,0,0,0,1.37,66,66,0,722,0,422,120,212,20,0,6.72,0.09,79,28.92,21.09,43,232,14.91,164,30,20.44,41,0.00,0.00,1.09,12,0.00,4.36,2.12,1.55,17,0.00,0.27,0.00,0.00,0.00,0.64,0.45,1.09,0.00,0.62,0.36,0.82,0.00,0.09,0.03,0.00,0.36,0.00,0.00,0,0,,5,0.45,36,1,0.12,33,4,0.50,41,1,3,8,75,0.00,99,0,7,0.87,50,48,61,5.98,96,0,0.00,99,0,0.00,0,0,0.00,0,1.50,85,9,1.12,47,5,0.62,55.56,0,0.00,0,0,0,0.00,0,12,0.00,12,1.50,84,N/A,N/A,N/A,N/A,0.00,0,0.00,0,0.36,0.00,0,70.69,20.00,35,39,0.55,0.75,6,57,73,0,0,0,0.36,0.50,4,82,73.89,1.36,1.87,15,0,0.00,0.00,99,0.00,0,0,0,0.00,0.00,0,0.00,0.00,0.00,0.00,0,0,0.00,56,39,31,56,12,1.39,80,0.13,0.17,0.36,32,0.03,0.04,51,8,0.73,1.00,1.12,0.82,51,9,0.04,32,42,58,81,0,46,21,0,0.00,99,4,0.00,0.50,7.98,5.82,64,33,27,26,4.11,3.00,51.56,3,0.37,69,0,27.08,0,0.00,99,13,1.18,1.62,96,40,66,41,0,0,0,0,0,55,56,74,68,0,99,2,15,15,0,0,16,18,0,0
Lucas Nicolás Gómez,22,1087455600,2004/06/17,Primera División,2026,Midfielder,Argentinos Juniors,219,28,191,Argentina,10,5,5,0,0,0,0,0,0,0,0,3,2,1,2,1,1,0,0,0,0,0,0,0,0,0.82,110,22,0,0,0,-1,-1,-1,17,0,6.65,0,63,48.21,15.00,89,150,12.50,125,84,40.18,90,0.00,0.00,0.20,2,0.00,0.40,3.21,1.00,10,0.00,0.00,0.00,0.00,0.00,0.20,0.10,0.30,0.00,0.64,0.10,0.20,0.00,0.10,0.02,0.00,0.10,0.00,0.00,0,0,,2,0.20,37,1,0.32,56,1,0.32,25,0,9,1,96,0.00,99,0,2,0.64,39,4,28,1.29,54,0,0.00,99,0,0.00,0,0,0.00,0,0.64,45,2,0.64,32,1,0.32,50.00,0,0.00,0,0,0,0.00,0,3,0.00,60,0.96,45,N/A,N/A,N/A,N/A,0.00,0,0.00,0,0.20,0.00,0,83.33,50.00,91,77,0.10,0.32,1,36,66,0,0,0,0.00,0.00,0,29,66.54,0.40,1.29,4,0,0.00,0.00,99,0.00,0,0,0,0.00,0.00,0,0.00,0.00,0.00,0.00,0,0,0.00,56,0,23,56,60,0.32,54,0.03,0.10,0.20,42,0.02,0.06,92,7,0.70,2.25,1.93,0.60,88,6,0.06,42,32,42,81,0,46,11,0,0.00,99,1,0.00,0.32,8.68,2.70,27,19,80,35,6.11,1.90,70.37,0,0.00,99,0,0.00,0,0.00,99,0,0.00,0.00,28,0,97,16,0,0,0,0,0,41,56,74,68,0,99,41,15,15,0,0,16,8,0,0
Lucas Palavecino,22,1066460400,2003/10/18,Primera División,2026,Midfielder,Banfield,82,9,73,Argentina,3,1,2,0,0,0,0,0,0,0,0,0,0,0,2,1,1,0,0,0,0,0,0,0,0,2.2,41,27,0,0,0,-1,-1,-1,7,0,6.65,0,63,39.51,12.00,75,36,9.67,29,75,31.83,76,0.00,0.00,0.00,0,0.00,0.00,5.49,1.67,5,0.00,0.00,0.00,0.00,0.00,0.33,0.00,0.67,0.00,1.10,0.00,0.00,0.00,0.33,0.05,0.00,0.33,0.00,0.00,0,0,,1,0.33,55,1,1.10,92,0,0.00,9,0,3,0,99,0.00,99,0,1,1.10,63,0,28,0.00,12,0,0.00,99,0,0.00,0,0,0.00,0,0.00,8,0,0.00,9,0,0.00,0.00,0,0.00,0,0,0,0.00,0,2,0.00,0,2.20,93,N/A,N/A,N/A,N/A,0.00,0,0.00,0,0.15,0.00,0,80.56,100.00,99,16,0.33,1.10,1,12,12,0,0,0,0.00,0.00,0,29,19.94,0.67,2.20,2,0,0.00,0.00,99,0.00,0,0,0,0.00,0.00,0,0.00,0.00,0.00,0.00,0,0,0.00,56,0,0,56,0,0.06,36,0.02,0.07,0.15,68,0.05,0.16,91,2,0.67,2.20,0.00,0.00,6,0,0.16,66,32,63,81,0,46,46,0,0.00,99,1,0.00,1.10,10.98,3.33,10,8,98,64,8.78,2.67,80.00,0,0.00,99,0,0.00,0,0.00,99,0,0.00,0.00,28,0,66,16,0,0,0,0,0,41,56,74,68,0,99,1,15,15,0,0,16,23,0,0
Lucas Ramiro Paunero,21,1110787200,2005/03/14,Primera División,2026,Defender,Atlético Tucumán,0,0,0,Argentina,0,0,0,0,0,0,0,0,0,0,0,0,0,0,0,0,0,0,0,0,0,0,0,0,0,0,0,0,0,0,0,-1,-1,-1,-1,N/A,N/A,N/A,N/A,N/A,N/A,N/A,N/A,N/A,N/A,N/A,N/A,N/A,N/A,N/A,N/A,N/A,N/A,N/A,N/A,N/A,N/A,N/A,N/A,N/A,N/A,N/A,N/A,N/A,N/A,N/A,N/A,N/A,N/A,N/A,N/A,N/A,N/A,N/A,N/A,N/A,N/A,N/A,N/A,N/A,N/A,N/A,N/A,N/A,N/A,N/A,N/A,N/A,N/A,N/A,N/A,N/A,N/A,N/A,N/A,N/A,N/A,N/A,N/A,N/A,N/A,N/A,N/A,N/A,N/A,N/A,N/A,N/A,N/A,N/A,N/A,N/A,N/A,N/A,N/A,N/A,N/A,N/A,N/A,N/A,N/A,N/A,N/A,N/A,N/A,N/A,N/A,N/A,N/A,N/A,N/A,N/A,N/A,N/A,N/A,N/A,N/A,N/A,N/A,N/A,N/A,N/A,N/A,N/A,N/A,N/A,N/A,N/A,N/A,N/A,N/A,N/A,N/A,N/A,N/A,N/A,N/A,N/A,N/A,N/A,N/A,N/A,N/A,N/A,N/A,N/A,N/A,N/A,N/A,N/A,N/A,N/A,N/A,N/A,N/A,N/A,N/A,N/A,N/A,N/A,N/A,N/A,N/A,N/A,N/A,N/A,N/A,N/A,N/A,N/A,N/A,N/A,N/A,N/A,N/A,N/A,N/A,N/A,N/A,N/A,N/A,N/A,N/A,N/A,N/A,N/A,N/A,N/A,N/A,N/A,N/A,N/A,N/A,N/A,N/A,N/A,N/A,N/A,N/A,N/A,N/A,N/A,N/A,N/A,N/A,N/A,N/A,N/A,N/A,N/A,N/A,N/A,N/A,N/A,N/A,N/A,N/A,N/A,N/A,N/A,N/A,N/A,N/A,N/A,N/A,N/A,N/A,N/A,N/A,N/A,N/A,N/A,N/A,N/A,N/A,N/A,N/A,N/A,N/A
Lucas Robertone,29,858672000,1997/03/18,Primera División,2026,Midfielder,Vélez Sarsfield,805,435,370,Argentina,15,8,7,1,0,1,0,0,0,0,0,7,3,4,5,4,1,5,1,0.11,0,0.11,0,0.24,805,0.56,161,54,161,0,0.56,185,355,-1,8,0,6.93,0,63,51.03,30.47,93,457,24.27,364,70,40.65,91,0.00,0.00,0.73,11,0.00,1.60,2.68,1.60,24,0.00,0.47,0.00,0.00,0.00,1.00,0.27,0.40,16.00,1.79,0.87,0.67,0.00,0.20,0.11,0.00,1.33,0.00,0.00,0,0,,16,1.07,75,3,0.33,57,13,1.45,85,3,6,9,89,0.00,99,0,15,1.67,89,24,86,2.68,72,0,0.00,99,0,0.00,0,0,0.00,0,1.23,76,10,1.12,47,4,0.45,40.00,0,0.00,0,0,0,0.00,0,6,0.00,87,0.67,15,N/A,N/A,N/A,N/A,0.00,0,0.00,0,1.63,0.00,0,79.65,18.75,32,29,0.53,0.89,8,48,43,0,0,0,0.13,0.22,2,58,103.96,1.40,2.34,21,0,0.00,0.00,99,0.00,0,0,0,0.00,0.00,0,0.00,0.00,0.00,0.00,0,0,6.25,62,46,73,89,87,1.28,70,0.09,0.14,1.63,70,0.11,0.18,78,15,1.00,1.67,1.56,0.93,76,14,0.18,69,78,64,81,0,46,75,0,0.00,99,20,0.00,2.23,12.62,7.53,113,62,89,80,6.92,4.13,54.87,7,0.78,45,0,41.67,0,0.00,99,10,0.67,1.12,87,48,88,74,0,0,0,0,0,54,68,86,68,0,99,82,22,94,4,27,82,8,0,0
Lucas Román,22,1076400000,2004/02/10,Primera División,2026,Forward,Atlético Tucumán,6,0,6,Argentina,1,0,1,0,0,0,0,0,0,0,0,0,0,0,0,0,0,0,0,0,0,0,0,0,0,0,0,6,0,0,0,-1,-1,-1,9,0,6.42,0,63,15.00,1.00,3,1,1.00,1,99,15.00,21,0.00,0.00,0.00,0,0.00,1.00,0.00,0.00,0,0.00,1.00,0.00,0.00,0.00,0.00,0.00,0.00,0.00,0.00,0.00,0.00,0.00,0.00,0.00,0.00,0.00,0.00,0.00,0,0,,0,0.00,8,0,0.00,22,0,0.00,9,0,1,0,5,0.00,99,0,0,0.00,10,1,28,15.00,99,0,0.00,99,0,0.00,0,0,0.00,0,0.00,8,0,0.00,9,0,0.00,0.00,0,0.00,0,0,0,0.00,0,0,0.00,99,0.00,0,N/A,N/A,N/A,N/A,0.00,0,0.00,0,0.00,0.00,0,100.00,0.00,22,99,0.00,0.00,0,12,12,0,0,0,0.00,0.00,0,29,6.42,0.00,0.00,0,0,0.00,0.00,99,0.00,0,0,0,0.00,0.00,0,0.00,0.00,0.00,0.00,0,0,0.00,56,0,0,56,0,0.00,0,0.00,0.00,0.00,9,0.00,0.00,2,0,0.00,0.00,0.00,0.00,6,0,0.00,9,16,1,81,0,46,1,0,0.00,99,0,0.00,0.00,15.00,1.00,1,0,0,92,0.00,0.00,0.00,1,15.00,0,0,0.00,0,0.00,99,0,0.00,0.00,28,0,44,16,0,0,0,0,0,41,56,74,68,0,99,1,15,15,0,0,16,34,0,0
Lucas Souto,27,908089200,1998/10/11,Primera División,2026,Defender,Defensa y Justicia,1306,586,720,Argentina,15,7,8,1,1,0,0,0,0,0,0,5,2,3,16,7,9,0,0,0.07,0,0.07,0.15,0,1306,1.1,82,87,0,0,0,215,409,163,7,0,6.73,0,63,36.66,35.47,70,532,28.27,424,70,29.22,69,0.00,0.00,0.07,1,0.00,0.67,1.31,1.27,19,0.00,0.67,0.00,0.00,0.00,2.40,0.33,1.27,6.00,0.41,0.33,1.13,0.00,0.07,0.06,0.00,2.27,0.00,0.00,0,0,,6,0.40,23,1,0.07,24,5,0.34,27,1,0,15,38,0.00,99,0,36,2.48,99,10,45,0.69,43,0,0.00,99,0,0.00,0,0,0.00,0,0.07,10,17,1.17,48,5,0.34,29.41,0,0.00,0,0,0,0.00,0,19,0.00,34,1.31,74,N/A,N/A,N/A,N/A,0.00,0,0.00,0,0.96,0.00,0,79.70,16.67,31,45,0.67,0.69,10,37,24,0,0,0,0.33,0.34,5,71,100.94,6.07,6.27,91,1,0.00,0.07,10,0.07,0,0,0,0.00,0.00,0,0.00,0.00,0.00,0.00,0,0,16.67,88,82,73,97,34,1.10,42,0.07,0.08,0.96,44,0.06,0.07,18,6,0.40,0.41,1.17,1.13,54,17,0.07,44,44,91,81,0,46,77,0,0.00,99,34,0.00,2.34,8.96,8.67,130,63,34,39,4.34,4.20,48.46,10,0.69,50,0,20.00,0,0.00,99,2,0.13,0.14,39,85,30,41,0,0,0,0,0,46,61,74,74,0,99,54,15,15,0,0,16,33,0,0
Lucas Suárez,31,795427200,1995/03/17,Primera División,2026,Defender,Sarmiento,640,314,326,Argentina,11,6,5,0,0,0,0,0,0,0,0,4,4,0,9,1,8,1,0,0,0,0,0,0,0,1.27,71,58,640,0,0.14,338,329,197,24,0,5.93,0,63,29.06,18.82,43,207,13.18,145,28,20.36,40,0.00,0.00,0.27,3,0.00,0.64,2.25,1.45,16,0.00,0.00,0.00,0.00,0.00,0.91,0.18,0.82,0.00,0.28,0.09,0.91,0.00,0.09,0.02,0.00,0.73,0.00,0.00,0,0,,2,0.18,16,1,0.14,34,1,0.14,13,2,3,8,78,0.00,99,0,10,1.40,79,7,68,0.98,50,0,0.00,99,0,0.00,0,0,0.00,0,0.42,33,10,1.40,56,2,0.28,20.00,0,0.00,0,0,0,0.00,0,9,0.00,18,1.26,69,N/A,N/A,N/A,N/A,0.00,0,0.00,0,0.20,0.00,0,70.05,50.00,91,44,0.45,0.70,5,31,17,0,0,0,0.27,0.42,3,78,65.24,3.27,5.05,36,0,0.00,0.00,99,0.00,0,0,0,0.00,0.00,0,0.00,0.00,0.28,0.18,2,0,0.00,56,31,31,56,18,0.49,36,0.04,0.07,0.20,26,0.02,0.03,32,5,0.45,0.70,1.40,0.91,66,10,0.03,26,5,85,81,0,79,48,0,0.00,99,8,0.00,1.12,9.97,6.45,71,31,35,53,4.35,2.82,43.66,0,0.00,99,0,28.57,0,0.00,99,2,0.18,0.28,54,40,66,57,0,0,0,0,0,41,56,74,68,0,99,59,86,31,1,9,32,3,0,0
Lucas Varaldo,24,1014537600,2002/02/24,Primera División,2026,Forward,Central Córdoba SdE,306,145,161,Argentina,11,5,6,0,0,0,0,0,0,0,0,3,1,2,5,1,4,1,0,0,0,0,0,0,0,1.47,61,28,306,0,0.29,365,351,-1,16,0,4.18,0,63,21.69,6.73,18,74,4.82,53,31,15.54,23,0.00,0.00,0.00,0,0.00,0.09,1.17,0.36,4,0.00,0.27,0.00,0.00,0.00,0.00,0.64,0.55,0.00,2.05,0.45,1.00,0.00,0.18,0.04,0.00,0.36,0.00,0.00,0,0,,7,0.64,81,2,0.59,75,5,1.47,85,1,7,4,31,0.00,99,0,0,0.00,10,1,28,0.29,28,0,0.00,99,0,0.00,0,0,0.00,0,0.00,8,11,3.22,87,7,2.05,63.64,0,0.00,0,0,0,0.00,0,6,0.00,7,1.76,91,N/A,N/A,N/A,N/A,0.00,0,0.00,0,0.46,0.00,0,71.62,28.57,50,54,0.18,0.59,2,95,82,0,0,0,0.00,0.00,0,29,45.99,0.18,0.59,2,0,0.00,0.00,99,0.00,0,0,0,0.00,0.00,0,0.00,0.00,0.00,0.00,0,0,0.00,56,0,31,56,7,0.11,6,0.01,0.03,0.46,62,0.04,0.13,12,1,0.09,0.29,0.29,0.09,8,1,0.13,60,0,17,81,0,46,49,0,0.00,99,4,0.00,1.17,11.14,3.45,38,16,44,66,4.69,1.45,42.11,3,0.88,40,0,0.00,0,0.00,99,0,0.00,0.00,28,8,92,41,0,0,0,0,0,41,56,74,68,0,99,33,51,64,1,9,32,9,0,0
Lucas Zelarayán,34,709023600,1992/06/20,Primera División,2026,Midfielder,Belgrano,1485,706,779,Argentina,18,9,9,4,3,1,2,1,1,0,0,8,5,3,14,4,10,3,0,0.36,0.12,0.24,0.38,0.12,371,0.85,106,83,495,743,0.18,81,124,-1,1,0,7.16,0.11,79,36.88,34.94,70,629,28.00,504,72,29.55,70,0.00,0.00,1.94,35,0.00,4.28,1.17,1.11,20,0.00,1.44,0.00,0.00,0.00,0.11,2.11,0.78,9.25,2.17,1.44,4.50,0.00,0.61,0.29,0.00,0.22,0.00,0.00,0,0,,37,2.06,84,11,0.64,78,26,1.52,87,7,1,17,31,0.00,99,0,2,0.12,14,77,46,4.51,90,0,0.00,99,0,0.00,0,0,0.00,0,2.05,95,81,4.75,97,38,2.23,46.91,0,0.00,0,0,0,0.00,0,14,0.00,57,0.82,29,N/A,N/A,N/A,N/A,0.00,0,0.00,0,5.19,0.00,0,80.13,29.73,51,48,0.61,0.64,11,96,55,0,0,0,0.11,0.12,2,41,128.94,0.33,0.35,6,0,0.00,0.00,99,0.00,0,0,1,0.06,0.06,0,0.00,0.00,0.23,0.22,4,0,10.81,74,94,98,70,57,3.59,87,0.20,0.21,5.19,87,0.29,0.30,82,32,1.78,1.88,1.11,1.06,50,19,0.30,86,94,10,82,0,74,8,0,0.00,99,4,0.00,0.23,11.84,11.22,202,91,62,74,5.34,5.06,45.05,26,1.52,17,0,20.78,0,0.00,99,16,0.89,0.94,82,95,44,98,0,0,0,0,0,84,87,75,90,0,99,78,77,39,3,17,53,10,0,0
Luciano Andrés Vallejo,22,1085814000,2004/05/29,Primera División,2026,Defender,Atlético Tucumán,340,182,158,Argentina,6,3,3,0,0,0,0,0,0,0,0,2,1,1,5,2,3,3,1,0,0,0,0,0,0,1.32,68,57,113,0,0.79,469,465,204,13,0,6.65,0,63,26.21,16.50,35,99,9.67,58,6,15.35,22,0.00,0.00,0.33,2,0.00,0.83,2.12,1.33,8,0.00,0.17,0.00,0.00,0.00,0.50,0.17,0.83,0.00,0.26,0.00,0.33,0.00,0.17,0.02,0.00,2.67,0.00,0.00,0,0,,1,0.17,15,1,0.26,51,0,0.00,9,1,2,4,75,0.00,99,0,3,0.79,46,5,85,1.32,54,0,0.00,99,0,0.00,0,0,0.00,0,0.53,39,2,0.53,27,1,0.26,50.00,0,0.00,0,0,0,0.00,0,5,0.00,15,1.32,74,N/A,N/A,N/A,N/A,0.00,0,0.00,0,0.14,0.00,0,58.59,100.00,99,36,0.50,0.79,3,30,66,0,0,0,0.50,0.79,3,94,39.91,3.00,4.76,18,0,0.00,0.00,99,0.00,0,0,0,0.00,0.00,0,0.00,0.00,0.00,0.00,0,0,0.00,56,0,4,56,15,0.20,18,0.03,0.05,0.14,32,0.02,0.04,56,4,0.67,1.06,1.85,1.17,86,7,0.04,32,32,84,81,0,46,96,0,0.00,99,16,0.00,4.24,12.97,8.17,49,29,94,83,7.68,4.83,59.18,1,0.26,75,0,40.00,0,0.00,99,2,0.33,0.53,67,8,57,41,0,0,0,0,0,41,56,74,68,0,99,54,16,99,2,33,92,36,0,0
Luciano César Cingolani,25,986540400,2001/04/06,Primera División,2026,Forward,Gimnasia Mendoza,234,170,64,Argentina,7,4,3,1,1,0,0,0,0,0,0,1,0,1,3,0,3,0,0,0.38,0,0.38,0.53,0,234,1.15,78,33,0,0,0,-1,-1,-1,7,0,6.94,0,63,24.23,9.00,28,63,5.57,39,9,15.00,21,0.00,0.00,1.29,9,0.00,2.00,2.69,1.00,7,0.00,0.43,0.00,0.00,0.00,0.43,0.43,0.43,6.00,2.31,0.00,1.29,0.00,0.86,0.19,0.00,1.14,0.00,0.00,0,0,,6,0.86,88,6,2.31,99,0,0.00,9,0,7,0,89,0.00,99,0,3,1.15,65,14,81,5.38,94,0,0.00,99,0,0.00,0,0,0.00,0,3.46,99,9,3.46,89,3,1.15,33.33,0,0.00,0,0,0,0.00,0,3,0.00,28,1.15,61,N/A,N/A,N/A,N/A,0.00,0,0.00,0,1.33,0.00,0,61.90,100.00,99,38,0.29,0.77,2,82,32,0,0,0,0.00,0.00,0,29,48.56,0.14,0.38,1,0,0.00,0.00,99,0.00,0,0,0,0.00,0.00,0,0.00,0.00,0.00,0.00,0,0,16.67,88,0,6,63,28,0.39,74,0.06,0.15,1.33,98,0.19,0.51,98,8,1.14,3.08,0.77,0.29,28,2,0.51,97,79,10,81,0,46,89,0,0.00,99,8,0.00,3.08,16.54,6.14,43,25,99,95,9.62,3.57,58.14,3,1.15,27,0,35.71,0,0.00,99,5,0.71,1.92,97,0,92,16,0,0,0,0,0,86,94,74,95,0,99,6,15,15,0,0,16,7,0,0
Luciano Giménez Alanda,26,950860800,2000/02/18,Primera División,2026,Forward,Huracán,91,102,-11,Argentina,7,5,2,0,0,0,0,0,0,0,0,4,3,1,1,1,0,3,0,0,0,0,0,0,0,0.99,91,13,30,0,2.97,-1,-1,-1,18,0,6.59,0,63,28.54,5.57,41,39,3.86,27,25,19.76,39,0.00,0.00,0.71,5,0.00,0.00,1.46,0.29,2,0.00,0.00,0.00,0.00,0.00,0.00,0.00,0.14,0.00,2.93,0.14,0.71,0.00,0.43,0.06,0.00,1.71,0.00,0.00,0,0,,4,0.57,96,3,2.20,99,1,0.73,56,3,6,1,45,0.00,99,0,0,0.00,10,0,28,0.00,12,0,0.00,99,0,0.00,0,0,0.00,0,3.66,99,5,3.66,91,0,0.00,0.00,0,0.00,0,0,0,0.00,0,1,0.00,41,0.73,19,N/A,N/A,N/A,N/A,0.00,0,0.00,0,0.45,0.00,0,69.23,75.00,98,41,0.14,0.73,1,12,12,0,0,0,0.00,0.00,0,29,46.12,0.14,0.73,1,0,0.00,0.00,99,0.00,0,0,0,0.00,0.00,0,0.00,0.00,0.00,0.00,0,0,0.00,56,0,6,56,41,0.24,81,0.03,0.18,0.45,89,0.06,0.33,74,2,0.29,1.46,1.46,0.29,70,2,0.33,88,25,22,81,0,46,99,0,0.00,99,12,0.00,8.78,21.22,4.14,29,16,99,99,11.71,2.29,55.17,0,0.00,99,0,0.00,0,0.00,99,0,0.00,0.00,28,0,88,74,0,0,0,0,0,41,56,74,68,0,99,96,15,99,3,43,97,18,0,0
Luciano Gómez,30,827481600,1996/03/22,Primera División,2026,Defender,Independiente Rivadavia,597,372,225,Argentina,12,7,5,1,1,0,2,2,0,0,0,4,1,3,5,3,2,1,0,0.45,0.3,0.15,0.24,0,597,0.75,119,50,597,299,0.15,143,29,76,9,0,6.90,0.17,96,38.36,21.17,73,254,16.67,200,66,30.20,73,0.00,0.00,1.00,12,0.00,2.08,1.81,1.00,12,0.00,0.33,0.00,0.00,0.00,0.25,1.00,0.42,5.00,0.76,0.25,1.33,0.00,0.17,0.08,0.00,0.25,0.00,0.00,0,0,,5,0.42,42,2,0.30,54,3,0.45,37,3,7,5,62,0.00,99,0,3,0.45,28,25,95,3.78,83,0,0.00,99,0,0.00,0,0,0.00,0,1.81,93,16,2.42,78,12,1.81,75.00,0,0.00,0,0,0,0.00,0,5,0.00,67,0.76,23,N/A,N/A,N/A,N/A,0.00,0,0.00,0,0.99,0.00,0,78.74,40.00,74,18,0.58,1.06,7,92,90,0,0,0,0.25,0.45,3,80,82.75,0.50,0.91,6,0,0.00,0.00,99,0.00,0,0,0,0.00,0.00,0,0.00,0.00,0.00,0.00,0,0,20.00,93,28,39,81,66,2.03,97,0.17,0.31,0.99,66,0.08,0.15,86,13,1.08,1.96,1.96,1.08,88,13,0.15,64,72,32,81,0,46,18,0,0.00,99,3,0.00,0.45,9.82,5.42,65,40,78,50,6.04,3.33,61.54,4,0.60,55,0,52.00,0,0.00,99,13,1.08,1.96,97,18,92,74,0,0,0,0,0,91,76,74,81,0,99,54,83,33,1,8,29,14,0,0
Luciano Herrera,30,833526000,1996/05/31,Primera División,2026,Forward,Newell's Old Boys,864,438,426,Argentina,16,8,8,0,0,0,1,0,1,0,0,2,2,0,17,8,9,4,0,0.1,0.1,0,0,0,0,1.77,51,54,216,864,0.42,538,143,-1,23,0,6.60,0.06,76,13.49,7.81,2,125,5.19,83,19,8.96,2,0.00,0.00,0.25,4,0.00,1.38,0.97,0.56,9,0.00,0.56,0.00,0.00,0.00,0.38,1.19,1.00,0.00,1.94,0.69,2.25,0.00,0.44,0.08,0.00,0.69,0.00,0.00,0,0,,18,1.12,79,7,0.76,83,11,1.19,77,1,6,10,22,0.00,99,0,6,0.65,40,22,30,2.37,67,0,0.00,99,0,0.00,0,0,0.00,0,0.43,34,36,3.88,92,19,2.05,52.78,0,0.00,0,0,0,0.00,0,16,0.00,3,1.73,91,N/A,N/A,N/A,N/A,0.00,0,0.00,0,1.31,0.00,0,66.40,38.89,69,47,0.38,0.65,6,95,68,0,0,0,0.06,0.11,1,38,105.62,1.12,1.94,18,0,0.00,0.00,99,0.00,0,0,2,0.12,0.22,0,0.00,0.00,0.86,0.50,8,0,0.00,56,50,88,56,3,0.92,54,0.06,0.10,1.31,64,0.08,0.14,82,17,1.06,1.83,3.45,2.00,99,32,0.14,63,26,59,97,0,96,50,0,0.00,99,11,0.00,1.19,14.89,8.62,138,55,75,91,5.94,3.44,39.86,9,0.97,35,0,9.09,0,0.00,99,2,0.12,0.22,49,52,88,41,0,0,0,0,0,51,56,74,68,0,99,5,33,84,4,25,79,27,0,0
Luciano Hugo Barros Ayala,21,1105948800,2005/01/17,Primera División,2026,Defender,Independiente,0,0,0,Argentina,0,0,0,0,0,0,0,0,0,0,0,0,0,0,0,0,0,0,0,0,0,0,0,0,0,0,0,0,0,0,0,-1,-1,-1,-1,N/A,N/A,N/A,N/A,N/A,N/A,N/A,N/A,N/A,N/A,N/A,N/A,N/A,N/A,N/A,N/A,N/A,N/A,N/A,N/A,N/A,N/A,N/A,N/A,N/A,N/A,N/A,N/A,N/A,N/A,N/A,N/A,N/A,N/A,N/A,N/A,N/A,N/A,N/A,N/A,N/A,N/A,N/A,N/A,N/A,N/A,N/A,N/A,N/A,N/A,N/A,N/A,N/A,N/A,N/A,N/A,N/A,N/A,N/A,N/A,N/A,N/A,N/A,N/A,N/A,N/A,N/A,N/A,N/A,N/A,N/A,N/A,N/A,N/A,N/A,N/A,N/A,N/A,N/A,N/A,N/A,N/A,N/A,N/A,N/A,N/A,N/A,N/A,N/A,N/A,N/A,N/A,N/A,N/A,N/A,N/A,N/A,N/A,N/A,N/A,N/A,N/A,N/A,N/A,N/A,N/A,N/A,N/A,N/A,N/A,N/A,N/A,N/A,N/A,N/A,N/A,N/A,N/A,N/A,N/A,N/A,N/A,N/A,N/A,N/A,N/A,N/A,N/A,N/A,N/A,N/A,N/A,N/A,N/A,N/A,N/A,N/A,N/A,N/A,N/A,N/A,N/A,N/A,N/A,N/A,N/A,N/A,N/A,N/A,N/A,N/A,N/A,N/A,N/A,N/A,N/A,N/A,N/A,N/A,N/A,N/A,N/A,N/A,N/A,N/A,N/A,N/A,N/A,N/A,N/A,N/A,N/A,N/A,N/A,N/A,N/A,N/A,N/A,N/A,N/A,N/A,N/A,N/A,N/A,N/A,N/A,N/A,N/A,N/A,N/A,N/A,N/A,N/A,N/A,N/A,N/A,N/A,N/A,N/A,N/A,N/A,N/A,N/A,N/A,N/A,N/A,N/A,N/A,N/A,N/A,N/A,N/A,N/A,N/A,N/A,N/A,N/A,N/A,N/A,N/A,N/A,N/A,N/A,N/A
Luciano Javier Cabral,31,798879600,1995/04/26,Primera División,2026,Midfielder,Independiente,248,206,42,Chile,8,6,2,1,1,0,0,0,0,0,0,3,2,1,4,4,0,2,1,0.36,0,0.36,0.44,0,248,1.45,62,31,83,0,1.09,-1,-1,-1,5,0,6.40,0,63,36.29,12.50,68,100,9.75,78,61,28.31,66,0.00,0.00,0.38,3,0.00,1.12,1.45,0.50,4,0.00,1.25,0.00,0.00,0.00,0.12,0.00,0.50,7.00,2.54,0.50,0.25,0.00,0.38,0.15,0.00,0.12,0.00,0.00,0,0,,7,0.88,92,3,1.09,92,4,1.45,85,3,6,2,44,0.00,99,0,1,0.36,23,9,49,3.27,79,0,0.00,99,0,0.00,0,0,0.00,0,1.09,70,2,0.73,36,0,0.00,0.00,0,0.00,0,0,0,0.00,0,4,0.00,8,1.45,82,N/A,N/A,N/A,N/A,0.00,0,0.00,0,1.20,0.00,0,78.00,42.86,77,7,0.50,1.45,4,12,12,0,0,0,0.00,0.00,0,29,51.19,0.12,0.36,1,0,0.00,0.00,99,0.00,0,0,1,0.12,0.36,0,0.00,0.00,0.36,0.12,1,0,14.29,83,0,11,64,8,0.30,59,0.04,0.11,1.20,96,0.15,0.44,73,4,0.50,1.45,1.09,0.38,50,3,0.44,95,15,10,99,0,84,12,0,0.00,99,1,0.00,0.36,11.61,4.00,32,8,10,71,2.90,1.00,25.00,10,3.63,0,0,22.22,0,0.00,99,2,0.25,0.73,76,0,88,74,0,0,0,0,0,84,92,74,92,0,99,65,15,99,1,12,41,10,0,0
Luciano Joaquin Romero,20,1136275200,2006/01/03,Primera División,2026,Defender,Lanús,80,0,80,Argentina,1,0,1,0,0,0,0,0,0,0,0,0,0,0,1,0,1,0,0,0,0,0,0,0,0,1.13,80,80,0,0,0,-1,-1,-1,12,0,6.51,0,63,50.62,45.00,92,45,37.00,37,79,41.62,92,0.00,0.00,0.00,0,0.00,1.00,2.25,2.00,2,0.00,1.00,0.00,0.00,0.00,1.00,1.00,1.00,0.00,0.00,0.00,1.00,0.00,0.00,0.00,0.00,1.00,0.00,0.00,0,0,,0,0.00,8,0,0.00,22,0,0.00,9,2,0,1,78,0.00,99,0,1,1.12,64,1,28,1.12,52,0,0.00,99,0,0.00,0,0,0.00,0,0.00,8,1,1.12,47,1,1.12,100.00,0,0.00,0,0,0,0.00,0,1,0.00,30,1.12,59,N/A,N/A,N/A,N/A,0.00,0,0.00,0,0.00,0.00,0,82.22,0.00,22,15,1.00,1.12,1,81,99,0,0,0,0.00,0.00,0,29,6.51,1.00,1.12,1,0,0.00,0.00,99,0.00,0,0,0,0.00,0.00,0,0.00,0.00,0.00,0.00,0,0,0.00,56,0,0,56,31,0.08,47,0.08,0.09,0.00,9,0.00,0.00,2,0,0.00,0.00,1.12,1.00,51,1,0.00,9,18,38,81,0,46,48,0,0.00,99,1,0.00,1.12,6.75,6.00,6,4,38,15,4.50,4.00,66.67,1,1.12,28,0,0.00,0,0.00,99,0,0.00,0.00,28,0,30,57,0,0,0,0,0,41,56,74,68,0,99,1,15,15,0,0,16,2,0,0
Luciano Paredes,23,1031554800,2002/09/09,Primera División,2026,Defender,Gimnasia Mendoza,950,448,502,Argentina,13,6,7,1,0,1,0,0,0,0,0,3,1,2,14,4,10,0,0,0.09,0,0.09,0,0.18,950,1.33,68,73,0,0,0,196,391,207,6,0,6.55,0,63,26.34,21.38,36,278,13.62,177,13,16.77,28,0.00,0.00,0.23,3,0.00,2.15,1.42,1.15,15,0.00,0.69,0.00,0.00,0.00,1.08,0.62,1.08,9.00,0.85,0.54,1.85,0.00,0.15,0.09,0.00,1.23,0.00,0.00,0,0,,9,0.69,47,2,0.19,42,7,0.66,52,3,2,11,42,0.00,99,0,14,1.33,75,28,29,2.65,72,0,0.00,99,0,0.00,0,0,0.00,0,0.28,24,24,2.27,75,8,0.76,33.33,0,0.00,0,0,0,0.00,0,14,0.00,14,1.33,74,N/A,N/A,N/A,N/A,0.00,0,0.00,0,1.18,0.00,0,63.67,22.22,39,30,0.69,0.85,9,63,32,0,0,0,0.31,0.38,4,75,85.14,3.08,3.79,40,0,0.00,0.00,99,0.00,0,0,0,0.00,0.00,0,0.00,0.00,0.00,0.00,0,0,11.11,76,57,49,92,15,0.57,18,0.04,0.05,1.18,55,0.09,0.11,22,5,0.38,0.47,0.66,0.54,22,7,0.11,54,21,79,81,0,46,61,0,0.00,99,16,0.00,1.52,9.00,7.31,95,44,29,40,4.17,3.38,46.32,9,0.85,41,0,7.14,0,0.00,99,2,0.15,0.19,43,59,57,74,0,0,0,0,0,50,64,82,68,0,99,19,15,15,0,0,16,32,0,0
Luciano Sábato,18,1211785200,2008/05/26,Primera División,2026,Centre Forward,Independiente Rivadavia,17,0,17,Argentina,1,0,1,0,0,0,0,0,0,0,0,0,0,0,0,0,0,1,0,0,0,0,0,0,0,0,0,17,17,0,5.29,-1,-1,-1,16,0,6.55,0,63,15.88,3.00,4,3,2.00,2,19,10.59,5,0.00,0.00,0.00,0,0.00,0.00,0.00,0.00,0,0.00,0.00,0.00,0.00,0.00,0.00,0.00,0.00,0.00,5.29,1.00,0.00,0.00,0.00,0.05,0.00,1.00,0.00,0.00,0,0,,1,1.00,99,0,0.00,22,1,5.29,99,0,1,0,5,0.00,99,0,0,0.00,10,0,28,0.00,12,0,0.00,99,0,0.00,0,0,0.00,0,0.00,8,0,0.00,9,0,0.00,0.00,0,0.00,0,0,0,0.00,0,0,0.00,99,0.00,0,N/A,N/A,N/A,N/A,0.00,0,0.00,0,0.05,0.00,0,66.67,0.00,22,99,0.00,0.00,0,12,12,0,0,0,0.00,0.00,0,29,6.55,0.00,0.00,0,0,0.00,0.00,99,0.00,0,0,0,0.00,0.00,0,0.00,0.00,5.29,1.00,1,0,0.00,56,0,0,56,0,0.00,0,0.00,0.00,0.05,82,0.05,0.26,2,0,0.00,0.00,5.29,1.00,99,1,0.26,81,21,1,81,0,99,99,0,0.00,99,1,0.00,5.29,10.59,2.00,2,1,61,58,5.29,1.00,50.00,0,0.00,99,0,0.00,0,0.00,99,0,0.00,0.00,28,0,44,16,0,0,0,0,0,41,56,74,68,0,99,1,15,99,1,100,99,45,0,0
Luciano Vietto,32,755078400,1993/12/05,Primera División,2026,Forward,San Lorenzo,480,206,274,Argentina,11,5,6,2,2,0,0,0,0,0,0,6,3,3,3,2,1,3,0,0.38,0,0.38,0.87,0,240,0.56,160,44,160,0,0.56,36,254,-1,3,0,6.81,0,63,33.75,16.36,61,180,12.64,139,58,26.06,60,0.00,0.00,0.82,9,0.00,2.00,1.50,0.73,8,0.00,0.55,0.00,0.00,0.00,0.09,0.55,0.27,6.00,2.25,0.55,1.64,0.00,0.55,0.20,0.00,0.09,0.00,0.00,0,0,,12,1.09,86,6,1.12,93,6,1.12,73,4,7,4,48,0.00,99,0,1,0.19,17,22,64,4.12,87,0,0.00,99,0,0.00,0,0,0.00,0,1.69,91,18,3.38,88,6,1.12,33.33,0,0.00,0,0,0,0.00,0,3,0.00,87,0.56,9,N/A,N/A,N/A,N/A,0.00,0,0.00,0,2.22,0.00,0,77.22,50.00,91,72,0.18,0.38,2,81,32,0,0,0,0.09,0.19,1,52,74.94,0.55,1.12,6,0,0.00,0.00,99,0.00,0,0,0,0.00,0.00,0,0.00,0.00,0.19,0.09,1,0,16.67,88,14,31,64,86,0.56,59,0.05,0.11,2.22,96,0.20,0.42,47,5,0.45,0.94,1.50,0.73,73,8,0.42,94,57,38,81,0,70,6,0,0.00,99,1,0.00,0.19,9.75,4.73,52,20,20,49,3.75,1.82,38.46,6,1.12,28,0,27.27,0,0.00,99,6,0.55,1.12,87,8,92,84,0,0,0,0,0,86,94,74,99,0,99,93,22,94,3,27,82,19,0,0
Lucio Ferrari,18,1199260800,2008/01/02,Primera División,2026,Defender,Talleres Córdoba,0,0,0,Argentina,0,0,0,0,0,0,0,0,0,0,0,0,0,0,0,0,0,0,0,0,0,0,0,0,0,0,0,0,0,0,0,-1,-1,-1,-1,N/A,N/A,N/A,N/A,N/A,N/A,N/A,N/A,N/A,N/A,N/A,N/A,N/A,N/A,N/A,N/A,N/A,N/A,N/A,N/A,N/A,N/A,N/A,N/A,N/A,N/A,N/A,N/A,N/A,N/A,N/A,N/A,N/A,N/A,N/A,N/A,N/A,N/A,N/A,N/A,N/A,N/A,N/A,N/A,N/A,N/A,N/A,N/A,N/A,N/A,N/A,N/A,N/A,N/A,N/A,N/A,N/A,N/A,N/A,N/A,N/A,N/A,N/A,N/A,N/A,N/A,N/A,N/A,N/A,N/A,N/A,N/A,N/A,N/A,N/A,N/A,N/A,N/A,N/A,N/A,N/A,N/A,N/A,N/A,N/A,N/A,N/A,N/A,N/A,N/A,N/A,N/A,N/A,N/A,N/A,N/A,N/A,N/A,N/A,N/A,N/A,N/A,N/A,N/A,N/A,N/A,N/A,N/A,N/A,N/A,N/A,N/A,N/A,N/A,N/A,N/A,N/A,N/A,N/A,N/A,N/A,N/A,N/A,N/A,N/A,N/A,N/A,N/A,N/A,N/A,N/A,N/A,N/A,N/A,N/A,N/A,N/A,N/A,N/A,N/A,N/A,N/A,N/A,N/A,N/A,N/A,N/A,N/A,N/A,N/A,N/A,N/A,N/A,N/A,N/A,N/A,N/A,N/A,N/A,N/A,N/A,N/A,N/A,N/A,N/A,N/A,N/A,N/A,N/A,N/A,N/A,N/A,N/A,N/A,N/A,N/A,N/A,N/A,N/A,N/A,N/A,N/A,N/A,N/A,N/A,N/A,N/A,N/A,N/A,N/A,N/A,N/A,N/A,N/A,N/A,N/A,N/A,N/A,N/A,N/A,N/A,N/A,N/A,N/A,N/A,N/A,N/A,N/A,N/A,N/A,N/A,N/A,N/A,N/A,N/A,N/A,N/A,N/A,N/A,N/A,N/A,N/A,N/A,N/A
Luis Ignacio Abraham,28,884592000,1998/01/12,Primera División,2026,Defender,Banfield,1440,720,720,Argentina,16,8,8,0,0,0,4,2,2,0,0,4,4,0,19,6,13,1,0,0.25,0.25,0,0,0,0,1.19,76,90,1440,360,0.06,432,43,185,20,0,6.87,0.25,94,25.00,25.00,31,400,15.19,243,8,15.19,21,0.00,0.00,1.19,19,0.00,5.44,1.50,1.50,24,0.00,0.56,0.00,0.00,0.00,0.56,0.88,1.19,0.00,0.56,0.38,1.81,0.00,0.19,0.05,0.00,1.00,0.00,0.00,0,0,,9,0.56,32,3,0.19,42,6,0.38,31,0,0,16,48,0.00,99,0,9,0.56,33,87,54,5.44,95,0,0.00,99,0,0.00,0,0,0.00,0,1.19,74,29,1.81,67,14,0.88,48.28,0,0.00,0,0,0,0.00,0,19,0.00,25,1.19,65,N/A,N/A,N/A,N/A,0.00,0,0.00,0,0.79,0.00,0,60.75,33.33,62,82,0.25,0.25,4,70,58,0,0,0,0.38,0.38,6,75,109.95,3.31,3.31,53,0,0.00,0.00,99,0.00,0,0,0,0.00,0.00,0,0.00,0.00,0.00,0.00,0,0,0.00,56,93,88,56,26,3.49,88,0.22,0.22,0.79,36,0.05,0.05,28,10,0.62,0.62,0.44,0.44,11,7,0.05,36,68,76,81,0,46,41,0,0.00,99,16,0.00,1.00,6.81,6.81,109,63,23,16,3.94,3.94,57.80,9,0.56,58,0,24.14,0,0.00,99,21,1.31,1.31,92,93,30,16,0,0,0,0,0,76,56,74,68,0,99,27,99,17,1,6,21,27,0,0
Luis Ignacio Ingolotti,26,947836800,2000/01/14,Primera División,2026,Goalkeeper,Atlético Tucumán,1440,720,720,Argentina,16,8,8,0,0,0,0,0,0,0,0,5,4,1,18,5,13,1,0,0,0,0,0,0,0,1.13,80,90,1440,0,0.06,477,473,171,16,0,6.69,0,63,20.38,20.38,13,326,9.00,144,1,9.00,3,0.00,0.00,0.00,0,0.00,0.06,0.00,0.00,0,0.00,0.00,0.00,0.00,2.06,0.00,0.00,3.31,0.00,0.00,0.00,0.00,0.00,0.00,0.00,0.00,0.44,0.00,0.00,0,0,,0,0.00,8,0,0.00,22,0,0.00,9,0,0,16,5,0.00,99,0,0,0.00,10,1,99,0.06,13,0,0.00,99,0,0.00,0,0,0.00,0,0.00,8,0,0.00,9,0,0.00,0.00,0,0.00,0,33,8,2.06,11,53,0.00,30,3.31,94,N/A,N/A,N/A,N/A,62.26,0,0.00,0,0.00,0.00,0,44.17,0.00,22,99,0.00,0.00,0,12,12,0,0,21,0.00,0.00,0,29,106.96,1.62,1.62,26,0,0.00,0.00,99,0.00,1,0,0,0.00,0.00,10,0.62,0.62,0.00,0.00,0,0,0.00,56,93,88,56,31,0.35,2,0.02,0.02,0.00,9,0.00,0.00,2,1,0.06,0.06,0.00,0.00,6,0,0.00,9,37,52,81,74,46,18,0,0.00,99,7,0.00,0.44,0.69,0.69,11,8,4,5,0.50,0.50,72.73,0,0.00,99,0,100.00,0,0.00,99,1,0.06,0.06,29,93,30,16,0,0,0,0,0,41,56,74,68,0,99,47,99,17,1,6,21,1,0,0
Luis Marcelo Torres,28,878803200,1997/11/06,Primera División,2026,Forward,Gimnasia La Plata,1416,634,782,Argentina,18,8,10,8,4,4,1,0,1,0,0,6,3,3,19,8,11,1,0,0.57,0.06,0.51,0.57,0.46,177,1.21,75,79,1416,1416,0.06,9,195,-1,1,0,6.87,0.06,65,17.10,14.94,5,269,11.61,209,60,13.28,14,0.00,0.00,0.50,9,0.00,0.06,0.25,0.22,4,0.00,0.39,0.00,0.00,0.00,0.11,0.28,1.11,3.25,1.65,0.61,0.56,0.00,0.83,0.40,0.00,0.50,0.00,0.00,0,0,,26,1.44,71,15,0.95,88,11,0.70,54,3,0,18,8,0.00,99,0,2,0.13,14,1,28,0.06,13,0,0.00,99,0,0.00,0,0,0.00,0,0.57,41,10,0.64,32,5,0.32,50.00,0,0.00,0,0,0,0.00,0,20,0.00,22,1.27,70,N/A,N/A,N/A,N/A,0.00,0,0.00,0,7.15,0.00,0,77.70,57.69,94,82,0.22,0.25,4,36,66,3,0,0,0.00,0.00,0,29,123.71,0.28,0.32,5,0,0.00,0.00,99,0.00,0,3,0,0.00,0.00,0,0.00,0.00,0.64,0.56,10,2,30.77,97,90,98,58,24,1.42,47,0.08,0.09,5.05,88,0.28,0.32,25,8,0.44,0.51,1.14,1.00,52,18,0.45,95,68,9,81,0,93,24,0,0.00,99,9,0.00,0.57,4.58,4.00,72,25,8,8,1.59,1.39,34.72,7,0.44,66,0,0.00,0,0.00,99,0,0.00,0.00,28,98,30,74,0,0,0,0,0,96,99,95,96,0,99,54,99,17,1,6,21,32,0,0
Luis Miguel Angulo Sevillano,22,1080028800,2004/03/23,Primera División,2026,Forward,Talleres Córdoba,0,0,0,Colombia,0,0,0,0,0,0,0,0,0,0,0,0,0,0,0,0,0,0,0,0,0,0,0,0,0,0,0,0,0,0,0,-1,-1,-1,-1,0,6.82,0,63,15.00,2.00,3,2,1.00,1,2,7.50,1,0.00,0.00,0.00,0,0.00,1.00,7.50,1.00,1,0.00,0.00,0.00,0.00,0.00,0.00,2.00,1.00,0.00,0.00,0.00,2.00,0.00,0.00,0.00,0.00,0.00,0.00,0.00,0,0,,0,0.00,8,0,0.00,22,0,0.00,9,0,0,0,99,0.00,99,0,0,0.00,10,1,28,7.50,98,0,0.00,99,0,0.00,0,0,0.00,0,0.00,8,2,15.00,99,2,15.00,100.00,0,0.00,0,0,0,0.00,0,1,0.00,99,7.50,99,N/A,N/A,N/A,N/A,0.00,0,0.00,0,0.00,0.00,0,50.00,0.00,22,99,0.00,0.00,0,99,99,0,0,0,0.00,0.00,0,29,6.82,0.00,0.00,0,0,0.00,0.00,99,0.00,0,0,0,0.00,0.00,0,0.00,0.00,0.00,0.00,0,0,0.00,56,0,0,56,0,0.00,0,0.00,0.00,0.00,9,0.00,0.00,2,0,0.00,0.00,0.00,0.00,6,0,0.00,9,59,1,81,0,46,1,0,0.00,99,0,0.00,0.00,22.50,3.00,3,3,99,99,22.50,3.00,100.00,0,0.00,99,0,0.00,0,0.00,99,0,0.00,0.00,28,0,30,16,0,0,0,0,0,41,56,74,68,0,99,1,15,15,0,0,16,18,0,0
Luis Sequeira,23,1042012800,2003/01/08,Primera División,2026,Midfielder,Independiente Rivadavia,51,51,0,Argentina,2,2,0,0,0,0,0,0,0,0,0,0,0,0,0,0,0,0,0,0,0,0,0,0,0,0,0,26,0,0,0,-1,-1,-1,17,0,6.93,0,63,82.94,23.50,99,47,18.50,37,65,65.29,99,0.00,0.00,1.00,2,0.00,2.00,1.76,0.50,1,0.00,0.00,0.00,0.00,0.00,0.00,0.50,0.00,0.00,1.76,0.00,0.50,0.00,0.50,0.07,0.00,0.00,0.00,0.00,0,0,,1,0.50,73,1,1.76,99,0,0.00,9,0,2,0,60,0.00,99,0,0,0.00,10,4,57,7.06,97,0,0.00,99,0,0.00,0,0,0.00,0,3.53,99,1,1.76,66,1,1.76,100.00,0,0.00,0,0,0,0.00,0,0,0.00,99,0.00,0,N/A,N/A,N/A,N/A,0.00,0,0.00,0,0.15,0.00,0,78.72,100.00,99,99,0.00,0.00,0,91,99,0,0,0,0.00,0.00,0,29,13.85,0.50,1.76,1,0,0.00,0.00,99,0.00,0,0,0,0.00,0.00,0,0.00,0.00,0.00,0.00,0,0,0.00,56,0,0,56,0,0.13,90,0.07,0.23,0.15,82,0.07,0.26,2,0,0.00,0.00,0.00,0.00,6,0,0.26,81,78,56,81,0,46,1,0,0.00,99,0,0.00,0.00,3.53,1.00,2,2,16,7,3.53,1.00,100.00,0,0.00,99,0,25.00,0,0.00,99,1,0.50,1.76,97,0,57,16,0,0,0,0,0,41,56,74,68,0,99,1,15,15,0,0,16,77,0,0
Luka Fuster,19,1155106800,2006/08/09,Primera División,2026,Goalkeeper,Tigre,0,0,0,Argentina,0,0,0,0,0,0,0,0,0,0,0,0,0,0,0,0,0,0,0,0,0,0,0,0,0,0,0,0,0,0,0,-1,-1,-1,-1,N/A,N/A,N/A,N/A,N/A,N/A,N/A,N/A,N/A,N/A,N/A,N/A,N/A,N/A,N/A,N/A,N/A,N/A,N/A,N/A,N/A,N/A,N/A,N/A,N/A,N/A,N/A,N/A,N/A,N/A,N/A,N/A,N/A,N/A,N/A,N/A,N/A,N/A,N/A,N/A,N/A,N/A,N/A,N/A,N/A,N/A,N/A,N/A,N/A,N/A,N/A,N/A,N/A,N/A,N/A,N/A,N/A,N/A,N/A,N/A,N/A,N/A,N/A,N/A,N/A,N/A,N/A,N/A,N/A,N/A,N/A,N/A,N/A,N/A,N/A,N/A,N/A,N/A,N/A,N/A,N/A,N/A,N/A,N/A,N/A,N/A,N/A,N/A,N/A,N/A,N/A,N/A,N/A,N/A,N/A,N/A,N/A,N/A,N/A,N/A,N/A,N/A,N/A,N/A,N/A,N/A,N/A,N/A,N/A,N/A,N/A,N/A,N/A,N/A,N/A,N/A,N/A,N/A,N/A,N/A,N/A,N/A,N/A,N/A,N/A,N/A,N/A,N/A,N/A,N/A,N/A,N/A,N/A,N/A,N/A,N/A,N/A,N/A,N/A,N/A,N/A,N/A,N/A,N/A,N/A,N/A,N/A,N/A,N/A,N/A,N/A,N/A,N/A,N/A,N/A,N/A,N/A,N/A,N/A,N/A,N/A,N/A,N/A,N/A,N/A,N/A,N/A,N/A,N/A,N/A,N/A,N/A,N/A,N/A,N/A,N/A,N/A,N/A,N/A,N/A,N/A,N/A,N/A,N/A,N/A,N/A,N/A,N/A,N/A,N/A,N/A,N/A,N/A,N/A,N/A,N/A,N/A,N/A,N/A,N/A,N/A,N/A,N/A,N/A,N/A,N/A,N/A,N/A,N/A,N/A,N/A,N/A,N/A,N/A,N/A,N/A,N/A,N/A,N/A,N/A,N/A,N/A,N/A,N/A
Maher Mauricio Carrizo,20,1140336000,2006/02/19,Primera División,2026,Forward,Vélez Sarsfield,44,44,0,Argentina,1,1,0,0,0,0,0,0,0,0,0,0,0,0,0,0,0,0,0,0,0,0,0,0,0,0,0,44,0,0,0,-1,-1,-1,11,0,7.05,0,63,22.50,11.00,23,11,9.00,9,79,18.41,34,0.00,0.00,2.00,2,0.00,1.00,0.00,0.00,0,0.00,1.00,0.00,0.00,0.00,0.00,2.00,0.00,0.00,2.05,1.00,3.00,0.00,0.00,0.06,0.00,0.00,0.00,0.00,0,0,,1,1.00,81,0,0.00,22,1,2.05,97,0,1,0,5,0.00,99,0,0,0.00,10,1,28,2.05,63,0,0.00,99,0,0.00,0,0,0.00,0,4.09,99,3,6.14,99,2,4.09,66.67,0,0.00,0,0,0,0.00,0,0,0.00,99,0.00,0,N/A,N/A,N/A,N/A,0.00,0,0.00,0,0.06,0.00,0,81.82,0.00,22,99,0.00,0.00,0,99,87,0,0,0,0.00,0.00,0,29,7.05,0.00,0.00,0,0,0.00,0.00,99,0.00,0,0,0,0.00,0.00,0,0.00,0.00,0.00,0.00,0,0,0.00,56,0,0,56,0,0.11,90,0.11,0.23,0.06,58,0.06,0.12,99,2,2.00,4.09,4.09,2.00,99,2,0.12,57,89,1,81,0,46,1,0,0.00,99,0,0.00,0.00,18.41,9.00,9,4,97,98,8.18,4.00,44.44,1,2.05,6,0,0.00,0,0.00,99,0,0.00,0.00,28,0,44,16,0,0,0,0,0,41,56,74,68,0,99,1,15,15,0,0,16,28,0,0
Malcom Braida,29,863852400,1997/05/17,Primera División,2026,Defender,Boca Juniors,397,134,263,Argentina,6,2,4,0,0,0,0,0,0,0,0,2,0,2,2,1,1,0,0,0,0,0,0,0,0,0.45,199,66,0,0,0,259,210,11,13,0,7.07,0,63,48.90,38.67,90,232,34.17,205,98,43.21,93,0.00,0.00,0.83,5,0.00,2.83,3.58,2.83,17,0.00,1.00,0.00,0.00,0.00,2.00,1.00,0.67,0.00,0.42,0.33,1.67,0.00,0.00,0.02,0.00,0.83,0.00,0.00,0,0,,2,0.33,23,0,0.00,22,2,0.42,34,1,2,4,98,0.00,99,0,12,2.53,99,17,52,3.58,82,0,0.00,99,0,0.00,0,0,0.00,0,1.05,69,10,2.11,71,6,1.26,60.00,0,0.00,0,0,0,0.00,0,4,0.00,94,0.84,32,N/A,N/A,N/A,N/A,0.00,0,0.00,0,0.10,0.00,0,88.36,0.00,22,6,1.17,1.48,7,84,79,0,0,0,0.67,0.84,4,95,42.39,1.17,1.48,7,0,0.00,0.00,99,0.00,0,0,0,0.00,0.00,0,0.00,0.00,0.21,0.17,1,0,0.00,56,4,4,56,94,0.64,66,0.11,0.13,0.10,20,0.02,0.02,74,7,1.17,1.48,1.26,1.00,59,6,0.02,20,91,49,81,0,73,44,0,0.00,99,5,0.00,1.05,13.91,11.00,66,35,93,88,7.38,5.83,53.03,6,1.26,24,0,23.53,0,0.00,99,4,0.67,0.84,79,8,57,41,0,0,0,0,0,41,56,74,68,0,99,54,15,15,0,0,16,27,0,0
Manuel Agustín Duarte,24,998550000,2001/08/23,Primera División,2026,Midfielder,Barracas Central,59,59,0,Argentina,3,3,0,0,0,0,0,0,0,0,0,0,0,0,1,1,0,0,0,0,0,0,0,0,0,1.53,59,20,0,0,0,-1,-1,-1,20,0,6.53,0,63,45.76,10.00,86,30,8.67,26,95,39.66,89,0.00,0.00,0.33,1,0.00,1.00,0.00,0.00,0,0.00,1.33,0.00,0.00,0.00,0.33,0.67,0.33,0.00,3.05,0.67,1.00,0.00,0.00,0.03,0.00,0.00,0.00,0.00,0,0,,2,0.67,97,0,0.00,22,2,3.05,99,0,3,0,5,0.00,99,0,1,1.53,84,3,79,4.58,90,0,0.00,99,0,0.00,0,0,0.00,0,1.53,87,3,4.58,95,2,3.05,66.67,0,0.00,0,0,0,0.00,0,1,0.00,6,1.53,85,N/A,N/A,N/A,N/A,0.00,0,0.00,0,0.09,0.00,0,86.67,0.00,22,99,0.00,0.00,0,99,87,0,0,0,0.33,1.53,1,99,19.58,0.33,1.53,1,0,0.00,0.00,99,0.00,0,0,0,0.00,0.00,0,0.00,0.00,1.53,0.33,1,0,0.00,56,0,0,56,6,0.08,63,0.03,0.12,0.09,64,0.03,0.14,74,1,0.33,1.53,0.00,0.00,6,0,0.14,63,19,50,81,0,99,1,0,0.00,99,0,0.00,0.00,12.20,2.67,8,3,42,77,4.58,1.00,37.50,4,6.10,0,0,33.33,0,0.00,99,1,0.33,1.53,95,0,66,16,0,0,0,0,0,41,56,74,68,0,99,1,15,15,0,0,16,18,0,0
Manuel Brondo,24,1014624000,2002/02/25,Primera División,2026,Forward,Atlético Tucumán,91,42,49,Argentina,6,3,3,0,0,0,0,0,0,0,0,3,2,1,3,1,2,0,0,0,0,0,0,0,0,2.97,30,15,0,0,0,-1,-1,-1,15,0,4.30,0,63,18.59,3.17,8,19,1.83,11,5,10.76,6,0.00,0.00,0.17,1,0.00,0.00,1.96,0.33,2,0.00,0.00,0.00,0.00,0.00,0.00,0.00,0.67,0.00,2.93,0.33,0.67,0.00,0.17,0.04,0.00,0.17,0.00,0.00,0,0,,3,0.50,96,1,0.98,89,2,1.96,96,0,6,0,68,0.00,99,0,0,0.00,10,0,28,0.00,12,0,0.00,99,0,0.00,0,0,0.00,0,0.98,65,4,3.91,92,0,0.00,0.00,0,0.00,0,0,0,0.00,0,4,0.00,0,3.91,97,N/A,N/A,N/A,N/A,0.00,0,0.00,0,0.22,0.00,0,57.89,33.33,62,99,0.00,0.00,0,12,12,0,0,0,0.00,0.00,0,29,25.82,0.33,1.96,2,0,0.00,0.00,99,0.00,0,0,0,0.00,0.00,0,0.00,0.00,0.98,0.17,1,0,0.00,56,0,4,56,0,0.06,26,0.01,0.06,0.22,78,0.04,0.22,99,5,0.83,4.89,2.93,0.50,98,3,0.22,76,0,59,81,0,98,40,0,0.00,99,1,0.00,0.98,16.63,2.83,17,8,96,95,7.83,1.33,47.06,0,0.00,99,0,0.00,0,0.00,99,0,0.00,0.00,28,0,88,16,0,0,0,0,0,41,56,74,68,0,99,88,15,15,0,0,16,30,0,0
Manuel Fernández,21,1097218800,2004/10/08,Primera División,2026,Forward,Tigre,49,9,40,Argentina,6,2,4,0,0,0,0,0,0,0,0,1,0,1,0,0,0,0,0,0,0,0,0,0,0,0,0,8,0,0,0,-1,-1,-1,18,0,4.46,0,63,54.00,5.00,95,30,4.00,24,71,43.20,93,0.00,0.00,0.33,2,0.00,0.83,7.20,0.67,4,0.00,0.17,0.00,0.00,0.00,0.00,0.00,0.00,0.00,5.40,0.50,0.17,0.00,0.00,0.03,0.00,0.33,0.00,0.00,0,0,,3,0.50,99,0,0.00,22,3,5.40,99,0,6,0,99,0.00,99,0,0,0.00,10,5,28,9.00,99,0,0.00,99,0,0.00,0,0,0.00,0,3.60,99,1,1.80,67,0,0.00,0.00,0,0.00,0,0,0,0.00,0,0,0.00,99,0.00,0,N/A,N/A,N/A,N/A,0.00,0,0.00,0,0.17,0.00,0,80.00,0.00,22,2,0.17,1.80,1,12,12,0,0,0,0.00,0.00,0,29,26.73,0.00,0.00,0,0,0.00,0.00,99,0.00,0,0,0,0.00,0.00,0,0.00,0.00,1.80,0.17,1,0,0.00,56,0,4,56,0,0.11,85,0.02,0.20,0.17,87,0.03,0.31,81,1,0.17,1.80,1.80,0.17,85,1,0.31,87,0,1,81,0,99,95,0,0.00,99,2,0.00,3.60,25.20,2.33,14,7,99,99,12.60,1.17,50.00,1,1.80,9,0,0.00,0,0.00,99,0,0.00,0.00,28,0,88,16,0,0,0,0,0,41,56,74,68,0,99,8,15,15,0,0,16,18,0,0
Manuel García,27,929084400,1999/06/11,Primera División,2026,Midfielder,Sarmiento,828,422,406,Argentina,13,7,6,0,0,0,0,0,0,0,0,4,4,0,9,2,7,3,0,0,0,0,0,0,0,0.98,92,64,276,0,0.33,343,323,-1,19,0,5.45,0,63,29.35,20.77,45,270,14.92,194,32,21.09,44,0.00,0.00,0.23,3,0.00,0.38,3.04,2.15,28,0.00,0.54,0.00,0.00,0.00,0.77,0.31,0.85,0.00,0.22,0.08,1.00,0.00,0.08,0.01,0.00,0.38,0.00,0.00,0,0,,2,0.15,12,1,0.11,30,1,0.11,11,1,4,9,94,0.00,99,0,10,1.09,63,5,85,0.54,40,0,0.00,99,0,0.00,0,0,0.00,0,0.33,27,13,1.41,57,4,0.43,30.77,0,0.00,0,0,0,0.00,0,11,0.00,43,1.20,66,N/A,N/A,N/A,N/A,0.00,0,0.00,0,0.19,0.00,0,71.85,50.00,91,23,0.69,0.98,9,46,26,0,0,0,0.08,0.11,1,38,70.81,1.15,1.63,15,1,0.00,0.11,5,0.08,0,0,0,0.00,0.00,0,0.00,0.00,0.00,0.00,0,0,0.00,56,47,49,56,43,0.55,26,0.04,0.06,0.19,20,0.01,0.02,19,4,0.31,0.43,2.72,1.92,97,25,0.02,20,2,53,81,0,46,23,0,0.00,99,5,0.00,0.54,10.76,7.62,99,39,32,61,4.24,3.00,39.39,7,0.76,46,0,40.00,0,0.00,99,2,0.15,0.22,49,48,75,41,0,0,0,0,0,41,56,74,68,0,99,47,46,70,3,23,72,5,0,0
Manuel Lanzini,33,729763200,1993/02/15,Primera División,2026,Midfielder,Vélez Sarsfield,1296,657,639,Argentina,17,9,8,3,2,1,0,0,0,0,0,7,3,4,10,5,5,2,0,0.21,0,0.21,0.27,0.14,432,0.69,130,76,648,0,0.14,90,360,-1,3,0,6.71,0,63,42.68,36.18,82,615,30.41,517,87,35.88,83,0.00,0.00,1.06,18,0.00,3.18,0.97,0.82,14,0.00,1.24,0.00,0.00,0.00,0.41,0.88,0.65,8.33,1.73,0.88,1.76,0.00,0.59,0.23,0.00,0.24,0.00,0.00,0,0,,25,1.47,73,10,0.69,80,15,1.04,71,3,1,16,22,0.00,99,0,7,0.49,30,54,45,3.75,83,0,0.00,99,0,0.00,0,0,0.00,0,1.25,77,30,2.08,71,15,1.04,50.00,0,0.00,0,0,0,0.00,0,11,0.00,73,0.76,23,N/A,N/A,N/A,N/A,0.00,0,0.00,0,3.91,0.00,0,84.07,40.00,74,56,0.47,0.56,8,79,66,0,0,0,0.06,0.07,1,31,114.05,0.29,0.35,5,0,0.00,0.00,99,0.00,0,0,0,0.00,0.00,0,0.00,0.00,0.07,0.06,1,0,12.00,77,81,94,72,73,2.04,70,0.12,0.14,3.91,84,0.23,0.27,96,40,2.35,2.78,0.83,0.71,33,12,0.27,83,41,10,81,0,51,9,0,0.00,99,4,0.00,0.28,8.88,7.53,128,70,49,39,4.86,4.12,54.69,21,1.46,18,0,20.37,0,0.00,99,11,0.65,0.76,77,93,44,74,0,0,0,0,0,71,85,78,84,0,99,71,86,31,2,12,41,22,0,0
Manuel Matías Vicentini,36,640508400,1990/04/19,Primera División,2026,Goalkeeper,Belgrano,0,0,0,Argentina,0,0,0,0,0,0,0,0,0,0,0,0,0,0,0,0,0,0,0,0,0,0,0,0,0,0,0,0,0,0,0,-1,-1,-1,-1,N/A,N/A,N/A,N/A,N/A,N/A,N/A,N/A,N/A,N/A,N/A,N/A,N/A,N/A,N/A,N/A,N/A,N/A,N/A,N/A,N/A,N/A,N/A,N/A,N/A,N/A,N/A,N/A,N/A,N/A,N/A,N/A,N/A,N/A,N/A,N/A,N/A,N/A,N/A,N/A,N/A,N/A,N/A,N/A,N/A,N/A,N/A,N/A,N/A,N/A,N/A,N/A,N/A,N/A,N/A,N/A,N/A,N/A,N/A,N/A,N/A,N/A,N/A,N/A,N/A,N/A,N/A,N/A,N/A,N/A,N/A,N/A,N/A,N/A,N/A,N/A,N/A,N/A,N/A,N/A,N/A,N/A,N/A,N/A,N/A,N/A,N/A,N/A,N/A,N/A,N/A,N/A,N/A,N/A,N/A,N/A,N/A,N/A,N/A,N/A,N/A,N/A,N/A,N/A,N/A,N/A,N/A,N/A,N/A,N/A,N/A,N/A,N/A,N/A,N/A,N/A,N/A,N/A,N/A,N/A,N/A,N/A,N/A,N/A,N/A,N/A,N/A,N/A,N/A,N/A,N/A,N/A,N/A,N/A,N/A,N/A,N/A,N/A,N/A,N/A,N/A,N/A,N/A,N/A,N/A,N/A,N/A,N/A,N/A,N/A,N/A,N/A,N/A,N/A,N/A,N/A,N/A,N/A,N/A,N/A,N/A,N/A,N/A,N/A,N/A,N/A,N/A,N/A,N/A,N/A,N/A,N/A,N/A,N/A,N/A,N/A,N/A,N/A,N/A,N/A,N/A,N/A,N/A,N/A,N/A,N/A,N/A,N/A,N/A,N/A,N/A,N/A,N/A,N/A,N/A,N/A,N/A,N/A,N/A,N/A,N/A,N/A,N/A,N/A,N/A,N/A,N/A,N/A,N/A,N/A,N/A,N/A,N/A,N/A,N/A,N/A,N/A,N/A,N/A,N/A,N/A,N/A,N/A,N/A
Manuel Mónaco,24,1021100400,2002/05/11,Primera División,2026,Midfielder,Sarmiento,26,0,26,Argentina,1,0,1,0,0,0,0,0,0,0,0,0,0,0,1,0,1,1,0,0,0,0,0,0,0,3.46,26,26,26,0,3.46,-1,-1,-1,17,0,6.26,0,63,10.80,3.00,0,3,2.00,2,19,7.20,1,0.00,0.00,0.00,0,0.00,0.00,0.00,0.00,0,0.00,0.00,0.00,0.00,0.00,0.00,0.00,1.00,0.00,0.00,0.00,0.00,0.00,0.00,0.00,0.00,0.00,0.00,0.00,0,0,,0,0.00,8,0,0.00,22,0,0.00,9,0,1,0,5,0.00,99,0,0,0.00,10,0,28,0.00,12,0,0.00,99,0,0.00,0,0,0.00,0,0.00,8,0,0.00,9,0,0.00,0.00,0,0.00,0,0,0,0.00,0,1,0.00,0,3.60,95,N/A,N/A,N/A,N/A,0.00,0,0.00,0,0.00,0.00,0,66.67,0.00,22,0,1.00,3.60,1,12,12,0,0,0,0.00,0.00,0,29,6.26,1.00,3.60,1,0,0.00,0.00,99,0.00,0,0,0,0.00,0.00,0,0.00,0.00,0.00,0.00,0,0,0.00,56,0,0,56,0,0.00,0,0.00,0.00,0.00,9,0.00,0.00,99,1,1.00,3.60,3.60,1.00,99,1,0.00,9,11,78,81,0,46,1,0,0.00,99,0,0.00,0.00,10.80,3.00,3,1,17,62,3.60,1.00,33.33,0,0.00,99,0,0.00,0,0.00,99,0,0.00,0.00,28,0,44,16,0,0,0,0,0,41,56,74,68,0,99,1,15,99,1,100,99,30,0,0
Manuel Panaro,23,1041062400,2002/12/28,Primera División,2026,Forward,Gimnasia La Plata,808,426,382,Argentina,16,7,9,1,0,1,1,1,0,0,0,6,3,3,9,6,3,3,1,0.22,0.11,0.11,0,0.24,808,1,90,51,202,808,0.45,183,135,-1,7,0,6.58,0.06,77,18.60,10.44,8,167,7.56,121,34,13.48,15,0.00,0.00,0.31,5,0.00,1.31,1.23,0.69,11,0.00,0.88,0.00,0.00,0.00,0.25,0.75,0.56,18.00,2.00,0.75,2.00,0.00,0.38,0.13,0.00,0.69,0.00,0.00,0,0,,18,1.12,80,6,0.67,80,12,1.34,83,2,6,10,34,0.00,99,0,4,0.45,28,21,41,2.34,67,0,0.00,99,0,0.00,0,0,0.00,0,0.56,40,32,3.56,90,12,1.34,37.50,0,0.00,0,0,0,0.00,0,9,0.00,41,1.00,50,N/A,N/A,N/A,N/A,0.00,0,0.00,0,2.10,0.00,0,72.46,33.33,62,56,0.31,0.56,5,86,38,0,0,0,0.12,0.22,2,58,105.24,0.75,1.34,12,0,0.00,0.00,99,0.00,0,0,1,0.06,0.11,0,0.00,0.00,0.45,0.25,4,0,5.56,61,46,88,90,41,1.03,59,0.06,0.11,2.10,78,0.13,0.23,90,19,1.19,2.12,1.34,0.75,64,12,0.23,77,24,45,91,0,88,52,0,0.00,99,11,0.00,1.23,13.14,7.38,118,53,75,85,5.90,3.31,44.92,14,1.56,15,0,19.05,0,0.00,99,4,0.25,0.45,63,52,88,57,0,0,0,0,0,72,68,86,68,0,99,65,29,87,2,12,41,7,0,0
Manuel Roffo,26,954831600,2000/04/04,Primera División,2026,Goalkeeper,Instituto,1440,720,720,Argentina,16,8,8,0,0,0,0,0,0,0,0,4,2,2,15,7,8,1,0,0,0,0,0,0,0,0.94,96,90,1440,0,0.06,380,366,127,24,0,6.79,0,63,21.31,21.31,17,341,13.50,216,12,13.50,15,0.00,0.00,0.00,0,0.00,0.00,0.00,0.00,0,0.00,0.00,0.00,0.00,2.31,0.00,0.00,3.38,0.00,0.00,0.00,0.00,0.00,0.00,0.00,0.00,0.12,0.00,0.00,0,0,,0,0.00,8,0,0.00,22,0,0.00,9,0,0,16,5,0.00,99,0,0,0.00,10,0,28,0.00,12,0,0.00,99,0,0.00,0,0,0.00,0,0.00,8,0,0.00,9,0,0.00,0.00,0,0.00,0,37,22,2.31,19,54,0.00,47,3.38,94,N/A,N/A,N/A,N/A,68.52,0,0.00,0,0.00,0.00,0,63.34,0.00,22,99,0.00,0.00,0,12,12,0,0,25,0.00,0.00,0,29,108.64,0.69,0.69,11,0,0.00,0.00,99,0.00,0,0,0,0.00,0.00,5,0.31,0.31,0.00,0.00,0,0,0.00,56,93,88,56,47,0.53,6,0.03,0.03,0.00,9,0.00,0.00,6,3,0.19,0.19,0.00,0.00,6,0,0.00,9,53,21,81,34,46,2,0,0.00,99,2,0.00,0.12,0.31,0.31,5,5,1,1,0.31,0.31,100.00,0,0.00,99,0,0.00,0,0.00,99,0,0.00,0.00,28,93,30,16,0,0,0,0,0,41,56,74,68,0,99,27,99,17,1,6,21,28,0,0
Manuel Tucker,21,1099206000,2004/10/31,Primera División,2026,Forward,Platense,57,52,5,Argentina,4,3,1,0,0,0,0,0,0,0,0,0,0,0,1,1,0,0,0,0,0,0,0,0,0,1.58,57,14,0,0,0,-1,-1,-1,8,0,6.61,0,63,15.79,2.50,4,10,1.75,7,28,11.05,7,0.00,0.00,0.00,0,0.00,1.50,0.00,0.00,0,0.00,0.50,0.00,0.00,0.00,0.00,0.25,0.25,0.00,3.16,0.25,0.50,0.00,0.25,0.05,0.00,0.75,0.00,0.00,0,0,,2,0.50,97,1,1.58,99,1,1.58,89,0,4,0,5,0.00,99,0,0,0.00,10,6,79,9.47,99,0,0.00,99,0,0.00,0,0,0.00,0,0.00,8,2,3.16,86,1,1.58,50.00,0,0.00,0,0,0,0.00,0,1,0.00,5,1.58,87,N/A,N/A,N/A,N/A,0.00,0,0.00,0,0.20,0.00,0,70.00,50.00,91,99,0.00,0.00,0,90,66,0,0,0,0.00,0.00,0,29,26.45,0.25,1.58,1,0,0.00,0.00,99,0.00,0,0,0,0.00,0.00,0,0.00,0.00,0.00,0.00,0,0,0.00,56,0,0,56,5,0.01,2,0.00,0.02,0.20,88,0.05,0.32,99,7,1.75,11.05,0.00,0.00,6,0,0.32,88,27,52,81,0,46,98,0,0.00,99,3,0.00,4.74,25.26,4.00,16,10,99,99,15.79,2.50,62.50,2,3.16,1,0,33.33,0,0.00,99,2,0.50,3.16,99,0,75,16,0,0,0,0,0,41,56,74,68,0,99,1,15,15,0,0,16,28,0,0
Marcelo Alexis Weigandt,26,947577600,2000/01/11,Primera División,2026,Defender,Boca Juniors,773,430,343,Argentina,11,6,5,0,0,0,0,0,0,0,0,5,3,2,5,3,2,0,0,0,0,0,0,0,0,0.58,155,70,0,0,0,276,260,33,16,0,6.92,0,63,41.91,32.73,80,360,24.91,274,52,31.90,77,0.00,0.00,1.18,13,0.00,2.64,2.21,1.73,19,0.00,0.64,0.00,0.00,0.00,1.64,1.00,0.45,0.00,0.47,0.27,1.45,0.00,0.09,0.03,0.00,0.91,0.00,0.00,0,0,,4,0.36,26,1,0.12,33,3,0.35,28,2,3,8,76,0.00,99,0,18,2.10,97,29,79,3.38,80,0,0.00,99,0,0.00,0,0,0.00,0,1.51,86,16,1.86,67,11,1.28,68.75,0,0.00,0,0,0,0.00,0,5,0.00,86,0.58,9,N/A,N/A,N/A,N/A,0.00,0,0.00,0,0.31,0.00,0,76.11,25.00,45,10,1.00,1.28,11,84,87,0,0,0,0.27,0.35,3,72,76.16,2.00,2.56,22,0,0.00,0.00,99,0.00,0,0,0,0.00,0.00,0,0.00,0.00,0.00,0.00,0,0,0.00,56,44,31,56,85,1.17,70,0.11,0.14,0.31,32,0.03,0.04,22,4,0.36,0.47,0.82,0.64,32,7,0.04,32,77,69,81,0,46,49,0,0.00,99,10,0.00,1.16,9.31,7.27,80,43,53,44,5.01,3.91,53.75,7,0.82,43,0,34.48,0,0.00,99,10,0.91,1.16,87,40,66,57,0,0,0,0,0,41,56,74,68,0,99,79,15,15,0,0,16,23,0,0
Marcelo Cabrera,19,1157871600,2006/09/10,Primera División,2026,Midfielder,Rosario Central,26,26,0,Argentina,1,1,0,0,0,0,0,0,0,0,0,0,0,0,1,1,0,0,0,0,0,0,0,0,0,3.46,26,26,0,0,0,-1,-1,-1,13,0,6.79,0,63,38.08,11.00,72,11,9.00,9,79,31.15,76,0.00,0.00,1.00,1,0.00,2.00,0.00,0.00,0,0.00,0.00,0.00,0.00,0.00,0.00,1.00,1.00,0.00,6.92,1.00,3.00,0.00,1.00,0.21,0.00,0.00,0.00,0.00,0,0,,2,2.00,99,1,3.46,99,1,3.46,99,0,1,0,5,0.00,99,0,0,0.00,10,2,28,6.92,97,0,0.00,99,0,0.00,0,0,0.00,0,3.46,99,3,10.38,99,1,3.46,33.33,0,0.00,0,0,0,0.00,0,1,0.00,0,3.46,95,N/A,N/A,N/A,N/A,0.00,0,0.00,0,0.21,0.00,0,81.82,50.00,91,99,0.00,0.00,0,99,32,0,0,0,0.00,0.00,0,29,6.79,1.00,3.46,1,0,0.00,0.00,99,0.00,0,0,0,0.00,0.00,0,0.00,0.00,0.00,0.00,0,0,0.00,56,0,0,56,0,0.05,80,0.05,0.17,0.21,99,0.21,0.73,2,0,0.00,0.00,0.00,0.00,6,0,0.73,99,53,77,81,0,46,1,0,0.00,99,0,0.00,0.00,10.38,3.00,3,1,15,56,3.46,1.00,33.33,0,0.00,99,0,0.00,0,0.00,99,0,0.00,0.00,28,0,44,16,0,0,0,0,0,41,56,74,68,0,99,1,15,15,0,0,16,7,0,0
Marcelo César Esponda,23,1042531200,2003/01/14,Primera División,2026,Midfielder,Newell's Old Boys,180,10,170,Argentina,5,1,4,0,0,0,0,0,0,0,0,0,0,0,3,1,2,0,0,0,0,0,0,0,0,1.5,60,36,0,0,0,-1,-1,-1,12,0,5.26,0,63,36.80,14.80,70,74,9.60,48,16,23.87,53,0.00,0.00,0.40,2,0.00,0.00,2.98,1.20,6,0.00,0.20,0.00,0.00,0.00,0.40,0.60,0.60,0.00,0.99,0.20,1.20,0.00,0.20,0.03,0.00,1.20,0.00,0.00,0,0,,2,0.40,53,1,0.50,70,1,0.50,41,3,3,2,93,0.00,99,0,2,0.99,57,0,28,0.00,12,0,0.00,99,0,0.00,0,0,0.00,0,0.99,66,6,2.98,84,3,1.49,50.00,0,0.00,0,0,0,0.00,0,3,0.00,7,1.49,83,N/A,N/A,N/A,N/A,0.00,0,0.00,0,0.16,0.00,0,64.86,50.00,91,99,0.00,0.00,0,89,66,0,0,0,0.00,0.00,0,29,26.31,2.00,4.97,10,0,0.00,0.00,99,0.00,0,0,0,0.00,0.00,0,0.00,0.00,0.00,0.00,0,0,0.00,56,0,1,56,7,0.19,47,0.04,0.09,0.16,48,0.03,0.08,50,2,0.40,0.99,1.49,0.60,73,3,0.08,48,1,84,81,0,46,88,0,0.00,99,6,0.00,2.98,14.42,5.80,29,17,97,90,8.45,3.40,58.62,1,0.50,62,0,0.00,0,0.00,99,0,0.00,0.00,28,0,66,74,0,0,0,0,0,41,56,74,68,0,99,1,15,15,0,0,16,29,0,0
Marcelo Luciano Estigarribia,31,800089200,1995/05/10,Primera División,2026,Forward,Unión Santa Fe,1304,609,695,Argentina,17,8,9,4,3,1,1,1,0,0,0,5,5,0,16,5,11,6,0,0.35,0.07,0.28,0.44,0.13,326,1.1,82,77,217,1304,0.41,67,187,-1,2,0,7.12,0.06,69,24.71,21.06,29,358,12.29,209,6,14.42,19,0.00,0.00,0.88,15,0.00,1.00,0.69,0.59,10,0.00,0.53,0.00,0.00,0.00,0.06,0.12,1.06,14.00,3.87,2.12,0.71,0.00,1.18,0.39,0.00,5.47,0.00,0.00,0,0,,56,3.29,99,20,1.38,97,36,2.48,99,1,2,15,15,0.00,99,0,1,0.07,11,17,32,1.17,53,0,0.00,99,0,0.00,0,0,0.00,0,1.04,68,12,0.83,38,2,0.14,16.67,0,0.00,0,0,0,0.00,0,18,0.00,34,1.24,68,N/A,N/A,N/A,N/A,0.00,0,0.00,0,6.63,0.00,0,58.38,35.71,65,99,0.00,0.00,0,19,14,2,0,0,0.06,0.07,1,31,121.10,1.18,1.38,20,0,0.00,0.00,99,0.00,0,2,0,0.00,0.00,0,0.00,0.00,0.76,0.65,11,0,7.14,65,81,94,68,34,1.54,59,0.09,0.11,5.23,93,0.31,0.36,42,12,0.71,0.83,1.93,1.65,88,28,0.46,95,93,46,81,0,96,99,0,0.00,99,93,0.00,6.42,14.98,12.76,217,117,96,92,8.08,6.88,53.92,9,0.62,54,0,11.76,0,0.00,99,2,0.12,0.14,39,85,57,41,0,0,0,0,0,83,89,78,92,0,99,39,33,82,6,35,93,19,0,0
Marcelo Miño,28,872146800,1997/08/21,Primera División,2026,Goalkeeper,Barracas Central,980,450,530,Argentina,11,5,6,0,0,0,0,0,0,0,0,3,1,2,7,5,2,1,0,0,0,0,0,0,0,0.64,140,89,980,0,0.09,464,461,46,13,0,7.43,0,63,26.08,25.82,35,284,13.09,144,3,13.22,13,0.00,0.00,0.00,0,0.00,0.00,0.09,0.09,1,0.00,0.00,0.00,0.00,4.45,0.00,0.00,5.27,0.00,0.00,0.00,0.00,0.00,0.00,0.00,0.00,0.36,0.00,0.00,0,0,,0,0.00,8,0,0.00,22,0,0.00,9,1,0,11,6,0.00,99,0,0,0.00,10,0,28,0.00,12,0,0.00,99,0,0.00,0,0,0.00,0,0.00,8,0,0.00,9,0,0.00,0.00,0,0.00,0,49,97,4.50,99,58,0.00,80,5.33,99,N/A,N/A,N/A,N/A,84.48,0,0.00,0,0.00,0.00,0,50.70,0.00,22,92,0.09,0.09,1,12,12,0,0,24,0.00,0.00,0,29,81.77,2.18,2.20,24,0,0.00,0.00,99,0.00,0,0,0,0.00,0.00,15,1.36,1.38,0.00,0.00,0,0,0.00,56,58,31,56,79,0.27,2,0.02,0.02,0.00,9,0.00,0.00,21,5,0.45,0.46,0.00,0.00,6,0,0.00,9,99,63,81,99,46,12,0,0.00,99,4,0.00,0.37,1.01,1.00,11,8,6,7,0.73,0.73,72.73,0,0.00,99,0,0.00,0,0.00,99,0,0.00,0.00,28,59,30,41,0,0,0,0,0,41,56,74,68,0,99,33,93,23,1,9,32,30,0,0
Marco Antonio Rivas Rojas,18,1210834800,2008/05/15,Primera División,2026,Midfielder,Tigre,15,0,15,Argentina,1,0,1,0,0,0,0,0,0,0,0,0,0,0,0,0,0,0,0,0,0,0,0,0,0,0,0,15,0,0,0,-1,-1,-1,27,0,6.46,0,63,6.00,1.00,0,1,0.00,0,0,0.00,0,0.00,0.00,0.00,0,0.00,0.00,0.00,0.00,0,0.00,0.00,0.00,0.00,0.00,0.00,0.00,0.00,0.00,6.00,1.00,0.00,0.00,0.00,0.04,0.00,0.00,0.00,0.00,0,0,,1,1.00,99,0,0.00,22,1,6.00,99,0,1,0,5,0.00,99,0,0,0.00,10,0,28,0.00,12,0,0.00,99,0,0.00,0,0,0.00,0,0.00,8,0,0.00,9,0,0.00,0.00,0,0.00,0,0,0,0.00,0,0,0.00,99,0.00,0,N/A,N/A,N/A,N/A,0.00,0,0.00,0,0.04,0.00,0,0.00,0.00,22,99,0.00,0.00,0,12,12,0,0,0,0.00,0.00,0,29,6.46,0.00,0.00,0,0,0.00,0.00,99,0.00,0,0,0,0.00,0.00,0,0.00,0.00,0.00,0.00,0,0,0.00,56,0,0,56,0,0.00,0,0.00,0.00,0.04,80,0.04,0.24,2,0,0.00,0.00,0.00,0.00,6,0,0.24,78,17,1,81,0,46,1,0,0.00,99,0,0.00,0.00,0.00,0.00,0,0,0,0,0.00,0.00,0.00,0,0.00,99,0,0.00,0,0.00,99,0,0.00,0.00,28,0,44,16,0,0,0,0,0,41,56,74,68,0,99,1,15,15,0,0,16,72,0,0
Marco Antonio Vicente,19,1171440000,2007/02/14,Primera División,2026,Defender,Rosario Central,0,0,0,Argentina,0,0,0,0,0,0,0,0,0,0,0,0,0,0,0,0,0,0,0,0,0,0,0,0,0,0,0,0,0,0,0,-1,-1,-1,-1,N/A,N/A,N/A,N/A,N/A,N/A,N/A,N/A,N/A,N/A,N/A,N/A,N/A,N/A,N/A,N/A,N/A,N/A,N/A,N/A,N/A,N/A,N/A,N/A,N/A,N/A,N/A,N/A,N/A,N/A,N/A,N/A,N/A,N/A,N/A,N/A,N/A,N/A,N/A,N/A,N/A,N/A,N/A,N/A,N/A,N/A,N/A,N/A,N/A,N/A,N/A,N/A,N/A,N/A,N/A,N/A,N/A,N/A,N/A,N/A,N/A,N/A,N/A,N/A,N/A,N/A,N/A,N/A,N/A,N/A,N/A,N/A,N/A,N/A,N/A,N/A,N/A,N/A,N/A,N/A,N/A,N/A,N/A,N/A,N/A,N/A,N/A,N/A,N/A,N/A,N/A,N/A,N/A,N/A,N/A,N/A,N/A,N/A,N/A,N/A,N/A,N/A,N/A,N/A,N/A,N/A,N/A,N/A,N/A,N/A,N/A,N/A,N/A,N/A,N/A,N/A,N/A,N/A,N/A,N/A,N/A,N/A,N/A,N/A,N/A,N/A,N/A,N/A,N/A,N/A,N/A,N/A,N/A,N/A,N/A,N/A,N/A,N/A,N/A,N/A,N/A,N/A,N/A,N/A,N/A,N/A,N/A,N/A,N/A,N/A,N/A,N/A,N/A,N/A,N/A,N/A,N/A,N/A,N/A,N/A,N/A,N/A,N/A,N/A,N/A,N/A,N/A,N/A,N/A,N/A,N/A,N/A,N/A,N/A,N/A,N/A,N/A,N/A,N/A,N/A,N/A,N/A,N/A,N/A,N/A,N/A,N/A,N/A,N/A,N/A,N/A,N/A,N/A,N/A,N/A,N/A,N/A,N/A,N/A,N/A,N/A,N/A,N/A,N/A,N/A,N/A,N/A,N/A,N/A,N/A,N/A,N/A,N/A,N/A,N/A,N/A,N/A,N/A,N/A,N/A,N/A,N/A,N/A,N/A
Marco Di Cesare,24,1012377600,2002/01/30,Primera División,2026,Defender,Racing Club,1255,540,715,Argentina,15,6,9,2,0,2,0,0,0,0,0,6,1,5,9,6,3,10,2,0.14,0,0.14,0,0.25,628,0.65,139,84,126,0,0.72,147,488,47,6,0,6.92,0,63,48.55,45.13,90,677,35.80,537,68,38.51,88,0.00,0.00,0.27,4,0.00,0.07,1.29,1.20,18,0.00,0.13,0.00,0.00,0.00,1.67,0.27,0.67,5.00,0.72,0.47,0.40,0.00,0.20,0.13,0.00,2.67,0.00,0.00,0,0,,10,0.67,41,3,0.22,46,7,0.50,41,1,1,14,36,0.00,99,0,25,1.79,91,1,28,0.07,16,0,0.00,99,0,0.00,0,0,0.00,0,0.29,25,6,0.43,23,4,0.29,66.67,0,0.00,0,0,0,0.00,0,10,0.00,79,0.72,19,N/A,N/A,N/A,N/A,0.00,0,0.00,0,1.89,0.00,0,79.32,30.00,53,61,0.47,0.50,7,32,87,0,0,0,0.67,0.72,10,91,103.86,6.33,6.81,95,0,0.00,0.00,99,0.00,0,0,1,0.07,0.07,0,0.00,0.00,0.00,0.00,0,0,20.00,93,79,73,83,79,1.07,42,0.07,0.08,1.89,64,0.13,0.14,24,7,0.47,0.50,1.36,1.27,64,19,0.14,63,77,94,85,0,46,86,0,0.00,99,40,0.00,2.87,9.18,8.53,128,68,49,42,4.88,4.53,53.12,2,0.14,83,0,0.00,0,0.00,99,0,0.00,0.00,28,78,44,41,0,0,0,0,0,58,74,87,68,0,99,69,17,99,8,53,99,3,0,0
Marco Gastón Rubén Rodríguez,39,530694000,1986/10/26,Primera División,2026,Forward,Rosario Central,-16,-16,0,Argentina,1,1,0,0,0,0,0,0,0,0,0,0,0,0,0,0,0,0,0,0,0,0,0,0,0,0,0,0,0,0,0,-1,-1,-1,-1,0,6.31,0,63,32.14,5.00,55,5,3.00,3,7,19.29,37,0.00,0.00,0.00,0,0.00,0.00,0.00,0.00,0,0.00,0.00,0.00,0.00,0.00,0.00,0.00,0.00,0.00,6.43,1.00,0.00,0.00,0.00,0.05,0.00,1.00,0.00,0.00,0,0,,1,1.00,99,0,0.00,22,1,6.43,99,0,1,0,5,0.00,99,0,0,0.00,10,0,28,0.00,12,0,0.00,99,0,0.00,0,0,0.00,0,0.00,8,0,0.00,9,0,0.00,0.00,0,0.00,0,0,0,0.00,0,0,0.00,99,0.00,0,N/A,N/A,N/A,N/A,0.00,0,0.00,0,0.05,0.00,0,60.00,0.00,22,99,0.00,0.00,0,12,12,0,0,0,0.00,0.00,0,29,6.31,0.00,0.00,0,0,0.00,0.00,99,0.00,0,0,0,0.00,0.00,0,0.00,0.00,6.43,1.00,1,0,0.00,56,0,0,56,0,0.01,26,0.01,0.06,0.05,88,0.05,0.32,2,0,0.00,0.00,0.00,0.00,6,0,0.32,88,13,1,81,0,99,99,0,0.00,99,1,0.00,6.43,6.43,1.00,1,1,84,13,6.43,1.00,100.00,0,0.00,99,0,0.00,0,0.00,99,0,0.00,0.00,28,0,44,16,0,0,0,0,0,41,56,74,68,0,99,1,15,15,0,0,16,29,0,0
Marco Iacobellis,26,946281600,1999/12/27,Primera División,2026,Midfielder,Central Córdoba SdE,439,270,169,Argentina,12,6,6,0,0,0,1,1,0,0,0,5,3,2,7,1,6,3,0,0.21,0.21,0,0,0,0,1.44,63,37,146,439,0.62,364,63,-1,24,0,5.49,0.08,90,24.95,10.17,30,122,7.42,89,37,18.20,34,0.00,0.00,0.58,7,0.00,2.08,1.84,0.75,9,0.00,0.67,0.00,0.00,0.00,0.42,0.75,0.58,0.00,2.45,0.83,1.92,0.00,0.17,0.06,0.00,0.17,0.00,0.00,0,0,,12,1.00,90,2,0.41,63,10,2.05,97,5,7,5,64,0.00,99,0,5,1.02,58,25,53,5.11,94,0,0.00,99,0,0.00,0,0,0.00,0,1.43,83,23,4.70,96,9,1.84,39.13,0,0.00,0,0,0,0.00,0,7,0.00,9,1.43,80,N/A,N/A,N/A,N/A,0.00,0,0.00,0,0.66,0.00,0,72.95,16.67,31,20,0.42,1.02,5,93,39,0,0,0,0.08,0.20,1,55,65.85,0.08,0.20,1,0,0.00,0.00,99,0.00,0,0,0,0.00,0.00,0,0.00,0.00,0.00,0.00,0,0,0.00,56,9,39,56,9,1.04,87,0.09,0.21,0.66,64,0.06,0.14,92,11,0.92,2.25,1.84,0.75,86,9,0.14,63,2,5,81,0,46,16,0,0.00,99,2,0.00,0.41,16.36,6.67,80,30,80,95,6.14,2.50,37.50,8,1.64,13,0,24.00,0,0.00,99,6,0.50,1.23,89,18,92,92,0,0,0,0,0,71,56,74,68,0,99,73,20,96,3,25,79,10,0,0
Marco Pellegrino,24,1026975600,2002/07/18,Primera División,2026,Defender,Boca Juniors,360,90,270,Argentina,4,1,3,0,0,0,0,0,0,0,0,2,0,2,2,1,1,0,0,0,0,0,0,0,0,0.5,180,90,0,0,0,258,205,16,18,0,6.95,0,63,56.50,56.50,95,226,50.50,202,99,50.50,96,0.00,0.00,0.00,0,0.00,0.00,1.50,1.50,6,0.00,0.00,0.00,0.00,0.00,0.25,0.50,0.50,0.00,0.25,0.25,0.75,0.00,0.00,0.01,0.00,1.50,0.00,0.00,0,0,,1,0.25,15,0,0.00,22,1,0.25,20,0,0,4,48,0.00,99,0,1,0.25,21,0,28,0.00,12,0,0.00,99,0,0.00,0,0,0.00,0,0.00,8,3,0.75,36,2,0.50,66.67,0,0.00,0,0,0,0.00,0,2,0.00,91,0.50,5,N/A,N/A,N/A,N/A,0.00,0,0.00,0,0.05,0.00,0,89.38,0.00,22,61,0.50,0.50,2,51,87,0,0,0,0.50,0.50,2,82,27.79,6.50,6.50,26,0,0.00,0.00,99,0.00,0,0,0,0.00,0.00,0,0.00,0.00,0.00,0.00,0,0,0.00,56,0,0,56,91,0.44,59,0.11,0.11,0.05,13,0.01,0.01,10,1,0.25,0.25,0.00,0.00,6,0,0.01,13,80,93,81,0,46,61,0,0.00,99,6,0.00,1.50,6.25,6.25,25,15,20,12,3.75,3.75,60.00,0,0.00,99,0,0.00,0,0.00,99,0,0.00,0.00,28,8,30,16,0,0,0,0,0,41,56,74,68,0,99,88,15,15,0,0,16,26,0,0
Marcos Acuña,34,688636800,1991/10/28,Primera División,2026,Defender,River Plate,1048,614,434,Argentina,15,9,6,1,1,0,1,0,1,0,0,6,3,3,11,8,3,7,0,0.17,0.09,0.09,0.15,0,1048,0.94,95,70,150,1048,0.6,195,149,128,12,0,7.06,0.07,74,65.87,51.13,99,767,42.13,632,81,54.27,99,0.00,0.00,1.07,16,0.00,4.20,2.32,1.80,27,0.00,0.87,0.00,0.00,0.00,0.80,0.93,0.73,13.00,1.12,0.67,1.53,0.00,0.20,0.10,0.00,1.13,0.00,0.00,0,0,,13,0.87,56,3,0.26,51,10,0.86,62,1,3,12,79,0.00,99,0,12,1.03,59,63,49,5.41,95,0,0.00,99,0,0.00,0,0,0.00,0,1.37,80,23,1.98,69,14,1.20,60.87,0,0.00,0,0,0,0.00,0,11,0.00,47,0.94,42,N/A,N/A,N/A,N/A,0.00,0,0.00,0,1.52,0.00,0,82.40,23.08,40,80,0.20,0.26,3,83,79,0,0,0,0.00,0.00,0,29,105.92,1.40,1.80,21,0,0.00,0.00,99,0.00,0,0,0,0.00,0.00,0,0.00,0.00,0.00,0.00,0,0,7.69,66,64,73,93,46,2.54,88,0.17,0.22,1.52,62,0.10,0.13,54,12,0.80,1.03,0.86,0.67,35,10,0.13,60,90,56,81,0,46,60,0,0.00,99,17,0.00,1.46,10.05,7.80,117,70,77,54,6.01,4.67,59.83,13,1.12,28,0,22.22,0,0.00,99,14,0.93,1.20,88,65,66,41,0,0,0,0,0,65,64,74,74,0,99,69,21,95,7,47,98,21,0,0
Marcos Ariel López,23,1053500400,2003/05/21,Primera División,2026,Goalkeeper,Banfield,8,0,8,Argentina,1,0,1,0,0,0,0,0,0,0,0,0,0,0,0,0,0,1,0,0,0,0,0,0,0,0,0,8,8,0,11.25,-1,-1,-1,12,0,0.00,0,63,0.00,0.00,0,0,0.00,0,0,0.00,0,0.00,0.00,0.00,0,0.00,0.00,0.00,0.00,0,0.00,0.00,0.00,0.00,0.00,0.00,0.00,0.00,0.00,0.00,0.00,0.00,0.00,0.00,0.00,0.00,0.00,0.00,0.00,0,0,,0,0.00,8,0,0.00,22,0,0.00,9,0,1,0,5,0.00,99,0,0,0.00,10,0,28,0.00,12,0,0.00,99,0,0.00,0,0,0.00,0,0.00,8,0,0.00,9,0,0.00,0.00,0,0.00,0,0,0,0.00,0,0,0.00,99,0.00,0,N/A,N/A,N/A,N/A,0.00,0,0.00,0,0.00,0.00,0,0.00,0.00,22,99,0.00,0.00,0,12,12,0,0,0,0.00,0.00,0,29,0.00,0.00,0.00,0,0,0.00,0.00,99,0.00,0,0,0,0.00,0.00,0,0.00,0.00,0.00,0.00,0,0,0.00,56,0,0,56,0,0.00,0,0.00,0.00,0.00,9,0.00,0.00,2,0,0.00,0.00,0.00,0.00,6,0,0.00,9,0,1,81,0,46,1,0,0.00,99,0,0.00,0.00,0.00,0.00,0,0,0,0,0.00,0.00,0.00,0,0.00,99,0,0.00,0,0.00,99,0,0.00,0.00,28,0,44,16,0,0,0,0,0,41,56,74,68,0,99,1,15,99,1,0,16,12,0,0
Mariano Gastón Bracamonte,27,924937200,1999/04/24,Primera División,2026,Defender,Deportivo Riestra,413,143,270,Argentina,5,2,3,1,1,0,0,0,0,0,0,2,1,1,1,0,1,2,0,0.22,0,0.22,0.63,0,413,0.22,413,83,207,0,0.44,86,219,1,3,0,8.10,0,63,22.45,20.60,23,103,10.20,51,2,11.11,7,0.00,0.00,0.20,1,0.00,2.00,1.74,1.60,8,0.00,0.80,0.00,0.00,0.00,0.60,0.00,0.40,9.00,1.96,1.00,0.60,0.00,0.80,0.28,0.00,1.00,0.00,0.00,0,0,,9,1.80,79,4,0.87,86,5,1.09,71,1,0,5,59,0.00,99,0,3,0.65,40,10,31,2.18,65,0,0.00,99,0,0.00,0,0,0.00,0,0.22,21,3,0.65,33,0,0.00,0.00,0,0.00,0,0,0,0.00,0,2,0.00,99,0.44,3,N/A,N/A,N/A,N/A,0.00,0,0.00,0,1.39,0.00,0,49.51,44.44,80,16,1.00,1.09,5,12,12,0,0,0,0.40,0.44,2,79,40.50,1.20,1.31,6,0,0.00,0.00,99,0.00,0,0,0,0.00,0.00,0,0.00,0.00,0.00,0.00,0,0,11.11,76,5,1,71,99,0.16,6,0.03,0.03,1.39,87,0.28,0.30,67,6,1.20,1.31,1.53,1.40,75,7,0.30,86,99,43,81,0,46,46,0,0.00,99,5,0.00,1.09,8.72,8.00,40,19,28,36,4.14,3.80,47.50,4,0.87,41,0,10.00,0,0.00,99,1,0.20,0.22,49,18,30,41,0,0,0,0,0,72,86,74,97,0,99,69,30,86,1,20,65,36,0,0
Martín Abel Luciano,22,1060671600,2003/08/12,Primera División,2026,Defender,Newell's Old Boys,333,92,241,Argentina,6,3,3,0,0,0,0,0,0,0,0,1,1,0,11,3,8,3,0,0,0,0,0,0,0,2.97,30,56,111,0,0.81,545,545,243,19,0,5.26,0,63,22.63,14.00,23,84,10.00,60,31,16.17,26,0.00,0.00,0.17,1,0.00,2.00,2.16,1.33,8,0.00,0.17,0.00,0.00,0.00,0.67,0.83,1.83,0.00,0.54,0.17,0.83,0.00,0.17,0.03,0.00,0.83,0.00,0.00,0,0,,2,0.33,31,1,0.27,52,1,0.27,21,3,1,5,75,0.00,99,0,4,1.08,62,12,29,3.23,78,0,0.00,99,0,0.00,0,0,0.00,0,0.27,23,5,1.35,54,5,1.35,100.00,0,0.00,0,0,0,0.00,0,11,0.00,0,2.96,94,N/A,N/A,N/A,N/A,0.00,0,0.00,0,0.18,0.00,0,71.43,50.00,91,80,0.17,0.27,1,86,99,0,0,0,0.00,0.00,0,29,31.57,2.00,3.23,12,0,0.00,0.00,99,0.00,0,0,0,0.00,0.00,0,0.00,0.00,0.00,0.00,0,0,0.00,56,0,4,56,0,0.18,18,0.03,0.05,0.18,36,0.03,0.05,76,6,1.00,1.62,2.43,1.50,94,9,0.05,36,1,76,81,0,46,56,0,0.00,99,5,0.00,1.35,10.51,6.50,39,24,85,58,6.47,4.00,61.54,1,0.27,74,0,8.33,0,0.00,99,1,0.17,0.27,53,18,44,74,0,0,0,0,0,41,56,74,68,0,99,8,16,99,3,50,99,3,0,0
Martín Barrios,27,917164800,1999/01/24,Primera División,2026,Midfielder,Platense,296,133,163,Uruguay,7,3,4,0,0,0,0,0,0,0,0,4,2,2,1,1,0,1,0,0,0,0,0,0,0,0.3,296,42,296,0,0.3,309,325,-1,12,0,6.58,0,63,50.78,23.86,92,167,22.14,155,99,47.13,95,0.00,0.00,0.14,1,0.00,0.29,1.52,0.71,5,0.00,0.00,0.00,0.00,0.00,0.43,0.14,0.29,0.00,1.22,0.57,0.43,0.00,0.00,0.03,0.00,0.00,0.00,0.00,0,0,,4,0.57,60,0,0.00,22,4,1.22,79,1,4,3,48,0.00,99,0,3,0.91,52,2,28,0.61,42,0,0.00,99,0,0.00,0,0,0.00,0,0.30,26,3,0.91,41,1,0.30,33.33,0,0.00,0,0,0,0.00,0,2,0.00,98,0.61,11,N/A,N/A,N/A,N/A,0.00,0,0.00,0,0.23,0.00,0,92.81,0.00,22,2,0.86,1.82,6,33,32,0,0,0,0.00,0.00,0,29,46.04,1.00,2.13,7,0,0.00,0.00,99,0.00,0,0,0,0.00,0.00,0,0.00,0.00,0.00,0.00,0,0,0.00,56,0,6,56,98,0.38,63,0.05,0.12,0.23,44,0.03,0.07,2,0,0.00,0.00,2.43,1.14,94,8,0.07,44,24,62,81,0,46,1,0,0.00,99,0,0.00,0.00,7.30,3.43,24,6,8,20,1.82,0.86,25.00,0,0.00,99,0,0.00,0,0.00,99,0,0.00,0.00,28,3,75,41,0,0,0,0,0,41,56,74,68,0,99,96,50,65,1,14,47,24,0,0
Martín Esteban Úbeda James,22,1086505200,2004/06/06,Primera División,2026,Defender,Gimnasia Mendoza,0,0,0,Argentina,0,0,0,0,0,0,0,0,0,0,0,0,0,0,0,0,0,0,0,0,0,0,0,0,0,0,0,0,0,0,0,-1,-1,-1,-1,N/A,N/A,N/A,N/A,N/A,N/A,N/A,N/A,N/A,N/A,N/A,N/A,N/A,N/A,N/A,N/A,N/A,N/A,N/A,N/A,N/A,N/A,N/A,N/A,N/A,N/A,N/A,N/A,N/A,N/A,N/A,N/A,N/A,N/A,N/A,N/A,N/A,N/A,N/A,N/A,N/A,N/A,N/A,N/A,N/A,N/A,N/A,N/A,N/A,N/A,N/A,N/A,N/A,N/A,N/A,N/A,N/A,N/A,N/A,N/A,N/A,N/A,N/A,N/A,N/A,N/A,N/A,N/A,N/A,N/A,N/A,N/A,N/A,N/A,N/A,N/A,N/A,N/A,N/A,N/A,N/A,N/A,N/A,N/A,N/A,N/A,N/A,N/A,N/A,N/A,N/A,N/A,N/A,N/A,N/A,N/A,N/A,N/A,N/A,N/A,N/A,N/A,N/A,N/A,N/A,N/A,N/A,N/A,N/A,N/A,N/A,N/A,N/A,N/A,N/A,N/A,N/A,N/A,N/A,N/A,N/A,N/A,N/A,N/A,N/A,N/A,N/A,N/A,N/A,N/A,N/A,N/A,N/A,N/A,N/A,N/A,N/A,N/A,N/A,N/A,N/A,N/A,N/A,N/A,N/A,N/A,N/A,N/A,N/A,N/A,N/A,N/A,N/A,N/A,N/A,N/A,N/A,N/A,N/A,N/A,N/A,N/A,N/A,N/A,N/A,N/A,N/A,N/A,N/A,N/A,N/A,N/A,N/A,N/A,N/A,N/A,N/A,N/A,N/A,N/A,N/A,N/A,N/A,N/A,N/A,N/A,N/A,N/A,N/A,N/A,N/A,N/A,N/A,N/A,N/A,N/A,N/A,N/A,N/A,N/A,N/A,N/A,N/A,N/A,N/A,N/A,N/A,N/A,N/A,N/A,N/A,N/A,N/A,N/A,N/A,N/A,N/A,N/A,N/A,N/A,N/A,N/A,N/A,N/A
Martín Garay,27,929170800,1999/06/12,Primera División,2026,Defender,Tigre,446,185,261,Argentina,9,4,5,0,0,0,1,1,0,0,0,3,1,2,6,2,4,1,0,0.2,0.2,0,0,0,0,1.21,74,50,446,446,0.2,319,79,188,20,0,6.75,0.11,89,36.32,20.00,68,180,15.11,136,49,27.44,64,0.00,0.00,0.89,8,0.00,2.67,1.01,0.56,5,0.00,0.22,0.00,0.00,0.00,0.67,0.11,0.67,0.00,0.81,0.22,0.67,0.00,0.22,0.05,0.00,0.22,0.00,0.00,0,0,,4,0.44,46,2,0.40,62,2,0.40,33,0,6,3,24,0.00,99,0,6,1.21,67,24,69,4.84,92,0,0.00,99,0,0.00,0,0,0.00,0,1.61,88,6,1.21,50,1,0.20,16.67,0,0.00,0,0,0,0.00,0,6,0.00,22,1.21,66,N/A,N/A,N/A,N/A,0.00,0,0.00,0,0.42,0.00,0,75.56,50.00,91,70,0.22,0.40,2,24,14,0,0,0,0.11,0.20,1,55,60.77,1.33,2.42,12,0,0.00,0.00,99,0.00,0,0,0,0.00,0.00,0,0.00,0.00,0.00,0.00,0,0,0.00,56,9,17,56,21,1.15,90,0.13,0.23,0.42,48,0.05,0.08,95,13,1.44,2.62,1.61,0.89,79,8,0.08,48,47,66,81,0,46,15,0,0.00,99,2,0.00,0.40,8.48,4.67,42,21,32,31,4.24,2.33,50.00,2,0.40,67,0,29.17,0,0.00,99,7,0.78,1.41,94,3,88,16,0,0,0,0,0,69,56,74,68,0,99,54,71,45,1,11,37,8,0,0
Martín García,20,1125990000,2005/09/06,Primera División,2026,Midfielder,Aldosivi,399,222,177,Argentina,8,4,4,0,0,0,0,0,0,0,0,2,2,0,2,0,2,4,0,0,0,0,0,0,0,0.45,200,50,100,0,0.9,424,418,-1,22,0,6.67,0,63,12.15,6.75,1,54,2.75,22,1,4.95,0,0.00,0.00,0.25,2,0.00,0.75,2.93,1.62,13,0.00,0.50,0.00,0.00,0.00,0.38,0.62,0.25,0.00,2.25,0.75,1.25,0.00,0.50,0.11,0.00,1.00,0.00,0.00,0,0,,10,1.25,86,4,0.90,87,6,1.35,83,3,3,5,93,0.00,99,0,3,0.67,42,6,79,1.35,55,0,0.00,99,0,0.00,0,0,0.00,0,0.45,35,10,2.25,74,5,1.12,50.00,0,0.00,0,0,0,0.00,0,2,0.00,94,0.45,3,N/A,N/A,N/A,N/A,0.00,0,0.00,0,0.91,0.00,0,40.74,40.00,74,15,0.62,1.12,5,81,66,0,0,0,0.12,0.23,1,59,53.40,0.75,1.35,6,0,0.00,0.00,99,0.00,0,0,0,0.00,0.00,0,0.00,0.00,0.23,0.12,1,0,0.00,56,4,11,56,94,0.14,6,0.02,0.03,0.91,74,0.11,0.20,94,11,1.38,2.48,3.15,1.75,99,14,0.20,73,35,45,81,0,74,68,0,0.00,99,8,0.00,1.80,17.10,9.50,76,36,97,96,8.10,4.50,47.37,4,0.90,39,0,33.33,0,0.00,99,2,0.25,0.45,63,18,66,74,0,0,0,0,0,41,56,74,68,0,99,27,16,99,4,50,99,55,0,0
Martín Garnerone,27,907052400,1998/09/29,Primera División,2026,Forward,Estudiantes Río Cuarto,976,470,506,Argentina,16,8,8,1,0,1,0,0,0,0,0,3,2,1,15,6,9,2,0,0.09,0,0.09,0,0.18,976,1.38,65,61,488,0,0.18,194,321,-1,1,0,6.70,0,63,25.27,17.12,32,274,13.19,211,57,19.46,38,0.00,0.00,0.69,11,0.00,2.75,1.11,0.75,12,0.00,1.12,0.00,0.00,0.00,0.31,0.81,0.94,18.00,1.66,0.88,1.69,0.00,0.25,0.11,0.00,0.50,0.00,0.00,0,0,,18,1.12,72,4,0.37,59,14,1.29,80,6,3,13,28,0.00,99,0,5,0.46,28,44,64,4.06,86,0,0.00,99,0,0.00,0,0,0.00,0,1.01,67,27,2.49,79,13,1.20,48.15,0,0.00,0,0,0,0.00,0,15,0.00,11,1.38,77,N/A,N/A,N/A,N/A,0.00,0,0.00,0,1.74,0.00,0,77.01,22.22,39,33,0.56,0.83,9,83,57,0,0,0,0.00,0.00,0,29,107.23,0.50,0.74,8,0,0.00,0.00,99,0.00,0,0,2,0.12,0.18,0,0.00,0.00,0.28,0.19,3,1,5.56,61,58,88,93,11,0.77,36,0.05,0.07,1.74,68,0.11,0.16,58,12,0.75,1.11,1.01,0.69,44,11,0.16,66,38,23,96,0,79,30,0,0.00,99,8,0.00,0.74,9.68,6.56,105,45,29,48,4.15,2.81,42.86,18,1.66,12,0,27.27,0,0.00,99,12,0.75,1.11,86,71,66,96,0,0,0,0,0,50,64,82,68,0,99,11,76,39,2,12,41,11,0,0
Martín Nicolás Benítez,32,771836400,1994/06/17,Primera División,2026,Midfielder,Atlético Tucumán,94,72,22,Argentina,3,2,1,1,0,1,0,0,0,0,0,1,1,0,2,1,1,1,0,0.96,0,0.96,0,4.09,94,1.91,47,31,94,0,0.96,-1,-1,-1,4,0,6.83,0,63,32.55,11.33,56,34,6.67,20,6,19.15,37,0.00,0.00,1.00,3,0.00,3.67,3.83,1.33,4,0.00,0.33,0.00,0.00,0.00,0.00,0.00,0.67,2.00,1.91,0.33,0.00,0.00,0.33,0.26,0.00,0.33,0.00,0.00,0,0,,2,0.67,77,1,0.96,89,1,0.96,67,4,2,1,98,0.00,99,0,0,0.00,10,11,81,10.53,99,0,0.00,99,0,0.00,0,0,0.00,0,2.87,99,0,0.00,9,0,0.00,0.00,0,0.00,0,0,0,0.00,0,2,0.00,2,1.91,92,N/A,N/A,N/A,N/A,0.00,0,0.00,0,0.79,0.00,0,58.82,50.00,91,99,0.00,0.00,0,12,12,1,0,0,0.00,0.00,0,29,20.49,0.00,0.00,0,0,0.00,0.00,99,0.00,0,1,0,0.00,0.00,0,0.00,0.00,0.00,0.00,0,0,50.00,99,0,0,56,2,0.16,74,0.05,0.15,0.09,52,0.03,0.09,2,0,0.00,0.00,0.00,0.00,6,0,0.76,99,62,1,81,0,46,39,0,0.00,99,1,0.00,0.96,5.74,2.00,6,4,21,10,3.83,1.33,66.67,1,0.96,36,0,36.36,0,0.00,99,4,1.33,3.83,99,0,57,84,0,0,0,0,0,99,99,99,68,0,99,54,16,99,0,0,16,7,0,0
Martín Ortega,26,935132400,1999/08/20,Primera División,2026,Defender,Newell's Old Boys,129,14,115,Argentina,3,1,2,0,0,0,0,0,0,0,0,1,1,0,6,0,6,1,0,0,0,0,0,0,0,4.19,22,43,129,0,0.7,-1,-1,-1,13,0,6.04,0,63,23.72,11.33,26,34,7.67,23,21,16.05,25,0.00,0.00,0.00,0,0.00,0.33,2.09,1.00,3,0.00,0.00,0.00,0.00,0.00,0.00,0.67,2.00,0.00,0.70,0.33,1.67,0.00,0.00,0.02,0.00,0.67,0.00,0.00,0,0,,1,0.33,40,0,0.00,22,1,0.70,54,0,2,1,73,0.00,99,0,0,0.00,10,1,28,0.70,43,0,0.00,99,0,0.00,0,0,0.00,0,0.00,8,5,3.49,89,2,1.40,40.00,0,0.00,0,0,0,0.00,0,6,0.00,0,4.19,98,N/A,N/A,N/A,N/A,0.00,0,0.00,0,0.05,0.00,0,67.65,0.00,22,8,0.67,1.40,2,87,43,0,0,0,0.00,0.00,0,29,18.11,2.00,4.19,6,0,0.00,0.00,99,0.00,0,0,0,0.00,0.00,0,0.00,0.00,0.00,0.00,0,0,0.00,56,0,0,56,0,0.05,6,0.02,0.03,0.05,26,0.02,0.03,2,0,0.00,0.00,1.40,0.67,66,2,0.03,26,7,81,81,0,46,58,0,0.00,99,2,0.00,1.40,11.86,5.67,17,7,49,75,4.88,2.33,41.18,0,0.00,99,0,0.00,0,0.00,99,0,0.00,0.00,28,0,57,16,0,0,0,0,0,41,56,74,68,0,99,54,17,98,1,33,92,6,0,0
Martín Ortega Legorburu,19,1175238000,2007/03/30,Primera División,2026,Left Wing,Atlético Tucumán,0,0,0,Argentina,0,0,0,0,0,0,0,0,0,0,0,0,0,0,0,0,0,0,0,0,0,0,0,0,0,0,0,0,0,0,0,-1,-1,-1,-1,N/A,N/A,N/A,N/A,N/A,N/A,N/A,N/A,N/A,N/A,N/A,N/A,N/A,N/A,N/A,N/A,N/A,N/A,N/A,N/A,N/A,N/A,N/A,N/A,N/A,N/A,N/A,N/A,N/A,N/A,N/A,N/A,N/A,N/A,N/A,N/A,N/A,N/A,N/A,N/A,N/A,N/A,N/A,N/A,N/A,N/A,N/A,N/A,N/A,N/A,N/A,N/A,N/A,N/A,N/A,N/A,N/A,N/A,N/A,N/A,N/A,N/A,N/A,N/A,N/A,N/A,N/A,N/A,N/A,N/A,N/A,N/A,N/A,N/A,N/A,N/A,N/A,N/A,N/A,N/A,N/A,N/A,N/A,N/A,N/A,N/A,N/A,N/A,N/A,N/A,N/A,N/A,N/A,N/A,N/A,N/A,N/A,N/A,N/A,N/A,N/A,N/A,N/A,N/A,N/A,N/A,N/A,N/A,N/A,N/A,N/A,N/A,N/A,N/A,N/A,N/A,N/A,N/A,N/A,N/A,N/A,N/A,N/A,N/A,N/A,N/A,N/A,N/A,N/A,N/A,N/A,N/A,N/A,N/A,N/A,N/A,N/A,N/A,N/A,N/A,N/A,N/A,N/A,N/A,N/A,N/A,N/A,N/A,N/A,N/A,N/A,N/A,N/A,N/A,N/A,N/A,N/A,N/A,N/A,N/A,N/A,N/A,N/A,N/A,N/A,N/A,N/A,N/A,N/A,N/A,N/A,N/A,N/A,N/A,N/A,N/A,N/A,N/A,N/A,N/A,N/A,N/A,N/A,N/A,N/A,N/A,N/A,N/A,N/A,N/A,N/A,N/A,N/A,N/A,N/A,N/A,N/A,N/A,N/A,N/A,N/A,N/A,N/A,N/A,N/A,N/A,N/A,N/A,N/A,N/A,N/A,N/A,N/A,N/A,N/A,N/A,N/A,N/A,N/A,N/A,N/A,N/A,N/A,N/A
Martín Río,25,984556800,2001/03/14,Primera División,2026,Midfielder,Talleres Córdoba,152,45,107,Argentina,9,4,5,1,0,1,0,0,0,0,0,4,2,2,0,0,0,1,0,0.59,0,0.59,0,0.84,152,0,0,17,152,0,0.59,-1,-1,-1,7,0,5.92,0,63,46.18,8.67,86,78,6.67,60,57,35.53,82,0.00,0.00,0.22,2,0.00,0.22,2.96,0.56,5,0.00,0.22,0.00,0.00,0.00,0.33,0.00,0.11,3.00,1.78,0.22,0.11,0.00,0.11,0.09,0.00,0.44,0.00,0.00,0,0,,3,0.33,74,1,0.59,75,2,1.18,76,3,8,1,93,0.00,99,0,3,1.78,91,2,28,1.18,53,0,0.00,99,0,0.00,0,0,0.00,0,1.18,73,1,0.59,29,0,0.00,0.00,0,0.00,0,0,0,0.00,0,1,0.00,99,0.59,10,N/A,N/A,N/A,N/A,0.00,0,0.00,0,0.80,0.00,0,76.92,33.33,62,54,0.11,0.59,1,12,12,0,0,0,0.11,0.59,1,86,53.32,0.56,2.96,5,0,0.00,0.00,99,0.00,0,0,0,0.00,0.00,0,0.00,0.00,0.00,0.00,0,0,33.33,99,0,17,57,0,0.20,63,0.02,0.12,0.80,97,0.09,0.47,97,5,0.56,2.96,1.78,0.33,84,3,0.47,96,5,74,81,0,46,78,0,0.00,99,4,0.00,2.37,15.39,2.89,26,14,97,92,8.29,1.56,53.85,2,1.18,25,0,0.00,0,0.00,99,0,0.00,0.00,28,0,95,74,0,0,0,0,0,96,99,99,68,0,99,78,21,94,1,11,37,55,0,0
Mateo Adrián Aguiar,19,1174201200,2007/03/18,Primera División,2026,Midfielder,Defensa y Justicia,174,118,56,Argentina,9,6,3,0,0,0,0,0,0,0,0,4,1,3,1,1,0,2,1,0,0,0,0,0,0,0.52,174,19,58,0,1.55,-1,-1,-1,19,0,6.37,0,63,36.00,6.67,67,60,5.33,48,71,28.80,69,0.00,0.00,0.11,1,0.00,0.33,2.40,0.44,4,0.00,0.44,0.00,0.00,0.00,0.33,0.33,0.11,0.00,1.20,0.11,0.89,0.00,0.11,0.02,0.00,0.22,0.00,0.00,0,0,,2,0.22,59,1,0.60,76,1,0.60,49,1,9,0,83,0.00,99,0,3,1.80,91,3,96,1.80,61,0,0.00,99,0,0.00,0,0,0.00,0,0.60,43,8,4.80,97,3,1.80,37.50,0,0.00,0,0,0,0.00,0,1,0.00,90,0.60,11,N/A,N/A,N/A,N/A,0.00,0,0.00,0,0.20,0.00,0,80.00,50.00,91,13,0.22,1.20,2,92,38,0,0,0,0.00,0.00,0,29,57.35,0.44,2.40,4,0,0.00,0.00,99,0.00,0,0,0,0.00,0.00,0,0.00,0.00,0.00,0.00,0,0,0.00,56,0,17,56,90,0.12,36,0.01,0.07,0.20,58,0.02,0.12,99,6,0.67,3.60,2.40,0.44,94,4,0.12,57,14,66,81,0,46,50,0,0.00,99,2,0.00,1.20,19.20,3.56,32,15,98,98,9.00,1.67,46.88,4,2.40,4,0,66.67,0,0.00,99,2,0.22,1.20,88,0,97,41,0,0,0,0,0,41,56,74,68,0,99,78,15,99,1,11,37,23,0,0
Mateo Bajamich,26,933663600,1999/08/03,Primera División,2026,Forward,Estudiantes Río Cuarto,814,411,403,Argentina,15,8,7,1,1,0,0,0,0,0,0,3,2,1,11,4,7,0,0,0.11,0,0.11,0.22,0,814,1.22,74,54,0,0,0,179,298,-1,5,0,6.59,0,63,19.46,11.73,10,176,7.53,113,14,12.49,11,0.00,0.00,0.47,7,0.00,0.93,1.00,0.60,9,0.00,1.60,0.00,0.00,0.00,0.07,0.07,0.87,19.00,2.10,0.73,1.00,0.00,0.53,0.14,0.00,1.20,0.00,0.00,0,0,,19,1.27,82,8,0.88,86,11,1.22,79,1,5,10,24,0.00,99,0,1,0.11,13,14,48,1.55,58,0,0.00,99,0,0.00,0,0,0.00,0,0.77,53,15,1.66,64,1,0.11,6.67,0,0.00,0,0,0,0.00,0,13,0.00,20,1.44,81,N/A,N/A,N/A,N/A,0.00,0,0.00,0,2.13,0.00,0,64.20,42.11,75,99,0.00,0.00,0,18,13,0,0,0,0.00,0.00,0,29,98.89,0.47,0.77,7,0,0.00,0.00,99,0.00,0,0,1,0.07,0.11,0,0.00,0.00,0.33,0.20,3,0,5.26,60,46,73,90,21,0.47,18,0.03,0.05,2.13,80,0.14,0.24,51,9,0.60,1.00,0.44,0.27,11,4,0.24,78,25,24,91,0,83,71,0,0.00,99,18,0.00,1.99,11.28,6.80,102,37,27,68,4.09,2.47,36.27,24,2.65,2,0,21.43,0,0.00,99,3,0.20,0.33,56,52,82,41,0,0,0,0,0,54,68,74,80,0,99,15,15,15,0,0,16,32,0,0
Mateo Curci,20,1138089600,2006/01/24,Primera División,2026,Midfielder,Independiente,502,159,343,Argentina,9,3,6,0,0,0,0,0,0,0,0,1,1,0,8,2,6,3,0,0,0,0,0,0,0,1.43,63,56,167,0,0.54,511,519,-1,23,0,6.36,0,63,25.07,16.71,31,117,13.29,93,69,19.93,39,0.00,0.00,0.43,3,0.00,0.14,1.50,1.00,7,0.00,1.14,0.00,0.00,0.00,0.14,0.00,0.86,0.00,0.86,0.43,0.57,0.00,0.14,0.04,0.00,0.57,0.00,0.00,0,0,,4,0.57,48,1,0.21,45,3,0.64,52,5,3,6,48,0.00,99,0,1,0.21,18,1,28,0.21,25,0,0.00,99,0,0.00,0,0,0.00,0,0.64,45,4,0.86,39,0,0.00,0.00,0,0.00,0,0,0,0.00,0,6,0.00,9,1.29,72,N/A,N/A,N/A,N/A,0.00,0,0.00,0,0.28,0.00,0,79.49,25.00,45,10,0.86,1.29,6,12,12,0,0,0,0.00,0.00,0,29,44.55,1.00,1.50,7,0,0.00,0.00,99,0.00,0,0,0,0.00,0.00,0,0.00,0.00,0.00,0.00,0,0,0.00,56,17,17,56,9,0.32,36,0.05,0.07,0.28,42,0.04,0.06,65,6,0.86,1.29,2.14,1.43,91,10,0.06,42,14,49,81,0,46,35,0,0.00,99,4,0.00,0.86,11.36,7.57,53,17,17,69,3.64,2.43,32.08,8,1.71,10,0,0.00,0,0.00,99,0,0.00,0.00,28,27,66,92,0,0,0,0,0,41,56,74,68,0,99,3,23,93,3,33,92,16,0,0
Mateo Del Blanco,22,1067587200,2003/10/31,Primera División,2026,Defender,Unión Santa Fe,1578,707,871,Argentina,18,8,10,2,0,2,2,0,2,0,0,5,5,0,19,5,14,4,0,0.23,0.11,0.11,0,0.21,789,1.08,83,88,395,789,0.23,182,132,155,5,0,7.28,0.11,77,44.03,42.89,84,772,31.61,569,40,32.45,78,0.00,0.00,2.61,47,0.00,8.78,1.43,1.39,25,0.00,1.22,0.00,0.00,0.00,1.28,1.83,1.11,21.50,2.45,1.67,3.39,0.00,0.72,0.23,0.00,1.00,0.00,0.00,0,0,,43,2.39,90,13,0.74,82,30,1.71,92,1,0,18,43,0.00,99,0,23,1.31,73,158,59,9.01,99,0,0.00,99,0,0.00,0,0,0.00,0,2.68,99,61,3.48,89,33,1.88,54.10,0,0.00,0,0,0,0.00,0,20,0.00,35,1.14,60,N/A,N/A,N/A,N/A,0.00,0,0.00,0,4.09,0.00,0,73.70,30.23,53,20,1.00,1.03,18,93,69,0,0,0,0.33,0.34,6,71,131.05,1.83,1.88,33,0,0.00,0.00,99,0.00,0,0,3,0.17,0.17,0,0.00,0.00,0.06,0.06,1,1,4.65,57,97,98,89,35,4.32,93,0.24,0.25,4.09,78,0.23,0.23,76,28,1.56,1.60,1.03,1.00,45,18,0.23,77,98,58,96,0,48,42,0,0.00,99,18,0.00,1.03,11.86,11.56,208,102,72,75,5.82,5.67,49.04,22,1.25,24,0,26.58,0,0.00,99,42,2.33,2.40,99,98,30,41,0,0,0,0,0,73,68,84,68,0,99,39,65,52,4,22,71,11,0,0
Mateo Mendia,22,1075795200,2004/02/03,Primera División,2026,Defender,Platense,360,270,90,Argentina,4,3,1,0,0,0,0,0,0,0,0,0,0,0,8,4,4,1,0,0,0,0,0,0,0,2,45,90,360,0,0.25,433,370,239,15,0,6.80,0,63,50.25,50.25,92,201,40.25,161,72,40.25,90,0.00,0.00,0.50,2,0.00,0.00,0.75,0.75,3,0.00,0.00,0.00,0.00,0.00,1.25,0.75,2.00,0.00,1.00,0.50,1.00,0.00,0.50,0.10,0.00,2.00,0.00,0.00,0,0,,4,1.00,53,2,0.50,70,2,0.50,41,0,0,4,16,0.00,99,0,5,1.25,70,0,28,0.00,12,0,0.00,99,0,0.00,0,0,0.00,0,0.50,37,4,1.00,44,3,0.75,75.00,0,0.00,0,0,0,0.00,0,8,0.00,1,2.00,92,N/A,N/A,N/A,N/A,0.00,0,0.00,0,0.41,0.00,0,80.10,50.00,91,11,1.25,1.25,5,62,90,0,0,0,0.75,0.75,3,92,27.22,6.50,6.50,26,0,0.00,0.00,99,0.00,0,0,0,0.00,0.00,0,0.00,0.00,0.00,0.00,0,0,0.00,56,0,0,56,1,0.40,54,0.10,0.10,0.41,54,0.10,0.10,10,1,0.25,0.25,1.25,1.25,59,5,0.10,53,55,93,81,0,46,71,0,0.00,99,8,0.00,2.00,7.75,7.75,31,15,20,23,3.75,3.75,48.39,0,0.00,99,0,0.00,0,0.00,99,0,0.00,0.00,28,8,30,16,0,0,0,0,0,41,56,74,68,0,99,1,60,57,1,25,79,34,0,0
Mateo Ramírez Montenegro,31,790416000,1995/01/18,Primera División,2026,Midfielder,Deportivo Riestra,15,0,15,Argentina,1,0,1,0,0,0,0,0,0,0,0,0,0,0,0,0,0,1,0,0,0,0,0,0,0,0,0,15,15,0,6,-1,-1,-1,12,0,6.30,0,63,36.00,6.00,67,6,5.00,5,84,30.00,72,0.00,0.00,0.00,0,0.00,1.00,0.00,0.00,0,0.00,0.00,0.00,0.00,0.00,0.00,0.00,1.00,0.00,0.00,0.00,0.00,0.00,0.00,0.00,0.00,0.00,0.00,0.00,0,0,,0,0.00,8,0,0.00,22,0,0.00,9,0,1,0,5,0.00,99,0,0,0.00,10,1,28,6.00,96,0,0.00,99,0,0.00,0,0,0.00,0,0.00,8,0,0.00,9,0,0.00,0.00,0,0.00,0,0,0,0.00,0,1,0.00,99,6.00,99,N/A,N/A,N/A,N/A,0.00,0,0.00,0,0.00,0.00,0,83.33,0.00,22,99,0.00,0.00,0,12,12,0,0,0,0.00,0.00,0,29,6.30,1.00,6.00,1,0,0.00,0.00,99,0.00,0,0,0,0.00,0.00,0,0.00,0.00,0.00,0.00,0,0,0.00,56,0,0,56,0,0.01,26,0.01,0.06,0.00,9,0.00,0.00,2,0,0.00,0.00,6.00,1.00,99,1,0.00,9,13,89,81,0,46,1,0,0.00,99,0,0.00,0.00,12.00,2.00,2,0,0,75,0.00,0.00,0.00,0,0.00,99,0,0.00,0,0.00,99,0,0.00,0.00,28,0,44,16,0,0,0,0,0,41,56,74,68,0,99,1,15,99,1,100,99,23,0,0
Mateo Seoane,22,1076313600,2004/02/09,Primera División,2026,Midfielder,Gimnasia La Plata,250,147,103,Argentina,5,2,3,0,0,0,0,0,0,0,0,4,2,2,0,0,0,0,0,0,0,0,0,0,0,0,0,50,0,0,0,-1,-1,-1,10,0,5.36,0,63,27.97,15.60,40,78,13.00,65,84,23.31,51,0.00,0.00,0.20,1,0.00,0.00,0.72,0.40,2,0.00,0.00,0.00,0.00,0.00,1.20,0.20,0.00,0.00,0.72,0.20,0.40,0.00,0.20,0.03,0.00,0.20,0.00,0.00,0,0,,2,0.40,41,1,0.36,59,1,0.36,30,2,2,3,16,0.00,99,0,6,2.15,98,0,28,0.00,12,0,0.00,99,0,0.00,0,0,0.00,0,0.36,29,2,0.72,35,1,0.36,50.00,0,0.00,0,0,0,0.00,0,0,0.00,99,0.00,0,N/A,N/A,N/A,N/A,0.00,0,0.00,0,0.17,0.00,0,83.33,50.00,91,0,1.20,2.15,6,40,66,0,0,0,0.00,0.00,0,29,26.78,1.20,2.15,6,0,0.00,0.00,99,0.00,0,0,0,0.00,0.00,0,0.00,0.00,0.00,0.00,0,0,0.00,56,0,1,56,0,0.18,26,0.04,0.06,0.17,42,0.03,0.06,34,2,0.40,0.72,1.43,0.80,68,4,0.06,42,1,62,81,0,46,12,0,0.00,99,1,0.00,0.36,6.45,3.60,18,6,8,13,2.15,1.20,33.33,0,0.00,99,0,0.00,0,0.00,99,0,0.00,0.00,28,3,57,57,0,0,0,0,0,41,56,74,68,0,99,99,15,15,0,0,16,18,0,0
Mateo Valentín Caceres,23,1032937200,2002/09/25,Primera División,2026,Midfielder,Talleres Córdoba,667,282,385,Argentina,15,7,8,0,0,0,0,0,0,0,0,6,3,3,4,2,2,2,0,0,0,0,0,0,0,0.54,167,44,334,0,0.27,267,251,-1,10,0,6.61,0,63,28.47,14.07,41,211,12.00,180,93,24.29,54,0.00,0.00,0.40,6,0.00,0.67,1.48,0.73,11,0.00,0.40,0.00,0.00,0.00,0.47,0.47,0.33,0.00,0.67,0.13,1.00,0.00,0.20,0.03,0.00,0.20,0.00,0.00,0,0,,5,0.33,39,3,0.40,62,2,0.27,21,5,8,7,46,0.00,99,0,7,0.94,54,10,85,1.35,55,0,0.00,99,0,0.00,0,0,0.00,0,0.81,57,15,2.02,70,7,0.94,46.67,0,0.00,0,0,0,0.00,0,5,0.00,88,0.67,15,N/A,N/A,N/A,N/A,0.00,0,0.00,0,0.52,0.00,0,85.31,60.00,95,34,0.40,0.81,6,73,54,0,0,0,0.00,0.00,0,29,99.12,0.53,1.08,8,0,0.00,0.00,99,0.00,0,0,0,0.00,0.00,0,0.00,0.00,0.00,0.00,0,0,0.00,56,34,73,56,88,0.58,42,0.04,0.08,0.52,44,0.03,0.07,40,6,0.40,0.81,0.81,0.40,32,6,0.07,44,27,37,81,0,46,15,0,0.00,99,3,0.00,0.40,8.10,4.00,60,27,17,28,3.64,1.80,45.00,6,0.81,43,0,40.00,0,0.00,99,4,0.27,0.54,68,33,95,92,0,0,0,0,0,41,56,74,68,0,99,69,56,61,2,13,43,26,0,0
Mathías Agustín De Ritis Serrentino,23,1044000000,2003/01/31,Primera División,2026,Defender,San Lorenzo,891,403,488,Uruguay,13,6,7,0,0,0,2,1,1,0,0,7,3,4,6,4,2,4,0,0.2,0.2,0,0,0,0,0.61,149,69,223,446,0.4,271,78,36,13,0,6.69,0.15,89,30.68,24.15,49,314,16.23,211,20,20.62,42,0.00,0.00,0.62,8,0.00,2.38,1.56,1.23,16,0.00,0.69,0.00,0.00,0.00,1.46,0.54,0.54,0.00,0.49,0.31,1.08,0.00,0.08,0.03,0.00,1.08,0.00,0.00,0,0,,5,0.38,28,1,0.10,29,4,0.39,32,1,1,12,50,0.00,99,0,19,1.86,92,31,50,3.03,77,0,0.00,99,0,0.00,0,0,0.00,0,0.78,55,14,1.37,55,7,0.68,50.00,0,0.00,0,0,0,0.00,0,7,0.00,83,0.68,16,N/A,N/A,N/A,N/A,0.00,0,0.00,0,0.38,0.00,0,67.20,20.00,35,6,1.15,1.47,15,59,66,0,0,0,0.15,0.20,2,55,86.91,3.23,4.10,42,0,0.00,0.00,99,0.00,0,0,0,0.00,0.00,0,0.00,0.00,0.00,0.00,0,0,0.00,56,52,49,56,84,1.89,81,0.15,0.18,0.38,32,0.03,0.04,38,8,0.62,0.78,0.98,0.77,42,10,0.04,32,37,81,81,0,46,57,0,0.00,99,14,0.00,1.37,9.58,7.54,98,44,34,46,4.30,3.38,44.90,9,0.88,40,0,22.58,0,0.00,99,7,0.54,0.68,73,65,44,41,0,0,0,0,0,69,56,74,68,0,99,92,34,81,4,31,89,6,0,0
Matías Arias,19,1178607600,2007/05/08,Primera División,2026,Midfielder,Vélez Sarsfield,134,66,68,Argentina,5,2,3,0,0,0,1,0,1,0,0,2,0,2,2,1,1,1,0,0.67,0.67,0,0,0,0,1.34,67,27,134,134,0.67,-1,-1,-1,12,0,6.56,0.2,99,38.96,11.60,73,58,8.80,44,50,29.55,70,0.00,0.00,0.40,2,0.00,0.80,1.34,0.40,2,0.00,1.00,0.00,0.00,0.00,0.00,0.40,0.80,0.00,2.01,0.40,1.20,0.00,0.20,0.05,0.00,0.40,0.00,0.00,0,0,,3,0.60,80,1,0.67,80,2,1.34,83,3,4,1,39,0.00,99,0,0,0.00,10,4,28,2.69,72,0,0.00,99,0,0.00,0,0,0.00,0,1.34,79,6,4.03,93,2,1.34,33.33,0,0.00,0,0,0,0.00,0,4,0.00,14,2.69,93,N/A,N/A,N/A,N/A,0.00,0,0.00,0,0.24,0.00,0,75.86,33.33,62,8,0.40,1.34,2,86,32,0,0,0,0.00,0.00,0,29,32.78,0.20,0.67,1,0,0.00,0.00,99,0.00,0,0,0,0.00,0.00,0,0.00,0.00,0.00,0.00,0,0,0.00,56,0,1,56,14,0.77,99,0.15,0.52,0.24,68,0.05,0.16,88,3,0.60,2.01,2.01,0.60,89,3,0.16,66,22,21,81,0,46,56,0,0.00,99,2,0.00,1.34,17.46,5.20,26,9,78,97,6.04,1.80,34.62,5,3.36,1,0,0.00,0,0.00,99,0,0.00,0.00,28,0,75,74,0,0,0,0,0,98,56,74,68,0,99,69,18,97,1,20,65,35,0,0
Matías Borgogno,27,903682800,1998/08/21,Primera División,2026,Goalkeeper,Platense,1440,720,720,Argentina,16,8,8,0,0,0,0,0,0,0,0,6,2,4,14,8,6,1,0,0,0,0,0,0,0,0.88,103,90,1440,0,0.06,438,375,112,23,0,6.93,0,63,24.44,24.44,28,391,11.19,179,2,11.19,8,0.00,0.00,0.00,0,0.00,0.00,0.00,0.00,0,0.00,0.00,0.00,0.00,3.12,0.00,0.00,4.06,0.00,0.00,0.00,0.00,0.00,0.00,0.00,0.00,0.50,0.00,0.00,0,0,,0,0.00,8,0,0.00,22,0,0.00,9,0,0,16,5,0.00,99,0,0,0.00,10,0,28,0.00,12,0,0.00,99,0,0.00,0,0,0.00,0,0.00,8,0,0.00,9,0,0.00,0.00,0,0.00,0,50,75,3.12,72,65,0.00,53,4.06,98,N/A,N/A,N/A,N/A,76.92,0,0.00,0,0.00,0.00,0,45.78,0.00,22,99,0.00,0.00,0,12,12,0,0,28,0.00,0.00,0,29,110.93,0.81,0.81,13,0,0.00,0.00,99,0.00,0,0,0,0.00,0.00,5,0.31,0.31,0.00,0.00,0,0,0.00,56,93,88,56,53,0.39,2,0.02,0.02,0.00,9,0.00,0.00,20,7,0.44,0.44,0.00,0.00,6,0,0.00,9,78,27,81,34,46,21,0,0.00,99,8,0.00,0.50,0.81,0.81,13,13,6,6,0.81,0.81,100.00,0,0.00,99,0,0.00,0,0.00,99,0,0.00,0.00,28,93,30,16,0,0,0,0,0,41,56,74,68,0,99,65,99,17,1,6,21,20,0,0
Matías Ezequiel Abaldo Menyou,22,1080979200,2004/04/03,Primera División,2026,Forward,Independiente,1362,596,766,Uruguay,16,7,9,5,1,4,1,0,1,0,0,3,2,1,21,9,12,2,1,0.4,0.07,0.33,0.15,0.47,272,1.39,65,85,454,1362,0.2,51,171,-1,2,0,6.75,0.06,69,25.57,24.19,33,387,17.69,283,37,18.70,35,0.00,0.00,0.75,12,0.00,2.69,0.53,0.50,8,0.00,0.81,0.00,0.00,0.00,0.25,1.69,1.38,5.40,1.78,0.69,4.56,0.00,1.00,0.35,0.00,0.38,0.00,0.00,0,0,,27,1.69,74,16,1.06,91,11,0.73,56,4,0,16,12,0.00,99,0,4,0.26,21,43,41,2.84,74,0,0.00,99,0,0.00,0,0,0.00,0,0.79,56,73,4.82,97,27,1.78,36.99,0,0.00,0,0,0,0.00,0,22,0.00,10,1.45,82,N/A,N/A,N/A,N/A,0.00,0,0.00,0,5.62,0.00,0,73.13,59.26,94,47,0.62,0.66,10,92,36,0,0,0,0.12,0.13,2,43,107.93,0.50,0.53,8,0,0.00,0.00,99,0.00,0,0,1,0.06,0.07,0,0.00,0.00,0.46,0.44,7,0,18.52,89,86,88,65,11,1.57,54,0.10,0.10,5.62,93,0.35,0.37,30,10,0.62,0.66,0.79,0.75,30,12,0.37,92,47,15,85,0,90,15,0,0.00,99,6,0.00,0.40,9.85,9.31,149,50,13,51,3.30,3.12,33.56,13,0.86,41,0,18.60,0,0.00,99,8,0.50,0.53,67,93,30,84,0,0,0,0,0,87,91,96,74,0,99,11,73,45,1,6,21,19,0,0
Matías Ezequiel Catalán,33,714207600,1992/08/19,Primera División,2026,Defender,Talleres Córdoba,1369,616,753,Argentina,17,8,9,0,0,0,2,2,0,0,0,6,3,3,11,5,6,1,0,0.13,0.13,0,0,0,0,0.72,124,81,1369,685,0.07,554,116,72,14,0,6.95,0.12,81,50.23,44.94,92,764,38.53,655,93,43.06,93,0.00,0.00,0.59,10,0.00,0.71,1.25,1.12,19,0.00,0.12,0.00,0.00,0.00,0.65,0.24,0.76,0.00,0.66,0.53,0.47,0.00,0.06,0.03,0.00,1.65,0.00,0.00,0,0,,10,0.59,38,1,0.07,24,9,0.59,48,6,1,16,35,0.00,99,0,11,0.72,44,12,79,0.79,46,0,0.00,99,0,0.00,0,0,0.00,0,0.66,46,8,0.53,27,4,0.26,50.00,0,0.00,0,0,0,0.00,0,13,0.00,71,0.85,32,N/A,N/A,N/A,N/A,0.00,0,0.00,0,0.50,0.00,0,85.73,10.00,24,90,0.12,0.13,2,30,66,0,0,0,0.47,0.53,8,84,118.23,5.47,6.11,93,0,0.00,0.00,99,0.00,0,0,0,0.00,0.00,0,0.00,0.00,0.07,0.06,1,0,0.00,56,87,94,56,70,2.78,81,0.16,0.18,0.50,26,0.03,0.03,10,4,0.24,0.26,0.53,0.47,16,8,0.03,26,80,90,81,0,51,69,0,0.00,99,28,0.00,1.84,6.38,5.71,97,55,17,13,3.62,3.24,56.70,2,0.13,84,0,33.33,0,0.00,99,4,0.24,0.26,52,93,44,96,0,0,0,0,0,56,56,74,68,0,99,56,98,19,1,6,21,4,0,0
Matías Ezequiel Daniele,22,1073030400,2004/01/02,Primera División,2026,Goalkeeper,Belgrano,0,0,0,Argentina,0,0,0,0,0,0,0,0,0,0,0,0,0,0,0,0,0,0,0,0,0,0,0,0,0,0,0,0,0,0,0,-1,-1,-1,-1,N/A,N/A,N/A,N/A,N/A,N/A,N/A,N/A,N/A,N/A,N/A,N/A,N/A,N/A,N/A,N/A,N/A,N/A,N/A,N/A,N/A,N/A,N/A,N/A,N/A,N/A,N/A,N/A,N/A,N/A,N/A,N/A,N/A,N/A,N/A,N/A,N/A,N/A,N/A,N/A,N/A,N/A,N/A,N/A,N/A,N/A,N/A,N/A,N/A,N/A,N/A,N/A,N/A,N/A,N/A,N/A,N/A,N/A,N/A,N/A,N/A,N/A,N/A,N/A,N/A,N/A,N/A,N/A,N/A,N/A,N/A,N/A,N/A,N/A,N/A,N/A,N/A,N/A,N/A,N/A,N/A,N/A,N/A,N/A,N/A,N/A,N/A,N/A,N/A,N/A,N/A,N/A,N/A,N/A,N/A,N/A,N/A,N/A,N/A,N/A,N/A,N/A,N/A,N/A,N/A,N/A,N/A,N/A,N/A,N/A,N/A,N/A,N/A,N/A,N/A,N/A,N/A,N/A,N/A,N/A,N/A,N/A,N/A,N/A,N/A,N/A,N/A,N/A,N/A,N/A,N/A,N/A,N/A,N/A,N/A,N/A,N/A,N/A,N/A,N/A,N/A,N/A,N/A,N/A,N/A,N/A,N/A,N/A,N/A,N/A,N/A,N/A,N/A,N/A,N/A,N/A,N/A,N/A,N/A,N/A,N/A,N/A,N/A,N/A,N/A,N/A,N/A,N/A,N/A,N/A,N/A,N/A,N/A,N/A,N/A,N/A,N/A,N/A,N/A,N/A,N/A,N/A,N/A,N/A,N/A,N/A,N/A,N/A,N/A,N/A,N/A,N/A,N/A,N/A,N/A,N/A,N/A,N/A,N/A,N/A,N/A,N/A,N/A,N/A,N/A,N/A,N/A,N/A,N/A,N/A,N/A,N/A,N/A,N/A,N/A,N/A,N/A,N/A,N/A,N/A,N/A,N/A,N/A,N/A
Matías Ezequiel Gómez,20,1132732800,2005/11/23,Primera División,2026,Midfielder,Talleres Córdoba,82,54,28,Argentina,2,1,1,0,0,0,0,0,0,0,0,0,0,0,1,0,1,1,0,0,0,0,0,0,0,1.1,82,41,82,0,1.1,-1,-1,-1,22,0,6.61,0,63,54.88,25.00,95,50,22.00,44,98,48.29,95,0.00,0.00,0.00,0,0.00,0.00,6.59,3.00,6,0.00,0.00,0.00,0.00,0.00,1.00,0.00,0.50,0.00,0.00,0.00,0.00,0.00,0.00,0.00,0.00,1.00,0.00,0.00,0,0,,0,0.00,8,0,0.00,22,0,0.00,9,6,1,1,99,0.00,99,0,2,2.20,98,0,28,0.00,12,0,0.00,99,0,0.00,0,0,0.00,0,0.00,8,0,0.00,9,0,0.00,0.00,0,0.00,0,0,0,0.00,0,1,0.00,34,1.10,58,N/A,N/A,N/A,N/A,0.00,0,0.00,0,0.00,0.00,0,88.00,0.00,22,0,1.50,3.29,3,12,12,0,0,0,0.00,0.00,0,29,13.22,1.00,2.20,2,0,0.00,0.00,99,0.00,0,0,0,0.00,0.00,0,0.00,0.00,0.00,0.00,0,0,0.00,56,0,0,56,34,0.09,54,0.04,0.10,0.00,9,0.00,0.00,2,0,0.00,0.00,3.29,1.50,99,3,0.00,9,27,63,81,0,46,75,0,0.00,99,2,0.00,2.20,16.46,7.50,15,8,98,95,8.78,4.00,53.33,0,0.00,99,0,0.00,0,0.00,99,0,0.00,0.00,28,0,44,96,0,0,0,0,0,41,56,74,68,0,99,1,15,99,1,50,99,21,0,0
Matías Fernández,25,993279600,2001/06/23,Primera División,2026,Midfielder,Independiente Rivadavia,1040,665,375,Argentina,15,10,5,2,1,1,2,1,1,0,0,3,1,2,15,12,3,6,0,0.35,0.17,0.17,0.14,0.24,520,1.3,69,69,173,520,0.52,114,89,-1,7,0,6.87,0.13,85,29.10,22.36,44,313,16.86,236,47,21.94,47,0.00,0.00,1.07,15,0.00,1.86,0.93,0.71,10,0.00,1.07,0.00,0.00,0.00,0.50,0.64,1.00,9.00,2.51,1.07,2.43,0.00,0.86,0.29,0.00,0.29,0.00,0.00,0,0,,27,1.93,92,12,1.12,93,15,1.39,84,3,1,14,21,0.00,99,0,7,0.65,40,26,72,2.42,68,0,0.00,99,0,0.00,0,0,0.00,0,1.39,81,34,3.16,86,9,0.84,26.47,0,0.00,0,0,0,0.00,0,14,0.00,16,1.30,73,N/A,N/A,N/A,N/A,0.00,0,0.00,0,4.05,0.00,0,75.40,44.44,80,40,0.57,0.74,8,68,21,0,0,0,0.14,0.19,2,52,96.14,0.43,0.56,6,0,0.00,0.00,99,0.00,0,0,0,0.00,0.00,0,0.00,0.00,0.93,0.71,10,0,11.11,76,63,73,77,16,2.19,85,0.16,0.20,4.05,94,0.29,0.38,59,12,0.86,1.12,1.49,1.14,73,16,0.38,92,68,16,81,0,97,12,0,0.00,99,4,0.00,0.37,9.67,7.43,104,35,13,48,3.25,2.50,33.65,15,1.39,20,0,30.77,0,0.00,99,8,0.57,0.74,76,78,44,74,0,0,0,0,0,83,80,86,73,0,99,15,25,92,6,40,95,10,0,0
Matías Fernando Cóccaro Ferreira,28,879580800,1997/11/15,Primera División,2026,Forward,Newell's Old Boys,593,336,257,Uruguay,10,5,5,1,1,0,1,0,1,0,0,2,2,0,9,5,4,2,0,0.3,0.15,0.15,0.27,0,593,1.37,66,59,297,593,0.3,136,99,-1,7,0,6.64,0.1,83,20.49,13.50,13,135,9.60,96,31,14.57,19,0.00,0.00,0.40,4,0.00,1.00,0.76,0.50,5,0.00,1.00,0.00,0.00,0.00,0.40,0.50,0.90,9.00,1.37,0.60,1.20,0.00,0.30,0.13,0.00,1.70,0.00,0.00,0,0,,9,0.90,65,3,0.46,67,6,0.91,65,4,1,9,17,0.00,99,0,4,0.61,37,10,85,1.52,58,0,0.00,99,0,0.00,0,0,0.00,0,0.61,44,12,1.82,67,5,0.76,41.67,0,0.00,0,0,0,0.00,0,9,0.00,12,1.37,77,N/A,N/A,N/A,N/A,0.00,0,0.00,0,1.30,0.00,0,71.11,33.33,62,78,0.20,0.30,2,63,46,0,0,0,0.00,0.00,0,29,66.40,1.20,1.82,12,0,0.00,0.00,99,0.00,0,0,0,0.00,0.00,0,0.00,0.00,0.76,0.50,5,0,11.11,76,27,23,81,12,1.50,90,0.15,0.23,1.30,74,0.13,0.20,86,13,1.30,1.97,1.67,1.10,81,11,0.20,73,31,57,81,0,96,82,0,0.00,99,17,0.00,2.58,13.51,8.90,89,37,68,86,5.62,3.70,41.57,10,1.52,17,0,40.00,0,0.00,99,4,0.40,0.61,70,48,44,84,0,0,0,0,0,80,76,74,84,0,99,15,50,65,2,20,65,13,0,0
Matias Fonseca,25,984384000,2001/03/12,Primera División,2026,Forward,Instituto,551,289,262,Italy,13,6,7,1,1,0,0,0,0,0,0,4,2,2,6,3,3,2,0,0.16,0,0.16,0.31,0,551,0.98,92,42,276,0,0.33,132,324,-1,5,0,6.56,0,63,22.21,10.46,21,136,6.15,80,6,13.07,12,0.00,0.00,0.08,1,0.00,0.38,0.82,0.38,5,0.00,0.69,0.00,0.00,0.00,0.08,0.15,0.46,16.00,2.61,1.00,0.31,0.00,0.23,0.12,0.00,1.00,0.00,0.00,0,0,,16,1.23,93,3,0.49,69,13,2.12,98,1,7,6,18,0.00,99,0,1,0.16,16,5,96,0.82,47,0,0.00,99,0,0.00,0,0,0.00,0,0.16,16,4,0.65,33,2,0.33,50.00,0,0.00,0,0,0,0.00,0,6,0.00,43,0.98,47,N/A,N/A,N/A,N/A,0.00,0,0.00,0,1.52,0.00,0,58.82,18.75,32,88,0.08,0.16,1,36,66,0,0,0,0.00,0.00,0,29,85.26,0.08,0.16,1,0,0.00,0.00,99,0.00,0,0,0,0.00,0.00,0,0.00,0.00,0.65,0.31,4,0,6.25,62,23,49,79,43,0.23,11,0.02,0.04,1.52,82,0.12,0.25,49,6,0.46,0.98,3.59,1.69,99,22,0.25,80,22,4,81,0,94,74,0,0.00,99,13,0.00,2.12,12.74,6.00,78,26,33,81,4.25,2.00,33.33,9,1.47,18,0,60.00,0,0.00,99,3,0.23,0.49,65,27,92,41,0,0,0,0,0,62,78,74,87,0,99,47,46,70,2,15,50,11,0,0
Matías Galarza,24,1015228800,2002/03/04,Primera División,2026,Midfielder,Talleres Córdoba,1351,681,670,Argentina,17,8,9,0,0,0,0,0,0,0,0,6,3,3,10,5,5,3,0,0,0,0,0,0,0,0.67,135,79,450,0,0.2,553,554,-1,17,0,6.98,0,63,52.49,46.35,94,788,40.00,680,95,45.30,94,0.00,0.00,0.76,13,0.00,0.35,2.40,2.12,36,0.00,0.82,0.00,0.00,0.00,0.88,0.94,0.76,0.00,0.60,0.41,1.76,0.00,0.12,0.04,0.00,1.00,0.00,0.00,0,0,,9,0.53,35,2,0.13,33,7,0.47,39,5,2,15,83,0.00,99,0,15,1.00,57,6,79,0.40,34,0,0.00,99,0,0.00,0,0,0.00,0,0.87,60,30,2.00,69,16,1.07,53.33,0,0.00,0,0,0,0.00,0,13,0.00,77,0.87,37,N/A,N/A,N/A,N/A,0.00,0,0.00,0,0.65,0.00,0,86.29,22.22,39,70,0.35,0.40,6,80,69,0,0,0,0.18,0.20,3,55,118.58,1.35,1.53,23,0,0.00,0.00,99,0.00,0,0,0,0.00,0.00,0,0.00,0.00,0.00,0.00,0,0,0.00,56,86,94,56,77,2.05,70,0.12,0.14,0.65,32,0.04,0.04,98,45,2.65,3.00,1.00,0.88,44,15,0.04,32,83,50,81,0,46,48,0,0.00,99,17,0.00,1.13,11.92,10.53,179,114,94,75,7.59,6.71,63.69,14,0.93,37,0,33.33,0,0.00,99,2,0.12,0.13,38,85,57,92,0,0,0,0,0,41,56,74,68,0,99,56,73,45,3,18,57,5,0,0
Matías Galarza Fonda,24,1013414400,2002/02/11,Primera División,2026,Midfielder,River Plate,0,0,0,Paraguay,0,0,0,0,0,0,0,0,0,0,0,0,0,0,0,0,0,0,0,0,0,0,0,0,0,0,0,0,0,0,0,-1,-1,-1,-1,N/A,N/A,N/A,N/A,N/A,N/A,N/A,N/A,N/A,N/A,N/A,N/A,N/A,N/A,N/A,N/A,N/A,N/A,N/A,N/A,N/A,N/A,N/A,N/A,N/A,N/A,N/A,N/A,N/A,N/A,N/A,N/A,N/A,N/A,N/A,N/A,N/A,N/A,N/A,N/A,N/A,N/A,N/A,N/A,N/A,N/A,N/A,N/A,N/A,N/A,N/A,N/A,N/A,N/A,N/A,N/A,N/A,N/A,N/A,N/A,N/A,N/A,N/A,N/A,N/A,N/A,N/A,N/A,N/A,N/A,N/A,N/A,N/A,N/A,N/A,N/A,N/A,N/A,N/A,N/A,N/A,N/A,N/A,N/A,N/A,N/A,N/A,N/A,N/A,N/A,N/A,N/A,N/A,N/A,N/A,N/A,N/A,N/A,N/A,N/A,N/A,N/A,N/A,N/A,N/A,N/A,N/A,N/A,N/A,N/A,N/A,N/A,N/A,N/A,N/A,N/A,N/A,N/A,N/A,N/A,N/A,N/A,N/A,N/A,N/A,N/A,N/A,N/A,N/A,N/A,N/A,N/A,N/A,N/A,N/A,N/A,N/A,N/A,N/A,N/A,N/A,N/A,N/A,N/A,N/A,N/A,N/A,N/A,N/A,N/A,N/A,N/A,N/A,N/A,N/A,N/A,N/A,N/A,N/A,N/A,N/A,N/A,N/A,N/A,N/A,N/A,N/A,N/A,N/A,N/A,N/A,N/A,N/A,N/A,N/A,N/A,N/A,N/A,N/A,N/A,N/A,N/A,N/A,N/A,N/A,N/A,N/A,N/A,N/A,N/A,N/A,N/A,N/A,N/A,N/A,N/A,N/A,N/A,N/A,N/A,N/A,N/A,N/A,N/A,N/A,N/A,N/A,N/A,N/A,N/A,N/A,N/A,N/A,N/A,N/A,N/A,N/A,N/A,N/A,N/A,N/A,N/A,N/A,N/A
Matías Gallardo,22,1069660800,2003/11/24,Primera División,2026,Midfielder,Instituto,113,46,67,Argentina,9,4,5,1,1,0,0,0,0,0,0,2,1,1,1,0,1,1,0,0.8,0,0.8,1.96,0,113,0.8,113,13,113,0,0.8,-1,-1,-1,7,0,5.92,0,63,72.48,10.11,99,91,7.89,71,62,56.55,99,0.00,0.00,0.33,3,0.00,1.44,4.78,0.67,6,0.00,0.11,0.00,0.00,0.00,0.11,0.00,0.22,5.00,3.98,0.44,0.11,0.00,0.11,0.10,0.00,0.33,0.00,0.00,0,0,,5,0.56,99,1,0.80,85,4,3.19,99,0,9,0,99,0.00,99,0,1,0.80,47,13,72,10.35,99,0,0.00,99,0,0.00,0,0,0.00,0,2.39,97,1,0.80,37,0,0.00,0.00,0,0.00,0,0,0,0.00,0,2,0.00,62,1.59,87,N/A,N/A,N/A,N/A,0.00,0,0.00,0,0.92,0.00,0,78.02,20.00,35,99,0.00,0.00,0,12,12,0,0,0,0.00,0.00,0,29,53.28,0.11,0.80,1,0,0.00,0.00,99,0.00,0,0,0,0.00,0.00,0,0.00,0.00,0.00,0.00,0,0,20.00,93,0,17,56,62,0.23,81,0.03,0.18,0.92,99,0.10,0.73,76,2,0.22,1.59,2.39,0.33,94,3,0.73,99,5,25,81,0,46,78,0,0.00,99,3,0.00,2.39,15.13,2.11,19,11,98,92,8.76,1.22,57.89,1,0.80,44,0,30.77,0,0.00,99,4,0.44,3.19,99,0,97,16,0,0,0,0,0,99,99,74,99,0,99,18,16,99,1,11,37,15,0,0
Matías García,30,816076800,1995/11/11,Primera División,2026,Midfielder,Deportivo Riestra,526,271,255,Argentina,10,5,5,0,0,0,0,0,0,0,0,4,2,2,7,3,4,3,0,0,0,0,0,0,0,1.2,75,53,175,0,0.51,330,296,-1,19,0,6.53,0,63,27.43,16.00,39,160,10.30,103,14,17.66,32,0.00,0.00,0.40,4,0.00,1.20,2.57,1.50,15,0.00,0.00,0.00,0.00,0.00,1.00,0.00,0.80,0.00,0.34,0.20,0.10,0.00,0.00,0.01,0.00,1.40,0.00,0.00,0,0,,2,0.20,19,0,0.00,22,2,0.34,27,3,4,6,86,0.00,99,0,10,1.71,89,12,95,2.06,64,0,0.00,99,0,0.00,0,0,0.00,0,0.69,49,1,0.17,15,0,0.00,0.00,0,0.00,0,0,0,0.00,0,8,0.00,24,1.37,77,N/A,N/A,N/A,N/A,0.00,0,0.00,0,0.08,0.00,0,64.38,0.00,22,1,1.10,1.89,11,12,12,0,0,0,0.00,0.00,0,29,65.30,0.60,1.03,6,1,0.00,0.17,2,0.10,0,0,0,0.00,0.00,0,0.00,0.00,0.00,0.00,0,0,0.00,56,20,23,56,24,0.39,36,0.04,0.07,0.08,13,0.01,0.01,54,6,0.60,1.03,2.23,1.30,93,13,0.01,13,19,36,81,0,46,79,0,0.00,99,14,0.00,2.40,11.49,6.70,67,35,77,70,6.00,3.50,52.24,0,0.00,99,0,50.00,0,0.00,99,6,0.60,1.03,84,27,75,74,0,0,0,0,0,41,56,74,68,0,99,69,25,91,3,30,87,20,0,0
Matías Germán Melluso,28,897375600,1998/06/09,Primera División,2026,Defender,Gimnasia La Plata,50,10,40,Argentina,3,1,2,0,0,0,0,0,0,0,0,1,0,1,0,0,0,0,0,0,0,0,0,0,0,0,0,17,0,0,0,-1,-1,-1,11,0,6.61,0,63,25.20,4.67,32,14,3.00,9,14,16.20,26,0.00,0.00,0.00,0,0.00,0.00,3.60,0.67,2,0.00,0.00,0.00,0.00,0.00,0.33,0.00,0.33,0.00,0.00,0.00,0.00,0.00,0.00,0.00,0.00,0.33,0.00,0.00,0,0,,0,0.00,8,0,0.00,22,0,0.00,9,0,3,0,98,0.00,99,0,1,1.80,91,0,28,0.00,12,0,0.00,99,0,0.00,0,0,0.00,0,0.00,8,0,0.00,9,0,0.00,0.00,0,0.00,0,0,0,0.00,0,1,0.00,99,1.80,92,N/A,N/A,N/A,N/A,0.00,0,0.00,0,0.00,0.00,0,64.29,0.00,22,99,0.00,0.00,0,12,12,0,0,0,0.33,1.80,1,99,19.83,2.33,12.60,7,0,0.00,0.00,99,0.00,0,0,0,0.00,0.00,0,0.00,0.00,0.00,0.00,0,0,0.00,56,0,0,56,0,0.02,11,0.01,0.04,0.00,9,0.00,0.00,99,2,0.67,3.60,1.80,0.33,85,1,0.00,9,27,99,81,0,46,68,0,0.00,99,1,0.00,1.80,12.60,2.33,7,5,98,80,9.00,1.67,71.43,0,0.00,99,0,0.00,0,0.00,99,0,0.00,0.00,28,0,66,16,0,0,0,0,0,41,56,74,68,0,99,54,15,15,0,0,16,22,0,0
Matías Hernández,21,1104998400,2005/01/06,Primera División,2026,Forward,San Lorenzo,40,0,40,Argentina,1,0,1,0,0,0,0,0,0,0,0,1,0,1,0,0,0,0,0,0,0,0,0,0,0,0,0,40,0,0,0,-1,-1,-1,10,0,6.80,0,63,20.25,9.00,11,9,5.00,5,4,11.25,8,0.00,0.00,0.00,0,0.00,0.00,0.00,0.00,0,0.00,0.00,0.00,0.00,0.00,0.00,2.00,0.00,0.00,2.25,0.00,3.00,0.00,1.00,0.15,0.00,0.00,0.00,0.00,0,0,,1,1.00,86,1,2.25,99,0,0.00,9,1,1,0,5,0.00,99,0,0,0.00,10,0,28,0.00,12,0,0.00,99,0,0.00,0,0,0.00,0,0.00,8,3,6.75,99,2,4.50,66.67,0,0.00,0,0,0,0.00,0,0,0.00,99,0.00,0,N/A,N/A,N/A,N/A,0.00,0,0.00,0,0.15,0.00,0,55.56,100.00,99,99,0.00,0.00,0,99,87,0,0,0,0.00,0.00,0,29,6.80,0.00,0.00,0,0,0.00,0.00,99,0.00,0,0,0,0.00,0.00,0,0.00,0.00,0.00,0.00,0,0,0.00,56,0,0,56,0,0.01,2,0.01,0.02,0.15,90,0.15,0.34,92,1,1.00,2.25,0.00,0.00,6,0,0.34,90,55,1,81,0,46,1,0,0.00,99,0,0.00,0.00,11.25,5.00,5,3,87,67,6.75,3.00,60.00,0,0.00,99,0,0.00,0,0.00,99,0,0.00,0.00,28,0,44,41,0,0,0,0,0,41,56,74,68,0,99,99,15,15,0,0,16,44,0,0
Matías Ignacio Sepúlveda Méndez,27,921225600,1999/03/12,Primera División,2026,Midfielder,Lanús,451,256,195,Chile,13,7,6,0,0,0,0,0,0,0,0,4,4,0,4,1,3,2,0,0,0,0,0,0,0,0.8,113,35,226,0,0.4,526,523,-1,17,0,6.09,0,63,41.22,15.92,79,207,13.00,169,79,33.65,80,0.00,0.00,0.77,10,0.00,2.46,1.00,0.38,5,0.00,0.62,0.00,0.00,0.00,0.31,0.23,0.38,0.00,1.99,0.69,1.15,0.00,0.08,0.05,0.00,0.46,0.00,0.00,0,0,,10,0.77,80,1,0.20,43,9,1.79,93,4,8,5,24,0.00,99,0,4,0.80,47,32,57,6.37,97,0,0.00,99,0,0.00,0,0,0.00,0,1.99,94,15,2.99,85,3,0.60,20.00,0,0.00,0,0,0,0.00,0,5,0.00,62,1.00,50,N/A,N/A,N/A,N/A,0.00,0,0.00,0,0.63,0.00,0,81.64,10.00,24,35,0.31,0.80,4,56,17,0,0,0,0.08,0.20,1,55,79.16,0.62,1.59,8,0,0.00,0.00,99,0.00,0,0,0,0.00,0.00,0,0.00,0.00,0.00,0.00,0,0,0.00,56,11,49,56,62,0.66,66,0.05,0.13,0.63,62,0.05,0.13,91,11,0.85,2.19,1.19,0.46,55,6,0.13,60,8,52,81,0,46,50,0,0.00,99,6,0.00,1.19,12.35,4.77,62,25,52,79,4.98,1.92,40.32,8,1.59,14,0,25.00,0,0.00,99,8,0.62,1.59,95,18,95,84,0,0,0,0,0,41,56,74,68,0,99,47,35,81,2,15,50,16,0,0
Matías Lisandro Mansilla,30,824371200,1996/02/15,Primera División,2026,Goalkeeper,Unión Santa Fe,1620,720,900,Argentina,18,8,10,0,0,0,0,0,0,0,0,5,5,0,20,5,15,2,0,0,0,0,0,0,0,1.11,81,90,810,0,0.11,448,438,166,24,0,6.83,0,63,18.11,18.11,7,326,9.17,165,3,9.17,3,0.00,0.00,0.00,0,0.00,0.00,0.00,0.00,0,0.00,0.00,0.00,0.00,2.83,0.00,0.00,4.11,0.00,0.00,0.00,0.00,0.00,0.00,0.00,0.00,0.28,0.00,0.00,0,0,,0,0.00,8,0,0.00,22,0,0.00,9,0,0,18,5,0.00,99,0,0,0.00,10,0,28,0.00,12,0,0.00,99,0,0.00,0,0,0.00,0,0.00,8,0,0.00,9,0,0.00,0.00,0,0.00,0,51,25,2.83,56,74,0.00,32,4.11,98,N/A,N/A,N/A,N/A,68.92,0,0.00,0,0.00,0.00,0,50.61,0.00,22,93,0.06,0.06,1,12,12,0,0,31,0.00,0.00,0,29,122.97,0.56,0.56,10,0,0.00,0.00,99,0.00,0,0,0,0.00,0.00,5,0.28,0.28,0.00,0.00,0,0,0.00,56,99,98,56,32,0.35,2,0.02,0.02,0.00,9,0.00,0.00,8,4,0.22,0.22,0.06,0.06,6,1,0.00,9,62,16,81,23,46,9,0,0.00,99,5,0.00,0.28,0.56,0.56,10,7,2,4,0.39,0.39,70.00,0,0.00,99,0,0.00,0,0.00,99,0,0.00,0.00,28,98,30,16,0,0,0,0,0,41,56,74,68,0,99,39,91,25,2,11,37,21,0,0
Matías Morello,25,981964800,2001/02/12,Primera División,2026,Midfielder,Aldosivi,235,149,86,Argentina,4,3,1,0,0,0,0,0,0,0,0,2,2,0,2,1,1,1,0,0,0,0,0,0,0,0.77,118,59,235,0,0.38,-1,-1,-1,23,0,6.64,0,63,23.74,15.50,26,62,11.25,45,35,17.23,30,0.00,0.00,0.25,1,0.00,0.50,1.53,1.00,4,0.00,0.00,0.00,0.00,0.00,1.00,0.00,0.50,0.00,0.00,0.00,0.00,0.00,0.00,0.00,0.00,1.00,0.00,0.00,0,0,,0,0.00,8,0,0.00,22,0,0.00,9,2,2,2,48,0.00,99,0,4,1.53,84,2,28,0.77,46,0,0.00,99,0,0.00,0,0,0.00,0,0.38,30,0,0.00,9,0,0.00,0.00,0,0.00,0,0,0,0.00,0,2,0.00,64,0.77,23,N/A,N/A,N/A,N/A,0.00,0,0.00,0,0.00,0.00,0,72.58,0.00,22,72,0.25,0.38,1,12,12,0,0,0,0.50,0.77,2,93,26.56,2.75,4.21,11,0,0.00,0.00,99,0.00,0,0,0,0.00,0.00,0,0.00,0.00,0.00,0.00,0,0,0.00,56,0,0,56,65,0.13,18,0.03,0.05,0.00,9,0.00,0.00,17,1,0.25,0.38,1.91,1.25,87,5,0.00,9,31,81,81,0,46,61,0,0.00,99,4,0.00,1.53,5.74,3.75,15,9,15,10,3.45,2.25,60.00,0,0.00,99,0,0.00,0,0.00,99,0,0.00,0.00,28,0,57,57,0,0,0,0,0,41,56,74,68,0,99,88,38,78,1,25,79,16,0,0
Matías Pellegrini,26,952761600,2000/03/11,Primera División,2026,Forward,Vélez Sarsfield,748,348,400,Argentina,12,6,6,3,2,1,2,2,0,0,0,5,2,3,5,2,3,2,0,0.6,0.24,0.36,0.52,0.23,249,0.6,150,62,374,374,0.24,44,49,-1,2,0,7.08,0.17,93,31.89,22.08,53,265,16.17,194,37,23.34,51,0.00,0.00,1.17,14,0.00,2.25,2.41,1.67,20,0.00,1.50,0.00,0.00,0.00,0.33,0.50,0.42,6.33,2.29,0.83,1.67,0.00,0.75,0.29,0.00,2.50,0.00,0.00,0,0,,19,1.58,87,9,1.08,92,10,1.20,77,4,3,9,83,0.00,99,0,4,0.48,30,27,79,3.25,79,0,0.00,99,0,0.00,0,0,0.00,0,1.68,90,20,2.41,78,6,0.72,30.00,0,0.00,0,0,0,0.00,0,5,0.00,84,0.60,11,N/A,N/A,N/A,N/A,0.00,0,0.00,0,3.49,0.00,0,73.21,47.37,83,7,1.00,1.44,12,61,24,0,0,0,0.25,0.36,3,73,84.96,0.67,0.96,8,0,0.00,0.00,99,0.00,0,0,0,0.00,0.00,0,0.00,0.00,0.12,0.08,1,0,15.79,84,42,39,65,84,2.09,93,0.17,0.25,3.49,96,0.29,0.42,89,17,1.42,2.05,1.44,1.00,69,12,0.42,94,91,33,81,0,60,95,0,0.00,99,30,0.00,3.61,17.21,11.92,143,72,98,97,8.66,6.00,50.35,18,2.17,5,0,33.33,0,0.00,99,9,0.75,1.08,85,48,66,84,0,1,0,8,0,97,92,85,94,0,99,73,63,54,2,17,53,11,0,0
Matías Reali,28,879494400,1997/11/14,Primera División,2026,Forward,San Lorenzo,452,277,175,Argentina,10,5,5,0,0,0,1,0,1,0,0,6,3,3,4,4,0,2,1,0.2,0.2,0,0,0,0,0.8,113,45,151,452,0.6,388,73,-1,24,0,6.84,0.1,89,18.32,9.20,7,92,7.20,72,63,14.34,18,0.00,0.00,1.60,16,0.00,4.30,2.99,1.50,15,0.00,0.40,0.00,0.00,0.00,0.50,0.30,0.40,0.00,1.79,0.60,1.20,0.00,0.30,0.07,0.00,0.20,0.00,0.00,0,0,,9,0.90,75,3,0.60,76,6,1.19,77,5,5,5,93,0.00,99,0,5,1.00,57,43,70,8.56,99,0,0.00,99,0,0.00,0,0,0.00,0,3.19,99,12,2.39,77,3,0.60,25.00,0,0.00,0,0,0,0.00,0,4,0.00,62,0.80,27,N/A,N/A,N/A,N/A,0.00,0,0.00,0,0.65,0.00,0,78.26,33.33,62,84,0.10,0.20,1,56,21,0,0,0,0.10,0.20,1,55,68.39,0.30,0.60,3,0,0.00,0.00,99,0.00,0,0,0,0.00,0.00,0,0.00,0.00,0.20,0.10,1,0,0.00,56,11,23,56,62,1.40,95,0.14,0.28,0.65,62,0.07,0.13,87,10,1.00,1.99,1.39,0.70,66,7,0.13,60,63,18,81,0,72,15,0,0.00,99,2,0.00,0.40,10.15,5.10,51,30,76,54,5.97,3.00,58.82,4,0.80,44,0,30.23,0,0.00,99,13,1.30,2.59,99,18,82,92,0,0,0,0,0,69,56,74,68,0,99,97,21,95,1,10,34,11,0,0
Matías Recalde,29,868431600,1997/07/09,Primera División,2026,Defender,Gimnasia Mendoza,450,200,250,Argentina,11,4,7,0,0,0,0,0,0,0,0,2,1,1,10,1,9,2,0,0,0,0,0,0,0,2,45,41,225,0,0.4,398,387,240,25,0,6.00,0,63,40.40,18.36,77,202,13.36,147,36,29.40,70,0.00,0.00,0.18,2,0.00,1.36,2.40,1.09,12,0.00,0.36,0.00,0.00,0.00,1.00,0.36,0.91,0.00,0.80,0.18,0.91,0.00,0.18,0.03,0.00,0.45,0.00,0.00,0,0,,4,0.36,46,2,0.40,62,2,0.40,33,0,8,3,83,0.00,99,0,11,2.20,98,15,34,3.00,76,0,0.00,99,0,0.00,0,0,0.00,0,0.40,32,10,2.00,69,4,0.80,40.00,0,0.00,0,0,0,0.00,0,10,0.00,1,2.00,92,N/A,N/A,N/A,N/A,0.00,0,0.00,0,0.30,0.00,0,72.77,50.00,91,13,0.55,1.20,6,64,43,0,0,0,0.09,0.20,1,55,65.99,1.64,3.60,18,0,0.00,0.00,99,0.00,0,0,0,0.00,0.00,0,0.00,0.00,0.00,0.00,0,0,0.00,56,11,31,56,1,0.38,42,0.03,0.08,0.30,42,0.03,0.06,88,10,0.91,2.00,1.60,0.73,78,8,0.06,42,7,78,81,0,46,41,0,0.00,99,5,0.00,1.00,12.20,5.55,61,30,77,77,6.00,2.73,49.18,4,0.80,44,0,13.33,0,0.00,99,2,0.18,0.40,61,3,95,16,0,0,0,0,0,41,56,74,68,0,99,10,35,81,2,18,57,3,0,0
Matías Ruiz Díaz,29,842252400,1996/09/09,Primera División,2026,Defender,Estudiantes Río Cuarto,270,90,180,Argentina,3,1,2,0,0,0,0,0,0,0,0,1,1,0,4,0,4,0,0,0,0,0,0,0,0,1.33,68,90,0,0,0,-1,-1,-1,27,0,6.49,0,63,18.33,18.33,7,55,10.67,32,5,10.67,5,0.00,0.00,0.33,1,0.00,4.00,1.00,1.00,3,0.00,0.67,0.00,0.00,0.00,0.00,0.00,1.33,0.00,0.00,0.00,0.33,0.00,0.00,0.00,0.00,0.33,0.00,0.00,0,0,,0,0.00,8,0,0.00,22,0,0.00,9,0,0,3,24,0.00,99,0,0,0.00,10,12,86,4.00,85,0,0.00,99,0,0.00,0,0,0.00,0,0.33,27,1,0.33,21,0,0.00,0.00,0,0.00,0,0,0,0.00,0,4,0.00,14,1.33,74,N/A,N/A,N/A,N/A,0.00,0,0.00,0,0.00,0.00,0,58.18,0.00,22,47,0.67,0.67,2,12,12,0,0,0,0.33,0.33,1,70,19.48,4.67,4.67,14,0,0.00,0.00,99,0.00,0,0,0,0.00,0.00,0,0.00,0.00,0.00,0.00,0,0,0.00,56,0,0,56,15,0.11,11,0.04,0.04,0.00,9,0.00,0.00,31,2,0.67,0.67,0.33,0.33,9,1,0.00,9,17,83,81,0,46,11,0,0.00,99,1,0.00,0.33,5.33,5.33,16,6,8,9,2.00,2.00,37.50,2,0.67,51,0,41.67,0,0.00,99,5,1.67,1.67,96,3,30,16,0,0,0,0,0,41,56,74,68,0,99,54,15,15,0,0,16,21,0,0
Matías Tagliamonte,28,887875200,1998/02/19,Primera División,2026,Goalkeeper,Racing Club,0,0,0,Argentina,0,0,0,0,0,0,0,0,0,0,0,0,0,0,0,0,0,0,0,0,0,0,0,0,0,0,0,0,0,0,0,-1,-1,-1,-1,N/A,N/A,N/A,N/A,N/A,N/A,N/A,N/A,N/A,N/A,N/A,N/A,N/A,N/A,N/A,N/A,N/A,N/A,N/A,N/A,N/A,N/A,N/A,N/A,N/A,N/A,N/A,N/A,N/A,N/A,N/A,N/A,N/A,N/A,N/A,N/A,N/A,N/A,N/A,N/A,N/A,N/A,N/A,N/A,N/A,N/A,N/A,N/A,N/A,N/A,N/A,N/A,N/A,N/A,N/A,N/A,N/A,N/A,N/A,N/A,N/A,N/A,N/A,N/A,N/A,N/A,N/A,N/A,N/A,N/A,N/A,N/A,N/A,N/A,N/A,N/A,N/A,N/A,N/A,N/A,N/A,N/A,N/A,N/A,N/A,N/A,N/A,N/A,N/A,N/A,N/A,N/A,N/A,N/A,N/A,N/A,N/A,N/A,N/A,N/A,N/A,N/A,N/A,N/A,N/A,N/A,N/A,N/A,N/A,N/A,N/A,N/A,N/A,N/A,N/A,N/A,N/A,N/A,N/A,N/A,N/A,N/A,N/A,N/A,N/A,N/A,N/A,N/A,N/A,N/A,N/A,N/A,N/A,N/A,N/A,N/A,N/A,N/A,N/A,N/A,N/A,N/A,N/A,N/A,N/A,N/A,N/A,N/A,N/A,N/A,N/A,N/A,N/A,N/A,N/A,N/A,N/A,N/A,N/A,N/A,N/A,N/A,N/A,N/A,N/A,N/A,N/A,N/A,N/A,N/A,N/A,N/A,N/A,N/A,N/A,N/A,N/A,N/A,N/A,N/A,N/A,N/A,N/A,N/A,N/A,N/A,N/A,N/A,N/A,N/A,N/A,N/A,N/A,N/A,N/A,N/A,N/A,N/A,N/A,N/A,N/A,N/A,N/A,N/A,N/A,N/A,N/A,N/A,N/A,N/A,N/A,N/A,N/A,N/A,N/A,N/A,N/A,N/A,N/A,N/A,N/A,N/A,N/A,N/A
Matías Tissera,29,841993200,1996/09/06,Primera División,2026,Forward,Instituto,142,33,109,Argentina,6,2,4,1,1,0,0,0,0,0,0,2,1,1,1,0,1,0,0,0.63,0,0.63,2.73,0,142,0.63,142,24,0,0,0,-1,-1,-1,9,0,6.65,0,63,13.31,3.50,2,21,2.17,13,9,8.24,1,0.00,0.00,0.17,1,0.00,0.50,0.00,0.00,0,0.00,0.83,0.00,0.00,0.00,0.00,0.00,0.33,6.00,3.80,0.50,0.33,0.00,0.50,0.19,0.00,0.50,0.00,0.00,0,0,,6,1.00,99,3,1.90,99,3,1.90,95,0,6,0,5,0.00,99,0,0,0.00,10,3,79,1.90,62,0,0.00,99,0,0.00,0,0,0.00,0,0.63,45,2,1.27,52,0,0.00,0.00,0,0.00,0,0,0,0.00,0,2,0.00,82,1.27,70,N/A,N/A,N/A,N/A,0.00,0,0.00,0,1.12,0.00,0,61.90,50.00,91,99,0.00,0.00,0,12,12,0,0,0,0.00,0.00,0,29,39.89,0.33,1.27,2,0,0.00,0.00,99,0.00,0,0,1,0.17,0.63,0,0.00,0.00,0.63,0.17,1,0,16.67,88,0,4,57,80,0.06,11,0.01,0.04,1.12,99,0.19,0.71,95,4,0.67,2.54,2.54,0.67,95,4,0.71,99,32,42,99,0,93,70,0,0.00,99,3,0.00,1.90,13.94,3.67,22,7,37,89,4.44,1.17,31.82,5,3.17,1,0,33.33,0,0.00,99,1,0.17,0.63,72,0,88,16,0,0,0,0,0,97,99,74,99,0,99,54,15,15,0,0,16,17,0,0
Matías Valenti,23,1031036400,2002/09/03,Primera División,2026,Defender,Estudiantes Río Cuarto,907,411,496,Argentina,12,6,6,0,0,0,0,0,0,0,0,2,1,1,11,4,7,4,0,0,0,0,0,0,0,1.09,82,76,227,0,0.4,263,257,157,12,0,6.59,0,63,34.73,29.17,64,350,21.00,252,33,25.01,56,0.00,0.00,0.17,2,0.00,0.33,1.49,1.25,15,0.00,0.17,0.00,0.00,0.00,1.08,0.25,1.00,0.00,0.30,0.25,0.58,0.00,0.00,0.01,0.00,1.92,0.00,0.00,0,0,,3,0.25,16,0,0.00,22,3,0.30,24,2,1,11,46,0.00,99,0,13,1.29,72,4,95,0.40,34,0,0.00,99,0,0.00,0,0,0.00,0,0.20,19,7,0.69,35,3,0.30,42.86,0,0.00,0,0,0,0.00,0,12,0.00,34,1.19,65,N/A,N/A,N/A,N/A,0.00,0,0.00,0,0.14,0.00,0,72.00,0.00,22,45,0.58,0.69,7,33,48,0,0,0,0.58,0.69,7,91,79.11,4.33,5.16,52,1,0.00,0.10,6,0.08,0,0,0,0.00,0.00,0,0.00,0.00,0.20,0.17,2,0,0.00,56,54,39,56,34,0.70,36,0.06,0.07,0.14,13,0.01,0.01,7,2,0.17,0.20,1.09,0.92,50,11,0.01,13,25,86,81,0,72,76,0,0.00,99,23,0.00,2.28,7.84,6.58,79,43,33,24,4.27,3.58,54.43,2,0.20,79,0,50.00,0,0.00,99,2,0.17,0.20,46,59,44,57,0,0,0,0,0,41,56,74,68,0,99,8,35,81,4,33,92,31,0,0
Matías Vera,30,814690800,1995/10/26,Primera División,2026,Midfielder,Central Córdoba SdE,1200,632,568,Argentina,15,8,7,0,0,0,1,1,0,0,0,6,4,2,16,7,9,4,0,0.08,0.08,0,0,0,0,1.2,75,80,300,1200,0.3,382,157,-1,13,0,6.76,0.07,71,32.40,28.80,55,432,23.53,353,79,26.48,62,0.00,0.00,0.87,13,0.00,2.40,2.55,2.27,34,0.00,0.93,0.00,0.00,0.00,0.60,0.53,1.13,0.00,0.67,0.53,0.93,0.00,0.07,0.04,0.00,0.60,0.00,0.00,0,0,,9,0.60,39,1,0.08,26,8,0.60,49,2,1,14,85,0.00,99,0,9,0.67,42,36,71,2.70,72,0,0.00,99,0,0.00,0,0,0.00,0,0.98,65,14,1.05,45,8,0.60,57.14,0,0.00,0,0,0,0.00,0,17,0.00,24,1.27,70,N/A,N/A,N/A,N/A,0.00,0,0.00,0,0.54,0.00,0,81.71,11.11,24,11,1.13,1.27,17,56,75,0,0,0,0.07,0.08,1,33,101.33,1.40,1.58,21,0,0.00,0.00,99,0.00,0,0,1,0.07,0.08,0,0.00,0.00,0.08,0.07,1,0,0.00,56,75,73,56,24,1.91,70,0.13,0.14,0.54,32,0.04,0.04,59,15,1.00,1.12,1.27,1.13,60,17,0.04,32,49,52,87,0,54,27,0,0.00,99,9,0.00,0.67,10.42,9.27,139,63,44,57,4.72,4.20,45.32,14,1.05,32,0,30.56,0,0.00,99,11,0.73,0.82,79,78,44,57,0,0,0,0,0,48,56,74,68,0,99,69,51,65,4,27,82,22,0,0
Matías Viña,28,879062400,1997/11/09,Primera División,2026,Defender,River Plate,542,315,227,Uruguay,10,5,5,0,0,0,0,0,0,0,0,6,4,2,3,2,1,6,1,0,0,0,0,0,0,0.5,181,54,90,0,1,483,504,20,31,0,6.61,0,63,46.16,27.80,86,278,19.60,196,28,32.55,79,0.00,0.00,0.80,8,0.00,2.10,1.33,0.80,8,0.00,0.50,0.00,0.00,0.00,0.70,0.50,0.30,0.00,1.00,0.50,0.80,0.00,0.10,0.03,0.00,1.00,0.00,0.00,0,0,,6,0.60,53,1,0.17,39,5,0.83,60,5,4,6,39,0.00,99,0,7,1.16,66,21,68,3.49,81,0,0.00,99,0,0.00,0,0,0.00,0,1.33,79,8,1.33,54,5,0.83,62.50,0,0.00,0,0,0,0.00,0,3,0.00,91,0.50,5,N/A,N/A,N/A,N/A,0.00,0,0.00,0,0.35,0.00,0,70.50,16.67,31,33,0.50,0.83,5,67,81,0,0,0,0.30,0.50,3,82,66.14,0.90,1.49,9,0,0.00,0.00,99,0.00,0,0,0,0.00,0.00,0,0.00,0.00,0.17,0.10,1,0,0.00,56,22,23,56,91,0.67,59,0.07,0.11,0.35,42,0.03,0.06,67,8,0.80,1.33,1.49,0.90,73,9,0.06,42,27,49,81,0,69,65,0,0.00,99,10,0.00,1.66,10.30,6.20,62,30,52,55,4.98,3.00,48.39,5,0.83,42,0,28.57,0,0.00,99,6,0.60,1.00,83,27,75,92,0,0,0,0,0,41,56,74,68,0,99,97,16,99,5,50,99,18,0,0
Matías Zaracho,28,889516800,1998/03/10,Primera División,2026,Midfielder,Racing Club,692,250,442,Argentina,16,7,9,3,1,2,0,0,0,0,0,7,2,5,3,0,3,3,0,0.39,0,0.39,0.36,0.41,231,0.39,231,43,231,0,0.39,35,487,-1,3,0,6.69,0,63,30.56,14.69,49,235,12.12,194,82,25.23,57,0.00,0.00,0.50,8,0.00,0.50,1.95,0.94,15,0.00,0.56,0.00,0.00,0.00,0.31,0.19,0.25,5.33,2.08,0.75,0.44,0.00,0.25,0.18,0.00,0.38,0.00,0.00,0,0,,16,1.00,82,4,0.52,71,12,1.56,88,7,9,7,68,0.00,99,0,5,0.65,40,8,95,1.04,51,0,0.00,99,0,0.00,0,0,0.00,0,1.04,68,7,0.91,41,3,0.39,42.86,0,0.00,0,0,0,0.00,0,4,0.00,97,0.52,7,N/A,N/A,N/A,N/A,0.00,0,0.00,0,2.86,0.00,0,82.55,25.00,45,2,0.88,1.82,14,43,48,0,0,0,0.00,0.00,0,29,107.07,0.56,1.17,9,0,0.00,0.00,99,0.00,0,0,1,0.06,0.13,0,0.00,0.00,0.26,0.12,2,0,18.75,90,35,88,63,97,0.65,42,0.04,0.08,2.86,93,0.18,0.37,45,7,0.44,0.91,1.56,0.75,76,12,0.37,92,37,39,94,0,78,32,0,0.00,99,6,0.00,0.78,10.14,4.88,78,29,20,54,3.77,1.81,37.18,9,1.17,26,0,50.00,0,0.00,99,4,0.25,0.52,67,33,97,98,0,0,0,0,0,87,94,95,89,0,99,78,37,80,3,19,60,11,0,0
Matko Miljevic,25,989391600,2001/05/09,Primera División,2026,Midfielder,Racing Club,629,241,388,Argentina,14,5,9,0,0,0,0,0,0,0,0,5,1,4,6,3,3,5,1,0,0,0,0,0,0,0.86,105,45,126,0,0.72,500,492,-1,27,0,6.86,0,63,50.79,25.36,92,355,21.21,297,85,42.50,92,0.00,0.00,0.71,10,0.00,1.29,0.29,0.14,2,0.00,1.07,0.00,0.00,0.00,0.57,0.57,0.50,0.00,3.58,1.14,0.71,0.00,0.64,0.13,0.00,0.71,0.00,0.00,0,0,,25,1.79,98,9,1.29,96,16,2.29,99,3,6,8,9,0.00,99,0,8,1.14,65,18,79,2.58,70,0,0.00,99,0,0.00,0,0,0.00,0,1.43,83,10,1.43,58,8,1.14,80.00,0,0.00,0,0,0,0.00,0,7,0.00,55,1.00,50,N/A,N/A,N/A,N/A,0.00,0,0.00,0,1.76,0.00,0,83.66,36.00,65,42,0.36,0.72,5,82,91,0,0,0,0.00,0.00,0,29,95.98,0.07,0.14,1,0,0.00,0.00,99,0.00,0,0,0,0.00,0.00,0,0.00,0.00,0.00,0.00,0,0,0.00,56,30,61,56,56,0.97,70,0.07,0.14,1.76,82,0.13,0.25,96,19,1.36,2.72,2.29,1.14,93,16,0.25,80,66,3,81,0,46,58,0,0.00,99,10,0.00,1.43,12.02,6.00,84,39,67,76,5.58,2.79,46.43,15,2.15,5,0,33.33,0,0.00,99,6,0.43,0.86,80,40,88,74,0,0,0,0,0,41,56,74,68,0,99,59,17,99,4,29,85,10,0,0
Mauricio Cardillo,23,1047369600,2003/03/11,Primera División,2026,Midfielder,San Lorenzo,222,109,113,Argentina,7,3,4,0,0,0,0,0,0,0,0,3,1,2,1,1,0,0,0,0,0,0,0,0,0,0.41,222,32,0,0,0,-1,-1,-1,12,0,6.56,0,63,41.35,14.57,79,102,11.00,77,48,31.22,76,0.00,0.00,0.00,0,0.00,0.43,1.62,0.57,4,0.00,0.29,0.00,0.00,0.00,0.43,0.29,0.29,0.00,0.41,0.14,0.57,0.00,0.00,0.01,0.00,0.71,0.00,0.00,0,0,,1,0.14,23,0,0.00,22,1,0.41,33,1,5,2,53,0.00,99,0,3,1.22,68,3,28,1.22,53,0,0.00,99,0,0.00,0,0,0.00,0,0.00,8,4,1.62,63,2,0.81,50.00,0,0.00,0,0,0,0.00,0,2,0.00,95,0.81,28,N/A,N/A,N/A,N/A,0.00,0,0.00,0,0.06,0.00,0,75.49,0.00,22,12,0.43,1.22,3,65,66,0,0,0,0.00,0.00,0,29,45.91,0.43,1.22,3,0,0.00,0.00,99,0.00,0,0,0,0.00,0.00,0,0.00,0.00,0.00,0.00,0,0,0.00,56,0,6,56,95,0.17,36,0.02,0.07,0.06,20,0.01,0.02,40,2,0.29,0.81,0.41,0.14,10,1,0.02,20,22,41,81,0,46,72,0,0.00,99,5,0.00,2.03,8.51,3.00,21,12,49,32,4.86,1.71,57.14,2,0.81,43,0,0.00,0,0.00,99,0,0.00,0.00,28,0,82,41,0,0,0,0,0,41,56,74,68,0,99,75,15,15,0,0,16,15,0,0
Mauricio Martínez,33,730195200,1993/02/20,Primera División,2026,Midfielder,Sarmiento,743,410,333,Argentina,12,6,6,0,0,0,0,0,0,0,0,3,3,0,10,3,7,1,0,0,0,0,0,0,0,1.21,74,62,743,0,0.12,304,292,-1,12,0,6.83,0,63,49.66,34.17,91,410,27.08,325,68,39.37,89,0.00,0.00,0.58,7,0.00,0.92,1.82,1.25,15,0.00,1.08,0.00,0.00,0.00,0.92,0.50,0.92,0.00,1.57,0.83,0.83,0.00,0.25,0.08,0.00,0.92,0.00,0.00,0,0,,13,1.08,69,3,0.36,59,10,1.21,78,3,5,7,62,0.00,99,0,11,1.33,75,11,30,1.33,55,0,0.00,99,0,0.00,0,0,0.00,0,0.85,60,10,1.21,50,6,0.73,60.00,0,0.00,0,0,0,0.00,0,11,0.00,22,1.33,74,N/A,N/A,N/A,N/A,0.00,0,0.00,0,0.99,0.00,0,79.27,23.08,40,63,0.33,0.48,4,62,79,0,0,0,0.08,0.12,1,41,81.94,1.33,1.94,16,0,0.00,0.00,99,0.00,0,0,0,0.00,0.00,0,0.00,0.00,0.00,0.00,0,0,0.00,56,41,39,56,21,0.91,59,0.08,0.11,0.99,58,0.08,0.12,48,8,0.67,0.97,0.12,0.08,7,1,0.12,57,62,59,81,0,46,56,0,0.00,99,11,0.00,1.33,8.12,5.58,67,39,44,28,4.72,3.25,58.21,13,1.57,15,0,9.09,0,0.00,99,1,0.08,0.12,37,33,82,74,0,0,0,0,0,41,56,74,68,0,99,27,89,27,1,8,29,14,0,0
Mauricio Tévez,29,838796400,1996/07/31,Primera División,2026,Forward,Estudiantes Río Cuarto,36,9,27,Argentina,2,1,1,0,0,0,0,0,0,0,0,0,0,0,1,0,1,0,0,0,0,0,0,0,0,2.5,36,18,0,0,0,-1,-1,-1,6,0,6.59,0,63,51.43,10.00,93,20,8.00,16,71,41.14,91,0.00,0.00,0.00,0,0.00,0.00,0.00,0.00,0,0.00,0.50,0.00,0.00,0.00,0.50,0.00,0.50,0.00,5.14,1.00,0.00,0.00,0.00,0.06,0.00,0.50,0.00,0.00,0,0,,2,1.00,99,0,0.00,22,2,5.14,99,0,2,0,5,0.00,99,0,1,2.57,99,0,28,0.00,12,0,0.00,99,0,0.00,0,0,0.00,0,0.00,8,0,0.00,9,0,0.00,0.00,0,0.00,0,0,0,0.00,0,1,0.00,0,2.57,93,N/A,N/A,N/A,N/A,0.00,0,0.00,0,0.11,0.00,0,80.00,0.00,22,99,0.00,0.00,0,12,12,0,0,0,0.00,0.00,0,29,13.19,0.00,0.00,0,0,0.00,0.00,99,0.00,0,0,0,0.00,0.00,0,0.00,0.00,0.00,0.00,0,0,0.00,56,0,0,56,0,0.04,54,0.02,0.10,0.11,85,0.06,0.28,95,1,0.50,2.57,0.00,0.00,6,0,0.28,84,25,1,81,0,46,81,0,0.00,99,1,0.00,2.57,18.00,3.50,7,1,8,98,2.57,0.50,14.29,1,2.57,3,0,0.00,0,0.00,99,0,0.00,0.00,28,0,57,16,0,0,0,0,0,41,56,74,68,0,99,1,15,15,0,0,16,20,0,0
Mauro Abrahán Valiente,26,948873600,2000/01/26,Primera División,2026,Forward,Estudiantes Río Cuarto,584,321,263,Argentina,11,5,6,1,1,0,0,0,0,0,0,3,2,1,10,5,5,2,0,0.15,0,0.15,0.28,0,584,1.54,58,53,292,0,0.31,142,301,-1,3,0,6.72,0,63,22.19,13.09,21,144,8.18,90,10,13.87,16,0.00,0.00,0.82,9,0.00,4.64,1.70,1.00,11,0.00,1.09,0.00,0.00,0.00,0.36,0.82,0.91,8.00,1.23,0.55,1.45,0.00,0.18,0.10,0.00,0.73,0.00,0.00,0,0,,8,0.73,61,2,0.31,55,6,0.92,66,9,5,6,56,0.00,99,0,4,0.62,37,51,48,7.86,98,0,0.00,99,0,0.00,0,0,0.00,0,1.39,81,16,2.47,79,9,1.39,56.25,0,0.00,0,0,0,0.00,0,10,0.00,6,1.54,85,N/A,N/A,N/A,N/A,0.00,0,0.00,0,1.13,0.00,0,62.50,25.00,45,88,0.09,0.15,1,87,73,0,0,0,0.00,0.00,0,29,73.94,0.36,0.62,4,0,0.00,0.00,99,0.00,0,0,0,0.00,0.00,0,0.00,0.00,0.00,0.00,0,0,12.50,79,26,31,81,6,0.50,42,0.05,0.08,1.13,69,0.10,0.17,46,6,0.55,0.92,1.08,0.64,49,7,0.17,68,42,18,81,0,46,52,0,0.00,99,8,0.00,1.23,10.63,6.27,69,34,60,59,5.24,3.09,49.28,12,1.85,9,0,21.57,0,0.00,99,11,1.00,1.70,97,27,82,99,0,0,0,0,0,60,76,74,85,0,99,33,50,67,2,18,57,22,0,0
Mauro Andrés Da Luz Regalado,31,784022400,1994/11/05,Primera División,2026,Forward,Aldosivi,77,33,44,Uruguay,3,2,1,0,0,0,0,0,0,0,0,1,1,0,1,0,1,0,0,0,0,0,0,0,0,1.17,77,26,0,0,0,-1,-1,-1,13,0,6.64,0,63,21.04,6.00,16,18,4.33,13,33,15.19,21,0.00,0.00,0.67,2,0.00,0.67,2.34,0.67,2,0.00,0.67,0.00,0.00,0.00,0.00,0.00,0.33,0.00,2.34,0.67,0.00,0.00,0.00,0.04,0.00,1.33,0.00,0.00,0,0,,2,0.67,88,0,0.00,22,2,2.34,99,0,3,0,80,0.00,99,0,0,0.00,10,2,28,2.34,67,0,0.00,99,0,0.00,0,0,0.00,0,2.34,97,0,0.00,9,0,0.00,0.00,0,0.00,0,0,0,0.00,0,1,0.00,27,1.17,62,N/A,N/A,N/A,N/A,0.00,0,0.00,0,0.11,0.00,0,72.22,0.00,22,13,0.33,1.17,1,12,12,0,0,0,0.00,0.00,0,29,19.92,1.00,3.51,3,0,0.00,0.00,99,0.00,0,0,0,0.00,0.00,0,0.00,0.00,1.17,0.33,1,0,0.00,56,0,0,56,27,0.12,70,0.04,0.14,0.11,62,0.04,0.13,2,0,0.00,0.00,2.34,0.67,94,2,0.13,60,31,77,81,0,99,98,0,0.00,99,4,0.00,4.68,15.19,4.33,13,6,90,92,7.01,2.00,46.15,2,2.34,4,0,0.00,0,0.00,99,0,0.00,0.00,28,0,66,16,0,0,0,0,0,41,56,74,68,0,99,54,15,15,0,0,16,77,0,0
Mauro Andrés Méndez Acosta,27,916560000,1999/01/17,Primera División,2026,Forward,Banfield,1379,683,696,Uruguay,16,8,8,6,3,3,3,2,1,0,0,4,4,0,17,5,12,3,0,0.59,0.2,0.39,0.4,0.39,230,1.11,81,86,460,460,0.2,34,70,-1,1,0,7.10,0.19,89,12.99,12.44,2,199,10.00,160,74,10.44,5,0.00,0.00,1.31,21,0.00,0.12,0.39,0.38,6,0.00,0.88,0.00,0.00,0.00,0.00,0.50,1.06,5.17,2.02,1.12,0.94,0.00,0.81,0.38,0.00,1.56,0.00,0.00,0,0,,31,1.94,80,13,0.85,86,18,1.17,75,5,0,16,10,0.00,99,0,0,0.00,10,2,95,0.13,20,0,0.00,99,0,0.00,0,0,0.00,0,1.37,80,15,0.98,44,8,0.52,53.33,0,0.00,0,0,0,0.00,0,17,0.00,32,1.11,58,N/A,N/A,N/A,N/A,0.00,0,0.00,0,6.07,0.00,0,80.40,41.94,74,90,0.12,0.13,2,52,69,0,0,0,0.06,0.07,1,31,113.55,1.12,1.17,18,0,0.00,0.00,99,0.00,0,0,0,0.00,0.00,0,0.00,0.00,0.72,0.69,11,0,19.35,90,89,88,62,32,2.89,83,0.18,0.19,6.07,95,0.38,0.40,83,29,1.81,1.89,1.31,1.25,62,20,0.40,93,93,39,81,0,95,64,0,0.00,99,25,0.00,1.63,10.64,10.19,163,67,35,59,4.37,4.19,41.10,14,0.91,38,0,50.00,0,0.00,99,1,0.06,0.07,31,93,30,92,0,0,0,0,0,96,94,94,91,0,99,27,74,45,3,19,60,16,0,0
Mauro Jesús Smarra Vargas,27,925455600,1999/04/30,Primera División,2026,Midfielder,Deportivo Riestra,269,106,163,Argentina,5,2,3,0,0,0,0,0,0,0,0,3,2,1,2,0,2,0,0,0,0,0,0,0,0,0.67,135,54,0,0,0,-1,-1,-1,9,0,6.57,0,63,22.75,13.60,24,68,10.20,51,46,17.06,30,0.00,0.00,0.00,0,0.00,1.40,1.67,1.00,5,0.00,1.60,0.00,0.00,0.00,0.40,0.60,0.40,0.00,2.01,1.00,0.80,0.00,0.20,0.07,0.00,0.00,0.00,0.00,0,0,,6,1.20,80,1,0.33,57,5,1.67,91,4,2,3,54,0.00,99,0,2,0.67,42,7,35,2.34,67,0,0.00,99,0,0.00,0,0,0.00,0,0.00,8,4,1.34,54,3,1.00,75.00,0,0.00,0,0,0,0.00,0,2,0.00,77,0.67,15,N/A,N/A,N/A,N/A,0.00,0,0.00,0,0.33,0.00,0,75.00,16.67,31,47,0.40,0.67,2,76,90,0,0,0,0.00,0.00,0,29,32.85,0.20,0.33,1,0,0.00,0.00,99,0.00,0,0,0,0.00,0.00,0,0.00,0.00,0.33,0.20,1,0,0.00,56,0,1,56,77,0.10,6,0.02,0.03,0.33,55,0.07,0.11,51,3,0.60,1.00,1.34,0.80,64,4,0.11,54,23,9,81,0,83,1,0,0.00,99,0,0.00,0.00,9.37,5.60,28,11,18,45,3.68,2.20,39.29,8,2.68,2,0,14.29,0,0.00,99,1,0.20,0.33,56,3,57,84,0,0,0,0,0,41,56,74,68,0,99,97,15,15,0,0,16,31,0,0
Mauro Luna Diale,27,925110000,1999/04/26,Primera División,2026,Midfielder,Platense,11,0,11,Argentina,1,0,1,0,0,0,0,0,0,0,0,1,0,1,0,0,0,0,0,0,0,0,0,0,0,0,0,11,0,0,0,-1,-1,-1,16,0,6.51,0,63,32.73,4.00,57,4,2.00,2,2,16.36,27,0.00,0.00,0.00,0,0.00,0.00,0.00,0.00,0,0.00,0.00,0.00,0.00,0.00,0.00,0.00,0.00,0.00,0.00,0.00,0.00,0.00,0.00,0.00,0.00,1.00,0.00,0.00,0,0,,0,0.00,8,0,0.00,22,0,0.00,9,0,1,0,5,0.00,99,0,0,0.00,10,0,28,0.00,12,0,0.00,99,0,0.00,0,0,0.00,0,0.00,8,0,0.00,9,0,0.00,0.00,0,0.00,0,0,0,0.00,0,0,0.00,99,0.00,0,N/A,N/A,N/A,N/A,0.00,0,0.00,0,0.00,0.00,0,50.00,0.00,22,99,0.00,0.00,0,12,12,0,0,0,0.00,0.00,0,29,6.51,1.00,8.18,1,0,0.00,0.00,99,0.00,0,0,0,0.00,0.00,0,0.00,0.00,0.00,0.00,0,0,0.00,56,0,0,56,0,0.00,0,0.00,0.00,0.00,9,0.00,0.00,2,0,0.00,0.00,0.00,0.00,6,0,0.00,9,18,98,81,0,46,99,0,0.00,99,1,0.00,8.18,8.18,1.00,1,1,97,29,8.18,1.00,100.00,0,0.00,99,0,0.00,0,0.00,99,0,0.00,0.00,28,0,44,16,0,0,0,0,0,41,56,74,68,0,99,99,15,15,0,0,16,16,0,0
Mauro Molina,26,933231600,1999/07/29,Primera División,2026,Forward,Estudiantes Río Cuarto,0,0,0,Argentina,0,0,0,0,0,0,0,0,0,0,0,0,0,0,0,0,0,0,0,0,0,0,0,0,0,0,0,0,0,0,0,-1,-1,-1,-1,N/A,N/A,N/A,N/A,N/A,N/A,N/A,N/A,N/A,N/A,N/A,N/A,N/A,N/A,N/A,N/A,N/A,N/A,N/A,N/A,N/A,N/A,N/A,N/A,N/A,N/A,N/A,N/A,N/A,N/A,N/A,N/A,N/A,N/A,N/A,N/A,N/A,N/A,N/A,N/A,N/A,N/A,N/A,N/A,N/A,N/A,N/A,N/A,N/A,N/A,N/A,N/A,N/A,N/A,N/A,N/A,N/A,N/A,N/A,N/A,N/A,N/A,N/A,N/A,N/A,N/A,N/A,N/A,N/A,N/A,N/A,N/A,N/A,N/A,N/A,N/A,N/A,N/A,N/A,N/A,N/A,N/A,N/A,N/A,N/A,N/A,N/A,N/A,N/A,N/A,N/A,N/A,N/A,N/A,N/A,N/A,N/A,N/A,N/A,N/A,N/A,N/A,N/A,N/A,N/A,N/A,N/A,N/A,N/A,N/A,N/A,N/A,N/A,N/A,N/A,N/A,N/A,N/A,N/A,N/A,N/A,N/A,N/A,N/A,N/A,N/A,N/A,N/A,N/A,N/A,N/A,N/A,N/A,N/A,N/A,N/A,N/A,N/A,N/A,N/A,N/A,N/A,N/A,N/A,N/A,N/A,N/A,N/A,N/A,N/A,N/A,N/A,N/A,N/A,N/A,N/A,N/A,N/A,N/A,N/A,N/A,N/A,N/A,N/A,N/A,N/A,N/A,N/A,N/A,N/A,N/A,N/A,N/A,N/A,N/A,N/A,N/A,N/A,N/A,N/A,N/A,N/A,N/A,N/A,N/A,N/A,N/A,N/A,N/A,N/A,N/A,N/A,N/A,N/A,N/A,N/A,N/A,N/A,N/A,N/A,N/A,N/A,N/A,N/A,N/A,N/A,N/A,N/A,N/A,N/A,N/A,N/A,N/A,N/A,N/A,N/A,N/A,N/A,N/A,N/A,N/A,N/A,N/A,N/A
Mauro Rodolfo Pittón,31,776329200,1994/08/08,Primera División,2026,Midfielder,Unión Santa Fe,1577,698,879,Argentina,18,8,10,0,0,0,0,0,0,0,0,5,5,0,19,5,14,5,0,0,0,0,0,0,0,1.08,83,88,315,0,0.29,447,436,-1,23,0,6.80,0,63,44.40,43.22,84,778,35.94,647,84,36.92,85,0.00,0.00,0.39,7,0.00,0.50,1.48,1.44,26,0.00,0.61,0.00,0.00,0.00,1.06,0.50,1.17,0.00,0.86,0.67,0.94,0.00,0.17,0.05,0.00,1.33,0.00,0.00,0,0,,15,0.83,48,3,0.17,39,12,0.68,53,4,0,18,46,0.00,99,0,19,1.08,62,9,49,0.51,39,0,0.00,99,0,0.00,0,0,0.00,0,0.40,32,17,0.97,43,9,0.51,52.94,0,0.00,0,0,0,0.00,0,21,0.00,35,1.20,66,N/A,N/A,N/A,N/A,0.00,0,0.00,0,0.97,0.00,0,83.16,20.00,35,7,1.39,1.43,25,51,68,0,0,0,0.33,0.34,6,71,122.46,1.67,1.71,30,0,0.00,0.00,99,0.00,0,0,0,0.00,0.00,0,0.00,0.00,0.06,0.06,1,0,0.00,56,97,98,56,35,1.63,47,0.09,0.09,0.97,42,0.05,0.06,62,21,1.17,1.20,0.91,0.89,38,16,0.06,42,55,54,81,0,48,57,0,0.00,99,24,0.00,1.37,8.79,8.56,154,79,39,37,4.51,4.39,51.30,11,0.63,53,0,22.22,0,0.00,99,2,0.11,0.11,36,98,30,84,0,0,0,0,0,41,56,74,68,0,99,39,54,64,5,28,82,30,0,0
Maximiliano Agustín Villa Pereira,29,857376000,1997/03/03,Primera División,2026,Defender,Atlético Tucumán,1000,450,550,Uruguay,12,5,7,1,0,1,1,0,1,0,0,4,3,1,11,2,9,3,0,0.18,0.09,0.09,0,0.16,1000,0.99,91,83,333,1000,0.27,197,151,139,8,0,6.81,0.08,74,33.66,31.17,60,374,23.17,278,42,25.02,56,0.00,0.00,0.67,8,0.00,2.92,1.89,1.75,21,0.00,0.17,0.00,0.00,0.00,1.58,0.17,0.92,5.00,0.45,0.25,0.50,0.00,0.17,0.08,0.00,0.83,0.00,0.00,0,0,,5,0.42,25,2,0.18,40,3,0.27,21,1,1,11,65,0.00,99,0,19,1.71,89,35,32,3.15,78,0,0.00,99,0,0.00,0,0,0.00,0,0.72,51,6,0.54,27,2,0.18,33.33,0,0.00,0,0,0,0.00,0,11,0.00,41,0.99,48,N/A,N/A,N/A,N/A,0.00,0,0.00,0,0.99,0.00,0,74.33,40.00,74,17,1.00,1.08,12,22,32,0,0,0,0.33,0.36,4,73,81.70,1.42,1.53,17,1,0.00,0.09,6,0.08,0,0,0,0.00,0.00,0,0.00,0.00,0.09,0.08,1,1,20.00,93,60,39,93,41,1.50,70,0.12,0.14,0.99,52,0.08,0.09,21,5,0.42,0.45,1.53,1.42,75,17,0.09,51,57,50,81,0,55,36,0,0.00,99,10,0.00,0.90,7.11,6.58,79,37,14,18,3.33,3.08,46.84,2,0.18,80,0,11.43,0,0.00,99,4,0.33,0.36,59,59,44,41,0,0,0,0,0,65,64,80,68,0,99,54,56,61,3,25,79,3,0,0
Maximiliano Alberto Lovera,27,920966400,1999/03/09,Primera División,2026,Forward,Rosario Central,0,0,0,Argentina,0,0,0,0,0,0,0,0,0,0,0,0,0,0,0,0,0,0,0,0,0,0,0,0,0,0,0,0,0,0,0,-1,-1,-1,-1,N/A,N/A,N/A,N/A,N/A,N/A,N/A,N/A,N/A,N/A,N/A,N/A,N/A,N/A,N/A,N/A,N/A,N/A,N/A,N/A,N/A,N/A,N/A,N/A,N/A,N/A,N/A,N/A,N/A,N/A,N/A,N/A,N/A,N/A,N/A,N/A,N/A,N/A,N/A,N/A,N/A,N/A,N/A,N/A,N/A,N/A,N/A,N/A,N/A,N/A,N/A,N/A,N/A,N/A,N/A,N/A,N/A,N/A,N/A,N/A,N/A,N/A,N/A,N/A,N/A,N/A,N/A,N/A,N/A,N/A,N/A,N/A,N/A,N/A,N/A,N/A,N/A,N/A,N/A,N/A,N/A,N/A,N/A,N/A,N/A,N/A,N/A,N/A,N/A,N/A,N/A,N/A,N/A,N/A,N/A,N/A,N/A,N/A,N/A,N/A,N/A,N/A,N/A,N/A,N/A,N/A,N/A,N/A,N/A,N/A,N/A,N/A,N/A,N/A,N/A,N/A,N/A,N/A,N/A,N/A,N/A,N/A,N/A,N/A,N/A,N/A,N/A,N/A,N/A,N/A,N/A,N/A,N/A,N/A,N/A,N/A,N/A,N/A,N/A,N/A,N/A,N/A,N/A,N/A,N/A,N/A,N/A,N/A,N/A,N/A,N/A,N/A,N/A,N/A,N/A,N/A,N/A,N/A,N/A,N/A,N/A,N/A,N/A,N/A,N/A,N/A,N/A,N/A,N/A,N/A,N/A,N/A,N/A,N/A,N/A,N/A,N/A,N/A,N/A,N/A,N/A,N/A,N/A,N/A,N/A,N/A,N/A,N/A,N/A,N/A,N/A,N/A,N/A,N/A,N/A,N/A,N/A,N/A,N/A,N/A,N/A,N/A,N/A,N/A,N/A,N/A,N/A,N/A,N/A,N/A,N/A,N/A,N/A,N/A,N/A,N/A,N/A,N/A,N/A,N/A,N/A,N/A,N/A,N/A
Maximiliano Eduardo Meza,33,724406400,1992/12/15,Primera División,2026,Forward,River Plate,92,92,0,Argentina,2,2,0,0,0,0,0,0,0,0,0,0,0,0,2,2,0,0,0,0,0,0,0,0,0,1.96,46,46,0,0,0,-1,-1,-1,19,0,6.52,0,63,74.35,38.00,99,76,31.50,63,82,61.63,99,0.00,0.00,0.50,1,0.00,2.00,1.96,1.00,2,0.00,1.00,0.00,0.00,0.00,0.50,1.00,1.00,0.00,0.98,0.50,2.00,0.00,0.00,0.03,0.00,0.50,0.00,0.00,0,0,,1,0.50,53,0,0.00,22,1,0.98,68,2,0,2,68,0.00,99,0,1,0.98,56,4,57,3.91,84,0,0.00,99,0,0.00,0,0,0.00,0,0.98,65,4,3.91,92,2,1.96,50.00,0,0.00,0,0,0,0.00,0,2,0.00,1,1.96,92,N/A,N/A,N/A,N/A,0.00,0,0.00,0,0.05,0.00,0,82.89,0.00,22,99,0.00,0.00,0,94,66,0,0,0,0.00,0.00,0,29,13.03,0.50,0.98,1,0,0.00,0.00,99,0.00,0,0,0,0.00,0.00,0,0.00,0.00,0.98,0.50,1,0,0.00,56,0,0,56,1,0.17,80,0.09,0.17,0.05,36,0.03,0.05,49,1,0.50,0.98,0.98,0.50,42,1,0.05,36,19,34,81,0,98,40,0,0.00,99,1,0.00,0.98,12.72,6.50,13,5,49,81,4.89,2.50,38.46,2,1.96,7,0,25.00,0,0.00,99,1,0.50,0.98,83,0,30,57,0,0,0,0,0,41,56,74,68,0,99,1,15,15,0,0,16,8,0,0
Maximiliano Ezequiel Zalazar,25,984038400,2001/03/08,Primera División,2026,Forward,Gimnasia La Plata,220,97,123,Argentina,7,3,4,0,0,0,0,0,0,0,0,1,1,0,3,2,1,2,0,0,0,0,0,0,0,1.23,73,31,110,0,0.82,-1,-1,-1,13,0,6.77,0,63,22.91,8.00,24,56,5.14,36,14,14.73,20,0.00,0.00,0.14,1,0.00,2.86,1.23,0.43,3,0.00,0.43,0.00,0.00,0.00,0.57,1.00,0.43,0.00,5.32,1.43,1.71,0.00,0.43,0.12,0.00,0.29,0.00,0.00,0,0,,13,1.86,99,3,1.23,95,10,4.09,99,0,7,0,34,0.00,99,0,4,1.64,87,20,45,8.18,98,0,0.00,99,0,0.00,0,0,0.00,0,0.41,32,12,4.91,97,7,2.86,58.33,0,0.00,0,0,0,0.00,0,3,0.00,20,1.23,67,N/A,N/A,N/A,N/A,0.00,0,0.00,0,0.83,0.00,0,64.29,23.08,40,68,0.14,0.41,1,99,76,0,0,0,0.00,0.00,0,29,47.42,0.00,0.00,0,0,0.00,0.00,99,0.00,0,0,1,0.14,0.41,0,0.00,0.00,1.23,0.43,3,0,0.00,56,0,6,56,20,0.13,18,0.02,0.05,0.83,90,0.12,0.34,63,3,0.43,1.23,1.64,0.57,80,4,0.34,90,50,1,99,0,99,33,0,0.00,99,2,0.00,0.82,11.45,4.00,28,15,80,70,6.14,2.14,53.57,3,1.23,24,0,20.00,0,0.00,99,4,0.57,1.64,96,0,92,16,0,0,0,0,0,41,56,74,68,0,99,6,16,99,2,29,85,43,0,0
Maximiliano Gutiérrez,22,1083567600,2004/05/03,Primera División,2026,Forward,Independiente,450,85,365,Chile,8,2,6,2,1,1,2,0,2,0,0,1,1,0,7,1,6,0,0,0.8,0.4,0.4,1.06,0.25,225,1.4,64,56,0,225,0,30,17,-1,3,0,6.91,0.25,98,17.40,10.88,6,87,8.12,65,44,13.00,12,0.00,0.00,0.75,6,0.00,2.38,0.80,0.50,4,0.00,0.75,0.00,0.00,0.00,0.38,1.50,0.88,6.00,2.40,1.12,2.88,0.00,0.38,0.25,0.00,0.25,0.00,0.00,0,0,,12,1.50,89,3,0.60,76,9,1.80,94,1,3,5,17,0.00,99,0,3,0.60,36,19,37,3.80,84,0,0.00,99,0,0.00,0,0,0.00,0,1.20,74,23,4.60,96,12,2.40,52.17,0,0.00,0,0,0,0.00,0,7,0.00,10,1.40,79,N/A,N/A,N/A,N/A,0.00,0,0.00,0,2.00,0.00,0,74.71,25.00,45,13,0.75,1.20,6,97,67,0,0,0,0.00,0.00,0,29,55.31,0.88,1.40,7,0,0.00,0.00,99,0.00,0,0,0,0.00,0.00,0,0.00,0.00,0.20,0.12,1,1,16.67,88,11,11,62,10,1.60,97,0.20,0.32,2.00,95,0.25,0.40,39,4,0.50,0.80,0.60,0.38,19,3,0.40,93,74,47,81,0,72,15,0,0.00,99,2,0.00,0.40,9.60,6.00,48,22,36,47,4.40,2.75,45.83,6,1.20,25,0,15.79,0,0.00,99,3,0.38,0.60,69,18,66,41,0,0,0,0,0,99,95,87,99,0,99,5,15,15,0,0,16,28,0,0
Maximiliano Puig,25,969260400,2000/09/18,Primera División,2026,Midfielder,Barracas Central,21,21,0,Argentina,2,2,0,0,0,0,0,0,0,0,0,1,1,0,0,0,0,0,0,0,0,0,0,0,0,0,0,11,0,0,0,-1,-1,-1,23,0,3.31,0,63,21.43,2.50,18,5,1.00,2,0,8.57,1,0.00,0.00,0.00,0,0.00,0.50,4.29,0.50,1,0.00,1.00,0.00,0.00,0.00,0.00,0.50,0.00,0.00,8.57,1.00,0.50,0.00,0.00,0.06,0.00,0.00,0.00,0.00,0,0,,2,1.00,99,0,0.00,22,2,8.57,99,0,2,0,99,0.00,99,0,0,0.00,10,1,28,4.29,88,0,0.00,99,0,0.00,0,0,0.00,0,0.00,8,1,4.29,95,1,4.29,100.00,0,0.00,0,0,0,0.00,0,0,0.00,99,0.00,0,N/A,N/A,N/A,N/A,0.00,0,0.00,0,0.11,0.00,0,40.00,0.00,22,99,0.00,0.00,0,99,99,0,0,0,0.00,0.00,0,29,6.63,0.50,4.29,1,0,0.00,0.00,99,0.00,0,0,0,0.00,0.00,0,0.00,0.00,0.00,0.00,0,0,0.00,56,0,0,56,0,0.00,0,0.00,0.00,0.11,97,0.06,0.47,99,3,1.50,12.86,8.57,1.00,99,2,0.47,96,0,82,81,0,46,1,0,0.00,99,0,0.00,0.00,38.57,4.50,9,5,99,99,21.43,2.50,55.56,2,8.57,0,0,0.00,0,0.00,99,0,0.00,0.00,28,0,57,16,0,0,0,0,0,41,56,74,68,0,99,88,15,15,0,0,16,79,0,0
Maximiliano Salas,28,880963200,1997/12/01,Primera División,2026,Forward,River Plate,409,303,106,Argentina,14,8,6,1,0,1,0,0,0,0,0,6,2,4,5,5,0,2,0,0.22,0,0.22,0,0.85,409,1.1,82,29,205,0,0.44,87,501,-1,8,0,5.72,0,63,20.97,7.36,16,103,5.64,79,55,16.09,26,0.00,0.00,0.43,6,0.00,1.00,1.02,0.36,5,0.00,0.86,0.00,0.00,0.00,0.00,0.29,0.43,20.00,4.07,1.00,0.57,0.00,0.43,0.16,0.00,0.36,0.00,0.00,0,0,,20,1.43,99,6,1.22,95,14,2.85,99,2,12,2,25,0.00,99,0,0,0.00,10,14,29,2.85,75,0,0.00,99,0,0.00,0,0,0.00,0,1.22,75,8,1.63,63,4,0.81,50.00,0,0.00,0,0,0,0.00,0,6,0.00,34,1.22,67,N/A,N/A,N/A,N/A,0.00,0,0.00,0,2.18,0.00,0,76.70,30.00,53,52,0.21,0.61,3,65,66,0,0,0,0.00,0.00,0,29,80.07,0.29,0.81,4,0,0.00,0.00,99,0.00,0,0,2,0.14,0.41,0,0.00,0.00,1.02,0.36,5,0,5.00,58,5,61,71,34,0.39,42,0.03,0.08,2.18,96,0.16,0.44,53,5,0.36,1.02,2.04,0.71,90,10,0.44,95,3,27,99,0,98,42,0,0.00,99,5,0.00,1.02,11.81,4.14,58,19,21,74,3.87,1.36,32.76,12,2.44,4,0,7.14,0,0.00,99,1,0.07,0.20,46,0,99,57,0,0,0,0,0,72,86,99,68,0,99,75,30,86,2,14,47,7,0,0
Máximo Agustín Palazzo,21,1118041200,2005/06/06,Primera División,2026,Defender,Huracán,403,226,177,Argentina,7,3,4,0,0,0,0,0,0,0,0,3,1,2,3,2,1,1,0,0,0,0,0,0,0,0.67,134,58,403,0,0.22,292,277,55,26,0,6.52,0,63,42.71,29.29,82,205,23.43,164,71,34.17,81,0.00,0.00,0.43,3,0.00,0.14,1.46,1.00,7,0.00,0.00,0.00,0.00,0.00,0.43,0.29,0.43,0.00,0.00,0.00,0.57,0.00,0.00,0.00,0.00,1.43,0.00,0.00,0,0,,0,0.00,8,0,0.00,22,0,0.00,9,3,2,5,45,0.00,99,0,3,0.62,37,1,99,0.21,25,0,0.00,99,0,0.00,0,0,0.00,0,0.62,44,4,0.83,38,2,0.42,50.00,0,0.00,0,0,0,0.00,0,3,0.00,77,0.62,12,N/A,N/A,N/A,N/A,0.00,0,0.00,0,0.00,0.00,0,80.00,0.00,22,51,0.43,0.62,3,46,66,0,0,0,0.29,0.42,2,78,45.63,3.00,4.38,21,0,0.00,0.00,99,0.00,0,0,0,0.00,0.00,0,0.00,0.00,0.00,0.00,0,0,0.00,56,5,6,56,75,0.41,47,0.06,0.09,0.00,9,0.00,0.00,8,1,0.14,0.21,1.25,0.86,59,6,0.00,9,19,82,81,0,46,72,0,0.00,99,10,0.00,2.08,8.12,5.57,39,19,24,28,3.96,2.71,48.72,0,0.00,99,0,100.00,0,0.00,99,1,0.14,0.21,46,18,57,74,0,0,0,0,0,41,56,74,68,0,99,75,66,50,1,14,47,35,0,0
Máximo Cabrera,19,1156662000,2006/08/27,Primera División,2026,Goalkeeper,Gimnasia La Plata,90,0,90,Argentina,1,0,1,0,0,0,0,0,0,0,0,0,0,0,1,0,1,0,0,0,0,0,0,0,0,1,90,90,0,0,0,-1,-1,-1,9,0,0.00,0,63,0.00,0.00,0,0,0.00,0,0,0.00,0,0.00,0.00,0.00,0,0.00,0.00,0.00,0.00,0,0.00,0.00,0.00,0.00,0.00,0.00,0.00,0.00,0.00,0.00,0.00,0.00,0.00,0.00,0.00,0.00,0.00,0.00,0.00,0,0,,0,0.00,8,0,0.00,22,0,0.00,9,0,0,1,5,0.00,99,0,0,0.00,10,0,28,0.00,12,0,0.00,99,0,0.00,0,0,0.00,0,0.00,8,0,0.00,9,0,0.00,0.00,0,0.00,0,0,0,0.00,0,0,0.00,41,0.00,0,N/A,N/A,N/A,N/A,0.00,0,0.00,0,0.00,0.00,0,0.00,0.00,22,99,0.00,0.00,0,12,12,0,0,0,0.00,0.00,0,29,0.00,0.00,0.00,0,0,0.00,0.00,99,0.00,0,0,0,0.00,0.00,0,0.00,0.00,0.00,0.00,0,0,0.00,56,0,0,56,41,0.00,0,0.00,0.00,0.00,9,0.00,0.00,2,0,0.00,0.00,0.00,0.00,6,0,0.00,9,0,1,81,0,46,1,0,0.00,99,0,0.00,0.00,0.00,0.00,0,0,0,0,0.00,0.00,0.00,0,0.00,99,0,0.00,0,0.00,99,0,0.00,0.00,28,0,30,16,0,0,0,0,0,41,56,74,68,0,99,1,15,15,0,0,16,1,0,0
Michael Hoyos,34,681116400,1991/08/02,Primera División,2026,Forward,Newell's Old Boys,398,125,273,Argentina,8,4,4,1,1,0,0,0,0,0,0,1,1,0,8,2,6,0,0,0.23,0,0.23,0.72,0,398,1.81,50,50,0,0,0,82,543,-1,10,0,6.58,0,63,20.82,11.00,15,99,8.33,75,50,15.77,24,0.00,0.00,0.44,4,0.00,0.22,0.21,0.11,1,0.00,0.44,0.00,0.00,0.00,0.00,0.22,1.00,8.00,1.68,0.67,0.56,0.00,0.22,0.12,0.00,1.78,0.00,0.00,0,0,,8,0.89,72,2,0.42,64,6,1.26,79,5,5,3,8,0.00,99,0,0,0.00,10,2,95,0.42,35,0,0.00,99,0,0.00,0,0,0.00,0,0.84,59,5,1.05,45,2,0.42,40.00,0,0.00,0,0,0,0.00,0,9,0.00,2,1.89,92,N/A,N/A,N/A,N/A,0.00,0,0.00,0,1.12,0.00,0,75.76,25.00,45,83,0.11,0.21,1,46,43,0,0,0,0.00,0.00,0,29,59.19,0.67,1.26,6,0,0.00,0.00,99,0.00,0,0,0,0.00,0.00,0,0.00,0.00,0.42,0.22,2,0,12.50,79,4,11,70,2,0.34,36,0.04,0.07,1.12,80,0.12,0.24,55,5,0.56,1.05,0.63,0.33,20,3,0.24,78,24,41,81,0,87,93,0,0.00,99,16,0.00,3.36,10.72,5.67,51,23,47,60,4.84,2.56,45.10,4,0.84,42,0,50.00,0,0.00,99,1,0.11,0.21,46,3,82,92,0,0,0,0,0,73,86,74,98,0,99,5,15,15,0,0,16,9,0,0
Michael Nicolás Santos Rosadilla,33,732009600,1993/03/13,Primera División,2026,Forward,Central Córdoba SdE,1092,603,489,Uruguay,15,7,8,4,3,1,2,2,0,0,0,6,4,2,15,5,10,1,0,0.49,0.16,0.33,0.45,0.18,273,1.24,73,73,1092,546,0.08,49,92,-1,1,0,6.90,0.13,84,16.19,13.20,4,198,9.00,135,23,11.04,7,0.00,0.00,1.13,17,0.00,0.60,0.65,0.53,8,0.00,0.93,0.00,0.00,0.00,0.20,0.40,1.07,5.00,1.63,0.80,1.60,0.00,0.53,0.26,0.00,2.13,0.00,0.00,0,0,,20,1.33,71,8,0.65,78,12,0.98,68,6,3,12,14,0.00,99,0,3,0.25,21,9,79,0.74,45,0,0.00,99,0,0.00,0,0,0.00,0,1.39,81,24,1.96,69,6,0.49,25.00,0,0.00,0,0,0,0.00,0,16,0.00,19,1.31,74,N/A,N/A,N/A,N/A,0.00,0,0.00,0,3.96,0.00,0,68.18,40.00,74,75,0.27,0.33,4,50,21,1,0,0,0.13,0.16,2,47,103.50,0.87,1.06,13,0,0.00,0.00,99,0.00,0,1,0,0.00,0.00,0,0.00,0.00,1.23,1.00,15,1,20.00,93,67,73,66,20,2.09,80,0.14,0.17,3.26,84,0.22,0.27,49,12,0.80,0.98,1.63,1.33,79,20,0.32,88,72,36,81,0,99,82,0,0.00,99,32,0.00,2.62,12.75,10.40,156,58,45,81,4.74,3.87,37.18,14,1.14,27,0,33.33,0,0.00,99,3,0.20,0.25,51,65,66,96,0,0,0,0,0,93,91,82,93,0,99,69,95,21,1,7,25,7,0,0
Miguel Ángel Barbieri,32,746175600,1993/08/24,Primera División,2026,Defender,Deportivo Riestra,571,169,402,Argentina,9,4,5,0,0,0,0,0,0,0,0,1,1,0,8,3,5,4,0,0,0,0,0,0,0,1.26,71,63,143,0,0.63,234,224,196,28,0,6.73,0,63,20.18,14.22,11,128,8.33,75,6,11.82,9,0.00,0.00,0.11,1,0.00,0.11,1.73,1.22,11,0.00,0.00,0.00,0.00,0.00,1.33,0.22,0.89,0.00,0.79,0.33,0.44,0.00,0.22,0.05,0.00,2.22,0.00,0.00,0,0,,5,0.56,45,2,0.32,56,3,0.47,39,4,2,7,58,0.00,99,0,12,1.89,93,1,28,0.16,22,0,0.00,99,0,0.00,0,0,0.00,0,0.16,16,4,0.63,31,2,0.32,50.00,0,0.00,0,0,0,0.00,0,8,0.00,18,1.26,69,N/A,N/A,N/A,N/A,0.00,0,0.00,0,0.43,0.00,0,58.59,40.00,74,77,0.22,0.32,2,36,66,0,0,0,0.56,0.79,5,94,60.53,5.22,7.41,47,0,0.00,0.00,99,0.00,0,0,0,0.00,0.00,0,0.00,0.00,0.16,0.11,1,0,0.00,56,25,17,56,18,0.19,6,0.02,0.03,0.43,44,0.05,0.07,14,2,0.22,0.32,1.42,1.00,67,9,0.07,44,44,96,81,0,67,90,0,0.00,99,20,0.00,3.15,9.61,6.78,61,35,65,47,5.52,3.89,57.38,0,0.00,99,0,0.00,0,0.00,99,0,0.00,0.00,28,33,57,84,0,0,0,0,0,41,56,74,68,0,99,3,19,96,4,44,97,6,0,0
Miguel Merentiel,30,825148800,1996/02/24,Primera División,2026,Forward,Boca Juniors,947,531,416,Uruguay,14,7,7,5,1,4,2,1,1,0,0,7,3,4,4,3,1,1,0,0.67,0.19,0.48,0.17,0.87,189,0.38,237,68,947,474,0.1,14,82,-1,1,0,6.92,0.14,86,23.21,18.00,24,252,13.71,192,53,17.69,33,0.00,0.00,1.14,16,0.00,0.93,0.18,0.14,2,0.00,0.50,0.00,0.00,0.00,0.07,0.50,0.43,6.40,2.95,1.29,1.64,0.00,1.00,0.41,0.00,0.36,0.00,0.00,0,0,,32,2.29,96,14,1.29,96,18,1.66,91,5,3,11,8,0.00,99,0,1,0.09,12,13,72,1.20,53,0,0.00,99,0,0.00,0,0,0.00,0,1.47,84,23,2.12,72,7,0.64,30.43,0,0.00,0,0,0,0.00,0,6,0.00,97,0.55,8,N/A,N/A,N/A,N/A,0.00,0,0.00,0,5.68,0.00,0,76.19,43.75,78,65,0.36,0.46,5,58,25,0,0,0,0.00,0.00,0,29,96.87,0.07,0.09,1,0,0.00,0.00,99,0.00,0,0,1,0.07,0.09,0,0.00,0.00,0.28,0.21,3,0,15.62,84,57,61,59,97,2.14,85,0.15,0.20,5.68,98,0.41,0.52,11,3,0.21,0.28,0.18,0.14,7,2,0.52,98,77,2,88,0,79,19,0,0.00,99,5,0.00,0.46,5.07,3.93,55,17,7,9,1.57,1.21,30.91,7,0.64,52,0,30.77,0,0.00,99,4,0.29,0.37,59,59,66,92,0,1,0,7,0,98,98,99,77,0,99,88,93,24,1,7,25,16,0,0
Miguel Navarro,27,920016000,1999/02/26,Primera División,2026,Defender,Talleres Córdoba,0,0,0,Venezuela,0,0,0,0,0,0,0,0,0,0,0,0,0,0,0,0,0,0,0,0,0,0,0,0,0,0,0,0,0,0,0,-1,-1,-1,-1,N/A,N/A,N/A,N/A,N/A,N/A,N/A,N/A,N/A,N/A,N/A,N/A,N/A,N/A,N/A,N/A,N/A,N/A,N/A,N/A,N/A,N/A,N/A,N/A,N/A,N/A,N/A,N/A,N/A,N/A,N/A,N/A,N/A,N/A,N/A,N/A,N/A,N/A,N/A,N/A,N/A,N/A,N/A,N/A,N/A,N/A,N/A,N/A,N/A,N/A,N/A,N/A,N/A,N/A,N/A,N/A,N/A,N/A,N/A,N/A,N/A,N/A,N/A,N/A,N/A,N/A,N/A,N/A,N/A,N/A,N/A,N/A,N/A,N/A,N/A,N/A,N/A,N/A,N/A,N/A,N/A,N/A,N/A,N/A,N/A,N/A,N/A,N/A,N/A,N/A,N/A,N/A,N/A,N/A,N/A,N/A,N/A,N/A,N/A,N/A,N/A,N/A,N/A,N/A,N/A,N/A,N/A,N/A,N/A,N/A,N/A,N/A,N/A,N/A,N/A,N/A,N/A,N/A,N/A,N/A,N/A,N/A,N/A,N/A,N/A,N/A,N/A,N/A,N/A,N/A,N/A,N/A,N/A,N/A,N/A,N/A,N/A,N/A,N/A,N/A,N/A,N/A,N/A,N/A,N/A,N/A,N/A,N/A,N/A,N/A,N/A,N/A,N/A,N/A,N/A,N/A,N/A,N/A,N/A,N/A,N/A,N/A,N/A,N/A,N/A,N/A,N/A,N/A,N/A,N/A,N/A,N/A,N/A,N/A,N/A,N/A,N/A,N/A,N/A,N/A,N/A,N/A,N/A,N/A,N/A,N/A,N/A,N/A,N/A,N/A,N/A,N/A,N/A,N/A,N/A,N/A,N/A,N/A,N/A,N/A,N/A,N/A,N/A,N/A,N/A,N/A,N/A,N/A,N/A,N/A,N/A,N/A,N/A,N/A,N/A,N/A,N/A,N/A,N/A,N/A,N/A,N/A,N/A,N/A
Mikel Jesus Amondarain,21,1104998400,2005/01/06,Primera División,2026,Midfielder,Estudiantes,1044,586,458,Argentina,15,8,7,2,2,0,1,1,0,0,0,8,3,5,6,4,2,2,0,0.26,0.09,0.17,0.31,0,522,0.52,174,70,522,1044,0.17,115,150,-1,5,0,6.81,0.07,74,36.81,28.47,70,427,24.67,370,95,31.90,77,0.00,0.00,0.73,11,0.00,0.67,1.72,1.33,20,0.00,0.87,0.00,0.00,0.00,0.27,0.73,0.47,6.00,1.03,0.40,1.80,0.00,0.40,0.15,0.00,0.73,0.00,0.00,0,0,,12,0.80,55,6,0.52,71,6,0.52,42,5,5,10,58,0.00,99,0,4,0.34,23,10,70,0.86,48,0,0.00,99,0,0.00,0,0,0.00,0,0.95,64,27,2.33,76,11,0.95,40.74,0,0.00,0,0,0,0.00,0,7,0.00,90,0.60,11,N/A,N/A,N/A,N/A,0.00,0,0.00,0,2.22,0.00,0,86.65,50.00,91,26,0.73,0.95,11,73,44,0,0,0,0.47,0.60,7,87,102.15,1.07,1.38,16,0,0.00,0.00,99,0.00,0,0,1,0.07,0.09,0,0.00,0.00,0.09,0.07,1,0,16.67,88,63,73,77,90,1.67,70,0.11,0.14,2.22,72,0.15,0.19,38,9,0.60,0.78,0.86,0.67,35,10,0.19,71,57,46,88,0,55,39,0,0.00,99,11,0.00,0.95,9.74,7.53,113,50,34,49,4.31,3.33,44.25,13,1.12,28,0,30.00,0,0.00,99,3,0.20,0.26,52,52,82,92,0,0,0,0,0,77,80,74,87,0,99,91,79,37,2,13,43,32,0,0
Milton Delgado,21,1118905200,2005/06/16,Primera División,2026,Midfielder,Boca Juniors,991,465,526,Argentina,16,9,7,0,0,0,1,1,0,0,0,9,5,4,6,3,3,3,0,0.09,0.09,0,0,0,0,0.54,165,62,330,991,0.27,257,154,-1,21,0,6.75,0.06,74,57.30,40.62,95,650,35.75,572,98,50.42,96,0.00,0.00,0.56,9,0.00,0.06,2.38,1.69,27,0.00,0.69,0.00,0.00,0.00,0.62,0.50,0.50,0.00,0.44,0.19,1.06,0.00,0.12,0.02,0.00,0.50,0.00,0.00,0,0,,5,0.31,25,2,0.18,40,3,0.26,20,3,5,11,81,0.00,99,0,10,0.88,51,1,99,0.09,18,0,0.00,99,0,0.00,0,0,0.00,0,0.79,56,17,1.50,60,8,0.71,47.06,0,0.00,0,0,0,0.00,0,8,0.00,88,0.71,18,N/A,N/A,N/A,N/A,0.00,0,0.00,0,0.37,0.00,0,88.00,40.00,74,14,0.81,1.15,13,60,56,0,0,0,0.12,0.18,2,50,108.03,0.88,1.23,14,0,0.00,0.00,99,0.00,0,0,0,0.00,0.00,0,0.00,0.00,0.00,0.00,0,0,0.00,56,59,88,56,88,2.09,81,0.13,0.18,0.37,26,0.02,0.03,56,12,0.75,1.06,1.76,1.25,84,20,0.03,26,47,41,81,0,46,28,0,0.00,99,8,0.00,0.71,10.40,7.38,118,55,48,56,4.85,3.44,46.61,11,0.97,35,0,100.00,0,0.00,99,1,0.06,0.09,34,59,82,74,0,0,0,0,0,50,56,74,68,0,99,96,55,61,3,19,60,18,0,0
Milton Giménez,29,839833200,1996/08/12,Primera División,2026,Forward,Boca Juniors,261,112,149,Argentina,6,2,4,4,2,2,0,0,0,0,0,3,0,3,2,1,1,1,0,1.38,0,1.38,1.61,1.21,65,0.69,131,44,261,0,0.34,-1,-1,-1,2,0,6.98,0,63,13.92,7.50,2,45,6.00,36,71,11.13,7,0.00,0.00,0.00,0,0.00,0.00,0.31,0.17,1,0.00,0.17,0.00,0.00,0.00,0.33,0.17,0.67,3.00,3.71,1.00,0.33,0.00,1.00,0.58,0.00,1.33,0.00,0.00,0,0,,12,2.00,99,6,1.86,99,6,1.86,95,4,3,3,9,0.00,99,0,2,0.62,37,0,28,0.00,12,0,0.00,99,0,0.00,0,0,0.00,0,0.00,8,2,0.62,31,1,0.31,50.00,0,0.00,0,0,0,0.00,0,4,0.00,73,1.24,68,N/A,N/A,N/A,N/A,0.00,0,0.00,0,3.50,0.00,0,80.00,50.00,91,77,0.17,0.31,1,34,66,1,0,0,0.33,0.62,2,88,41.89,0.50,0.93,3,0,0.00,0.00,99,0.00,0,1,0,0.00,0.00,0,0.00,0.00,1.24,0.67,4,0,33.33,99,0,4,56,73,0.08,2,0.01,0.02,2.80,99,0.47,0.87,47,3,0.50,0.93,0.93,0.50,39,3,1.08,99,83,32,81,0,99,80,0,0.00,99,8,0.00,2.47,11.44,6.17,37,13,25,70,4.02,2.17,35.14,1,0.31,72,0,0.00,0,0.00,99,0,0.00,0.00,28,3,66,84,0,0,0,0,0,99,99,99,99,0,99,88,43,72,1,17,53,9,0,0
Milton Nahuel Valenzuela,27,902991600,1998/08/13,Primera División,2026,Defender,Independiente,390,136,254,Argentina,7,2,5,0,0,0,0,0,0,0,0,0,0,0,7,3,4,2,0,0,0,0,0,0,0,1.62,56,56,195,0,0.46,515,515,228,17,0,4.70,0,63,39.23,24.29,74,170,18.14,127,44,29.31,70,0.00,0.00,0.43,3,0.00,1.29,3.23,2.00,14,0.00,0.14,0.00,0.00,0.00,0.86,0.29,1.00,0.00,0.92,0.43,1.43,0.00,0.14,0.04,0.00,0.71,0.00,0.00,0,0,,4,0.57,52,1,0.23,47,3,0.69,54,4,3,4,96,0.00,99,0,6,1.38,78,9,79,2.08,64,0,0.00,99,0,0.00,0,0,0.00,0,0.69,49,10,2.31,76,2,0.46,20.00,0,0.00,0,0,0,0.00,0,7,0.00,4,1.62,88,N/A,N/A,N/A,N/A,0.00,0,0.00,0,0.26,0.00,0,74.71,25.00,45,3,1.00,1.62,7,48,17,0,0,0,0.43,0.69,3,91,32.89,2.00,3.23,14,0,0.00,0.00,99,0.00,0,0,0,0.00,0.00,0,0.00,0.00,0.46,0.29,2,0,0.00,56,3,6,56,4,0.44,54,0.06,0.10,0.26,42,0.04,0.06,21,2,0.29,0.46,2.31,1.43,94,10,0.06,42,0,76,81,0,90,49,0,0.00,99,5,0.00,1.15,12.46,7.71,54,23,61,79,5.31,3.29,42.59,1,0.23,77,0,33.33,0,0.00,99,3,0.43,0.69,74,8,66,84,0,0,0,0,0,41,56,74,68,0,99,1,28,87,2,29,85,3,0,0
Misael Aguirre,18,1193641200,2007/10/29,Primera División,2026,Forward,Unión Santa Fe,192,103,89,Argentina,9,5,4,0,0,0,0,0,0,0,0,4,4,0,3,0,3,0,0,0,0,0,0,0,0,1.41,64,21,0,0,0,-1,-1,-1,15,0,6.54,0,63,31.41,7.44,51,67,6.22,56,85,26.25,61,0.00,0.00,0.44,4,0.00,0.89,1.88,0.44,4,0.00,0.11,0.00,0.00,0.00,0.11,0.22,0.33,0.00,2.81,0.56,0.67,0.00,0.11,0.05,0.00,0.33,0.00,0.00,0,0,,6,0.67,94,1,0.47,67,5,2.34,99,0,9,0,65,0.00,99,0,1,0.47,29,8,82,3.75,83,0,0.00,99,0,0.00,0,0,0.00,0,1.88,94,6,2.81,82,2,0.94,33.33,0,0.00,0,0,0,0.00,0,3,0.00,10,1.41,79,N/A,N/A,N/A,N/A,0.00,0,0.00,0,0.45,0.00,0,83.58,16.67,31,7,0.33,1.41,3,73,32,0,0,0,0.00,0.00,0,29,58.90,0.33,1.41,3,0,0.00,0.00,99,0.00,0,0,1,0.11,0.47,0,0.00,0.00,0.94,0.22,2,0,0.00,56,0,17,56,10,0.31,74,0.03,0.15,0.45,76,0.05,0.21,2,0,0.00,0.00,1.88,0.44,86,4,0.21,74,20,47,99,0,97,58,0,0.00,99,3,0.00,1.41,11.72,2.78,25,8,20,73,3.75,0.89,32.00,1,0.47,64,0,37.50,0,0.00,99,3,0.33,1.41,94,0,97,16,0,0,0,0,0,41,56,74,68,0,99,78,15,15,0,0,16,31,0,0
Nacho Fernández,36,632131200,1990/01/12,Primera División,2026,Midfielder,Gimnasia La Plata,1290,494,796,Argentina,16,6,10,2,2,0,2,1,1,0,0,5,2,3,16,6,10,8,0,0.28,0.14,0.14,0.36,0,645,1.12,81,81,161,645,0.56,144,107,-1,6,0,6.94,0.12,82,40.26,36.06,77,577,29.69,475,80,33.14,79,0.00,0.00,1.19,19,0.00,1.62,1.88,1.69,27,0.00,1.25,0.00,0.00,0.00,0.44,0.75,1.06,10.50,1.47,0.81,2.06,0.00,0.50,0.18,0.00,0.44,0.00,0.00,0,0,,21,1.31,67,8,0.56,74,13,0.91,65,3,0,16,65,0.00,99,0,7,0.49,30,26,61,1.81,61,0,0.00,99,0,0.00,0,0,0.00,0,1.33,79,33,2.30,75,12,0.84,36.36,0,0.00,0,0,0,0.00,0,17,0.00,31,1.19,65,N/A,N/A,N/A,N/A,0.00,0,0.00,0,2.86,0.00,0,82.32,38.10,68,5,1.38,1.53,22,68,35,0,0,0,0.25,0.28,4,65,111.00,1.50,1.67,24,0,0.00,0.00,99,0.00,0,0,0,0.00,0.00,0,0.00,0.00,0.14,0.12,2,0,9.52,70,81,88,84,32,2.77,83,0.17,0.19,2.86,74,0.18,0.20,99,47,2.94,3.28,1.60,1.44,78,23,0.20,73,79,54,81,0,64,20,0,0.00,99,7,0.00,0.49,13.12,11.75,188,92,84,84,6.42,5.75,48.94,20,1.40,19,0,26.92,0,0.00,99,7,0.44,0.49,65,93,30,74,0,0,0,0,0,78,74,74,89,0,99,47,22,94,8,50,99,8,0,0
Nahuel Arena,28,896770800,1998/06/02,Primera División,2026,Defender,Independiente Rivadavia,0,0,0,Argentina,0,0,0,0,0,0,0,0,0,0,0,0,0,0,0,0,0,0,0,0,0,0,0,0,0,0,0,0,0,0,0,-1,-1,-1,-1,N/A,N/A,N/A,N/A,N/A,N/A,N/A,N/A,N/A,N/A,N/A,N/A,N/A,N/A,N/A,N/A,N/A,N/A,N/A,N/A,N/A,N/A,N/A,N/A,N/A,N/A,N/A,N/A,N/A,N/A,N/A,N/A,N/A,N/A,N/A,N/A,N/A,N/A,N/A,N/A,N/A,N/A,N/A,N/A,N/A,N/A,N/A,N/A,N/A,N/A,N/A,N/A,N/A,N/A,N/A,N/A,N/A,N/A,N/A,N/A,N/A,N/A,N/A,N/A,N/A,N/A,N/A,N/A,N/A,N/A,N/A,N/A,N/A,N/A,N/A,N/A,N/A,N/A,N/A,N/A,N/A,N/A,N/A,N/A,N/A,N/A,N/A,N/A,N/A,N/A,N/A,N/A,N/A,N/A,N/A,N/A,N/A,N/A,N/A,N/A,N/A,N/A,N/A,N/A,N/A,N/A,N/A,N/A,N/A,N/A,N/A,N/A,N/A,N/A,N/A,N/A,N/A,N/A,N/A,N/A,N/A,N/A,N/A,N/A,N/A,N/A,N/A,N/A,N/A,N/A,N/A,N/A,N/A,N/A,N/A,N/A,N/A,N/A,N/A,N/A,N/A,N/A,N/A,N/A,N/A,N/A,N/A,N/A,N/A,N/A,N/A,N/A,N/A,N/A,N/A,N/A,N/A,N/A,N/A,N/A,N/A,N/A,N/A,N/A,N/A,N/A,N/A,N/A,N/A,N/A,N/A,N/A,N/A,N/A,N/A,N/A,N/A,N/A,N/A,N/A,N/A,N/A,N/A,N/A,N/A,N/A,N/A,N/A,N/A,N/A,N/A,N/A,N/A,N/A,N/A,N/A,N/A,N/A,N/A,N/A,N/A,N/A,N/A,N/A,N/A,N/A,N/A,N/A,N/A,N/A,N/A,N/A,N/A,N/A,N/A,N/A,N/A,N/A,N/A,N/A,N/A,N/A,N/A,N/A
Nahuel Eugenio Banegas,29,844585200,1996/10/06,Primera División,2026,Defender,Tigre,291,31,260,Argentina,5,1,4,0,0,0,0,0,0,0,0,0,0,0,4,1,3,0,0,0,0,0,0,0,0,1.24,73,58,0,0,0,296,283,194,8,0,6.65,0,63,27.84,18.00,40,90,12.80,64,31,19.79,39,0.00,0.00,0.60,3,0.00,1.60,3.09,2.00,10,0.00,0.00,0.00,0.00,0.00,0.40,0.00,0.80,0.00,0.93,0.20,0.40,0.00,0.40,0.05,0.00,1.40,0.00,0.00,0,0,,3,0.60,52,2,0.62,77,1,0.31,25,2,2,3,95,0.00,99,0,2,0.62,37,8,33,2.47,69,0,0.00,99,0,0.00,0,0,0.00,0,0.93,63,2,0.62,31,0,0.00,0.00,0,0.00,0,0,0,0.00,0,4,0.00,19,1.24,68,N/A,N/A,N/A,N/A,0.00,0,0.00,0,0.27,0.00,0,71.11,66.67,98,27,0.60,0.93,3,12,12,0,0,0,0.20,0.31,1,67,33.24,1.20,1.86,6,0,0.00,0.00,99,0.00,0,0,0,0.00,0.00,0,0.00,0.00,0.31,0.20,1,0,0.00,56,0,1,56,20,0.29,47,0.06,0.09,0.27,48,0.05,0.08,63,4,0.80,1.24,1.55,1.00,76,5,0.08,48,32,57,81,0,81,75,0,0.00,99,7,0.00,2.16,12.37,8.00,40,21,85,79,6.49,4.20,52.50,0,0.00,99,0,12.50,0,0.00,99,1,0.20,0.31,56,3,57,57,0,0,0,0,0,41,56,74,68,0,99,1,15,15,0,0,16,3,0,0
Nahuel Hernán Losada,33,735030000,1993/04/17,Primera División,2026,Goalkeeper,Lanús,1350,630,720,Argentina,15,7,8,0,0,0,0,0,0,0,0,6,4,2,13,4,9,4,0,0,0,0,0,0,0,0.87,104,90,338,0,0.27,532,528,108,18,0,6.97,0,63,24.27,24.27,28,364,17.60,264,35,17.60,32,0.00,0.00,0.00,0,0.00,0.00,0.00,0.00,0,0.00,0.00,0.00,0.00,2.93,0.07,0.00,4.00,0.00,0.00,0.00,0.00,0.00,0.00,0.00,0.00,0.47,0.00,0.00,0,0,,0,0.00,8,0,0.00,22,0,0.00,9,0,0,15,5,0.00,99,0,1,0.07,11,0,28,0.00,12,0,0.00,99,0,0.00,0,0,0.00,0,0.00,8,0,0.00,9,0,0.00,0.00,0,0.00,0,44,47,2.93,58,60,0.00,54,4.00,97,N/A,N/A,N/A,N/A,73.33,0,0.00,0,0.00,0.00,0,72.53,0.00,22,93,0.07,0.07,1,12,12,0,0,28,0.00,0.00,0,29,104.61,0.60,0.60,9,0,0.00,0.00,99,0.00,0,0,0,0.00,0.00,7,0.47,0.47,0.00,0.00,0,0,0.00,56,86,73,56,55,0.63,11,0.04,0.04,0.00,9,0.00,0.00,7,3,0.20,0.20,0.13,0.13,7,2,0.00,9,82,18,81,66,46,20,0,0.00,99,7,0.00,0.47,0.80,0.80,12,10,6,6,0.67,0.67,83.33,0,0.00,99,0,0.00,0,0.00,99,0,0.00,0.00,28,85,30,16,0,0,0,0,0,41,56,74,68,0,99,69,57,61,4,27,82,26,0,0
Nahuel Octavio Barboza,26,937465200,1999/09/16,Primera División,2026,Midfielder,Gimnasia Mendoza,579,241,338,Argentina,10,4,6,0,0,0,0,0,0,0,0,3,2,1,13,3,10,2,0,0,0,0,0,0,0,2.02,45,58,290,0,0.31,397,376,-1,24,0,6.65,0,63,41.63,26.25,79,210,22.25,178,91,35.29,82,0.00,0.00,0.50,4,0.00,0.12,2.18,1.38,11,0.00,0.12,0.00,0.00,0.00,1.12,0.25,1.12,0.00,0.20,0.12,0.38,0.00,0.00,0.01,0.00,0.25,0.00,0.00,0,0,,1,0.12,11,0,0.00,22,1,0.20,16,2,5,5,76,0.00,99,0,9,1.78,91,1,28,0.20,25,0,0.00,99,0,0.00,0,0,0.00,0,0.79,56,3,0.59,29,2,0.40,66.67,0,0.00,0,0,0,0.00,0,9,0.00,1,1.78,91,N/A,N/A,N/A,N/A,0.00,0,0.00,0,0.05,0.00,0,84.76,0.00,22,36,0.50,0.79,4,44,87,0,0,0,0.25,0.40,2,76,53.18,0.88,1.39,7,0,0.00,0.00,99,0.00,0,0,0,0.00,0.00,0,0.00,0.00,0.00,0.00,0,0,0.00,56,26,23,56,1,0.49,54,0.06,0.10,0.05,13,0.01,0.01,7,1,0.12,0.20,2.18,1.38,92,11,0.01,13,32,46,81,0,46,15,0,0.00,99,2,0.00,0.40,7.33,4.62,37,16,12,20,3.17,2.00,43.24,1,0.20,79,0,0.00,0,0.00,99,0,0.00,0.00,28,18,82,57,0,0,0,0,0,41,56,74,68,0,99,41,49,67,2,20,65,5,0,0
Natanael Guzmán,26,934354800,1999/08/11,Primera División,2026,Forward,Aldosivi,427,235,192,Argentina,11,4,7,0,0,0,0,0,0,0,0,4,4,0,3,0,3,0,0,0,0,0,0,0,0,0.63,142,39,0,0,0,427,422,-1,26,0,6.52,0,63,14.33,6.18,3,68,4.82,53,61,11.17,7,0.00,0.00,0.18,2,0.00,2.64,1.69,0.73,8,0.00,0.45,0.00,0.00,0.00,0.27,0.36,0.36,0.00,1.26,0.27,1.55,0.00,0.27,0.05,0.00,0.64,0.00,0.00,0,0,,6,0.55,62,3,0.63,77,3,0.63,51,2,6,5,55,0.00,99,0,3,0.63,38,29,54,6.11,96,0,0.00,99,0,0.00,0,0,0.00,0,0.42,33,17,3.58,90,4,0.84,23.53,0,0.00,0,0,0,0.00,0,4,0.00,82,0.84,32,N/A,N/A,N/A,N/A,0.00,0,0.00,0,0.59,0.00,0,77.94,50.00,91,6,0.64,1.48,7,68,19,0,0,0,0.09,0.21,1,56,71.76,0.27,0.63,3,0,0.00,0.00,99,0.00,0,0,0,0.00,0.00,0,0.00,0.00,0.00,0.00,0,0,0.00,56,7,31,56,80,0.20,11,0.02,0.04,0.59,58,0.05,0.12,55,5,0.45,1.05,1.05,0.45,47,5,0.12,57,19,19,81,0,46,60,0,0.00,99,7,0.00,1.48,13.07,5.64,62,23,48,84,4.85,2.09,37.10,5,1.05,32,0,24.14,0,0.00,99,7,0.64,1.48,94,18,88,57,0,0,0,0,0,41,56,74,68,0,99,59,15,15,0,0,16,7,0,0
Nazareno Colombo,27,921916800,1999/03/20,Primera División,2026,Defender,Racing Club,410,138,272,Argentina,9,2,7,0,0,0,0,0,0,0,0,3,1,2,6,2,4,2,0,0,0,0,0,0,0,1.32,68,46,205,0,0.44,498,490,203,24,0,6.57,0,63,61.57,33.44,98,301,28.44,256,92,52.36,98,0.00,0.00,0.11,1,0.00,0.33,1.23,0.67,6,0.00,0.11,0.00,0.00,0.00,0.67,0.22,0.78,0.00,1.02,0.56,0.22,0.00,0.00,0.03,0.00,1.22,0.00,0.00,0,0,,5,0.56,54,0,0.00,22,5,1.02,69,2,4,5,34,0.00,99,0,6,1.23,69,3,79,0.61,42,0,0.00,99,0,0.00,0,0,0.00,0,0.20,19,2,0.41,23,2,0.41,100.00,0,0.00,0,0,0,0.00,0,7,0.00,15,1.43,80,N/A,N/A,N/A,N/A,0.00,0,0.00,0,0.26,0.00,0,85.05,0.00,22,34,0.44,0.82,4,45,99,0,0,0,0.00,0.00,0,29,59.09,2.22,4.09,20,0,0.00,0.00,99,0.00,0,0,0,0.00,0.00,0,0.00,0.00,0.00,0.00,0,0,0.00,56,5,17,56,15,0.57,63,0.06,0.12,0.26,36,0.03,0.05,77,8,0.89,1.64,1.43,0.78,68,7,0.05,36,23,81,81,0,46,76,0,0.00,99,11,0.00,2.25,10.43,5.67,51,27,65,57,5.52,3.00,52.94,1,0.20,79,0,33.33,0,0.00,99,1,0.11,0.20,46,18,75,57,0,0,0,0,0,41,56,74,68,0,99,54,30,86,2,22,71,23,0,0
Nazareno Durán,22,1084172400,2004/05/10,Primera División,2026,Goalkeeper,Huracán,0,0,0,Argentina,0,0,0,0,0,0,0,0,0,0,0,0,0,0,0,0,0,0,0,0,0,0,0,0,0,0,0,0,0,0,0,-1,-1,-1,-1,N/A,N/A,N/A,N/A,N/A,N/A,N/A,N/A,N/A,N/A,N/A,N/A,N/A,N/A,N/A,N/A,N/A,N/A,N/A,N/A,N/A,N/A,N/A,N/A,N/A,N/A,N/A,N/A,N/A,N/A,N/A,N/A,N/A,N/A,N/A,N/A,N/A,N/A,N/A,N/A,N/A,N/A,N/A,N/A,N/A,N/A,N/A,N/A,N/A,N/A,N/A,N/A,N/A,N/A,N/A,N/A,N/A,N/A,N/A,N/A,N/A,N/A,N/A,N/A,N/A,N/A,N/A,N/A,N/A,N/A,N/A,N/A,N/A,N/A,N/A,N/A,N/A,N/A,N/A,N/A,N/A,N/A,N/A,N/A,N/A,N/A,N/A,N/A,N/A,N/A,N/A,N/A,N/A,N/A,N/A,N/A,N/A,N/A,N/A,N/A,N/A,N/A,N/A,N/A,N/A,N/A,N/A,N/A,N/A,N/A,N/A,N/A,N/A,N/A,N/A,N/A,N/A,N/A,N/A,N/A,N/A,N/A,N/A,N/A,N/A,N/A,N/A,N/A,N/A,N/A,N/A,N/A,N/A,N/A,N/A,N/A,N/A,N/A,N/A,N/A,N/A,N/A,N/A,N/A,N/A,N/A,N/A,N/A,N/A,N/A,N/A,N/A,N/A,N/A,N/A,N/A,N/A,N/A,N/A,N/A,N/A,N/A,N/A,N/A,N/A,N/A,N/A,N/A,N/A,N/A,N/A,N/A,N/A,N/A,N/A,N/A,N/A,N/A,N/A,N/A,N/A,N/A,N/A,N/A,N/A,N/A,N/A,N/A,N/A,N/A,N/A,N/A,N/A,N/A,N/A,N/A,N/A,N/A,N/A,N/A,N/A,N/A,N/A,N/A,N/A,N/A,N/A,N/A,N/A,N/A,N/A,N/A,N/A,N/A,N/A,N/A,N/A,N/A,N/A,N/A,N/A,N/A,N/A,N/A
Nazareno Roselli,19,1155106800,2006/08/09,Primera División,2026,Defender,Defensa y Justicia,10,0,10,Argentina,3,0,3,0,0,0,0,0,0,0,0,3,0,3,0,0,0,0,0,0,0,0,0,0,0,0,0,3,0,0,0,-1,-1,-1,11,0,2.15,0,63,37.50,1.67,71,5,1.33,4,71,30.00,72,0.00,0.00,0.00,0,0.00,0.00,0.00,0.00,0,0.00,0.00,0.00,0.00,0.00,0.00,0.00,0.00,0.00,0.00,0.00,0.00,0.00,0.00,0.00,0.00,0.00,0.00,0.00,0,0,,0,0.00,8,0,0.00,22,0,0.00,9,0,3,0,5,0.00,99,0,0,0.00,10,0,28,0.00,12,0,0.00,99,0,0.00,0,0,0.00,0,0.00,8,0,0.00,9,0,0.00,0.00,0,0.00,0,0,0,0.00,0,0,0.00,99,0.00,0,N/A,N/A,N/A,N/A,0.00,0,0.00,0,0.00,0.00,0,80.00,0.00,22,99,0.00,0.00,0,12,12,0,0,0,0.00,0.00,0,29,6.44,0.33,7.50,1,0,0.00,0.00,99,0.00,0,0,0,0.00,0.00,0,0.00,0.00,0.00,0.00,0,0,0.00,56,0,0,56,0,0.01,42,0.00,0.08,0.00,9,0.00,0.00,2,0,0.00,0.00,0.00,0.00,6,0,0.00,9,0,97,81,0,46,1,0,0.00,99,0,0.00,0.00,7.50,0.33,1,0,0,21,0.00,0.00,0.00,0,0.00,99,0,0.00,0,0.00,99,0,0.00,0.00,28,0,66,16,0,0,0,0,0,41,56,74,68,0,99,99,15,15,0,0,16,32,0,0
Nehuén Mario Paz,33,735980400,1993/04/28,Primera División,2026,Defender,Huracán,313,41,272,Argentina,5,1,4,0,0,0,0,0,0,0,0,1,0,1,2,0,2,1,0,0,0,0,0,0,0,0.58,157,63,313,0,0.29,452,442,31,22,0,7.02,0,63,51.95,39.60,93,198,31.80,159,74,41.72,92,0.00,0.00,0.20,1,0.00,0.20,0.26,0.20,1,0.00,0.00,0.00,0.00,0.00,0.80,0.00,0.60,0.00,2.36,1.40,0.20,0.00,0.40,0.14,0.00,5.00,0.00,0.00,0,0,,9,1.80,88,2,0.52,71,7,1.84,95,1,1,4,8,0.00,99,0,4,1.05,60,1,99,0.26,26,0,0.00,99,0,0.00,0,0,0.00,0,0.26,23,1,0.26,19,0,0.00,0.00,0,0.00,0,0,0,0.00,0,3,0.00,86,0.79,26,N/A,N/A,N/A,N/A,0.00,0,0.00,0,0.68,0.00,0,80.30,22.22,39,58,0.40,0.52,2,12,12,0,0,0,0.40,0.52,2,83,35.08,7.80,10.23,39,0,0.00,0.00,99,0.00,0,0,0,0.00,0.00,0,0.00,0.00,0.00,0.00,0,0,0.00,56,0,1,56,86,0.40,54,0.08,0.10,0.68,70,0.14,0.18,10,1,0.20,0.26,0.26,0.20,8,1,0.18,69,86,99,81,0,46,99,0,0.00,99,25,0.00,6.56,9.71,7.40,37,27,91,48,7.08,5.40,72.97,0,0.00,99,0,100.00,0,0.00,99,1,0.20,0.26,52,8,44,41,0,0,0,0,0,41,56,74,68,0,99,15,52,64,1,20,65,30,0,0
Nelson Federico Insfrán,31,801298800,1995/05/24,Primera División,2026,Goalkeeper,Gimnasia La Plata,1378,630,748,Argentina,16,7,9,0,0,0,0,0,0,0,0,6,3,3,16,7,9,2,0,0,0,0,0,0,0,1.04,86,86,689,0,0.13,505,497,150,30,0,6.93,0,63,20.64,19.75,14,316,12.31,197,10,12.87,11,0.00,0.00,0.06,1,0.00,0.06,0.00,0.00,0,0.00,0.00,0.00,0.00,2.81,0.00,0.00,3.81,0.00,0.00,0.00,0.00,0.00,0.00,0.00,0.00,0.06,0.00,0.00,0,0,,0,0.00,8,0,0.00,22,0,0.00,9,1,0,16,5,0.00,99,0,0,0.00,10,1,28,0.07,16,0,0.00,99,0,0.00,0,0,0.00,0,0.07,10,0,0.00,9,0,0.00,0.00,0,0.00,0,45,53,2.94,64,61,0.00,37,3.98,97,N/A,N/A,N/A,N/A,73.77,0,0.00,0,0.00,0.00,0,62.34,0.00,22,99,0.00,0.00,0,12,12,0,0,34,0.00,0.00,0,29,110.89,0.50,0.52,8,0,0.00,0.00,99,0.00,0,0,0,0.00,0.00,5,0.31,0.33,0.00,0.00,0,0,0.00,56,88,88,56,37,0.50,6,0.03,0.03,0.00,9,0.00,0.00,3,1,0.06,0.07,0.00,0.00,6,0,0.00,9,78,15,81,37,46,1,0,0.00,99,1,0.00,0.07,0.26,0.25,4,2,0,1,0.13,0.12,50.00,0,0.00,99,0,0.00,0,0.00,99,0,0.00,0.00,28,93,30,41,0,0,0,0,0,41,56,74,68,0,99,65,87,29,2,12,41,23,0,0
Néstor Adriel Breitenbruch,30,810975600,1995/09/13,Primera División,2026,Defender,Aldosivi,270,180,90,Argentina,3,2,1,0,0,0,0,0,0,0,0,0,0,0,4,2,2,0,0,0,0,0,0,0,0,1.33,68,90,0,0,0,-1,-1,-1,7,0,6.72,0,63,24.67,24.67,29,74,16.67,50,21,16.67,28,0.00,0.00,0.00,0,0.00,0.67,2.33,2.33,7,0.00,0.00,0.00,0.00,0.00,0.33,0.00,1.67,0.00,0.33,0.33,0.33,0.00,0.00,0.02,0.00,0.33,0.00,0.00,0,0,,1,0.33,18,0,0.00,22,1,0.33,26,0,0,3,80,0.00,99,0,1,0.33,23,2,95,0.67,42,0,0.00,99,0,0.00,0,0,0.00,0,0.00,8,1,0.33,21,0,0.00,0.00,0,0.00,0,0,0,0.00,0,5,0.00,14,1.67,89,N/A,N/A,N/A,N/A,0.00,0,0.00,0,0.06,0.00,0,67.57,0.00,22,47,0.67,0.67,2,12,12,0,0,0,1.33,1.33,4,99,20.16,4.33,4.33,13,0,0.00,0.00,99,0.00,0,0,0,0.00,0.00,0,0.00,0.00,0.33,0.33,1,0,0.00,56,0,0,56,15,0.09,6,0.03,0.03,0.06,20,0.02,0.02,2,0,0.00,0.00,0.33,0.33,9,1,0.02,20,42,82,81,0,83,11,0,0.00,99,1,0.00,0.33,4.33,4.33,13,8,9,7,2.67,2.67,61.54,0,0.00,99,0,50.00,0,0.00,99,1,0.33,0.33,56,3,30,16,0,0,0,0,0,41,56,74,68,0,99,1,15,15,0,0,16,25,0,0
Néstor Fernando Muslera Micol,40,519289200,1986/06/16,Primera División,2026,Goalkeeper,Estudiantes,1036,630,406,Uruguay,12,7,5,0,0,0,0,0,0,0,0,6,3,3,6,4,2,1,0,0,0,0,0,0,0,0.52,173,86,1036,0,0.09,533,533,24,23,0,6.98,0,63,27.28,26.17,38,314,20.50,246,64,21.37,45,0.00,0.00,0.17,2,0.00,0.00,0.00,0.00,0,0.00,0.00,0.00,0.00,1.83,0.00,0.00,2.42,0.00,0.00,0.00,0.00,0.00,0.00,0.00,0.00,0.17,0.00,0.00,0,0,,0,0.00,8,0,0.00,22,0,0.00,9,1,0,12,5,0.00,99,0,0,0.00,10,0,28,0.00,12,0,0.00,99,0,0.00,0,0,0.00,0,0.17,17,0,0.00,9,0,0.00,0.00,0,0.00,0,22,69,1.91,6,29,0.00,90,2.52,93,N/A,N/A,N/A,N/A,75.86,0,0.00,0,0.00,0.00,0,78.34,0.00,22,92,0.08,0.09,1,12,12,0,0,16,0.08,0.09,1,34,83.71,0.92,0.96,11,0,0.00,0.00,99,0.00,0,0,0,0.00,0.00,6,0.50,0.52,0.00,0.00,0,0,0.00,56,62,39,56,90,0.57,18,0.05,0.05,0.00,9,0.00,0.00,15,4,0.33,0.35,0.00,0.00,6,0,0.00,9,83,33,81,69,46,5,0,0.00,99,2,0.00,0.17,0.61,0.58,7,5,3,5,0.43,0.42,71.43,0,0.00,99,0,0.00,0,0.00,99,0,0.00,0.00,28,65,30,41,0,0,0,0,0,41,56,74,68,0,99,88,93,23,1,8,29,16,0,0
Neyder Stiven Moreno Betancur,29,855475200,1997/02/09,Primera División,2026,Midfielder,Banfield,202,53,149,Colombia,7,3,4,1,0,1,0,0,0,0,0,2,2,0,1,0,1,1,0,0.45,0,0.45,0,0.6,202,0.45,202,29,202,0,0.45,-1,-1,-1,6,0,6.66,0,63,28.07,9.00,40,63,6.43,45,31,20.05,39,0.00,0.00,0.43,3,0.00,0.71,2.67,0.86,6,0.00,0.71,0.00,0.00,0.00,0.14,0.14,0.14,7.00,3.12,0.43,0.71,0.00,0.57,0.18,0.00,0.71,0.00,0.00,0,0,,7,1.00,97,4,1.78,99,3,1.34,83,3,5,2,88,0.00,99,0,1,0.45,28,5,28,2.23,65,0,0.00,99,0,0.00,0,0,0.00,0,1.34,79,5,2.23,74,1,0.45,20.00,0,0.00,0,0,0,0.00,0,1,0.00,94,0.45,3,N/A,N/A,N/A,N/A,0.00,0,0.00,0,1.26,0.00,0,71.43,57.14,93,8,0.43,1.34,3,48,17,0,0,0,0.00,0.00,0,29,46.64,0.14,0.45,1,0,0.00,0.00,99,0.00,0,0,0,0.00,0.00,0,0.00,0.00,0.00,0.00,0,0,14.29,83,0,6,59,94,0.20,47,0.03,0.09,1.26,99,0.18,0.56,68,3,0.43,1.34,2.67,0.86,96,6,0.56,98,34,12,81,0,46,75,0,0.00,99,5,0.00,2.23,16.49,5.29,37,15,87,95,6.68,2.14,40.54,5,2.23,5,0,0.00,0,0.00,99,0,0.00,0.00,28,0,82,74,0,0,0,0,0,91,97,98,68,0,99,39,29,87,1,14,47,33,0,0
Nicolás Adrián Oroz,32,765187200,1994/04/01,Primera División,2026,Midfielder,Argentinos Juniors,1301,847,454,Argentina,18,11,7,2,2,0,3,1,2,0,0,10,8,2,10,3,7,1,0,0.35,0.21,0.14,0.21,0,651,0.69,130,72,1301,434,0.07,146,65,-1,3,0,7.04,0.17,90,44.97,36.28,85,653,30.83,555,92,38.22,87,0.00,0.00,1.39,25,0.00,3.06,1.58,1.28,23,0.00,0.83,0.00,0.00,0.00,1.06,0.94,0.56,5.00,0.69,0.33,1.72,0.00,0.22,0.11,0.00,0.06,0.00,0.00,0,0,,10,0.56,40,4,0.28,52,6,0.41,33,1,2,16,51,0.00,99,0,19,1.31,73,55,79,3.79,84,0,0.00,99,0,0.00,0,0,0.00,0,1.72,91,31,2.13,72,17,1.17,54.84,0,0.00,0,0,0,0.00,0,10,0.00,73,0.69,16,N/A,N/A,N/A,N/A,0.00,0,0.00,0,1.98,0.00,0,84.99,40.00,74,33,0.67,0.83,12,83,71,1,0,0,0.22,0.28,4,65,126.76,0.50,0.62,9,0,0.00,0.00,99,0.00,0,1,1,0.06,0.07,0,0.00,0.00,0.07,0.06,1,0,20.00,93,81,98,84,73,3.74,93,0.21,0.26,1.28,52,0.07,0.09,36,11,0.61,0.76,0.90,0.72,37,13,0.14,63,88,18,85,0,51,1,0,0.00,99,1,0.00,0.07,7.57,6.11,110,52,17,21,3.58,2.89,47.27,15,1.03,33,0,34.55,0,0.00,99,19,1.06,1.31,92,93,57,41,0,0,0,0,0,83,74,74,79,0,99,96,97,19,1,6,21,11,0,0
Nicolás Agustín Demartini,26,941702400,1999/11/04,Primera División,2026,Defender,Barracas Central,900,450,450,Argentina,10,5,5,1,1,0,1,0,1,0,0,2,1,1,8,5,3,2,0,0.2,0.1,0.1,0.2,0,900,0.8,113,90,450,900,0.2,191,145,94,7,0,6.74,0.1,76,24.10,24.10,27,241,18.50,185,56,18.50,35,0.00,0.00,0.40,4,0.00,0.10,2.40,2.40,24,0.00,0.70,0.00,0.00,0.00,1.30,0.10,1.00,1.00,0.10,0.00,0.10,0.00,0.10,0.07,0.00,1.00,0.00,0.00,0,0,,1,0.10,9,1,0.10,29,0,0.00,9,0,0,10,83,0.00,99,0,13,1.30,73,1,28,0.10,18,0,0.00,99,0,0.00,0,0,0.00,0,0.40,32,1,0.10,11,1,0.10,100.00,0,0.00,0,0,0,0.00,0,10,0.00,62,1.00,50,N/A,N/A,N/A,N/A,0.00,0,0.00,0,0.70,0.00,0,76.76,100.00,99,70,0.40,0.40,4,17,99,0,0,0,0.30,0.30,3,66,67.41,3.40,3.40,34,0,0.00,0.00,99,0.00,0,0,0,0.00,0.00,0,0.00,0.00,0.00,0.00,0,0,100.00,99,53,23,91,62,1.13,59,0.11,0.11,0.70,44,0.07,0.07,7,2,0.20,0.20,1.80,1.80,85,18,0.07,44,46,77,81,0,46,41,0,0.00,99,10,0.00,1.00,6.70,6.70,67,37,19,15,3.70,3.70,55.22,7,0.70,49,0,0.00,0,0.00,99,0,0.00,0.00,28,52,30,16,0,0,0,0,0,69,66,74,78,0,99,15,73,45,2,20,65,31,0,0
Nicolas Barros Schelotto,19,1158908400,2006/09/22,Primera División,2026,Midfielder,Gimnasia La Plata,1231,614,617,USA,17,8,9,3,2,1,3,1,2,0,0,5,3,2,17,7,10,7,1,0.44,0.22,0.22,0.29,0.15,410,1.24,72,72,176,410,0.51,89,62,-1,2,0,7.22,0.18,91,44.93,35.82,85,609,28.76,489,74,36.07,84,0.00,0.00,1.94,33,0.00,5.71,1.99,1.59,27,0.00,0.35,0.00,0.00,0.00,0.82,0.29,1.00,4.00,1.18,0.47,0.88,0.00,0.47,0.22,0.00,0.59,0.00,0.00,0,0,,16,0.94,59,8,0.59,75,8,0.59,48,1,0,17,69,0.00,99,0,14,1.03,59,97,73,7.16,98,0,0.00,99,0,0.00,0,0,0.00,0,2.43,97,15,1.11,46,5,0.37,33.33,0,0.00,0,0,0,0.00,0,17,0.00,19,1.25,68,N/A,N/A,N/A,N/A,0.00,0,0.00,0,3.75,0.00,0,80.30,50.00,91,16,0.88,1.11,15,41,32,0,0,0,0.06,0.07,1,31,122.74,0.82,1.03,14,0,0.00,0.00,99,0.00,0,0,1,0.06,0.07,0,0.00,0.00,0.07,0.06,1,0,25.00,95,77,94,71,19,3.85,95,0.23,0.28,3.75,85,0.22,0.28,89,28,1.65,2.07,1.62,1.29,79,22,0.28,84,96,36,85,0,51,30,0,0.00,99,10,0.00,0.74,9.30,7.41,126,70,57,44,5.16,4.12,55.56,6,0.44,66,0,31.96,0,0.00,99,31,1.82,2.29,99,95,30,41,0,0,0,0,0,90,86,80,86,0,99,39,25,91,6,35,93,10,0,0
Nicolás Bolcato,22,1083826800,2004/05/06,Primera División,2026,Goalkeeper,Independiente Rivadavia,1426,900,526,Argentina,16,10,6,0,0,0,0,0,0,0,0,4,1,3,15,12,3,1,0,0,0,0,0,0,0,0.95,95,89,1426,0,0.06,481,477,131,25,0,6.80,0,63,23.54,23.31,26,373,10.62,170,2,10.73,6,0.00,0.00,0.00,0,0.00,0.00,0.00,0.00,0,0.00,0.00,0.00,0.00,2.44,0.06,0.06,3.38,0.00,0.00,0.00,0.06,0.00,0.00,0.00,0.00,0.44,0.00,0.00,0,0,,0,0.00,8,0,0.00,22,0,0.00,9,0,1,15,5,0.00,99,0,1,0.06,11,0,28,0.00,12,0,0.00,99,0,0.00,0,0,0.00,0,0.00,8,1,0.06,9,1,0.06,100.00,0,0.00,0,39,42,2.46,28,54,0.00,46,3.41,95,N/A,N/A,N/A,N/A,72.22,0,0.00,0,0.00,0.00,0,45.58,0.00,22,85,0.19,0.19,3,13,99,0,0,17,0.00,0.00,0,29,108.77,0.75,0.76,12,0,0.00,0.00,99,0.00,0,0,0,0.00,0.00,7,0.44,0.44,0.00,0.00,0,0,0.00,56,90,88,56,46,0.39,2,0.02,0.02,0.00,9,0.00,0.00,14,5,0.31,0.32,0.00,0.00,6,0,0.00,9,55,24,81,60,46,18,0,0.00,99,7,0.00,0.44,1.07,1.06,17,13,7,7,0.82,0.81,76.47,0,0.00,99,0,0.00,0,0.00,99,0,0.00,0.00,28,85,44,16,0,0,0,0,0,41,56,74,68,0,99,27,99,17,1,6,21,30,0,0
Nicolás Capraro,28,888912000,1998/03/03,Primera División,2026,Defender,Barracas Central,996,456,540,Argentina,13,6,7,0,0,0,0,0,0,0,0,3,2,1,10,5,5,1,0,0,0,0,0,0,0,0.9,100,77,996,0,0.09,468,464,121,25,0,6.82,0,63,25.03,21.31,31,277,16.54,215,59,19.43,38,0.00,0.00,0.31,4,0.00,0.38,1.90,1.62,21,0.00,0.08,0.00,0.00,0.00,1.31,0.31,0.92,0.00,0.27,0.08,0.31,0.00,0.15,0.02,0.00,1.15,0.00,0.00,0,0,,3,0.23,15,2,0.18,40,1,0.09,10,1,2,11,65,0.00,99,0,17,1.54,85,5,85,0.45,36,0,0.00,99,0,0.00,0,0,0.00,0,0.36,29,4,0.36,22,4,0.36,100.00,0,0.00,0,0,0,0.00,0,12,0.00,50,1.08,56,N/A,N/A,N/A,N/A,0.00,0,0.00,0,0.32,0.00,0,77.62,66.67,98,66,0.38,0.45,5,40,99,0,0,0,0.69,0.81,9,94,88.66,4.00,4.70,52,0,0.00,0.00,99,0.00,0,0,0,0.00,0.00,0,0.00,0.00,0.00,0.00,0,0,0.00,56,60,49,56,50,0.68,26,0.05,0.06,0.32,26,0.02,0.03,21,5,0.38,0.45,1.36,1.15,64,15,0.03,26,59,84,81,0,46,57,0,0.00,99,15,0.00,1.36,7.05,6.00,78,44,24,18,3.98,3.38,56.41,1,0.09,85,0,40.00,0,0.00,99,2,0.15,0.18,42,59,57,41,0,0,0,0,0,41,56,74,68,0,99,19,93,23,1,8,29,2,0,0
Nicolás Cordero,27,923814000,1999/04/11,Primera División,2026,Forward,Aldosivi,821,348,473,Argentina,12,5,7,1,1,0,1,0,1,0,0,1,1,0,11,4,7,0,0,0.22,0.11,0.11,0.26,0,821,1.21,75,68,0,821,0,178,134,-1,5,0,6.92,0.08,77,24.67,18.75,29,225,12.08,145,15,15.90,25,0.00,0.00,0.67,8,0.00,0.33,0.99,0.75,9,0.00,1.00,0.00,0.00,0.00,0.25,0.25,1.08,20.00,2.19,1.25,0.58,0.00,0.42,0.16,0.00,5.83,0.00,0.00,0,0,,20,1.67,84,5,0.55,73,15,1.64,91,4,3,9,23,0.00,99,0,3,0.33,23,4,95,0.44,36,0,0.00,99,0,0.00,0,0,0.00,0,0.88,61,7,0.77,37,3,0.33,42.86,0,0.00,0,0,0,0.00,0,13,0.00,22,1.43,80,N/A,N/A,N/A,N/A,0.00,0,0.00,0,1.88,0.00,0,64.44,25.00,45,75,0.25,0.33,3,36,48,0,0,0,0.17,0.22,2,58,83.01,0.58,0.77,7,0,0.00,0.00,99,0.00,0,0,0,0.00,0.00,0,0.00,0.00,0.77,0.58,7,0,5.00,58,47,39,90,24,1.17,66,0.10,0.13,1.88,76,0.16,0.21,50,9,0.75,0.99,1.86,1.42,86,17,0.21,74,77,24,81,0,96,99,0,0.00,99,70,0.00,7.67,20.39,15.50,186,89,99,99,9.76,7.42,47.85,12,1.32,22,0,50.00,0,0.00,99,2,0.17,0.22,49,48,66,84,0,0,0,0,0,72,68,74,83,0,99,2,15,15,0,0,16,19,0,0
Nicolás Emanuel Laméndola,27,913449600,1998/12/12,Primera División,2026,Forward,Atlético Tucumán,1122,564,558,Argentina,15,8,7,1,1,0,0,0,0,0,0,5,4,1,12,2,10,4,0,0.08,0,0.08,0.16,0,1122,0.96,94,75,281,0,0.32,208,469,-1,6,0,6.81,0,63,24.14,20.07,27,301,13.40,201,19,16.12,26,0.00,0.00,1.07,16,0.00,4.80,1.93,1.60,24,0.00,1.60,0.00,0.00,0.00,0.47,2.20,0.87,15.00,1.20,0.67,4.73,0.00,0.33,0.12,0.00,0.40,0.00,0.00,0,0,,15,1.00,59,5,0.40,62,10,0.80,58,1,2,13,66,0.00,99,0,7,0.56,33,72,46,5.78,95,0,0.00,99,0,0.00,0,0,0.00,0,1.28,77,71,5.70,98,33,2.65,46.48,0,0.00,0,0,0,0.00,0,13,0.00,44,1.04,53,N/A,N/A,N/A,N/A,0.00,0,0.00,0,1.79,0.00,0,66.78,33.33,62,48,0.53,0.64,8,99,54,0,0,0,0.07,0.08,1,33,102.09,0.67,0.80,10,0,0.00,0.00,99,0.00,0,0,1,0.07,0.08,0,0.00,0.00,0.24,0.20,3,2,6.67,63,68,73,94,44,1.06,47,0.07,0.09,1.79,64,0.12,0.14,82,23,1.53,1.84,1.44,1.20,69,18,0.14,63,57,25,87,0,75,20,0,0.00,99,6,0.00,0.48,14.76,12.27,184,85,88,91,6.82,5.67,46.20,24,1.93,8,0,20.83,0,0.00,99,15,1.00,1.20,88,71,57,41,0,0,0,0,0,48,63,74,75,0,99,54,47,69,4,27,82,23,0,0
Nicolás Ezequiel Caro Torres,31,799570800,1995/05/04,Primera División,2026,Defender,Deportivo Riestra,0,0,0,Argentina,0,0,0,0,0,0,0,0,0,0,0,0,0,0,0,0,0,0,0,0,0,0,0,0,0,0,0,0,0,0,0,-1,-1,-1,-1,N/A,N/A,N/A,N/A,N/A,N/A,N/A,N/A,N/A,N/A,N/A,N/A,N/A,N/A,N/A,N/A,N/A,N/A,N/A,N/A,N/A,N/A,N/A,N/A,N/A,N/A,N/A,N/A,N/A,N/A,N/A,N/A,N/A,N/A,N/A,N/A,N/A,N/A,N/A,N/A,N/A,N/A,N/A,N/A,N/A,N/A,N/A,N/A,N/A,N/A,N/A,N/A,N/A,N/A,N/A,N/A,N/A,N/A,N/A,N/A,N/A,N/A,N/A,N/A,N/A,N/A,N/A,N/A,N/A,N/A,N/A,N/A,N/A,N/A,N/A,N/A,N/A,N/A,N/A,N/A,N/A,N/A,N/A,N/A,N/A,N/A,N/A,N/A,N/A,N/A,N/A,N/A,N/A,N/A,N/A,N/A,N/A,N/A,N/A,N/A,N/A,N/A,N/A,N/A,N/A,N/A,N/A,N/A,N/A,N/A,N/A,N/A,N/A,N/A,N/A,N/A,N/A,N/A,N/A,N/A,N/A,N/A,N/A,N/A,N/A,N/A,N/A,N/A,N/A,N/A,N/A,N/A,N/A,N/A,N/A,N/A,N/A,N/A,N/A,N/A,N/A,N/A,N/A,N/A,N/A,N/A,N/A,N/A,N/A,N/A,N/A,N/A,N/A,N/A,N/A,N/A,N/A,N/A,N/A,N/A,N/A,N/A,N/A,N/A,N/A,N/A,N/A,N/A,N/A,N/A,N/A,N/A,N/A,N/A,N/A,N/A,N/A,N/A,N/A,N/A,N/A,N/A,N/A,N/A,N/A,N/A,N/A,N/A,N/A,N/A,N/A,N/A,N/A,N/A,N/A,N/A,N/A,N/A,N/A,N/A,N/A,N/A,N/A,N/A,N/A,N/A,N/A,N/A,N/A,N/A,N/A,N/A,N/A,N/A,N/A,N/A,N/A,N/A,N/A,N/A,N/A,N/A,N/A,N/A
Nicólas Ezequiel Watson,28,895820400,1998/05/22,Primera División,2026,Midfielder,Deportivo Riestra,736,299,437,Argentina,12,5,7,0,0,0,0,0,0,0,0,5,3,2,7,2,5,2,0,0,0,0,0,0,0,0.86,105,61,368,0,0.24,245,222,-1,25,0,6.55,0,63,27.76,18.92,39,227,11.33,136,7,16.63,28,0.00,0.00,0.67,8,0.00,1.75,2.69,1.83,22,0.00,0.42,0.00,0.00,0.00,0.42,0.25,0.75,0.00,0.24,0.08,0.75,0.00,0.08,0.01,0.00,0.83,0.00,0.00,0,0,,2,0.17,14,1,0.12,33,1,0.12,12,3,4,8,89,0.00,99,0,5,0.61,37,21,83,2.57,70,0,0.00,99,0,0.00,0,0,0.00,0,0.98,65,9,1.10,46,3,0.37,33.33,0,0.00,0,0,0,0.00,0,9,0.00,55,1.10,58,N/A,N/A,N/A,N/A,0.00,0,0.00,0,0.16,0.00,0,59.91,50.00,91,12,0.83,1.22,10,41,32,0,0,0,0.17,0.24,2,60,78.66,0.83,1.22,10,1,0.00,0.12,3,0.08,0,0,0,0.00,0.00,0,0.00,0.00,0.00,0.00,0,0,0.00,56,41,39,56,56,0.61,36,0.05,0.07,0.16,20,0.01,0.02,96,22,1.83,2.69,2.69,1.83,96,22,0.02,20,21,41,81,0,46,52,0,0.00,99,10,0.00,1.22,12.84,8.75,105,57,90,82,6.97,4.75,54.29,5,0.61,54,0,38.10,0,0.00,99,8,0.67,0.98,83,40,75,74,0,0,0,0,0,41,56,74,68,0,99,73,62,54,2,17,53,16,0,0
Nicolás Fernández,30,823766400,1996/02/08,Primera División,2026,Forward,Belgrano,939,458,481,Argentina,19,9,10,4,1,3,4,3,1,0,0,9,5,4,6,2,4,1,0,0.77,0.38,0.38,0.2,0.56,235,0.58,157,49,939,235,0.1,39,18,-1,2,0,6.82,0.21,98,22.38,12.68,22,241,9.74,185,56,17.18,30,0.00,0.00,0.53,10,0.00,0.05,1.11,0.63,12,0.00,0.63,0.00,0.00,0.00,0.05,0.21,0.32,7.75,2.88,0.84,0.68,0.00,0.79,0.27,0.00,0.47,0.00,0.00,0,0,,31,1.63,95,15,1.39,98,16,1.49,86,2,7,12,28,0.00,99,0,1,0.09,12,1,28,0.09,18,0,0.00,99,0,0.00,0,0,0.00,0,0.93,63,13,1.21,50,4,0.37,30.77,0,0.00,0,0,0,0.00,0,6,0.00,86,0.56,9,N/A,N/A,N/A,N/A,0.00,0,0.00,0,5.22,0.00,0,76.76,48.39,83,65,0.26,0.46,5,41,26,1,1,0,0.00,0.00,0,29,129.62,0.16,0.28,3,0,0.00,0.00,99,0.00,0,2,0,0.00,0.00,0,0.00,0.00,0.46,0.26,5,0,12.90,79,56,99,63,86,3.11,96,0.16,0.29,3.82,91,0.20,0.35,47,10,0.53,0.93,0.46,0.26,12,5,0.48,97,59,8,81,0,90,34,0,0.00,99,9,0.00,0.84,7.89,4.47,85,34,12,25,3.16,1.79,40.00,12,1.11,29,0,0.00,0,0.00,99,0,0.00,0.00,28,65,92,57,0,0,0,0,0,99,94,98,78,0,99,82,92,24,1,5,16,22,0,0
Nicolás Guerra,27,915868800,1999/01/09,Primera División,2026,Forward,Instituto,458,254,204,Chile,13,7,6,1,1,0,0,0,0,0,0,4,2,2,3,3,0,4,0,0.2,0,0.2,0.35,0,458,0.59,153,35,115,0,0.79,96,365,-1,8,0,6.51,0,63,16.70,6.54,5,85,5.08,66,59,12.97,12,0.00,0.00,0.31,4,0.00,0.15,1.18,0.46,6,0.00,0.46,0.00,0.00,0.00,0.15,0.15,0.31,13.00,2.55,0.77,1.08,0.00,0.23,0.11,0.00,0.62,0.00,0.00,0,0,,13,1.00,92,3,0.59,75,10,1.97,96,1,8,5,32,0.00,99,0,2,0.39,25,2,28,0.39,33,0,0.00,99,0,0.00,0,0,0.00,0,0.79,56,14,2.75,81,2,0.39,14.29,0,0.00,0,0,0,0.00,0,4,0.00,85,0.79,26,N/A,N/A,N/A,N/A,0.00,0,0.00,0,1.39,0.00,0,77.65,23.08,40,36,0.31,0.79,4,43,14,0,0,0,0.00,0.00,0,29,84.61,0.38,0.98,5,0,0.00,0.00,99,0.00,0,0,1,0.08,0.20,0,0.00,0.00,0.20,0.08,1,0,7.69,66,12,49,74,85,0.30,26,0.02,0.06,1.39,84,0.11,0.27,71,7,0.54,1.38,3.54,1.38,99,18,0.27,83,18,34,97,0,72,63,0,0.00,99,8,0.00,1.57,15.52,6.08,79,23,39,93,4.52,1.77,29.11,6,1.18,25,0,0.00,0,0.00,99,0,0.00,0.00,28,18,95,41,0,0,0,0,0,69,83,74,88,0,99,47,16,99,4,31,89,7,0,0
Nicolás Linares,30,826099200,1996/03/06,Primera División,2026,Midfielder,Gimnasia Mendoza,654,260,394,Argentina,8,3,5,0,0,0,0,0,0,0,0,2,0,2,7,4,3,2,0,0,0,0,0,0,0,0.96,93,82,327,0,0.28,404,393,-1,13,0,6.61,0,63,32.61,29.62,56,237,22.38,179,48,24.63,55,0.00,0.00,0.12,1,0.00,0.50,2.06,1.88,15,0.00,0.88,0.00,0.00,0.00,1.38,0.38,0.88,0.00,0.55,0.12,0.62,0.00,0.38,0.05,0.00,1.00,0.00,0.00,0,0,,4,0.50,31,3,0.41,63,1,0.14,13,4,0,8,71,0.00,99,0,11,1.51,84,4,28,0.55,40,0,0.00,99,0,0.00,0,0,0.00,0,0.14,14,5,0.69,35,3,0.41,60.00,0,0.00,0,0,0,0.00,0,7,0.00,44,0.96,45,N/A,N/A,N/A,N/A,0.00,0,0.00,0,0.40,0.00,0,75.53,75.00,98,2,1.62,1.79,13,45,79,0,0,0,0.62,0.69,5,91,52.90,2.00,2.20,16,0,0.00,0.00,99,0.00,0,0,0,0.00,0.00,0,0.00,0.00,0.00,0.00,0,0,0.00,56,32,11,56,44,0.36,18,0.04,0.05,0.40,42,0.05,0.06,11,2,0.25,0.28,1.79,1.62,85,13,0.06,42,27,63,81,0,46,46,0,0.00,99,8,0.00,1.10,9.77,8.88,71,28,21,49,3.85,3.50,39.44,7,0.96,36,0,0.00,0,0.00,99,0,0.00,0.00,28,40,30,84,0,0,0,0,0,41,56,74,68,0,99,27,55,62,2,25,79,8,0,0
Nicolás Mauricio Zalazar,29,854524800,1997/01/29,Primera División,2026,Defender,Aldosivi,1244,620,624,Argentina,14,7,7,0,0,0,1,1,0,0,0,3,3,0,17,5,12,2,1,0.07,0.07,0,0,0,0,1.23,73,89,622,1244,0.14,278,175,191,11,0,7.03,0.07,69,38.05,37.57,72,526,28.79,403,55,29.16,69,0.00,0.00,0.57,8,0.00,0.36,1.95,1.93,27,0.00,0.21,0.00,0.00,0.00,1.21,0.36,1.29,0.00,0.87,0.57,0.57,0.00,0.29,0.07,0.00,3.07,0.00,0.00,0,0,,12,0.86,49,4,0.29,53,8,0.58,47,2,0,14,68,0.00,99,0,17,1.23,69,5,96,0.36,32,0,0.00,99,0,0.00,0,0,0.00,0,0.58,41,8,0.58,29,5,0.36,62.50,0,0.00,0,0,0,0.00,0,18,0.00,20,1.30,73,N/A,N/A,N/A,N/A,0.00,0,0.00,0,0.98,0.00,0,76.62,33.33,62,79,0.29,0.29,4,40,81,0,0,0,0.57,0.58,8,86,98.48,7.00,7.09,98,0,0.00,0.00,99,0.00,0,0,0,0.00,0.00,0,0.00,0.00,0.00,0.00,0,0,0.00,56,78,61,56,20,1.65,63,0.12,0.12,0.98,44,0.07,0.07,27,8,0.57,0.58,1.01,1.00,44,14,0.07,44,87,95,81,0,46,90,0,0.00,99,43,0.00,3.11,9.04,8.93,125,82,75,40,5.93,5.86,65.60,3,0.22,78,0,60.00,0,0.00,99,3,0.21,0.22,49,78,30,57,0,0,0,0,0,46,56,74,68,0,99,17,84,31,1,7,25,33,0,0
Nicolás Meriano,25,973756800,2000/11/09,Primera División,2026,Defender,Banfield,798,372,426,Argentina,12,6,6,0,0,0,0,0,0,0,0,4,4,0,6,1,5,5,2,0,0,0,0,0,0,0.68,133,67,133,0,0.68,412,415,62,26,0,6.58,0,63,29.10,21.50,44,258,14.67,176,23,19.85,39,0.00,0.00,0.00,0,0.00,0.17,2.14,1.58,19,0.00,0.25,0.00,0.00,0.00,2.25,0.00,0.58,0.00,0.56,0.33,0.08,0.00,0.08,0.03,0.00,1.67,0.00,0.00,0,0,,5,0.42,32,1,0.11,30,4,0.45,37,0,3,9,75,0.00,99,0,27,3.05,99,2,28,0.23,26,0,0.00,99,0,0.00,0,0,0.00,0,0.00,8,1,0.11,11,0,0.00,0.00,0,0.00,0,0,0,0.00,0,7,0.00,74,0.79,26,N/A,N/A,N/A,N/A,0.00,0,0.00,0,0.35,0.00,0,68.22,20.00,35,74,0.25,0.34,3,12,12,0,0,0,0.58,0.79,7,94,78.95,4.50,6.09,54,1,0.00,0.11,5,0.08,0,0,0,0.00,0.00,0,0.00,0.00,0.11,0.08,1,0,0.00,56,45,39,56,74,0.42,18,0.03,0.05,0.35,32,0.03,0.04,15,3,0.25,0.34,0.90,0.67,37,8,0.04,32,24,90,81,0,58,76,0,0.00,99,20,0.00,2.26,8.46,6.25,75,42,45,31,4.74,3.50,56.00,3,0.34,71,0,0.00,0,0.00,99,0,0.00,0.00,28,48,66,16,0,0,0,0,0,41,56,74,68,0,99,54,18,98,3,25,79,6,0,0
Nicolás Morgantini,31,779266800,1994/09/11,Primera División,2026,Defender,Lanús,224,90,134,Argentina,3,1,2,0,0,0,0,0,0,0,0,1,1,0,1,0,1,0,0,0,0,0,0,0,0,0.4,224,75,0,0,0,-1,-1,-1,23,0,6.51,0,63,52.23,43.33,93,130,36.00,108,83,43.39,93,0.00,0.00,0.00,0,0.00,1.67,1.21,1.00,3,0.00,0.33,0.00,0.00,0.00,1.00,0.33,0.67,0.00,0.00,0.00,1.33,0.00,0.00,0.00,0.00,0.67,0.00,0.00,0,0,,0,0.00,8,0,0.00,22,0,0.00,9,0,1,2,33,0.00,99,0,3,1.21,67,5,28,2.01,63,0,0.00,99,0,0.00,0,0,0.00,0,0.00,8,4,1.61,63,1,0.40,25.00,0,0.00,0,0,0,0.00,0,2,0.00,96,0.80,27,N/A,N/A,N/A,N/A,0.00,0,0.00,0,0.00,0.00,0,83.08,0.00,22,35,0.67,0.80,2,44,21,0,0,0,0.00,0.00,0,29,19.52,1.33,1.61,4,0,0.00,0.00,99,0.00,0,0,0,0.00,0.00,0,0.00,0.00,0.00,0.00,0,0,0.00,56,0,0,56,96,0.23,47,0.08,0.09,0.00,9,0.00,0.00,39,2,0.67,0.80,2.01,1.67,89,5,0.00,9,18,52,81,0,46,33,0,0.00,99,2,0.00,0.80,8.84,7.33,22,8,12,38,3.21,2.67,36.36,1,0.40,67,0,0.00,0,0.00,99,0,0.00,0.00,28,0,44,16,0,0,0,0,0,41,56,74,68,0,99,54,15,15,0,0,16,3,0,0
Nicolás Morro,28,872838000,1997/08/29,Primera División,2026,Defender,Estudiantes Río Cuarto,0,0,0,Argentina,0,0,0,0,0,0,0,0,0,0,0,0,0,0,0,0,0,0,0,0,0,0,0,0,0,0,0,0,0,0,0,-1,-1,-1,-1,N/A,N/A,N/A,N/A,N/A,N/A,N/A,N/A,N/A,N/A,N/A,N/A,N/A,N/A,N/A,N/A,N/A,N/A,N/A,N/A,N/A,N/A,N/A,N/A,N/A,N/A,N/A,N/A,N/A,N/A,N/A,N/A,N/A,N/A,N/A,N/A,N/A,N/A,N/A,N/A,N/A,N/A,N/A,N/A,N/A,N/A,N/A,N/A,N/A,N/A,N/A,N/A,N/A,N/A,N/A,N/A,N/A,N/A,N/A,N/A,N/A,N/A,N/A,N/A,N/A,N/A,N/A,N/A,N/A,N/A,N/A,N/A,N/A,N/A,N/A,N/A,N/A,N/A,N/A,N/A,N/A,N/A,N/A,N/A,N/A,N/A,N/A,N/A,N/A,N/A,N/A,N/A,N/A,N/A,N/A,N/A,N/A,N/A,N/A,N/A,N/A,N/A,N/A,N/A,N/A,N/A,N/A,N/A,N/A,N/A,N/A,N/A,N/A,N/A,N/A,N/A,N/A,N/A,N/A,N/A,N/A,N/A,N/A,N/A,N/A,N/A,N/A,N/A,N/A,N/A,N/A,N/A,N/A,N/A,N/A,N/A,N/A,N/A,N/A,N/A,N/A,N/A,N/A,N/A,N/A,N/A,N/A,N/A,N/A,N/A,N/A,N/A,N/A,N/A,N/A,N/A,N/A,N/A,N/A,N/A,N/A,N/A,N/A,N/A,N/A,N/A,N/A,N/A,N/A,N/A,N/A,N/A,N/A,N/A,N/A,N/A,N/A,N/A,N/A,N/A,N/A,N/A,N/A,N/A,N/A,N/A,N/A,N/A,N/A,N/A,N/A,N/A,N/A,N/A,N/A,N/A,N/A,N/A,N/A,N/A,N/A,N/A,N/A,N/A,N/A,N/A,N/A,N/A,N/A,N/A,N/A,N/A,N/A,N/A,N/A,N/A,N/A,N/A,N/A,N/A,N/A,N/A,N/A,N/A
Nicolás Omar Eduardo Goitea,29,866012400,1997/06/11,Primera División,2026,Defender,Newell's Old Boys,854,450,404,Argentina,10,5,5,0,0,0,0,0,0,0,0,1,1,0,16,6,10,1,0,0,0,0,0,0,0,1.69,53,85,854,0,0.11,509,536,229,15,0,6.65,0,63,29.93,28.40,47,284,21.70,217,54,22.87,49,0.00,0.00,0.10,1,0.00,0.00,0.95,0.90,9,0.00,0.00,0.00,0.00,0.00,0.50,0.10,1.60,0.00,0.21,0.20,0.20,0.00,0.00,0.01,0.00,2.00,0.00,0.00,0,0,,2,0.20,12,0,0.00,22,2,0.21,17,0,1,9,22,0.00,99,0,5,0.53,33,0,28,0.00,12,0,0.00,99,0,0.00,0,0,0.00,0,0.11,12,2,0.21,17,1,0.11,50.00,0,0.00,0,0,0,0.00,0,16,0.00,4,1.69,90,N/A,N/A,N/A,N/A,0.00,0,0.00,0,0.10,0.00,0,76.41,0.00,22,91,0.10,0.11,1,18,66,0,0,0,0.70,0.74,7,92,66.50,9.40,9.91,94,0,0.00,0.00,99,0.00,0,0,0,0.00,0.00,0,0.00,0.00,0.11,0.10,1,0,0.00,56,50,23,56,4,0.58,26,0.06,0.06,0.10,13,0.01,0.01,30,6,0.60,0.63,0.63,0.60,20,6,0.01,13,32,99,81,0,58,74,0,0.00,99,20,0.00,2.11,6.96,6.60,66,35,18,17,3.69,3.50,53.03,0,0.00,99,0,0.00,0,0.00,99,0,0.00,0.00,28,48,44,16,0,0,0,0,0,41,56,74,68,0,99,3,92,25,1,10,34,23,0,0
Nicolás Omar Freire,32,761558400,1994/02/18,Primera División,2026,Defender,Independiente,17,0,17,Argentina,2,0,2,0,0,0,0,0,0,0,0,0,0,0,0,0,0,0,0,0,0,0,0,0,0,0,0,9,0,0,0,-1,-1,-1,15,0,6.56,0,63,15.88,1.50,4,3,1.00,2,19,10.59,5,0.00,0.00,0.50,1,0.00,1.50,0.00,0.00,0,0.00,0.00,0.00,0.00,0.00,0.50,0.00,0.00,0.00,0.00,0.00,0.00,0.00,0.00,0.00,0.00,0.00,0.00,0.00,0,0,,0,0.00,8,0,0.00,22,0,0.00,9,0,2,0,5,0.00,99,0,1,5.29,99,3,96,15.88,99,0,0.00,99,0,0.00,0,0,0.00,0,5.29,99,0,0.00,9,0,0.00,0.00,0,0.00,0,0,0,0.00,0,0,0.00,99,0.00,0,N/A,N/A,N/A,N/A,0.00,0,0.00,0,0.00,0.00,0,66.67,0.00,22,99,0.00,0.00,0,12,12,0,0,0,0.00,0.00,0,29,13.12,0.00,0.00,0,0,0.00,0.00,99,0.00,0,0,0,0.00,0.00,0,0.00,0.00,0.00,0.00,0,0,0.00,56,0,0,56,0,0.04,87,0.02,0.21,0.00,9,0.00,0.00,2,0,0.00,0.00,0.00,0.00,6,0,0.00,9,22,1,81,0,46,1,0,0.00,99,0,0.00,0.00,0.00,0.00,0,0,0,0,0.00,0.00,0.00,0,0.00,99,0,66.67,0,0.00,99,2,1.00,10.59,99,0,57,16,0,0,0,0,0,41,56,74,68,0,99,1,15,15,0,0,16,6,0,0
Nicolás Pasquini,35,662803200,1991/01/02,Primera División,2026,Defender,Sarmiento,439,188,251,Argentina,6,3,3,1,1,0,0,0,0,0,0,2,2,0,6,0,6,0,0,0.21,0,0.21,0.48,0,439,1.23,73,73,0,0,0,95,275,192,5,0,6.47,0,63,26.45,21.50,36,129,16.00,96,42,19.68,39,0.00,0.00,0.17,1,0.00,1.83,1.03,0.83,5,0.00,0.00,0.00,0.00,0.00,0.17,0.17,1.17,2.00,0.41,0.00,0.50,0.00,0.33,0.14,0.00,0.17,0.00,0.00,0,0,,2,0.33,23,2,0.41,63,0,0.00,9,3,1,5,25,0.00,99,0,1,0.21,18,11,30,2.26,66,0,0.00,99,0,0.00,0,0,0.00,0,0.21,20,3,0.62,31,1,0.21,33.33,0,0.00,0,0,0,0.00,0,7,0.00,20,1.44,81,N/A,N/A,N/A,N/A,0.00,0,0.00,0,0.85,0.00,0,74.42,100.00,99,51,0.50,0.62,3,25,32,0,0,0,0.00,0.00,0,29,38.81,1.83,2.26,11,0,0.00,0.00,99,0.00,0,0,0,0.00,0.00,0,0.00,0.00,0.00,0.00,0,0,50.00,99,9,4,73,20,0.24,18,0.04,0.05,0.85,69,0.14,0.17,2,0,0.00,0.00,0.21,0.17,8,1,0.17,68,17,64,81,0,46,7,0,0.00,99,1,0.00,0.21,3.28,2.67,16,7,7,7,1.44,1.17,43.75,0,0.00,99,0,9.09,0,0.00,99,1,0.17,0.21,46,18,44,74,0,0,0,0,0,71,85,74,94,0,99,54,15,15,0,0,16,77,0,0
Nicolás Paz,23,1034751600,2002/10/16,Primera División,2026,Defender,Unión Santa Fe,66,0,66,Argentina,1,0,1,0,0,0,0,0,0,0,0,0,0,0,1,0,1,0,0,0,0,0,0,0,0,1.36,66,66,0,0,0,-1,-1,-1,14,0,6.50,0,63,20.45,15.00,13,15,9.00,9,7,12.27,10,0.00,0.00,1.00,1,0.00,1.00,2.73,2.00,2,0.00,0.00,0.00,0.00,0.00,1.00,2.00,1.00,0.00,0.00,0.00,4.00,0.00,0.00,0.00,0.00,0.00,0.00,0.00,0,0,,0,0.00,8,0,0.00,22,0,0.00,9,1,0,1,90,0.00,99,0,1,1.36,76,1,99,1.36,56,0,0.00,99,0,0.00,0,0,0.00,0,1.36,79,4,5.45,98,2,2.73,50.00,0,0.00,0,0,0,0.00,0,1,0.00,12,1.36,75,N/A,N/A,N/A,N/A,0.00,0,0.00,0,0.00,0.00,0,60.00,0.00,22,8,1.00,1.36,1,99,66,0,0,0,1.00,1.36,1,99,6.50,3.00,4.09,3,0,0.00,0.00,99,0.00,0,0,0,0.00,0.00,0,0.00,0.00,0.00,0.00,0,0,0.00,56,0,0,56,12,0.05,36,0.05,0.07,0.00,9,0.00,0.00,2,0,0.00,0.00,0.00,0.00,6,0,0.00,9,17,81,81,0,46,1,0,0.00,99,0,0.00,0.00,13.64,10.00,10,4,64,86,5.45,4.00,40.00,0,0.00,99,0,100.00,0,0.00,99,1,1.00,1.36,93,0,30,41,0,0,0,0,0,41,56,74,68,0,99,1,15,15,0,0,16,32,0,0
Nicolás Romano Di Marco,26,941788800,1999/11/05,Primera División,2026,Forward,Gimnasia Mendoza,0,0,0,Argentina,0,0,0,0,0,0,0,0,0,0,0,0,0,0,0,0,0,0,0,0,0,0,0,0,0,0,0,0,0,0,0,-1,-1,-1,-1,N/A,N/A,N/A,N/A,N/A,N/A,N/A,N/A,N/A,N/A,N/A,N/A,N/A,N/A,N/A,N/A,N/A,N/A,N/A,N/A,N/A,N/A,N/A,N/A,N/A,N/A,N/A,N/A,N/A,N/A,N/A,N/A,N/A,N/A,N/A,N/A,N/A,N/A,N/A,N/A,N/A,N/A,N/A,N/A,N/A,N/A,N/A,N/A,N/A,N/A,N/A,N/A,N/A,N/A,N/A,N/A,N/A,N/A,N/A,N/A,N/A,N/A,N/A,N/A,N/A,N/A,N/A,N/A,N/A,N/A,N/A,N/A,N/A,N/A,N/A,N/A,N/A,N/A,N/A,N/A,N/A,N/A,N/A,N/A,N/A,N/A,N/A,N/A,N/A,N/A,N/A,N/A,N/A,N/A,N/A,N/A,N/A,N/A,N/A,N/A,N/A,N/A,N/A,N/A,N/A,N/A,N/A,N/A,N/A,N/A,N/A,N/A,N/A,N/A,N/A,N/A,N/A,N/A,N/A,N/A,N/A,N/A,N/A,N/A,N/A,N/A,N/A,N/A,N/A,N/A,N/A,N/A,N/A,N/A,N/A,N/A,N/A,N/A,N/A,N/A,N/A,N/A,N/A,N/A,N/A,N/A,N/A,N/A,N/A,N/A,N/A,N/A,N/A,N/A,N/A,N/A,N/A,N/A,N/A,N/A,N/A,N/A,N/A,N/A,N/A,N/A,N/A,N/A,N/A,N/A,N/A,N/A,N/A,N/A,N/A,N/A,N/A,N/A,N/A,N/A,N/A,N/A,N/A,N/A,N/A,N/A,N/A,N/A,N/A,N/A,N/A,N/A,N/A,N/A,N/A,N/A,N/A,N/A,N/A,N/A,N/A,N/A,N/A,N/A,N/A,N/A,N/A,N/A,N/A,N/A,N/A,N/A,N/A,N/A,N/A,N/A,N/A,N/A,N/A,N/A,N/A,N/A,N/A,N/A
Nicolás Sansotre,32,747471600,1993/09/08,Primera División,2026,Defender,Deportivo Riestra,1146,606,540,Argentina,13,7,6,0,0,0,0,0,0,0,0,4,3,1,8,4,4,1,0,0,0,0,0,0,0,0.63,143,88,1146,0,0.08,248,228,42,26,0,6.62,0,63,20.81,20.38,15,265,12.23,159,7,12.49,11,0.00,0.00,0.69,9,0.00,1.31,1.49,1.46,19,0.00,0.15,0.00,0.00,0.00,0.85,0.08,0.77,0.00,0.39,0.31,0.38,0.00,0.08,0.02,0.00,1.54,0.00,0.00,0,0,,5,0.38,22,1,0.08,26,4,0.31,25,1,0,13,46,0.00,99,0,11,0.86,50,17,52,1.34,55,0,0.00,99,0,0.00,0,0,0.00,0,0.71,50,5,0.39,23,1,0.08,20.00,0,0.00,0,0,0,0.00,0,10,0.00,82,0.79,26,N/A,N/A,N/A,N/A,0.00,0,0.00,0,0.30,0.00,0,60.00,20.00,35,88,0.15,0.16,2,16,17,0,0,0,0.15,0.16,2,47,86.03,3.54,3.61,46,0,0.00,0.00,99,0.00,0,0,0,0.00,0.00,0,0.00,0.00,0.08,0.08,1,0,0.00,56,71,49,56,81,0.70,18,0.05,0.05,0.30,20,0.02,0.02,13,4,0.31,0.31,0.71,0.69,26,9,0.02,20,29,78,81,0,54,63,0,0.00,99,20,0.00,1.57,5.42,5.31,69,40,11,10,3.14,3.08,57.97,2,0.16,82,0,23.53,0,0.00,99,4,0.31,0.31,56,71,30,41,0,0,0,0,0,41,56,74,68,0,99,47,96,21,1,8,29,15,0,0
Nicolás Sumavil,26,943084800,1999/11/20,Primera División,2026,Goalkeeper,Platense,0,0,0,Argentina,0,0,0,0,0,0,0,0,0,0,0,0,0,0,0,0,0,0,0,0,0,0,0,0,0,0,0,0,0,0,0,-1,-1,-1,-1,N/A,N/A,N/A,N/A,N/A,N/A,N/A,N/A,N/A,N/A,N/A,N/A,N/A,N/A,N/A,N/A,N/A,N/A,N/A,N/A,N/A,N/A,N/A,N/A,N/A,N/A,N/A,N/A,N/A,N/A,N/A,N/A,N/A,N/A,N/A,N/A,N/A,N/A,N/A,N/A,N/A,N/A,N/A,N/A,N/A,N/A,N/A,N/A,N/A,N/A,N/A,N/A,N/A,N/A,N/A,N/A,N/A,N/A,N/A,N/A,N/A,N/A,N/A,N/A,N/A,N/A,N/A,N/A,N/A,N/A,N/A,N/A,N/A,N/A,N/A,N/A,N/A,N/A,N/A,N/A,N/A,N/A,N/A,N/A,N/A,N/A,N/A,N/A,N/A,N/A,N/A,N/A,N/A,N/A,N/A,N/A,N/A,N/A,N/A,N/A,N/A,N/A,N/A,N/A,N/A,N/A,N/A,N/A,N/A,N/A,N/A,N/A,N/A,N/A,N/A,N/A,N/A,N/A,N/A,N/A,N/A,N/A,N/A,N/A,N/A,N/A,N/A,N/A,N/A,N/A,N/A,N/A,N/A,N/A,N/A,N/A,N/A,N/A,N/A,N/A,N/A,N/A,N/A,N/A,N/A,N/A,N/A,N/A,N/A,N/A,N/A,N/A,N/A,N/A,N/A,N/A,N/A,N/A,N/A,N/A,N/A,N/A,N/A,N/A,N/A,N/A,N/A,N/A,N/A,N/A,N/A,N/A,N/A,N/A,N/A,N/A,N/A,N/A,N/A,N/A,N/A,N/A,N/A,N/A,N/A,N/A,N/A,N/A,N/A,N/A,N/A,N/A,N/A,N/A,N/A,N/A,N/A,N/A,N/A,N/A,N/A,N/A,N/A,N/A,N/A,N/A,N/A,N/A,N/A,N/A,N/A,N/A,N/A,N/A,N/A,N/A,N/A,N/A,N/A,N/A,N/A,N/A,N/A,N/A
Nicolás Talpone,30,829033200,1996/04/09,Primera División,2026,Midfielder,Estudiantes Río Cuarto,791,341,450,Argentina,14,6,8,0,0,0,0,0,0,0,0,3,2,1,12,4,8,1,0,0,0,0,0,0,0,1.37,66,57,791,0,0.11,332,302,-1,28,0,6.74,0,63,43.41,27.29,83,382,22.50,315,81,35.80,83,0.00,0.00,0.93,13,0.00,1.00,1.70,1.07,15,0.00,0.93,0.00,0.00,0.00,0.36,0.43,0.93,0.00,1.59,0.79,1.00,0.00,0.21,0.07,0.00,0.21,0.00,0.00,0,0,,14,1.00,69,3,0.34,58,11,1.25,79,3,5,9,56,0.00,99,0,5,0.57,34,14,68,1.59,59,0,0.00,99,0,0.00,0,0,0.00,0,1.48,84,14,1.59,62,6,0.68,42.86,0,0.00,0,0,0,0.00,0,13,0.00,12,1.48,83,N/A,N/A,N/A,N/A,0.00,0,0.00,0,1.04,0.00,0,82.46,21.43,36,28,0.57,0.91,8,59,48,0,0,0,0.14,0.23,2,59,94.30,0.29,0.45,4,0,0.00,0.00,99,0.00,0,0,0,0.00,0.00,0,0.00,0.00,0.00,0.00,0,0,0.00,56,44,61,56,12,1.19,70,0.08,0.14,1.04,58,0.07,0.12,63,11,0.79,1.25,1.02,0.64,45,9,0.12,57,46,12,81,0,46,11,0,0.00,99,3,0.00,0.34,9.55,6.00,84,34,21,45,3.86,2.43,40.48,13,1.48,18,0,28.57,0,0.00,99,4,0.29,0.45,63,48,82,74,0,0,0,0,0,41,56,74,68,0,99,17,91,25,1,7,25,19,0,0
Nicolás Tripichio,30,820828800,1996/01/05,Primera División,2026,Midfielder,San Lorenzo,1373,668,705,Argentina,16,8,8,0,0,0,0,0,0,0,0,8,4,4,14,10,4,4,0,0,0,0,0,0,0,0.92,98,86,343,0,0.26,385,377,-1,21,0,6.86,0,63,40.77,38.88,77,622,31.12,498,72,32.64,79,0.00,0.00,0.56,9,0.00,1.19,2.62,2.50,40,0.00,1.50,0.00,0.00,0.00,1.81,1.12,0.88,0.00,1.18,0.81,2.00,0.00,0.31,0.09,0.00,2.06,0.00,0.00,0,0,,18,1.12,59,5,0.33,57,13,0.85,62,1,0,16,87,0.00,99,0,29,1.90,93,19,37,1.25,54,0,0.00,99,0,0.00,0,0,0.00,0,0.59,42,32,2.10,71,18,1.18,56.25,0,0.00,0,0,0,0.00,0,14,0.00,48,0.92,40,N/A,N/A,N/A,N/A,0.00,0,0.00,0,1.44,0.00,0,80.06,27.78,48,2,1.62,1.70,26,83,73,0,0,0,0.19,0.20,3,55,109.81,1.25,1.31,20,0,0.00,0.00,99,0.00,0,0,2,0.12,0.13,0,0.00,0.00,0.13,0.12,2,0,0.00,56,88,88,56,49,1.61,59,0.10,0.11,1.44,52,0.09,0.09,67,20,1.25,1.31,1.64,1.56,80,25,0.09,51,66,43,94,0,63,75,0,0.00,99,33,0.00,2.16,13.96,13.31,213,109,91,89,7.14,6.81,51.17,24,1.57,15,0,15.79,0,0.00,99,3,0.19,0.20,46,93,30,41,0,0,0,0,0,41,56,74,68,0,99,88,57,58,4,25,79,24,0,0
Norberto Briasco,30,825580800,1996/02/29,Primera División,2026,Forward,Barracas Central,459,213,246,Argentina,10,5,5,1,0,1,0,0,0,0,0,2,2,0,5,1,4,2,0,0.2,0,0.2,0,0.37,459,0.98,92,46,230,0,0.39,102,457,-1,9,0,6.78,0,63,24.51,12.50,29,125,9.60,96,56,18.82,36,0.00,0.00,0.60,6,0.00,0.70,1.76,0.90,9,0.00,0.50,0.00,0.00,0.00,0.40,0.40,0.60,14.00,2.75,1.00,1.50,0.00,0.40,0.17,0.00,1.30,0.00,0.00,0,0,,14,1.40,94,4,0.78,84,10,1.96,96,4,5,5,60,0.00,99,0,4,0.78,46,7,95,1.37,56,0,0.00,99,0,0.00,0,0,0.00,0,1.18,73,15,2.94,84,4,0.78,26.67,0,0.00,0,0,0,0.00,0,6,0.00,43,1.18,63,N/A,N/A,N/A,N/A,0.00,0,0.00,0,1.69,0.00,0,76.80,28.57,50,54,0.30,0.59,3,64,21,0,0,0,0.10,0.20,1,55,67.82,0.30,0.59,3,0,0.00,0.00,99,0.00,0,0,0,0.00,0.00,0,0.00,0.00,0.59,0.30,3,0,7.14,65,12,23,74,43,0.41,42,0.04,0.08,1.69,89,0.17,0.33,91,11,1.10,2.16,2.55,1.30,96,13,0.33,88,51,17,81,0,92,81,0,0.00,99,13,0.00,2.55,17.65,9.00,90,36,91,97,7.06,3.60,40.00,5,0.98,34,0,57.14,0,0.00,99,4,0.40,0.78,78,18,82,84,0,0,0,0,0,69,83,93,68,0,99,15,37,80,2,20,65,11,0,0
Nsumoh Johnosn Kalu,25,992502000,2001/06/14,Primera División,2026,Forward,Deportivo Riestra,17,17,0,Slovakia,1,1,0,0,0,0,0,0,0,0,0,0,0,0,0,0,0,0,0,0,0,0,0,0,0,0,0,17,0,0,0,-1,-1,-1,8,0,6.70,0,63,21.18,4.00,17,4,3.00,3,46,15.88,25,0.00,0.00,1.00,1,0.00,6.00,0.00,0.00,0,0.00,0.00,0.00,0.00,0.00,0.00,0.00,0.00,0.00,0.00,0.00,1.00,0.00,0.00,0.00,0.00,0.00,0.00,0.00,0,0,,0,0.00,8,0,0.00,22,0,0.00,9,0,1,0,5,0.00,99,0,0,0.00,10,6,39,31.76,99,0,0.00,99,0,0.00,0,0,0.00,0,5.29,99,1,5.29,97,0,0.00,0.00,0,0.00,0,0,0,0.00,0,0,0.00,99,0.00,0,N/A,N/A,N/A,N/A,0.00,0,0.00,0,0.00,0.00,0,75.00,0.00,22,99,0.00,0.00,0,12,12,0,0,0,0.00,0.00,0,29,6.70,0.00,0.00,0,0,0.00,0.00,99,0.00,0,0,0,0.00,0.00,0,0.00,0.00,0.00,0.00,0,0,0.00,56,0,0,56,0,0.05,93,0.05,0.26,0.00,9,0.00,0.00,99,1,1.00,5.29,0.00,0.00,6,0,0.00,9,38,1,81,0,46,1,0,0.00,99,0,0.00,0.00,10.59,2.00,2,1,61,58,5.29,1.00,50.00,0,0.00,99,0,16.67,0,0.00,99,1,1.00,5.29,99,0,44,16,0,0,0,0,0,41,56,74,68,0,99,1,15,15,0,0,16,11,0,0
Omar Brian Andrada,29,866962800,1997/06/22,Primera División,2026,Forward,Gimnasia Mendoza,178,134,44,Argentina,4,3,1,0,0,0,0,0,0,0,0,1,1,0,3,3,0,0,0,0,0,0,0,0,0,1.52,59,45,0,0,0,-1,-1,-1,29,0,6.77,0,63,24.78,12.25,29,49,9.75,39,69,19.72,39,0.00,0.00,0.75,3,0.00,1.25,1.52,0.75,3,0.00,0.75,0.00,0.00,0.00,0.75,1.00,0.75,0.00,1.01,0.25,1.25,0.00,0.25,0.04,0.00,0.00,0.00,0.00,0,0,,2,0.50,54,1,0.51,70,1,0.51,42,3,1,3,48,0.00,99,0,3,1.52,84,5,85,2.53,69,0,0.00,99,0,0.00,0,0,0.00,0,1.52,86,5,2.53,79,4,2.02,80.00,0,0.00,0,0,0,0.00,0,3,0.00,6,1.52,84,N/A,N/A,N/A,N/A,0.00,0,0.00,0,0.17,0.00,0,79.59,50.00,91,21,0.50,1.01,2,94,91,0,0,0,0.00,0.00,0,29,27.07,0.50,1.01,2,0,0.00,0.00,99,0.00,0,0,0,0.00,0.00,0,0.00,0.00,0.00,0.00,0,0,0.00,56,0,0,56,6,0.16,42,0.04,0.08,0.17,52,0.04,0.09,25,1,0.25,0.51,2.02,1.00,89,4,0.09,51,50,35,81,0,46,1,0,0.00,99,0,0.00,0.00,9.10,4.50,18,8,25,41,4.04,2.00,44.44,3,1.52,17,0,40.00,0,0.00,99,2,0.50,1.01,83,3,44,74,0,0,0,0,0,41,56,74,68,0,99,27,15,15,0,0,16,33,0,0
Omar Fernando Tobio,36,624697200,1989/10/18,Primera División,2026,Defender,Barracas Central,1252,532,720,Argentina,14,6,8,2,1,1,0,0,0,0,0,4,2,2,9,4,5,0,0,0.14,0,0.14,0.17,0.13,626,0.65,139,89,0,0,0,148,460,48,2,0,6.77,0,63,20.34,20.21,12,283,15.43,216,54,15.53,23,0.00,0.00,0.14,2,0.00,0.07,1.22,1.21,17,0.00,0.07,0.00,0.00,0.00,0.64,0.07,0.86,3.00,0.43,0.29,0.07,0.00,0.14,0.12,0.00,0.86,0.00,0.00,0,0,,6,0.43,24,2,0.14,34,4,0.29,23,1,0,14,33,0.00,99,0,9,0.65,40,1,28,0.07,16,0,0.00,99,0,0.00,0,0,0.00,0,0.14,14,1,0.07,10,1,0.07,100.00,0,0.00,0,0,0,0.00,0,12,0.00,79,0.86,34,N/A,N/A,N/A,N/A,0.00,0,0.00,0,1.62,0.00,0,76.33,33.33,62,93,0.07,0.07,1,15,99,0,0,0,0.21,0.22,3,58,94.79,6.36,6.40,89,0,0.00,0.00,99,0.00,0,0,0,0.00,0.00,0,0.00,0.00,0.00,0.00,0,0,33.33,99,78,61,82,79,0.47,6,0.03,0.03,1.62,58,0.12,0.12,8,3,0.21,0.22,0.22,0.21,8,3,0.12,57,50,92,81,0,46,35,0,0.00,99,12,0.00,0.86,3.38,3.36,47,32,8,7,2.30,2.29,68.09,1,0.07,87,0,0.00,0,0.00,99,0,0.00,0.00,28,78,30,41,0,0,0,0,0,58,74,78,77,0,99,39,15,15,0,0,16,32,0,0
Orlando Gill,26,960706800,2000/06/11,Primera División,2026,Goalkeeper,San Lorenzo,1350,630,720,Paraguay,15,7,8,0,0,0,0,0,0,0,0,9,4,5,11,8,3,0,0,0,0,0,0,0,0,0.73,123,90,0,0,0,387,379,75,23,0,7.25,0,63,24.85,25.40,30,381,11.20,168,1,10.96,7,0.00,0.00,0.13,2,0.00,0.00,0.07,0.07,1,0.00,0.00,0.00,0.00,3.93,0.00,0.00,4.80,0.00,0.00,0.00,0.00,0.00,0.00,0.00,0.00,0.00,0.00,0.00,0,0,,0,0.00,8,0,0.00,22,0,0.00,9,0,0,15,6,0.00,99,0,0,0.00,10,0,28,0.00,12,0,0.00,99,0,0.00,0,0,0.00,0,0.13,13,0,0.00,9,0,0.00,0.00,0,0.00,0,59,92,3.85,83,72,0.00,69,4.70,99,N/A,N/A,N/A,N/A,81.94,0,0.00,0,0.00,0.00,0,44.09,0.00,22,84,0.20,0.20,3,12,12,0,0,32,0.00,0.00,0,29,108.77,0.47,0.46,7,0,0.00,0.00,99,0.00,0,0,0,0.00,0.00,2,0.13,0.13,0.00,0.00,0,0,0.00,56,86,73,56,69,0.45,6,0.03,0.03,0.00,9,0.00,0.00,10,4,0.27,0.26,0.00,0.00,6,0,0.00,9,97,13,81,9,46,1,0,0.00,99,0,0.00,0.00,0.52,0.53,8,5,1,3,0.33,0.33,62.50,0,0.00,99,0,0.00,0,0.00,99,0,0.00,0.00,28,85,30,16,0,0,0,0,0,41,56,74,68,0,99,97,15,15,0,0,16,12,0,0
Óscar Cortés,22,1070438400,2003/12/03,Primera División,2026,Forward,Huracán,1089,535,554,Colombia,16,7,9,1,1,0,4,3,1,0,0,6,3,3,10,6,4,2,0,0.41,0.33,0.08,0.17,0,1089,0.83,109,68,545,272,0.17,200,23,-1,6,0,6.88,0.25,97,26.86,20.88,37,334,16.25,260,61,20.91,43,0.00,0.00,1.19,19,0.00,3.19,1.13,0.88,14,0.00,0.75,0.00,0.00,0.00,0.38,2.00,0.69,19.00,1.53,0.81,3.88,0.00,0.38,0.13,0.00,0.50,0.00,0.00,0,0,,19,1.19,68,6,0.48,68,13,1.05,71,3,2,14,29,0.00,99,0,6,0.48,30,51,69,4.10,87,0,0.00,99,0,0.00,0,0,0.00,0,1.53,87,62,4.99,97,32,2.57,51.61,0,0.00,0,0,0,0.00,0,11,0.00,59,0.88,37,N/A,N/A,N/A,N/A,0.00,0,0.00,0,2.06,0.00,0,77.84,31.58,56,56,0.44,0.56,7,98,67,0,0,0,0.06,0.08,1,33,110.15,0.50,0.64,8,0,0.00,0.00,99,0.00,0,0,0,0.00,0.00,0,0.00,0.00,0.24,0.19,3,0,5.26,60,67,88,94,59,3.64,96,0.23,0.29,2.06,69,0.13,0.17,14,4,0.25,0.32,0.88,0.69,36,11,0.17,68,69,19,81,0,75,27,0,0.00,99,8,0.00,0.64,11.74,9.12,146,58,43,73,4.66,3.62,39.73,12,0.97,35,0,29.41,0,0.00,99,15,0.94,1.21,89,78,57,74,0,0,0,0,0,88,63,74,77,0,99,65,80,37,2,12,41,7,0,0
Óscar Romero,34,710233200,1992/07/04,Primera División,2026,Midfielder,Huracán,567,284,283,Paraguay,12,5,7,2,0,2,0,0,0,0,0,4,1,3,5,4,1,0,0,0.32,0,0.32,0,0.64,284,0.79,113,47,0,0,0,53,285,-1,3,0,6.91,0,63,39.06,21.92,74,263,17.08,205,61,30.45,74,0.00,0.00,1.00,12,0.00,2.50,1.34,0.75,9,0.00,0.50,0.00,0.00,0.00,0.50,0.33,0.67,7.00,2.08,0.67,0.83,0.00,0.50,0.20,0.00,0.08,0.00,0.00,0,0,,14,1.17,82,6,0.89,87,8,1.19,77,4,5,7,39,0.00,99,0,6,0.89,52,30,51,4.46,90,0,0.00,99,0,0.00,0,0,0.00,0,1.78,93,10,1.49,60,4,0.59,40.00,0,0.00,0,0,0,0.00,0,8,0.00,63,1.19,65,N/A,N/A,N/A,N/A,0.00,0,0.00,0,2.35,0.00,0,77.95,42.86,77,78,0.17,0.30,2,55,43,2,0,0,0.00,0.00,0,29,82.87,0.58,1.04,7,0,0.00,0.00,99,0.00,0,2,0,0.00,0.00,0,0.00,0.00,0.00,0.00,0,0,14.29,83,24,39,67,62,0.90,66,0.07,0.13,0.95,64,0.08,0.14,84,13,1.08,1.93,1.04,0.58,46,7,0.35,90,74,36,81,0,46,4,0,0.00,99,1,0.00,0.15,7.72,4.33,52,25,19,22,3.71,2.08,48.08,6,0.89,40,0,23.33,0,0.00,99,7,0.58,1.04,84,33,82,84,0,0,0,0,0,82,91,99,68,0,99,54,15,15,0,0,16,10,0,0
Oscar Salomón,27,922089600,1999/03/22,Primera División,2026,Defender,Newell's Old Boys,512,196,316,Argentina,8,4,4,2,1,1,0,0,0,0,0,2,2,0,10,3,7,2,0,0.35,0,0.35,0.46,0.28,256,1.76,51,64,256,0,0.35,46,539,232,2,0,6.86,0,63,33.75,24.00,61,192,20.00,160,84,28.12,66,0.00,0.00,0.25,2,0.00,0.25,1.93,1.38,11,0.00,0.00,0.00,0.00,0.00,1.00,0.12,1.25,4.00,1.41,0.38,0.50,0.00,0.62,0.24,0.00,3.62,0.00,0.00,0,0,,8,1.00,66,5,0.88,86,3,0.53,43,1,1,7,66,0.00,99,0,8,1.41,80,2,28,0.35,31,0,0.00,99,0,0.00,0,0,0.00,0,0.35,28,4,0.70,35,1,0.18,25.00,0,0.00,0,0,0,0.00,0,10,0.00,3,1.76,91,N/A,N/A,N/A,N/A,0.00,0,0.00,0,1.96,0.00,0,83.33,62.50,96,74,0.25,0.35,2,22,21,0,0,0,0.12,0.18,1,50,54.87,6.88,9.67,55,0,0.00,0.00,99,0.00,0,0,0,0.00,0.00,0,0.00,0.00,0.00,0.00,0,0,25.00,95,18,11,65,3,0.48,42,0.06,0.08,1.96,90,0.24,0.34,63,7,0.88,1.23,1.05,0.75,47,6,0.34,90,66,99,81,0,46,99,0,0.00,99,29,0.00,5.10,12.83,9.12,73,47,97,82,8.26,5.88,64.38,0,0.00,99,0,0.00,0,0.00,99,0,0.00,0.00,28,33,44,41,0,0,0,0,0,83,92,88,93,0,99,27,42,73,2,25,79,22,0,0
Osmar Giménez Bernal,19,1174806000,2007/03/25,Primera División,2026,Midfielder,Sarmiento,0,0,0,Paraguay,0,0,0,0,0,0,0,0,0,0,0,0,0,0,0,0,0,0,0,0,0,0,0,0,0,0,0,0,0,0,0,-1,-1,-1,-1,N/A,N/A,N/A,N/A,N/A,N/A,N/A,N/A,N/A,N/A,N/A,N/A,N/A,N/A,N/A,N/A,N/A,N/A,N/A,N/A,N/A,N/A,N/A,N/A,N/A,N/A,N/A,N/A,N/A,N/A,N/A,N/A,N/A,N/A,N/A,N/A,N/A,N/A,N/A,N/A,N/A,N/A,N/A,N/A,N/A,N/A,N/A,N/A,N/A,N/A,N/A,N/A,N/A,N/A,N/A,N/A,N/A,N/A,N/A,N/A,N/A,N/A,N/A,N/A,N/A,N/A,N/A,N/A,N/A,N/A,N/A,N/A,N/A,N/A,N/A,N/A,N/A,N/A,N/A,N/A,N/A,N/A,N/A,N/A,N/A,N/A,N/A,N/A,N/A,N/A,N/A,N/A,N/A,N/A,N/A,N/A,N/A,N/A,N/A,N/A,N/A,N/A,N/A,N/A,N/A,N/A,N/A,N/A,N/A,N/A,N/A,N/A,N/A,N/A,N/A,N/A,N/A,N/A,N/A,N/A,N/A,N/A,N/A,N/A,N/A,N/A,N/A,N/A,N/A,N/A,N/A,N/A,N/A,N/A,N/A,N/A,N/A,N/A,N/A,N/A,N/A,N/A,N/A,N/A,N/A,N/A,N/A,N/A,N/A,N/A,N/A,N/A,N/A,N/A,N/A,N/A,N/A,N/A,N/A,N/A,N/A,N/A,N/A,N/A,N/A,N/A,N/A,N/A,N/A,N/A,N/A,N/A,N/A,N/A,N/A,N/A,N/A,N/A,N/A,N/A,N/A,N/A,N/A,N/A,N/A,N/A,N/A,N/A,N/A,N/A,N/A,N/A,N/A,N/A,N/A,N/A,N/A,N/A,N/A,N/A,N/A,N/A,N/A,N/A,N/A,N/A,N/A,N/A,N/A,N/A,N/A,N/A,N/A,N/A,N/A,N/A,N/A,N/A,N/A,N/A,N/A,N/A,N/A,N/A
Pablo Aguiar,20,1142668800,2006/03/18,Primera División,2026,Midfielder,Gimnasia La Plata,147,66,81,Paraguay,5,3,2,0,0,0,0,0,0,0,0,1,1,0,4,2,2,0,0,0,0,0,0,0,0,2.45,37,29,0,0,0,-1,-1,-1,12,0,3.79,0,63,33.67,11.00,60,55,7.80,39,30,23.88,53,0.00,0.00,0.00,0,0.00,0.20,1.84,0.60,3,0.00,0.40,0.00,0.00,0.00,0.00,0.00,0.80,0.00,0.00,0.00,0.20,0.00,0.00,0.00,0.00,0.40,0.00,0.00,0,0,,0,0.00,8,0,0.00,22,0,0.00,9,1,3,2,64,0.00,99,0,0,0.00,10,1,28,0.61,42,0,0.00,99,0,0.00,0,0,0.00,0,0.00,8,1,0.61,30,0,0.00,0.00,0,0.00,0,0,0,0.00,0,4,0.00,0,2.45,93,N/A,N/A,N/A,N/A,0.00,0,0.00,0,0.00,0.00,0,70.91,0.00,22,12,0.40,1.22,2,12,12,0,0,0,0.00,0.00,0,29,18.94,0.40,1.22,2,0,0.00,0.00,99,0.00,0,0,0,0.00,0.00,0,0.00,0.00,0.00,0.00,0,0,0.00,56,0,1,56,0,0.09,26,0.02,0.06,0.00,9,0.00,0.00,28,1,0.20,0.61,2.45,0.80,95,4,0.00,9,0,41,81,0,46,52,0,0.00,99,2,0.00,1.22,11.02,3.60,18,6,18,65,3.67,1.20,33.33,2,1.22,25,0,0.00,0,0.00,99,0,0.00,0.00,28,0,66,41,0,0,0,0,0,41,56,74,68,0,99,15,15,15,0,0,16,33,0,0
Pablo Ferreira,21,1098514800,2004/10/23,Primera División,2026,Midfielder,Platense,315,246,69,Argentina,4,3,1,0,0,0,0,0,0,0,0,1,0,1,3,3,0,0,0,0,0,0,0,0,0,0.86,105,79,0,0,0,290,273,-1,27,0,7.01,0,63,42.00,36.75,80,147,31.00,124,88,35.43,82,0.00,0.00,0.50,2,0.00,0.25,4.57,4.00,16,0.00,0.75,0.00,0.00,0.00,1.50,0.50,0.75,0.00,1.43,1.00,0.75,0.00,0.25,0.10,0.00,0.75,0.00,0.00,0,0,,5,1.25,66,1,0.29,53,4,1.14,74,4,0,4,99,0.00,99,0,6,1.71,89,1,28,0.29,28,0,0.00,99,0,0.00,0,0,0.00,0,0.57,41,3,0.86,39,2,0.57,66.67,0,0.00,0,0,0,0.00,0,3,0.00,55,0.86,34,N/A,N/A,N/A,N/A,0.00,0,0.00,0,0.39,0.00,0,84.35,20.00,35,30,0.75,0.86,3,54,87,0,0,0,0.00,0.00,0,29,28.03,1.00,1.14,4,0,0.00,0.00,99,0.00,0,0,0,0.00,0.00,0,0.00,0.00,0.00,0.00,0,0,0.00,56,0,0,56,56,0.33,47,0.08,0.09,0.39,55,0.10,0.11,2,0,0.00,0.00,1.14,1.00,52,4,0.11,54,85,38,81,0,46,35,0,0.00,99,3,0.00,0.86,10.00,8.75,35,21,77,53,6.00,5.25,60.00,3,0.86,41,0,0.00,0,0.00,99,0,0.00,0.00,28,8,30,84,0,0,0,0,0,41,56,74,68,0,99,27,15,15,0,0,16,26,0,0
Pablo Magnin,36,641026800,1990/04/25,Primera División,2026,Forward,Sarmiento,226,120,106,Argentina,5,3,2,1,1,0,0,0,0,0,0,2,2,0,4,1,3,0,0,0.4,0,0.4,0.75,0,226,1.59,57,45,0,0,0,-1,-1,-1,3,0,5.31,0,63,17.05,8.60,5,43,6.00,30,27,11.89,9,0.00,0.00,0.00,0,0.00,0.00,0.40,0.20,1,0.00,0.40,0.00,0.00,0.00,0.20,0.00,1.00,2.00,0.79,0.20,0.20,0.00,0.20,0.15,0.00,0.20,0.00,0.00,0,0,,2,0.40,45,1,0.40,62,1,0.40,33,3,2,3,10,0.00,99,0,1,0.40,25,0,28,0.00,12,0,0.00,99,0,0.00,0,0,0.00,0,0.00,8,1,0.40,23,0,0.00,0.00,0,0.00,0,0,0,0.00,0,5,0.00,5,1.98,92,N/A,N/A,N/A,N/A,0.00,0,0.00,0,0.75,0.00,0,69.77,50.00,91,99,0.00,0.00,0,12,12,0,0,0,0.00,0.00,0,29,26.56,0.20,0.40,1,0,0.00,0.00,99,0.00,0,0,1,0.20,0.40,0,0.00,0.00,1.59,0.80,4,0,50.00,99,0,1,62,5,0.07,6,0.01,0.03,0.75,87,0.15,0.30,61,3,0.60,1.19,0.79,0.40,30,2,0.30,86,1,11,99,0,99,15,0,0.00,99,1,0.00,0.40,5.55,2.80,14,5,8,10,1.98,1.00,35.71,2,0.79,45,0,0.00,0,0.00,99,0,0.00,0.00,28,3,57,74,0,0,0,0,0,87,95,74,98,0,99,69,15,15,0,0,16,7,0,0
Pablo Monje,29,855216000,1997/02/06,Primera División,2026,Midfielder,Deportivo Riestra,1041,472,569,Argentina,15,7,8,0,0,0,0,0,0,0,0,5,3,2,8,3,5,1,0,0,0,0,0,0,0,0.69,130,69,1041,0,0.09,249,227,-1,27,0,6.70,0,63,29.80,23.00,46,345,13.73,206,7,17.79,33,0.00,0.00,1.20,18,0.00,3.73,1.30,1.00,15,0.00,0.47,0.00,0.00,0.00,1.07,0.20,0.67,0.00,0.43,0.33,0.47,0.00,0.00,0.02,0.00,0.80,0.00,0.00,0,0,,5,0.33,24,0,0.00,22,5,0.43,35,3,3,12,37,0.00,99,0,16,1.38,78,56,40,4.84,92,0,0.00,99,0,0.00,0,0,0.00,0,1.55,87,7,0.60,30,3,0.26,42.86,0,0.00,0,0,0,0.00,0,10,0.00,73,0.86,34,N/A,N/A,N/A,N/A,0.00,0,0.00,0,0.29,0.00,0,59.71,0.00,22,37,0.60,0.78,9,30,48,0,0,0,0.07,0.09,1,34,100.57,1.33,1.73,20,0,0.00,0.00,99,0.00,0,0,0,0.00,0.00,0,0.00,0.00,0.26,0.20,3,0,0.00,56,63,73,56,73,1.58,70,0.11,0.14,0.29,26,0.02,0.03,15,4,0.27,0.35,0.78,0.60,29,9,0.03,26,38,55,81,0,78,43,0,0.00,99,12,0.00,1.04,5.96,4.60,69,32,9,11,2.76,2.13,46.38,7,0.60,55,0,17.86,0,0.00,99,10,0.67,0.86,80,65,66,74,0,0,0,0,0,41,56,74,68,0,99,54,94,23,1,7,25,14,0,0
Paolo Jesus Giaccone Lescano,18,1186470000,2007/08/07,Primera División,2026,Central Midfield,Rosario Central,0,0,0,Argentina,0,0,0,0,0,0,0,0,0,0,0,0,0,0,0,0,0,0,0,0,0,0,0,0,0,0,0,0,0,0,0,-1,-1,-1,-1,N/A,N/A,N/A,N/A,N/A,N/A,N/A,N/A,N/A,N/A,N/A,N/A,N/A,N/A,N/A,N/A,N/A,N/A,N/A,N/A,N/A,N/A,N/A,N/A,N/A,N/A,N/A,N/A,N/A,N/A,N/A,N/A,N/A,N/A,N/A,N/A,N/A,N/A,N/A,N/A,N/A,N/A,N/A,N/A,N/A,N/A,N/A,N/A,N/A,N/A,N/A,N/A,N/A,N/A,N/A,N/A,N/A,N/A,N/A,N/A,N/A,N/A,N/A,N/A,N/A,N/A,N/A,N/A,N/A,N/A,N/A,N/A,N/A,N/A,N/A,N/A,N/A,N/A,N/A,N/A,N/A,N/A,N/A,N/A,N/A,N/A,N/A,N/A,N/A,N/A,N/A,N/A,N/A,N/A,N/A,N/A,N/A,N/A,N/A,N/A,N/A,N/A,N/A,N/A,N/A,N/A,N/A,N/A,N/A,N/A,N/A,N/A,N/A,N/A,N/A,N/A,N/A,N/A,N/A,N/A,N/A,N/A,N/A,N/A,N/A,N/A,N/A,N/A,N/A,N/A,N/A,N/A,N/A,N/A,N/A,N/A,N/A,N/A,N/A,N/A,N/A,N/A,N/A,N/A,N/A,N/A,N/A,N/A,N/A,N/A,N/A,N/A,N/A,N/A,N/A,N/A,N/A,N/A,N/A,N/A,N/A,N/A,N/A,N/A,N/A,N/A,N/A,N/A,N/A,N/A,N/A,N/A,N/A,N/A,N/A,N/A,N/A,N/A,N/A,N/A,N/A,N/A,N/A,N/A,N/A,N/A,N/A,N/A,N/A,N/A,N/A,N/A,N/A,N/A,N/A,N/A,N/A,N/A,N/A,N/A,N/A,N/A,N/A,N/A,N/A,N/A,N/A,N/A,N/A,N/A,N/A,N/A,N/A,N/A,N/A,N/A,N/A,N/A,N/A,N/A,N/A,N/A,N/A,N/A
Patricio Madero,27,913708800,1998/12/15,Primera División,2026,Midfielder,Deportivo Riestra,0,0,0,Argentina,0,0,0,0,0,0,0,0,0,0,0,0,0,0,0,0,0,0,0,0,0,0,0,0,0,0,0,0,0,0,0,-1,-1,-1,-1,N/A,N/A,N/A,N/A,N/A,N/A,N/A,N/A,N/A,N/A,N/A,N/A,N/A,N/A,N/A,N/A,N/A,N/A,N/A,N/A,N/A,N/A,N/A,N/A,N/A,N/A,N/A,N/A,N/A,N/A,N/A,N/A,N/A,N/A,N/A,N/A,N/A,N/A,N/A,N/A,N/A,N/A,N/A,N/A,N/A,N/A,N/A,N/A,N/A,N/A,N/A,N/A,N/A,N/A,N/A,N/A,N/A,N/A,N/A,N/A,N/A,N/A,N/A,N/A,N/A,N/A,N/A,N/A,N/A,N/A,N/A,N/A,N/A,N/A,N/A,N/A,N/A,N/A,N/A,N/A,N/A,N/A,N/A,N/A,N/A,N/A,N/A,N/A,N/A,N/A,N/A,N/A,N/A,N/A,N/A,N/A,N/A,N/A,N/A,N/A,N/A,N/A,N/A,N/A,N/A,N/A,N/A,N/A,N/A,N/A,N/A,N/A,N/A,N/A,N/A,N/A,N/A,N/A,N/A,N/A,N/A,N/A,N/A,N/A,N/A,N/A,N/A,N/A,N/A,N/A,N/A,N/A,N/A,N/A,N/A,N/A,N/A,N/A,N/A,N/A,N/A,N/A,N/A,N/A,N/A,N/A,N/A,N/A,N/A,N/A,N/A,N/A,N/A,N/A,N/A,N/A,N/A,N/A,N/A,N/A,N/A,N/A,N/A,N/A,N/A,N/A,N/A,N/A,N/A,N/A,N/A,N/A,N/A,N/A,N/A,N/A,N/A,N/A,N/A,N/A,N/A,N/A,N/A,N/A,N/A,N/A,N/A,N/A,N/A,N/A,N/A,N/A,N/A,N/A,N/A,N/A,N/A,N/A,N/A,N/A,N/A,N/A,N/A,N/A,N/A,N/A,N/A,N/A,N/A,N/A,N/A,N/A,N/A,N/A,N/A,N/A,N/A,N/A,N/A,N/A,N/A,N/A,N/A,N/A
Patricio Schroeder,19,1170230400,2007/01/31,Primera División,2026,Goalkeeper,Gimnasia La Plata,0,0,0,Republic of Ireland,0,0,0,0,0,0,0,0,0,0,0,0,0,0,0,0,0,0,0,0,0,0,0,0,0,0,0,0,0,0,0,-1,-1,-1,-1,N/A,N/A,N/A,N/A,N/A,N/A,N/A,N/A,N/A,N/A,N/A,N/A,N/A,N/A,N/A,N/A,N/A,N/A,N/A,N/A,N/A,N/A,N/A,N/A,N/A,N/A,N/A,N/A,N/A,N/A,N/A,N/A,N/A,N/A,N/A,N/A,N/A,N/A,N/A,N/A,N/A,N/A,N/A,N/A,N/A,N/A,N/A,N/A,N/A,N/A,N/A,N/A,N/A,N/A,N/A,N/A,N/A,N/A,N/A,N/A,N/A,N/A,N/A,N/A,N/A,N/A,N/A,N/A,N/A,N/A,N/A,N/A,N/A,N/A,N/A,N/A,N/A,N/A,N/A,N/A,N/A,N/A,N/A,N/A,N/A,N/A,N/A,N/A,N/A,N/A,N/A,N/A,N/A,N/A,N/A,N/A,N/A,N/A,N/A,N/A,N/A,N/A,N/A,N/A,N/A,N/A,N/A,N/A,N/A,N/A,N/A,N/A,N/A,N/A,N/A,N/A,N/A,N/A,N/A,N/A,N/A,N/A,N/A,N/A,N/A,N/A,N/A,N/A,N/A,N/A,N/A,N/A,N/A,N/A,N/A,N/A,N/A,N/A,N/A,N/A,N/A,N/A,N/A,N/A,N/A,N/A,N/A,N/A,N/A,N/A,N/A,N/A,N/A,N/A,N/A,N/A,N/A,N/A,N/A,N/A,N/A,N/A,N/A,N/A,N/A,N/A,N/A,N/A,N/A,N/A,N/A,N/A,N/A,N/A,N/A,N/A,N/A,N/A,N/A,N/A,N/A,N/A,N/A,N/A,N/A,N/A,N/A,N/A,N/A,N/A,N/A,N/A,N/A,N/A,N/A,N/A,N/A,N/A,N/A,N/A,N/A,N/A,N/A,N/A,N/A,N/A,N/A,N/A,N/A,N/A,N/A,N/A,N/A,N/A,N/A,N/A,N/A,N/A,N/A,N/A,N/A,N/A,N/A,N/A
Paulo Díaz,31,777798000,1994/08/25,Primera División,2026,Defender,River Plate,194,9,185,Chile,5,1,4,0,0,0,0,0,0,0,0,3,1,2,1,0,1,1,0,0,0,0,0,0,0,0.46,194,39,194,0,0.46,-1,-1,-1,28,0,4.16,0,63,60.31,26.00,97,130,22.40,112,94,51.96,97,0.00,0.00,0.20,1,0.00,0.00,1.39,0.60,3,0.00,0.20,0.00,0.00,0.00,1.40,0.00,0.20,0.00,0.46,0.20,0.00,0.00,0.00,0.01,0.00,2.60,0.00,0.00,0,0,,1,0.20,26,0,0.00,22,1,0.46,38,0,3,2,41,0.00,99,0,7,3.25,99,0,28,0.00,12,0,0.00,99,0,0.00,0,0,0.00,0,0.46,35,0,0.00,9,0,0.00,0.00,0,0.00,0,0,0,0.00,0,1,0.00,94,0.46,4,N/A,N/A,N/A,N/A,0.00,0,0.00,0,0.05,0.00,0,86.15,0.00,22,99,0.00,0.00,0,12,12,0,0,0,0.20,0.46,1,80,20.78,4.00,9.28,20,0,0.00,0.00,99,0.00,0,0,0,0.00,0.00,0,0.00,0.00,0.00,0.00,0,0,0.00,56,0,1,56,93,0.23,59,0.05,0.11,0.05,20,0.01,0.02,21,1,0.20,0.46,0.93,0.40,39,2,0.02,20,0,99,81,0,46,99,0,0.00,99,13,0.00,6.03,12.99,5.60,28,17,96,83,7.89,3.40,60.71,1,0.46,64,0,0.00,0,0.00,99,0,0.00,0.00,28,0,66,16,0,0,0,0,0,41,56,74,68,0,99,97,28,87,1,20,65,17,0,0
Pedro David Ramírez,26,954831600,2000/04/04,Primera División,2026,Defender,Deportivo Riestra,888,438,450,Argentina,11,6,5,1,1,0,0,0,0,0,0,6,4,2,5,2,3,2,0,0.1,0,0.1,0.21,0,888,0.51,178,81,444,0,0.2,190,230,22,4,0,6.67,0,63,20.57,18.45,14,203,11.91,131,15,13.28,14,0.00,0.00,0.64,7,0.00,2.27,2.43,2.18,24,0.00,1.45,0.00,0.00,0.00,0.91,0.73,0.45,14.00,1.42,1.00,2.18,0.00,0.27,0.14,0.00,1.09,0.00,0.00,0,0,,14,1.27,66,3,0.30,54,11,1.11,72,4,0,11,84,0.00,99,0,10,1.01,58,25,74,2.53,69,0,0.00,99,0,0.00,0,0,0.00,0,0.71,50,24,2.43,78,8,0.81,33.33,0,0.00,0,0,0,0.00,0,5,0.00,91,0.51,6,N/A,N/A,N/A,N/A,0.00,0,0.00,0,1.57,0.00,0,64.53,21.43,36,28,0.82,0.91,9,65,32,0,0,0,0.27,0.30,3,66,73.32,1.55,1.72,17,0,0.00,0.00,99,0.00,0,0,0,0.00,0.00,0,0.00,0.00,0.00,0.00,0,0,7.14,65,52,31,91,91,0.60,26,0.05,0.06,1.57,68,0.14,0.16,40,8,0.73,0.81,1.22,1.09,57,12,0.16,66,35,55,81,0,46,52,0,0.00,99,12,0.00,1.22,12.26,11.00,121,51,58,78,5.17,4.64,42.15,16,1.62,13,0,32.00,0,0.00,99,8,0.73,0.81,78,59,30,84,0,0,0,0,0,51,66,74,79,0,99,93,71,45,2,18,57,5,0,0
Pedro Emanuel Ojeda,28,878716800,1997/11/05,Primera División,2026,Midfielder,Huracán,1139,516,623,Argentina,15,7,8,0,0,0,2,1,1,0,0,5,2,3,10,6,4,2,0,0.16,0.16,0,0,0,0,0.79,114,76,570,570,0.16,453,95,-1,23,0,6.90,0.13,84,37.85,32.80,72,492,27.00,405,80,31.15,76,0.00,0.00,1.13,17,0.00,0.73,2.08,1.80,27,0.00,0.27,0.00,0.00,0.00,0.73,0.27,0.80,0.00,0.62,0.40,0.87,0.00,0.13,0.04,0.00,1.13,0.00,0.00,0,0,,8,0.53,36,2,0.15,36,6,0.46,38,5,2,13,73,0.00,99,0,11,0.85,49,11,40,0.85,47,0,0.00,99,0,0.00,0,0,0.00,0,1.31,78,13,1.00,44,4,0.31,30.77,0,0.00,0,0,0,0.00,0,12,0.00,63,0.92,40,N/A,N/A,N/A,N/A,0.00,0,0.00,0,0.56,0.00,0,82.32,25.00,45,51,0.53,0.62,8,34,26,0,0,0,0.33,0.38,5,75,103.57,1.27,1.46,19,1,0.00,0.08,7,0.07,0,0,0,0.00,0.00,0,0.00,0.00,0.08,0.07,1,0,0.00,56,70,73,56,62,2.60,85,0.17,0.20,0.56,32,0.04,0.04,21,6,0.40,0.46,0.46,0.40,12,6,0.04,32,72,48,81,0,54,55,0,0.00,99,17,0.00,1.31,7.62,6.60,99,53,26,21,4.08,3.53,53.54,4,0.31,72,0,18.18,0,0.00,99,2,0.13,0.15,40,71,57,92,0,0,0,0,0,62,56,74,68,0,99,54,81,35,2,13,43,20,0,0
Pedro Silva Torrejón,29,854179200,1997/01/25,Primera División,2026,Defender,Gimnasia La Plata,1518,664,854,Argentina,18,8,10,0,0,0,1,1,0,0,0,6,3,3,19,8,11,0,0,0.06,0.06,0,0,0,0,1.13,80,84,0,1518,0,504,193,169,29,0,6.89,0.06,65,30.25,29.17,48,525,22.28,401,54,23.10,50,0.00,0.00,0.61,11,0.00,2.61,1.79,1.72,31,0.00,0.33,0.00,0.00,0.00,1.22,0.61,1.11,0.00,0.52,0.39,1.28,0.00,0.11,0.03,0.00,1.06,0.00,0.00,0,0,,9,0.50,29,2,0.12,33,7,0.40,33,1,0,18,61,0.00,99,0,22,1.27,71,47,64,2.71,73,0,0.00,99,0,0.00,0,0,0.00,0,0.63,45,23,1.33,54,11,0.63,47.83,0,0.00,0,0,0,0.00,0,20,0.00,30,1.15,61,N/A,N/A,N/A,N/A,0.00,0,0.00,0,0.53,0.00,0,76.38,22.22,39,50,0.61,0.63,11,57,56,0,0,0,0.44,0.46,8,80,123.99,2.67,2.77,48,0,0.00,0.00,99,0.00,0,0,2,0.11,0.12,0,0.00,0.00,0.12,0.11,2,1,0.00,56,95,98,56,31,1.73,54,0.10,0.10,0.53,26,0.03,0.03,62,21,1.17,1.21,0.46,0.44,12,8,0.03,26,70,72,93,0,60,46,0,0.00,99,19,0.00,1.09,7.26,7.00,126,79,41,19,4.55,4.39,62.70,6,0.35,70,0,27.66,0,0.00,99,13,0.72,0.75,77,98,30,41,0,0,0,0,0,43,56,74,68,0,99,54,15,15,0,0,16,24,0,0
Rafael Profini,22,1063090800,2003/09/09,Primera División,2026,Midfielder,Unión Santa Fe,1479,648,831,Argentina,18,8,10,1,1,0,5,1,4,0,0,5,5,0,19,4,15,1,0,0.37,0.3,0.06,0.14,0,1479,1.16,78,82,1479,296,0.06,232,27,-1,8,0,6.96,0.28,96,41.26,37.67,79,678,31.22,562,82,34.20,81,0.00,0.00,1.50,27,0.00,0.28,1.22,1.11,20,0.00,0.94,0.00,0.00,0.00,0.72,0.78,1.17,13.00,0.79,0.50,1.22,0.00,0.22,0.08,0.00,0.56,0.00,0.00,0,0,,13,0.72,45,4,0.24,49,9,0.55,44,1,0,18,33,0.00,99,0,13,0.79,46,5,85,0.30,29,0,0.00,99,0,0.00,0,0,0.00,0,1.64,89,22,1.34,54,14,0.85,63.64,0,0.00,0,0,0,0.00,0,21,0.00,27,1.28,71,N/A,N/A,N/A,N/A,0.00,0,0.00,0,1.48,0.00,0,82.89,30.77,54,24,0.89,0.97,16,69,82,0,0,0,0.22,0.24,4,60,125.31,0.78,0.85,14,0,0.00,0.00,99,0.00,0,0,0,0.00,0.00,0,0.00,0.00,0.00,0.00,0,1,7.69,66,94,98,99,28,5.09,97,0.28,0.31,1.48,52,0.08,0.09,57,18,1.00,1.10,1.03,0.94,45,17,0.09,51,81,29,81,0,46,26,0,0.00,99,10,0.00,0.61,8.03,7.33,132,62,20,27,3.77,3.44,46.97,17,1.03,33,0,40.00,0,0.00,99,2,0.11,0.12,37,98,30,41,0,0,0,0,0,85,59,74,73,0,99,39,99,17,1,6,21,24,0,0
Rafael Victoriano Barrios,33,738140400,1993/05/23,Primera División,2026,Defender,Barracas Central,502,247,255,Argentina,9,4,5,0,0,0,0,0,0,0,0,2,1,1,4,3,1,0,0,0,0,0,0,0,0,0.72,126,56,0,0,0,465,462,74,17,0,6.51,0,63,25.64,15.89,33,143,11.78,106,41,19.00,36,0.00,0.00,0.22,2,0.00,1.44,2.33,1.44,13,0.00,1.00,0.00,0.00,0.00,1.00,0.67,0.56,0.00,0.00,0.00,1.11,0.00,0.00,0.00,0.00,0.78,0.00,0.00,0,0,,0,0.00,8,0,0.00,22,0,0.00,9,3,2,7,80,0.00,99,0,9,1.61,87,13,51,2.33,66,0,0.00,99,0,0.00,0,0,0.00,0,0.36,29,10,1.79,66,6,1.08,60.00,0,0.00,0,0,0,0.00,0,5,0.00,71,0.90,39,N/A,N/A,N/A,N/A,0.00,0,0.00,0,0.00,0.00,0,74.13,0.00,22,42,0.44,0.72,4,80,79,0,0,0,0.00,0.00,0,29,58.55,1.11,1.79,10,0,0.00,0.00,99,0.00,0,0,0,0.00,0.00,0,0.00,0.00,0.18,0.11,1,0,0.00,56,17,17,56,71,0.35,26,0.04,0.06,0.00,9,0.00,0.00,44,5,0.56,0.90,1.97,1.22,88,11,0.00,9,18,56,81,0,69,53,0,0.00,99,7,0.00,1.25,10.94,6.78,61,30,63,63,5.38,3.33,49.18,9,1.61,14,0,23.08,0,0.00,99,3,0.33,0.54,68,33,57,74,0,0,0,0,0,41,56,74,68,0,99,18,15,15,0,0,16,13,0,0
Ramiro Ángel Carrera,32,751446000,1993/10/24,Primera División,2026,Midfielder,Lanús,1056,452,604,Argentina,16,7,9,2,1,1,3,2,1,0,0,6,4,2,10,3,7,6,0,0.43,0.26,0.17,0.2,0.15,528,0.85,106,66,176,352,0.51,123,41,-1,3,0,6.95,0.19,94,30.85,22.62,50,362,14.81,237,17,20.20,40,0.00,0.00,0.88,14,0.00,1.00,1.62,1.19,19,0.00,0.69,0.00,0.00,0.00,0.44,0.44,0.62,13.00,2.22,1.19,1.00,0.00,0.44,0.19,0.00,2.06,0.00,0.00,0,0,,26,1.62,85,7,0.60,76,19,1.62,90,4,3,13,53,0.00,99,0,7,0.60,36,16,29,1.36,56,0,0.00,99,0,0.00,0,0,0.00,0,1.19,74,16,1.36,54,7,0.60,43.75,0,0.00,0,0,0,0.00,0,10,0.00,57,0.85,32,N/A,N/A,N/A,N/A,0.00,0,0.00,0,3.07,0.00,0,65.47,26.92,46,16,0.81,1.11,13,56,50,0,0,0,0.44,0.60,7,87,111.16,0.81,1.11,13,0,0.00,0.00,99,0.00,0,0,1,0.06,0.09,0,0.00,0.00,0.43,0.31,5,1,7.69,66,64,88,78,57,2.73,90,0.17,0.23,3.07,82,0.19,0.26,64,15,0.94,1.28,1.45,1.06,70,17,0.26,81,80,37,88,0,87,86,0,0.00,99,33,0.00,2.81,12.44,9.12,146,73,82,79,6.22,4.56,50.00,11,0.94,36,0,6.25,0,0.00,99,1,0.06,0.09,34,71,66,84,0,0,0,0,0,90,80,80,78,0,99,65,25,91,6,38,94,23,0,0
Ramiro Hernandes,21,1100246400,2004/11/12,Primera División,2026,Midfielder,Belgrano,647,346,301,Argentina,18,9,9,2,2,0,0,0,0,0,0,9,5,4,4,3,1,3,0,0.28,0,0.28,0.52,0,324,0.56,162,36,216,0,0.42,66,229,-1,4,0,6.64,0,63,42.41,17.72,81,319,14.22,256,73,34.03,81,0.00,0.00,0.50,9,0.00,0.72,2.26,0.94,17,0.00,0.39,0.00,0.00,0.00,0.39,1.00,0.22,8.00,2.13,0.67,2.50,0.00,0.22,0.12,0.00,0.50,0.00,0.00,0,0,,16,0.89,83,4,0.53,72,12,1.60,89,4,14,4,79,0.00,99,0,7,0.93,53,13,83,1.73,60,0,0.00,99,0,0.00,0,0,0.00,0,1.20,74,45,5.98,99,18,2.39,40.00,0,0.00,0,0,0,0.00,0,4,0.00,87,0.53,7,N/A,N/A,N/A,N/A,0.00,0,0.00,0,2.24,0.00,0,80.25,25.00,45,13,0.50,1.20,9,97,43,0,0,0,0.00,0.00,0,29,119.49,0.50,1.20,9,0,0.00,0.00,99,0.00,0,0,0,0.00,0.00,0,0.00,0.00,0.00,0.00,0,0,12.50,79,32,98,68,87,0.74,54,0.04,0.10,2.24,87,0.12,0.30,62,9,0.50,1.20,1.60,0.67,78,12,0.30,86,31,40,81,0,46,50,0,0.00,99,9,0.00,1.20,15.55,6.50,117,51,87,93,6.78,2.83,43.59,7,0.93,37,0,38.46,0,0.00,99,5,0.28,0.66,72,8,99,84,0,0,0,0,0,78,89,74,94,0,99,88,33,84,3,17,53,51,0,0
Ramiro Jesús Macagno,29,858672000,1997/03/18,Primera División,2026,Goalkeeper,Independiente Rivadavia,14,0,14,Argentina,1,0,1,0,0,0,0,0,0,0,0,0,0,0,1,0,1,0,0,0,0,0,0,0,0,6.43,14,14,0,0,0,-1,-1,-1,18,0,6.22,0,63,12.86,2.00,2,2,0.00,0,0,0.00,0,0.00,0.00,0.00,0,0.00,0.00,0.00,0.00,0,0.00,0.00,0.00,0.00,0.00,0.00,0.00,1.00,0.00,0.00,0.00,0.00,0.00,0.00,0.00,0.00,0.00,0.00,0.00,0,0,,0,0.00,8,0,0.00,22,0,0.00,9,1,0,1,5,0.00,99,0,0,0.00,10,0,28,0.00,12,0,0.00,99,0,0.00,0,0,0.00,0,0.00,8,0,0.00,9,0,0.00,0.00,0,0.00,0,0,0,0.00,0,1,0.00,0,6.43,99,N/A,N/A,N/A,N/A,0.00,0,0.00,0,0.00,0.00,0,0.00,0.00,22,99,0.00,0.00,0,12,12,0,0,0,0.00,0.00,0,29,6.22,1.00,6.43,1,0,0.00,0.00,99,0.00,0,0,0,0.00,0.00,0,0.00,0.00,0.00,0.00,0,0,0.00,56,0,0,56,0,0.00,0,0.00,0.00,0.00,9,0.00,0.00,2,0,0.00,0.00,0.00,0.00,6,0,0.00,9,11,92,81,0,46,1,0,0.00,99,0,0.00,0.00,0.00,0.00,0,0,0,0,0.00,0.00,0.00,0,0.00,99,0,0.00,0,0.00,99,0,0.00,0.00,28,0,30,41,0,0,0,0,0,41,56,74,68,0,99,1,15,15,0,0,16,12,0,0
Ramiro Ruiz Rodríguez,26,953625600,2000/03/21,Primera División,2026,Forward,Atlético Tucumán,141,27,114,Argentina,5,2,3,0,0,0,0,0,0,0,0,1,1,0,4,1,3,0,0,0,0,0,0,0,0,2.55,35,28,0,0,0,-1,-1,-1,23,0,6.45,0,63,24.89,7.80,30,39,4.00,20,3,12.77,11,0.00,0.00,0.20,1,0.00,0.80,2.55,0.80,4,0.00,0.20,0.00,0.00,0.00,0.00,0.00,0.80,0.00,0.00,0.00,0.40,0.00,0.00,0.00,0.00,1.60,0.00,0.00,0,0,,0,0.00,8,0,0.00,22,0,0.00,9,2,4,1,85,0.00,99,0,0,0.00,10,4,28,2.55,70,0,0.00,99,0,0.00,0,0,0.00,0,0.64,45,2,1.28,52,0,0.00,0.00,0,0.00,0,0,0,0.00,0,4,0.00,0,2.55,93,N/A,N/A,N/A,N/A,0.00,0,0.00,0,0.00,0.00,0,51.28,0.00,22,48,0.20,0.64,1,12,12,0,0,0,0.00,0.00,0,29,32.26,0.60,1.91,3,0,0.00,0.00,99,0.00,0,0,0,0.00,0.00,0,0.00,0.00,0.64,0.20,1,0,0.00,56,0,1,56,0,0.09,26,0.02,0.06,0.00,9,0.00,0.00,30,1,0.20,0.64,1.28,0.40,61,2,0.00,9,17,58,81,0,93,99,0,0.00,99,8,0.00,5.11,15.32,4.80,24,12,94,92,7.66,2.40,50.00,1,0.64,52,0,0.00,0,0.00,99,0,0.00,0.00,28,0,75,57,0,0,0,0,0,41,56,74,68,0,99,15,15,15,0,0,16,18,0,0
Ramiro Tomás González,22,1089442800,2004/07/10,Primera División,2026,Defender,Atlético Tucumán,0,0,0,Argentina,0,0,0,0,0,0,0,0,0,0,0,0,0,0,0,0,0,0,0,0,0,0,0,0,0,0,0,0,0,0,0,-1,-1,-1,-1,N/A,N/A,N/A,N/A,N/A,N/A,N/A,N/A,N/A,N/A,N/A,N/A,N/A,N/A,N/A,N/A,N/A,N/A,N/A,N/A,N/A,N/A,N/A,N/A,N/A,N/A,N/A,N/A,N/A,N/A,N/A,N/A,N/A,N/A,N/A,N/A,N/A,N/A,N/A,N/A,N/A,N/A,N/A,N/A,N/A,N/A,N/A,N/A,N/A,N/A,N/A,N/A,N/A,N/A,N/A,N/A,N/A,N/A,N/A,N/A,N/A,N/A,N/A,N/A,N/A,N/A,N/A,N/A,N/A,N/A,N/A,N/A,N/A,N/A,N/A,N/A,N/A,N/A,N/A,N/A,N/A,N/A,N/A,N/A,N/A,N/A,N/A,N/A,N/A,N/A,N/A,N/A,N/A,N/A,N/A,N/A,N/A,N/A,N/A,N/A,N/A,N/A,N/A,N/A,N/A,N/A,N/A,N/A,N/A,N/A,N/A,N/A,N/A,N/A,N/A,N/A,N/A,N/A,N/A,N/A,N/A,N/A,N/A,N/A,N/A,N/A,N/A,N/A,N/A,N/A,N/A,N/A,N/A,N/A,N/A,N/A,N/A,N/A,N/A,N/A,N/A,N/A,N/A,N/A,N/A,N/A,N/A,N/A,N/A,N/A,N/A,N/A,N/A,N/A,N/A,N/A,N/A,N/A,N/A,N/A,N/A,N/A,N/A,N/A,N/A,N/A,N/A,N/A,N/A,N/A,N/A,N/A,N/A,N/A,N/A,N/A,N/A,N/A,N/A,N/A,N/A,N/A,N/A,N/A,N/A,N/A,N/A,N/A,N/A,N/A,N/A,N/A,N/A,N/A,N/A,N/A,N/A,N/A,N/A,N/A,N/A,N/A,N/A,N/A,N/A,N/A,N/A,N/A,N/A,N/A,N/A,N/A,N/A,N/A,N/A,N/A,N/A,N/A,N/A,N/A,N/A,N/A,N/A,N/A
Ramiro Tulián,18,1200729600,2008/01/19,Primera División,2026,Midfielder,Belgrano,38,33,5,Argentina,3,2,1,1,1,0,0,0,0,0,0,1,1,0,1,1,0,0,0,2.37,0,2.37,2.73,0,38,2.37,38,13,0,0,0,-1,-1,-1,11,0,6.79,0,63,26.05,3.67,34,11,3.33,10,99,23.68,52,0.00,0.00,0.33,1,0.00,0.33,7.11,1.00,3,0.00,0.33,0.00,0.00,0.00,0.00,0.00,0.67,3.00,7.11,0.33,0.33,0.00,0.67,0.30,0.00,0.00,0.00,0.00,0,0,,3,1.00,99,2,4.74,99,1,2.37,99,0,3,0,99,0.00,99,0,0,0.00,10,1,28,2.37,67,0,0.00,99,0,0.00,0,0,0.00,0,2.37,97,1,2.37,77,0,0.00,0.00,0,0.00,0,0,0,0.00,0,2,0.00,0,4.74,99,N/A,N/A,N/A,N/A,0.00,0,0.00,0,0.89,0.00,0,90.91,66.67,98,99,0.00,0.00,0,12,12,0,0,0,0.00,0.00,0,29,20.37,0.00,0.00,0,0,0.00,0.00,99,0.00,0,0,0,0.00,0.00,0,0.00,0.00,0.00,0.00,0,0,33.33,99,0,0,56,0,0.07,80,0.02,0.17,0.89,99,0.30,2.11,2,0,0.00,0.00,2.37,0.33,94,1,2.11,99,53,1,81,0,46,1,0,0.00,99,0,0.00,0.00,14.21,2.00,6,3,91,89,7.11,1.00,50.00,1,2.37,4,0,0.00,0,0.00,99,0,0.00,0.00,28,0,66,16,0,0,0,0,0,99,99,74,99,0,99,54,15,15,0,0,16,15,0,0
Ramón Ábila,36,624351600,1989/10/14,Primera División,2026,Forward,Estudiantes Río Cuarto,190,39,151,Argentina,8,4,4,0,0,0,0,0,0,0,0,0,0,0,4,0,4,2,0,0,0,0,0,0,0,1.89,48,24,95,0,0.95,-1,-1,-1,11,0,5.68,0,63,20.00,5.25,11,42,3.25,26,9,12.38,10,0.00,0.00,0.25,2,0.00,0.12,0.00,0.00,0,0.00,0.25,0.00,0.00,0.00,0.00,0.25,0.62,0.00,0.95,0.12,0.38,0.00,0.12,0.02,0.00,0.50,0.00,0.00,0,0,,2,0.25,52,1,0.48,68,1,0.48,40,3,7,1,5,0.00,99,0,0,0.00,10,1,28,0.48,38,0,0.00,99,0,0.00,0,0,0.00,0,0.95,64,3,1.43,58,2,0.95,66.67,0,0.00,0,0,0,0.00,0,5,0.00,2,2.38,93,N/A,N/A,N/A,N/A,0.00,0,0.00,0,0.18,0.00,0,61.90,50.00,91,99,0.00,0.00,0,73,87,0,0,0,0.00,0.00,0,29,45.47,0.25,0.95,2,0,0.00,0.00,99,0.00,0,0,0,0.00,0.00,0,0.00,0.00,5.71,1.50,12,0,0.00,56,0,11,56,2,0.13,26,0.02,0.06,0.18,52,0.02,0.09,73,3,0.38,1.43,0.48,0.12,13,1,0.09,51,3,32,81,0,99,70,0,0.00,99,4,0.00,1.90,7.62,2.00,16,9,33,21,4.29,1.12,56.25,2,0.95,36,0,0.00,0,0.00,99,0,0.00,0.00,28,0,92,74,0,0,0,0,0,41,56,74,68,0,99,1,16,99,2,25,79,50,0,0
Ramon Ginés Arias Quinteros,33,712220400,1992/07/27,Primera División,2026,Defender,Tigre,290,105,185,Uruguay,7,4,3,0,0,0,0,0,0,0,0,3,2,1,4,2,2,0,0,0,0,0,0,0,0,1.24,73,41,0,0,0,316,307,193,12,0,5.66,0,63,26.69,12.29,36,86,8.43,59,24,18.31,34,0.00,0.00,0.43,3,0.00,0.43,1.24,0.57,4,0.00,0.00,0.00,0.00,0.00,1.14,0.00,0.57,0.00,0.31,0.14,0.00,0.00,0.00,0.01,0.00,2.00,0.00,0.00,0,0,,1,0.14,17,0,0.00,22,1,0.31,25,2,4,3,34,0.00,99,0,8,2.48,99,3,79,0.93,49,0,0.00,99,0,0.00,0,0,0.00,0,0.93,63,0,0.00,9,0,0.00,0.00,0,0.00,0,0,0,0.00,0,4,0.00,19,1.24,68,N/A,N/A,N/A,N/A,0.00,0,0.00,0,0.05,0.00,0,68.60,0.00,22,27,0.43,0.93,3,12,12,0,0,0,0.14,0.31,1,67,39.64,3.43,7.45,24,0,0.00,0.00,99,0.00,0,0,0,0.00,0.00,0,0.00,0.00,0.00,0.00,0,0,0.00,56,0,6,56,20,0.26,42,0.04,0.08,0.05,20,0.01,0.02,47,3,0.43,0.93,1.24,0.57,58,4,0.02,20,3,96,81,0,46,97,0,0.00,99,14,0.00,4.34,12.72,5.86,41,21,85,81,6.52,3.00,51.22,0,0.00,99,0,33.33,0,0.00,99,1,0.14,0.31,56,3,75,57,0,0,0,0,0,41,56,74,68,0,99,75,15,15,0,0,16,42,0,0
Ramón Gonzalez Herrero,24,1017475200,2002/03/30,Primera División,2026,Forward,Deportivo Riestra,0,0,0,Argentina,0,0,0,0,0,0,0,0,0,0,0,0,0,0,0,0,0,0,0,0,0,0,0,0,0,0,0,0,0,0,0,-1,-1,-1,-1,N/A,N/A,N/A,N/A,N/A,N/A,N/A,N/A,N/A,N/A,N/A,N/A,N/A,N/A,N/A,N/A,N/A,N/A,N/A,N/A,N/A,N/A,N/A,N/A,N/A,N/A,N/A,N/A,N/A,N/A,N/A,N/A,N/A,N/A,N/A,N/A,N/A,N/A,N/A,N/A,N/A,N/A,N/A,N/A,N/A,N/A,N/A,N/A,N/A,N/A,N/A,N/A,N/A,N/A,N/A,N/A,N/A,N/A,N/A,N/A,N/A,N/A,N/A,N/A,N/A,N/A,N/A,N/A,N/A,N/A,N/A,N/A,N/A,N/A,N/A,N/A,N/A,N/A,N/A,N/A,N/A,N/A,N/A,N/A,N/A,N/A,N/A,N/A,N/A,N/A,N/A,N/A,N/A,N/A,N/A,N/A,N/A,N/A,N/A,N/A,N/A,N/A,N/A,N/A,N/A,N/A,N/A,N/A,N/A,N/A,N/A,N/A,N/A,N/A,N/A,N/A,N/A,N/A,N/A,N/A,N/A,N/A,N/A,N/A,N/A,N/A,N/A,N/A,N/A,N/A,N/A,N/A,N/A,N/A,N/A,N/A,N/A,N/A,N/A,N/A,N/A,N/A,N/A,N/A,N/A,N/A,N/A,N/A,N/A,N/A,N/A,N/A,N/A,N/A,N/A,N/A,N/A,N/A,N/A,N/A,N/A,N/A,N/A,N/A,N/A,N/A,N/A,N/A,N/A,N/A,N/A,N/A,N/A,N/A,N/A,N/A,N/A,N/A,N/A,N/A,N/A,N/A,N/A,N/A,N/A,N/A,N/A,N/A,N/A,N/A,N/A,N/A,N/A,N/A,N/A,N/A,N/A,N/A,N/A,N/A,N/A,N/A,N/A,N/A,N/A,N/A,N/A,N/A,N/A,N/A,N/A,N/A,N/A,N/A,N/A,N/A,N/A,N/A,N/A,N/A,N/A,N/A,N/A,N/A
Raúl Alberto Lozano,28,873183600,1997/09/02,Primera División,2026,Defender,Estudiantes Río Cuarto,436,261,175,Argentina,6,3,3,0,0,0,1,1,0,0,0,0,0,0,7,5,2,0,0,0.21,0.21,0,0,0,0,1.44,62,73,0,436,0,295,68,220,10,0,6.54,0.17,90,36.25,29.33,68,176,23.00,138,65,28.42,67,0.00,0.00,0.33,2,0.00,3.33,1.85,1.50,9,0.00,0.33,0.00,0.00,0.00,1.00,0.83,1.33,0.00,0.82,0.67,1.67,0.00,0.00,0.04,0.00,0.33,0.00,0.00,0,0,,4,0.67,46,0,0.00,22,4,0.82,60,1,1,5,64,0.00,99,0,6,1.24,70,20,36,4.12,87,0,0.00,99,0,0.00,0,0,0.00,0,0.41,32,10,2.06,70,5,1.03,50.00,0,0.00,0,0,0,0.00,0,8,0.00,9,1.65,89,N/A,N/A,N/A,N/A,0.00,0,0.00,0,0.22,0.00,0,78.41,0.00,22,7,1.17,1.44,7,78,66,0,0,0,0.17,0.21,1,56,39.26,2.00,2.47,12,0,0.00,0.00,99,0.00,0,0,0,0.00,0.00,0,0.00,0.00,0.00,0.00,0,0,0.00,56,8,4,56,8,0.95,85,0.16,0.20,0.22,36,0.04,0.05,41,4,0.67,0.82,1.85,1.50,86,9,0.05,36,20,68,81,0,46,16,0,0.00,99,2,0.00,0.41,9.89,8.00,48,20,28,51,4.12,3.33,41.67,2,0.41,67,0,15.00,0,0.00,99,3,0.50,0.62,71,18,44,41,0,0,0,0,0,71,56,74,68,0,99,1,15,15,0,0,16,45,0,0
Ray Kendry Páez Andrade,19,1178262000,2007/05/04,Primera División,2026,Midfielder,River Plate,329,197,132,Ecuador,10,7,3,1,1,0,0,0,0,0,0,1,1,0,2,1,1,1,0,0.27,0,0.27,0.46,0,329,0.55,165,33,329,0,0.27,71,289,-1,10,0,6.05,0,63,35.75,14.30,66,143,11.00,110,57,27.50,64,0.00,0.00,0.90,9,0.00,1.30,1.50,0.60,6,0.00,0.70,0.00,0.00,0.00,0.30,1.20,0.30,10.00,2.50,0.40,2.40,0.00,0.60,0.15,0.00,0.20,0.00,0.00,0,0,,10,1.00,91,6,1.50,98,4,1.00,69,2,7,3,48,0.00,99,0,3,0.75,45,13,83,3.25,79,0,0.00,99,0,0.00,0,0,0.00,0,2.25,97,24,6.00,99,12,3.00,50.00,0,0.00,0,0,0,0.00,0,3,0.00,88,0.75,22,N/A,N/A,N/A,N/A,0.00,0,0.00,0,1.51,0.00,0,76.92,60.00,95,39,0.30,0.75,3,99,66,0,0,0,0.00,0.00,0,29,60.51,0.10,0.25,1,0,0.00,0.00,99,0.00,0,0,0,0.00,0.00,0,0.00,0.00,0.00,0.00,0,0,10.00,72,0,23,68,88,0.56,70,0.06,0.14,1.51,94,0.15,0.38,35,3,0.30,0.75,0.75,0.30,28,3,0.38,92,7,7,81,0,46,21,0,0.00,99,2,0.00,0.50,13.00,5.20,52,23,72,83,5.75,2.30,44.23,7,1.75,10,0,38.46,0,0.00,99,5,0.50,1.25,89,3,92,57,0,0,0,0,0,77,88,74,93,0,99,3,55,61,1,10,34,19,0,0
Renzo Damián Bacchia Rodríguez,27,917078400,1999/01/23,Primera División,2026,Goalkeeper,Estudiantes Río Cuarto,450,180,270,Uruguay,5,2,3,0,0,0,0,0,0,0,0,1,1,0,9,1,8,1,0,0,0,0,0,0,0,1.8,50,90,450,0,0.2,322,300,234,26,0,6.57,0,63,21.40,21.40,18,107,8.60,43,0,8.60,2,0.00,0.00,0.20,1,0.00,0.00,0.00,0.00,0,0.00,0.00,0.00,0.00,2.60,0.00,0.00,4.40,0.00,0.00,0.00,0.00,0.00,0.00,0.00,0.00,0.20,0.00,0.00,0,0,,0,0.00,8,0,0.00,22,0,0.00,9,0,0,5,5,0.00,99,0,0,0.00,10,0,28,0.00,12,0,0.00,99,0,0.00,0,0,0.00,0,0.20,19,0,0.00,9,0,0.00,0.00,0,0.00,0,13,3,2.60,39,22,0.00,2,4.40,98,N/A,N/A,N/A,N/A,59.09,0,0.00,0,0.00,0.00,0,40.19,0.00,22,99,0.00,0.00,0,12,12,0,0,10,0.00,0.00,0,29,32.84,1.40,1.40,7,1,0.00,0.20,1,0.20,0,0,0,0.00,0.00,4,0.80,0.80,0.00,0.00,0,0,0.00,56,11,1,56,2,0.14,6,0.03,0.03,0.00,9,0.00,0.00,2,0,0.00,0.00,0.20,0.20,8,1,0.00,9,23,47,81,83,46,6,0,0.00,99,1,0.00,0.20,0.40,0.40,2,1,1,2,0.20,0.20,50.00,0,0.00,99,0,0.00,0,0.00,99,0,0.00,0.00,28,18,30,16,0,0,0,0,0,41,56,74,68,0,99,15,73,45,1,20,65,23,0,0
Renzo Giampaoli,26,947232000,2000/01/07,Primera División,2026,Defender,Gimnasia La Plata,1270,577,693,Argentina,16,7,9,0,0,0,0,0,0,0,0,5,3,2,16,6,10,3,0,0,0,0,0,0,0,1.13,79,79,423,0,0.21,507,499,170,19,0,6.95,0,63,32.53,28.69,56,459,23.94,383,85,27.14,63,0.00,0.00,0.19,3,0.00,0.06,1.70,1.50,24,0.00,0.06,0.00,0.00,0.00,1.25,0.06,1.00,0.00,0.50,0.38,0.06,0.00,0.06,0.03,0.00,2.75,0.00,0.00,0,0,,7,0.44,28,1,0.07,24,6,0.43,35,1,2,14,56,0.00,99,0,20,1.42,80,1,28,0.07,16,0,0.00,99,0,0.00,0,0,0.00,0,0.21,20,1,0.07,10,1,0.07,100.00,0,0.00,0,0,0,0.00,0,16,0.00,30,1.13,60,N/A,N/A,N/A,N/A,0.00,0,0.00,0,0.47,0.00,0,83.44,14.29,27,55,0.50,0.57,8,15,99,0,0,0,1.06,1.20,17,99,111.22,8.62,9.78,138,1,0.00,0.07,10,0.06,0,0,0,0.00,0.00,0,0.00,0.00,0.00,0.00,0,0,0.00,56,80,88,56,29,0.84,26,0.05,0.06,0.47,26,0.03,0.03,11,4,0.25,0.28,0.78,0.69,29,11,0.03,26,80,99,81,0,46,90,0,0.00,99,44,0.00,3.12,8.15,7.19,115,71,53,29,5.03,4.44,61.74,1,0.07,87,0,0.00,0,0.00,99,0,0.00,0.00,28,78,57,41,0,0,0,0,0,41,56,74,68,0,99,47,69,47,3,19,60,4,0,0
Renzo Iván Tesuri,30,834130800,1996/06/07,Primera División,2026,Midfielder,Atlético Tucumán,1240,624,616,Argentina,16,8,8,2,1,1,1,0,1,0,0,5,4,1,14,3,11,3,0,0.22,0.07,0.15,0.14,0.15,620,1.02,89,78,413,1240,0.22,140,176,-1,2,0,6.58,0.06,69,22.14,19.06,21,305,13.25,212,27,15.39,22,0.00,0.00,0.56,9,0.00,1.25,1.74,1.50,24,0.00,0.88,0.00,0.00,0.00,0.25,0.31,0.94,8.50,1.23,0.69,1.19,0.00,0.38,0.15,0.00,0.44,0.00,0.00,0,0,,17,1.06,61,6,0.44,65,11,0.80,58,3,0,16,59,0.00,99,0,4,0.29,22,20,31,1.45,57,0,0.00,99,0,0.00,0,0,0.00,0,0.65,46,19,1.38,55,5,0.36,26.32,0,0.00,0,0,0,0.00,0,15,0.00,39,1.09,56,N/A,N/A,N/A,N/A,0.00,0,0.00,0,2.41,0.00,0,69.51,35.29,64,4,1.38,1.60,22,40,21,0,0,0,0.00,0.00,0,29,105.35,0.19,0.22,3,0,0.00,0.00,99,0.00,0,0,1,0.06,0.07,0,0.00,0.00,0.00,0.00,0,0,11.76,77,77,88,82,39,1.42,54,0.09,0.10,2.41,69,0.15,0.17,76,22,1.38,1.60,0.51,0.44,15,7,0.17,68,24,6,85,0,46,21,0,0.00,99,7,0.00,0.51,9.80,8.44,135,56,26,50,4.06,3.50,41.48,14,1.02,34,0,10.00,0,0.00,99,2,0.12,0.15,40,93,30,74,0,0,0,0,0,72,76,80,73,0,99,47,68,50,3,19,60,11,0,0
Renzo Miguel Orihuela Barcos,25,986367600,2001/04/04,Primera División,2026,Defender,Sarmiento,494,180,314,Uruguay,6,2,4,0,0,0,0,0,0,0,0,1,1,0,7,3,4,2,0,0,0,0,0,0,0,1.28,71,82,247,0,0.36,339,330,199,25,0,6.68,0,63,39.53,36.17,75,217,27.50,165,51,30.06,73,0.00,0.00,0.33,2,0.00,0.17,1.09,1.00,6,0.00,0.33,0.00,0.00,0.00,1.83,0.17,1.33,0.00,0.55,0.33,0.33,0.00,0.17,0.03,0.00,3.00,0.00,0.00,0,0,,3,0.50,31,1,0.18,40,2,0.36,30,0,1,5,27,0.00,99,0,11,2.00,96,1,28,0.18,23,0,0.00,99,0,0.00,0,0,0.00,0,0.36,29,2,0.36,22,1,0.18,50.00,0,0.00,0,0,0,0.00,0,8,0.00,17,1.46,82,N/A,N/A,N/A,N/A,0.00,0,0.00,0,0.20,0.00,0,76.04,33.33,62,57,0.50,0.55,3,22,66,0,0,0,0.17,0.18,1,50,40.06,5.33,5.83,32,0,0.00,0.00,99,0.00,0,0,0,0.00,0.00,0,0.00,0.00,0.00,0.00,0,0,0.00,56,16,4,56,18,0.45,42,0.07,0.08,0.20,32,0.03,0.04,64,7,1.17,1.28,0.91,0.83,38,5,0.04,32,36,89,81,0,46,92,0,0.00,99,18,0.00,3.28,10.02,9.17,55,31,69,53,5.65,5.17,56.36,2,0.36,70,0,0.00,0,0.00,99,0,0.00,0.00,28,18,44,16,0,0,0,0,0,41,56,74,68,0,99,8,41,75,2,33,92,44,0,0
Rick,26,936255600,1999/09/02,Primera División,2026,Forward,Talleres Córdoba,978,392,586,Brazil,15,6,9,2,1,1,1,0,1,0,0,5,2,3,8,3,5,4,0,0.28,0.09,0.18,0.23,0.15,489,0.74,122,65,245,978,0.37,111,155,-1,5,0,6.81,0.07,74,19.19,13.73,9,206,9.00,135,17,12.58,11,0.00,0.00,0.67,10,0.00,2.33,1.58,1.13,17,0.00,1.20,0.00,0.00,0.00,0.47,1.07,0.67,15.50,2.89,1.33,2.67,0.00,0.73,0.25,0.00,0.93,0.00,0.00,0,0,,31,2.07,95,11,1.02,90,20,1.86,95,5,4,11,51,0.00,99,0,7,0.65,40,35,58,3.26,79,0,0.00,99,0,0.00,0,0,0.00,0,0.93,63,40,3.73,91,16,1.49,40.00,0,0.00,0,0,0,0.00,0,10,0.00,69,0.93,41,N/A,N/A,N/A,N/A,0.00,0,0.00,0,3.69,0.00,0,65.53,35.48,64,64,0.33,0.47,5,89,43,0,0,0,0.00,0.00,0,29,102.12,0.47,0.65,7,0,0.00,0.00,99,0.00,0,0,0,0.00,0.00,0,0.00,0.00,0.47,0.33,5,0,6.45,63,58,73,75,69,1.25,63,0.08,0.12,3.69,90,0.25,0.34,74,16,1.07,1.49,1.58,1.13,77,17,0.34,90,57,20,81,0,90,55,0,0.00,99,14,0.00,1.30,13.60,9.73,146,63,74,86,5.87,4.20,43.15,18,1.68,12,0,25.71,0,0.00,99,9,0.60,0.84,79,59,75,92,0,0,0,0,0,78,81,80,80,0,99,54,40,77,4,27,82,37,0,0
Roberto Agustín Bochi,36,629798400,1989/12/16,Primera División,2026,Midfielder,Aldosivi,677,323,354,Argentina,10,5,5,0,0,0,0,0,0,0,0,4,4,0,6,1,5,3,0,0,0,0,0,0,0,0.8,113,68,226,0,0.4,429,424,-1,28,0,6.68,0,63,35.89,27.00,67,270,21.10,211,62,28.05,65,0.00,0.00,0.40,4,0.00,0.30,2.79,2.10,21,0.00,0.80,0.00,0.00,0.00,1.10,0.40,0.60,0.00,0.40,0.30,0.90,0.00,0.00,0.01,0.00,1.10,0.00,0.00,0,0,,3,0.30,22,0,0.00,22,3,0.40,33,4,1,9,91,0.00,99,0,11,1.46,82,3,96,0.40,34,0,0.00,99,0,0.00,0,0,0.00,0,0.53,39,9,1.20,49,4,0.53,44.44,0,0.00,0,0,0,0.00,0,6,0.00,62,0.80,27,N/A,N/A,N/A,N/A,0.00,0,0.00,0,0.13,0.00,0,78.15,0.00,22,27,0.70,0.93,7,53,52,0,0,0,0.10,0.13,1,43,66.81,2.30,3.06,23,0,0.00,0.00,99,0.00,0,0,0,0.00,0.00,0,0.00,0.00,0.00,0.00,0,0,0.00,56,34,23,56,62,0.53,36,0.05,0.07,0.13,20,0.01,0.02,4,1,0.10,0.13,1.46,1.10,70,11,0.02,20,36,75,81,0,46,60,0,0.00,99,11,0.00,1.46,9.57,7.20,72,39,58,46,5.18,3.90,54.17,8,1.06,31,0,66.67,0,0.00,99,2,0.20,0.27,53,48,44,84,0,0,0,0,0,41,56,74,68,0,99,69,35,81,3,30,87,5,0,0
Rodrigo Agustín Colazo,25,974275200,2000/11/15,Primera División,2026,Forward,Unión Santa Fe,183,88,95,Argentina,7,3,4,1,0,1,0,0,0,0,0,2,2,0,2,0,2,1,0,0.49,0,0.49,0,0.95,183,0.98,92,26,183,0,0.49,-1,-1,-1,7,0,5.89,0,63,19.18,5.57,9,39,3.29,23,7,11.31,8,0.00,0.00,0.43,3,0.00,0.43,2.95,0.86,6,0.00,0.57,0.00,0.00,0.00,0.00,0.57,0.29,7.00,3.44,0.43,1.00,0.00,0.57,0.17,0.00,1.29,0.00,0.00,0,0,,7,1.00,98,4,1.97,99,3,1.48,86,1,5,2,93,0.00,99,0,0,0.00,10,3,79,1.48,58,0,0.00,99,0,0.00,0,0,0.00,0,1.48,84,7,3.44,89,4,1.97,57.14,0,0.00,0,0,0,0.00,0,2,0.00,43,0.98,47,N/A,N/A,N/A,N/A,0.00,0,0.00,0,1.22,0.00,0,58.97,57.14,93,99,0.00,0.00,0,94,75,0,0,0,0.00,0.00,0,29,41.24,0.43,1.48,3,0,0.00,0.00,99,0.00,0,0,0,0.00,0.00,0,0.00,0.00,0.00,0.00,0,0,14.29,83,0,6,58,43,0.19,47,0.03,0.09,1.22,99,0.17,0.60,23,1,0.14,0.49,1.48,0.43,72,3,0.60,98,5,49,81,0,46,97,0,0.00,99,9,0.00,4.43,23.61,6.86,48,20,99,99,9.84,2.86,41.67,4,1.97,7,0,33.33,0,0.00,99,1,0.14,0.49,65,0,82,41,0,0,0,0,0,93,98,99,68,0,99,39,27,89,1,14,47,9,0,0
Rodrigo Andrés Piñeiro Silva,27,925887600,1999/05/05,Primera División,2026,Forward,Vélez Sarsfield,0,0,0,Uruguay,0,0,0,0,0,0,0,0,0,0,0,0,0,0,0,0,0,0,0,0,0,0,0,0,0,0,0,0,0,0,0,-1,-1,-1,-1,N/A,N/A,N/A,N/A,N/A,N/A,N/A,N/A,N/A,N/A,N/A,N/A,N/A,N/A,N/A,N/A,N/A,N/A,N/A,N/A,N/A,N/A,N/A,N/A,N/A,N/A,N/A,N/A,N/A,N/A,N/A,N/A,N/A,N/A,N/A,N/A,N/A,N/A,N/A,N/A,N/A,N/A,N/A,N/A,N/A,N/A,N/A,N/A,N/A,N/A,N/A,N/A,N/A,N/A,N/A,N/A,N/A,N/A,N/A,N/A,N/A,N/A,N/A,N/A,N/A,N/A,N/A,N/A,N/A,N/A,N/A,N/A,N/A,N/A,N/A,N/A,N/A,N/A,N/A,N/A,N/A,N/A,N/A,N/A,N/A,N/A,N/A,N/A,N/A,N/A,N/A,N/A,N/A,N/A,N/A,N/A,N/A,N/A,N/A,N/A,N/A,N/A,N/A,N/A,N/A,N/A,N/A,N/A,N/A,N/A,N/A,N/A,N/A,N/A,N/A,N/A,N/A,N/A,N/A,N/A,N/A,N/A,N/A,N/A,N/A,N/A,N/A,N/A,N/A,N/A,N/A,N/A,N/A,N/A,N/A,N/A,N/A,N/A,N/A,N/A,N/A,N/A,N/A,N/A,N/A,N/A,N/A,N/A,N/A,N/A,N/A,N/A,N/A,N/A,N/A,N/A,N/A,N/A,N/A,N/A,N/A,N/A,N/A,N/A,N/A,N/A,N/A,N/A,N/A,N/A,N/A,N/A,N/A,N/A,N/A,N/A,N/A,N/A,N/A,N/A,N/A,N/A,N/A,N/A,N/A,N/A,N/A,N/A,N/A,N/A,N/A,N/A,N/A,N/A,N/A,N/A,N/A,N/A,N/A,N/A,N/A,N/A,N/A,N/A,N/A,N/A,N/A,N/A,N/A,N/A,N/A,N/A,N/A,N/A,N/A,N/A,N/A,N/A,N/A,N/A,N/A,N/A,N/A,N/A
Rodrigo Auzmendi,25,978422400,2001/01/02,Primera División,2026,Forward,San Lorenzo,665,337,328,Argentina,15,8,7,4,2,2,0,0,0,0,0,5,3,2,7,6,1,1,0,0.54,0,0.54,0.53,0.55,166,0.95,95,44,665,0,0.14,7,449,-1,1,0,6.83,0,63,19.22,9.47,9,142,5.20,78,4,10.56,5,0.00,0.00,0.33,5,0.00,0.27,0.68,0.33,5,0.00,0.40,0.00,0.00,0.00,0.20,0.33,0.53,6.00,3.25,0.73,0.47,0.00,0.87,0.30,0.00,2.33,0.00,0.00,0,0,,24,1.60,98,13,1.76,99,11,1.49,86,1,9,6,15,0.00,99,0,3,0.41,26,4,95,0.54,40,0,0.00,99,0,0.00,0,0,0.00,0,0.68,47,7,0.95,42,5,0.68,71.43,0,0.00,0,0,0,0.00,0,8,0.00,46,1.08,56,N/A,N/A,N/A,N/A,0.00,0,0.00,0,4.52,0.00,0,54.93,54.17,92,80,0.13,0.27,2,59,88,0,0,0,0.20,0.41,3,77,102.39,0.47,0.95,7,0,0.00,0.00,99,0.00,0,0,2,0.13,0.27,0,0.00,0.00,0.68,0.33,5,0,16.67,88,33,73,57,46,0.37,18,0.02,0.05,4.52,99,0.30,0.61,40,6,0.40,0.81,2.17,1.07,92,16,0.61,99,62,32,99,0,94,98,0,0.00,99,35,0.00,4.74,15.16,7.47,112,48,85,92,6.50,3.20,42.86,6,0.81,43,0,50.00,0,0.00,99,2,0.13,0.27,53,27,97,41,0,1,0,7,0,95,99,97,95,0,99,54,87,31,1,7,25,22,0,0
Rodrigo Borzone,21,1098342000,2004/10/21,Primera División,2026,Goalkeeper,Estudiantes,0,0,0,Argentina,0,0,0,0,0,0,0,0,0,0,0,0,0,0,0,0,0,0,0,0,0,0,0,0,0,0,0,0,0,0,0,-1,-1,-1,-1,N/A,N/A,N/A,N/A,N/A,N/A,N/A,N/A,N/A,N/A,N/A,N/A,N/A,N/A,N/A,N/A,N/A,N/A,N/A,N/A,N/A,N/A,N/A,N/A,N/A,N/A,N/A,N/A,N/A,N/A,N/A,N/A,N/A,N/A,N/A,N/A,N/A,N/A,N/A,N/A,N/A,N/A,N/A,N/A,N/A,N/A,N/A,N/A,N/A,N/A,N/A,N/A,N/A,N/A,N/A,N/A,N/A,N/A,N/A,N/A,N/A,N/A,N/A,N/A,N/A,N/A,N/A,N/A,N/A,N/A,N/A,N/A,N/A,N/A,N/A,N/A,N/A,N/A,N/A,N/A,N/A,N/A,N/A,N/A,N/A,N/A,N/A,N/A,N/A,N/A,N/A,N/A,N/A,N/A,N/A,N/A,N/A,N/A,N/A,N/A,N/A,N/A,N/A,N/A,N/A,N/A,N/A,N/A,N/A,N/A,N/A,N/A,N/A,N/A,N/A,N/A,N/A,N/A,N/A,N/A,N/A,N/A,N/A,N/A,N/A,N/A,N/A,N/A,N/A,N/A,N/A,N/A,N/A,N/A,N/A,N/A,N/A,N/A,N/A,N/A,N/A,N/A,N/A,N/A,N/A,N/A,N/A,N/A,N/A,N/A,N/A,N/A,N/A,N/A,N/A,N/A,N/A,N/A,N/A,N/A,N/A,N/A,N/A,N/A,N/A,N/A,N/A,N/A,N/A,N/A,N/A,N/A,N/A,N/A,N/A,N/A,N/A,N/A,N/A,N/A,N/A,N/A,N/A,N/A,N/A,N/A,N/A,N/A,N/A,N/A,N/A,N/A,N/A,N/A,N/A,N/A,N/A,N/A,N/A,N/A,N/A,N/A,N/A,N/A,N/A,N/A,N/A,N/A,N/A,N/A,N/A,N/A,N/A,N/A,N/A,N/A,N/A,N/A,N/A,N/A,N/A,N/A,N/A,N/A
Rodrigo Castillo,27,920016000,1999/02/26,Primera División,2026,Forward,Lanús,358,158,200,Argentina,5,2,3,1,0,1,3,1,2,0,0,0,0,0,4,1,3,0,0,1.01,0.75,0.25,0,0.45,358,1.01,90,72,0,119,0,76,2,-1,9,0,7.30,0.6,99,24.64,19.60,29,98,15.40,77,65,19.36,37,0.00,0.00,1.80,9,0.00,0.40,1.01,0.80,4,0.00,1.60,0.00,0.00,0.00,1.00,0.60,1.20,7.00,1.76,0.60,1.00,0.00,0.80,0.25,0.00,2.00,0.00,0.00,0,0,,7,1.40,73,4,1.01,90,3,0.75,56,4,1,4,24,0.00,99,0,5,1.26,70,2,95,0.50,38,0,0.00,99,0,0.00,0,0,0.00,0,2.26,97,5,1.26,52,3,0.75,60.00,0,0.00,0,0,0,0.00,0,6,0.00,39,1.51,84,N/A,N/A,N/A,N/A,0.00,0,0.00,0,1.24,0.00,0,78.57,57.14,93,61,0.40,0.50,2,62,79,0,0,0,0.20,0.25,1,62,36.49,1.20,1.51,6,0,0.00,0.00,99,0.00,0,0,0,0.00,0.00,0,0.00,0.00,1.01,0.80,4,0,14.29,83,0,1,69,41,2.19,99,0.44,0.55,1.24,87,0.25,0.31,96,11,2.20,2.77,2.01,1.60,89,8,0.31,87,98,49,81,0,98,81,0,0.00,99,10,0.00,2.51,16.84,13.40,67,28,90,95,7.04,5.60,41.79,8,2.01,7,0,50.00,0,0.00,99,1,0.20,0.25,51,8,44,84,0,0,0,0,0,99,87,95,68,0,99,1,15,15,0,0,16,19,0,0
Rodrigo Fernández Cedrés,30,820656000,1996/01/03,Primera División,2026,Midfielder,Independiente,472,248,224,Uruguay,12,7,5,0,0,0,0,0,0,0,0,2,2,0,8,4,4,2,0,0,0,0,0,0,0,1.53,59,39,236,0,0.38,521,509,-1,11,0,6.10,0,63,38.44,16.83,73,202,12.50,150,42,28.54,67,0.00,0.00,0.25,3,0.00,0.08,3.04,1.33,16,0.00,0.25,0.00,0.00,0.00,0.58,0.25,0.67,0.00,1.14,0.42,0.58,0.00,0.08,0.03,0.00,0.50,0.00,0.00,0,0,,6,0.50,57,1,0.19,42,5,0.95,67,3,8,4,94,0.00,99,0,7,1.33,75,1,99,0.19,24,0,0.00,99,0,0.00,0,0,0.00,0,0.57,41,7,1.33,54,3,0.57,42.86,0,0.00,0,0,0,0.00,0,8,0.00,6,1.52,84,N/A,N/A,N/A,N/A,0.00,0,0.00,0,0.41,0.00,0,74.26,16.67,31,14,0.50,1.14,6,54,48,0,0,0,0.42,0.95,5,97,73.23,1.42,3.23,17,0,0.00,0.00,99,0.00,0,0,0,0.00,0.00,0,0.00,0.00,0.00,0.00,0,0,0.00,56,14,39,56,6,0.45,47,0.04,0.09,0.41,48,0.03,0.08,36,4,0.33,0.76,2.47,1.08,95,13,0.08,48,9,76,81,0,46,48,0,0.00,99,6,0.00,1.14,11.42,5.00,60,27,56,70,5.14,2.25,45.00,3,0.57,57,0,100.00,0,0.00,99,1,0.08,0.19,43,8,95,74,0,0,0,0,0,41,56,74,68,0,99,8,38,78,2,17,53,5,0,0
Rodrigo Francisco Jesús Rey,35,668419200,1991/03/08,Primera División,2026,Goalkeeper,Independiente,1530,720,810,Argentina,17,8,9,0,0,0,0,0,0,0,0,4,3,1,22,9,13,1,0,0,0,0,0,0,0,1.29,70,90,1530,0,0.06,517,517,201,19,0,6.72,0,63,24.82,24.82,29,422,15.76,268,13,15.76,24,0.00,0.00,0.00,0,0.00,0.00,0.12,0.12,2,0.00,0.00,0.00,0.00,2.35,0.00,0.00,3.71,0.00,0.00,0.00,0.00,0.00,0.00,0.00,0.00,0.29,0.00,0.00,0,0,,0,0.00,8,0,0.00,22,0,0.00,9,0,0,17,7,0.00,99,0,0,0.00,10,0,28,0.00,12,0,0.00,99,0,0.00,0,0,0.00,0,0.00,8,0,0.00,9,0,0.00,0.00,0,0.00,0,40,14,2.35,22,63,0.00,16,3.71,96,N/A,N/A,N/A,N/A,63.49,0,0.00,0,0.00,0.00,0,63.51,0.00,22,99,0.00,0.00,0,12,12,0,0,30,0.00,0.00,0,29,114.22,0.59,0.59,10,0,0.00,0.00,99,0.00,0,0,0,0.00,0.00,5,0.29,0.29,0.00,0.00,0,0,0.00,56,96,94,56,17,0.59,6,0.03,0.03,0.00,9,0.00,0.00,5,3,0.18,0.18,0.00,0.00,6,0,0.00,9,42,17,81,29,46,10,0,0.00,99,5,0.00,0.29,0.47,0.47,8,8,4,3,0.47,0.47,100.00,0,0.00,99,0,0.00,0,0.00,99,0,0.00,0.00,28,95,30,16,0,0,0,0,0,41,56,74,68,0,99,21,99,17,1,6,21,33,0,0
Rodrigo Gallo,25,973324800,2000/11/04,Primera División,2026,Defender,Deportivo Riestra,416,231,185,Argentina,8,4,4,0,0,0,0,0,0,0,0,0,0,0,2,1,1,2,0,0,0,0,0,0,0,0.43,208,52,208,0,0.43,310,217,9,20,0,6.54,0,63,24.88,14.38,30,115,8.25,66,5,14.28,18,0.00,0.00,0.62,5,0.00,3.00,1.08,0.62,5,0.00,0.38,0.00,0.00,0.00,1.00,0.12,0.25,0.00,0.00,0.00,0.12,0.00,0.00,0.00,0.00,0.75,0.00,0.00,0,0,,0,0.00,8,0,0.00,22,0,0.00,9,4,2,6,26,0.00,99,0,8,1.73,89,24,57,5.19,94,0,0.00,99,0,0.00,0,0,0.00,0,1.08,70,1,0.22,17,1,0.22,100.00,0,0.00,0,0,0,0.00,0,2,0.00,95,0.43,2,N/A,N/A,N/A,N/A,0.00,0,0.00,0,0.00,0.00,0,57.39,0.00,22,17,0.62,1.08,5,26,99,0,0,0,0.12,0.22,1,58,52.28,2.38,4.11,19,1,0.00,0.22,0,0.12,0,0,0,0.00,0.00,0,0.00,0.00,0.00,0.00,0,0,0.00,56,6,11,56,95,0.39,42,0.05,0.08,0.00,9,0.00,0.00,8,1,0.12,0.22,1.51,0.88,75,7,0.00,9,20,81,81,0,46,55,0,0.00,99,6,0.00,1.30,6.49,3.75,30,12,9,13,2.60,1.50,40.00,3,0.65,52,0,25.00,0,0.00,99,6,0.75,1.30,91,27,57,84,0,0,0,0,0,41,56,74,68,0,99,1,31,85,2,25,79,13,0,0
Rodrigo Germán Aliendro,35,666691200,1991/02/16,Primera División,2026,Midfielder,Vélez Sarsfield,776,493,283,Argentina,17,9,8,0,0,0,0,0,0,0,0,7,3,4,6,5,1,1,0,0,0,0,0,0,0,0.7,129,46,776,0,0.12,372,359,-1,19,0,6.37,0,63,46.51,23.59,87,401,19.47,331,81,38.39,87,0.00,0.00,0.24,4,0.00,0.41,4.87,2.47,42,0.00,0.47,0.00,0.00,0.00,0.94,0.47,0.53,0.00,1.28,0.53,0.71,0.00,0.12,0.04,0.00,1.06,0.00,0.00,0,0,,11,0.65,63,2,0.23,47,9,1.04,71,5,9,8,99,0.00,99,0,16,1.86,92,7,87,0.81,47,0,0.00,99,0,0.00,0,0,0.00,0,0.46,35,12,1.39,56,8,0.93,66.67,0,0.00,0,0,0,0.00,0,9,0.00,72,1.04,53,N/A,N/A,N/A,N/A,0.00,0,0.00,0,0.66,0.00,0,82.54,18.18,32,0,1.18,2.32,20,72,87,0,0,0,0.12,0.23,2,59,108.32,1.12,2.20,19,0,0.00,0.00,99,0.00,0,0,0,0.00,0.00,0,0.00,0.00,0.12,0.06,1,0,0.00,56,44,94,56,72,0.91,59,0.05,0.11,0.66,48,0.04,0.08,40,7,0.41,0.81,1.51,0.76,75,13,0.08,48,14,63,81,0,60,73,0,0.00,99,18,0.00,2.09,16.01,8.12,138,74,98,94,8.58,4.35,53.62,8,0.93,37,0,42.86,0,0.00,99,3,0.18,0.35,58,40,97,92,0,0,0,0,0,41,56,74,68,0,99,71,90,27,1,6,21,29,0,0
Rodrigo González,26,955695600,2000/04/14,Primera División,2026,Defender,Aldosivi,1146,599,547,Argentina,14,7,7,0,0,0,0,0,0,0,0,4,4,0,13,3,10,3,0,0,0,0,0,0,0,1.02,88,82,382,0,0.24,430,425,147,29,0,6.65,0,63,23.85,21.71,26,304,12.79,179,7,14.05,17,0.00,0.00,0.93,13,0.00,2.86,2.12,1.93,27,0.00,0.71,0.00,0.00,0.00,0.36,1.21,1.00,0.00,0.63,0.43,2.14,0.00,0.14,0.04,0.00,1.36,0.00,0.00,0,0,,8,0.57,36,2,0.16,37,6,0.47,39,2,0,14,75,0.00,99,0,5,0.39,25,40,80,3.14,78,0,0.00,99,0,0.00,0,0,0.00,0,1.02,68,30,2.35,76,17,1.33,56.67,0,0.00,0,0,0,0.00,0,14,0.00,39,1.10,58,N/A,N/A,N/A,N/A,0.00,0,0.00,0,0.53,0.00,0,58.88,25.00,45,20,0.93,1.02,13,86,74,0,0,0,0.50,0.55,7,85,93.15,2.43,2.67,34,0,0.00,0.00,99,0.00,0,0,0,0.00,0.00,0,0.00,0.00,0.08,0.07,1,0,0.00,56,71,61,56,39,0.73,26,0.05,0.06,0.53,32,0.04,0.04,33,9,0.64,0.71,1.57,1.43,77,20,0.04,32,32,71,81,0,54,61,0,0.00,99,19,0.00,1.49,10.99,10.00,140,72,69,64,5.65,5.14,51.43,10,0.78,45,0,35.00,0,0.00,99,14,1.00,1.10,85,78,30,57,0,0,0,0,0,41,56,74,68,0,99,39,63,54,3,21,68,4,0,0
Rodrigo Guth,25,973843200,2000/11/10,Primera División,2026,Defender,Talleres Córdoba,103,46,57,Brazil,2,1,1,0,0,0,0,0,0,0,0,1,1,0,0,0,0,1,0,0,0,0,0,0,0,0,0,52,103,0,0.87,-1,-1,-1,15,0,6.38,0,63,26.21,15.00,35,30,10.50,21,28,18.35,34,0.00,0.00,0.00,0,0.00,0.00,0.00,0.00,0,0.00,0.00,0.00,0.00,0.00,1.00,0.00,0.50,0.00,0.00,0.00,0.00,0.00,0.00,0.00,0.00,1.50,0.00,0.00,0,0,,0,0.00,8,0,0.00,22,0,0.00,9,5,1,1,5,0.00,99,0,2,1.75,90,0,28,0.00,12,0,0.00,99,0,0.00,0,0,0.00,0,0.00,8,0,0.00,9,0,0.00,0.00,0,0.00,0,0,0,0.00,0,1,0.00,99,0.87,37,N/A,N/A,N/A,N/A,0.00,0,0.00,0,0.00,0.00,0,70.00,0.00,22,30,0.50,0.87,1,12,12,0,0,0,0.00,0.00,0,29,12.75,4.50,7.86,9,0,0.00,0.00,99,0.00,0,0,0,0.00,0.00,0,0.00,0.00,0.00,0.00,0,0,0.00,56,0,0,56,0,0.04,6,0.02,0.03,0.00,9,0.00,0.00,2,0,0.00,0.00,1.75,1.00,84,2,0.00,9,14,97,81,0,46,82,0,0.00,99,3,0.00,2.62,6.99,4.00,8,3,9,17,2.62,1.50,37.50,0,0.00,99,0,0.00,0,0.00,99,0,0.00,0.00,28,0,44,92,0,0,0,0,0,41,56,74,68,0,99,88,16,99,1,50,99,14,0,0
Rodrigo Herrera,25,965199600,2000/08/02,Primera División,2026,Midfielder,Newell's Old Boys,1065,466,599,Argentina,14,6,8,0,0,0,0,0,0,0,0,1,1,0,21,7,14,2,0,0,0,0,0,0,0,1.77,51,76,533,0,0.17,484,534,-1,14,0,6.71,0,63,28.20,23.86,41,334,18.00,252,48,21.28,45,0.00,0.00,0.64,9,0.00,0.79,2.62,2.21,31,0.00,0.71,0.00,0.00,0.00,0.86,0.57,1.50,0.00,0.59,0.43,1.00,0.00,0.07,0.03,0.00,1.79,0.00,0.00,0,0,,7,0.50,34,1,0.08,26,6,0.51,42,9,1,13,87,0.00,99,0,12,1.01,58,11,81,0.93,49,0,0.00,99,0,0.00,0,0,0.00,0,0.76,53,14,1.18,49,8,0.68,57.14,0,0.00,0,0,0,0.00,0,21,0.00,3,1.77,91,N/A,N/A,N/A,N/A,0.00,0,0.00,0,0.42,0.00,0,75.45,14.29,27,21,0.86,1.01,12,59,75,0,0,0,0.14,0.17,2,49,93.93,2.07,2.45,29,0,0.00,0.00,99,0.00,0,0,0,0.00,0.00,0,0.00,0.00,0.00,0.00,0,0,0.00,56,65,61,56,3,1.41,63,0.10,0.12,0.42,32,0.03,0.04,42,10,0.71,0.84,2.03,1.71,90,24,0.04,32,41,67,81,0,46,74,0,0.00,99,25,0.00,2.11,12.66,10.71,150,73,80,81,6.16,5.21,48.67,10,0.84,42,0,36.36,0,0.00,99,4,0.29,0.34,57,71,44,99,0,0,0,0,0,41,56,74,68,0,99,2,79,37,2,14,47,26,0,0
Rodrigo Insúa,28,882259200,1997/12/16,Primera División,2026,Defender,Barracas Central,1440,720,720,Argentina,16,8,8,3,2,1,1,0,1,0,0,4,2,2,12,7,5,3,0,0.25,0.06,0.19,0.25,0.13,480,0.75,120,90,480,1440,0.19,104,198,80,1,0,6.83,0.06,65,26.81,26.81,36,429,17.12,274,13,17.12,30,0.00,0.00,0.81,13,0.00,2.62,1.38,1.38,22,0.00,0.62,0.00,0.00,0.00,0.69,0.62,0.94,7.33,1.38,0.88,1.12,0.00,0.50,0.22,0.00,1.12,0.00,0.00,0,0,,22,1.38,65,8,0.50,70,14,0.88,64,0,0,16,41,0.00,99,0,11,0.69,43,42,48,2.62,71,0,0.00,99,0,0.00,0,0,0.00,0,0.81,57,18,1.12,47,10,0.62,55.56,0,0.00,0,0,0,0.00,0,15,0.00,67,0.94,42,N/A,N/A,N/A,N/A,0.00,0,0.00,0,3.50,0.00,0,63.87,36.36,66,61,0.50,0.50,8,57,73,2,0,0,0.06,0.06,1,30,109.36,2.75,2.75,44,0,0.00,0.00,99,0.00,0,2,1,0.06,0.06,0,0.00,0.00,0.12,0.12,2,0,13.64,80,93,88,75,67,1.61,54,0.10,0.10,2.10,62,0.13,0.13,32,11,0.69,0.69,0.81,0.81,32,13,0.22,76,62,72,82,0,60,48,0,0.00,99,18,0.00,1.12,6.62,6.62,106,59,18,14,3.69,3.69,55.66,10,0.62,54,0,21.43,0,0.00,99,9,0.56,0.56,68,93,30,16,0,0,0,0,0,76,82,78,82,0,99,27,76,41,3,19,60,6,0,0
Rodrigo Manuel Bogarín Giménez,29,864457200,1997/05/24,Primera División,2026,Midfielder,Barracas Central,156,95,61,Paraguay,5,3,2,0,0,0,0,0,0,0,0,1,1,0,1,1,0,0,0,0,0,0,0,0,0,0.58,156,31,0,0,0,-1,-1,-1,22,0,6.83,0,63,57.12,19.80,95,99,17.80,89,99,51.35,97,0.00,0.00,0.80,4,0.00,0.40,0.58,0.20,1,0.00,0.20,0.00,0.00,0.00,0.40,0.40,0.40,0.00,4.62,1.00,0.60,0.00,0.60,0.11,0.00,0.60,0.00,0.00,0,0,,8,1.60,99,3,1.73,99,5,2.88,99,2,4,1,12,0.00,99,0,2,1.15,65,2,95,1.15,52,0,0.00,99,0,0.00,0,0,0.00,0,2.31,97,3,1.73,65,2,1.15,66.67,0,0.00,0,0,0,0.00,0,2,0.00,86,1.15,61,N/A,N/A,N/A,N/A,0.00,0,0.00,0,0.57,0.00,0,89.90,37.50,68,2,0.60,1.73,3,82,87,0,0,0,0.20,0.58,1,86,34.16,0.60,1.73,3,0,0.00,0.00,99,0.00,0,0,0,0.00,0.00,0,0.00,0.00,0.00,0.00,0,0,0.00,56,0,1,56,85,0.37,87,0.07,0.21,0.57,89,0.11,0.33,27,1,0.20,0.58,0.58,0.20,18,1,0.33,88,62,55,81,0,46,66,0,0.00,99,3,0.00,1.73,8.08,2.80,14,7,25,27,4.04,1.40,50.00,1,0.58,56,0,50.00,0,0.00,99,1,0.20,0.58,69,0,75,57,0,0,0,0,0,41,56,74,68,0,99,15,15,15,0,0,16,28,0,0
Rodrigo Márquez,24,1013760000,2002/02/15,Primera División,2026,Forward,Aldosivi,114,34,80,Argentina,4,1,3,0,0,0,0,0,0,0,0,0,0,0,1,0,1,0,0,0,0,0,0,0,0,0.79,114,29,0,0,0,-1,-1,-1,9,0,6.54,0,63,27.63,8.75,39,35,6.75,27,58,21.32,45,0.00,0.00,1.00,4,0.00,2.50,1.58,0.50,2,0.00,0.25,0.00,0.00,0.00,0.25,0.25,0.25,0.00,1.58,0.25,1.00,0.00,0.25,0.05,0.00,0.25,0.00,0.00,0,0,,2,0.50,69,1,0.79,84,1,0.79,58,0,4,0,51,0.00,99,0,1,0.79,46,10,70,7.89,98,0,0.00,99,0,0.00,0,0,0.00,0,3.16,99,4,3.16,86,1,0.79,25.00,0,0.00,0,0,0,0.00,0,1,0.00,63,0.79,26,N/A,N/A,N/A,N/A,0.00,0,0.00,0,0.20,0.00,0,77.14,50.00,91,4,0.50,1.58,2,64,21,0,0,0,0.00,0.00,0,29,26.15,0.00,0.00,0,0,0.00,0.00,99,0.00,0,0,0,0.00,0.00,0,0.00,0.00,0.00,0.00,0,0,0.00,56,0,0,56,62,0.19,74,0.05,0.15,0.20,68,0.05,0.16,75,2,0.50,1.58,3.16,1.00,99,4,0.16,66,20,1,81,0,46,32,0,0.00,99,1,0.00,0.79,13.42,4.25,17,6,45,85,4.74,1.50,35.29,1,0.79,45,0,30.00,0,0.00,99,3,0.75,2.37,99,0,75,16,0,0,0,0,0,41,56,74,68,0,99,1,15,15,0,0,16,20,0,0
Rodrigo Nicolás Fernández,19,1169625600,2007/01/24,Primera División,2026,Forward,Argentinos Juniors,0,0,0,Argentina,0,0,0,0,0,0,0,0,0,0,0,0,0,0,0,0,0,0,0,0,0,0,0,0,0,0,0,0,0,0,0,-1,-1,-1,-1,N/A,N/A,N/A,N/A,N/A,N/A,N/A,N/A,N/A,N/A,N/A,N/A,N/A,N/A,N/A,N/A,N/A,N/A,N/A,N/A,N/A,N/A,N/A,N/A,N/A,N/A,N/A,N/A,N/A,N/A,N/A,N/A,N/A,N/A,N/A,N/A,N/A,N/A,N/A,N/A,N/A,N/A,N/A,N/A,N/A,N/A,N/A,N/A,N/A,N/A,N/A,N/A,N/A,N/A,N/A,N/A,N/A,N/A,N/A,N/A,N/A,N/A,N/A,N/A,N/A,N/A,N/A,N/A,N/A,N/A,N/A,N/A,N/A,N/A,N/A,N/A,N/A,N/A,N/A,N/A,N/A,N/A,N/A,N/A,N/A,N/A,N/A,N/A,N/A,N/A,N/A,N/A,N/A,N/A,N/A,N/A,N/A,N/A,N/A,N/A,N/A,N/A,N/A,N/A,N/A,N/A,N/A,N/A,N/A,N/A,N/A,N/A,N/A,N/A,N/A,N/A,N/A,N/A,N/A,N/A,N/A,N/A,N/A,N/A,N/A,N/A,N/A,N/A,N/A,N/A,N/A,N/A,N/A,N/A,N/A,N/A,N/A,N/A,N/A,N/A,N/A,N/A,N/A,N/A,N/A,N/A,N/A,N/A,N/A,N/A,N/A,N/A,N/A,N/A,N/A,N/A,N/A,N/A,N/A,N/A,N/A,N/A,N/A,N/A,N/A,N/A,N/A,N/A,N/A,N/A,N/A,N/A,N/A,N/A,N/A,N/A,N/A,N/A,N/A,N/A,N/A,N/A,N/A,N/A,N/A,N/A,N/A,N/A,N/A,N/A,N/A,N/A,N/A,N/A,N/A,N/A,N/A,N/A,N/A,N/A,N/A,N/A,N/A,N/A,N/A,N/A,N/A,N/A,N/A,N/A,N/A,N/A,N/A,N/A,N/A,N/A,N/A,N/A,N/A,N/A,N/A,N/A,N/A,N/A
Rodrigo Sayavedra,30,806310000,1995/07/21,Primera División,2026,Defender,Deportivo Riestra,144,49,95,Argentina,5,3,2,0,0,0,0,0,0,0,0,2,2,0,2,0,2,1,0,0,0,0,0,0,0,1.25,72,29,144,0,0.63,-1,-1,-1,6,0,5.33,0,63,24.55,7.80,29,39,5.40,27,25,16.99,29,0.00,0.00,0.60,3,0.00,3.40,1.89,0.60,3,0.00,0.00,0.00,0.00,0.00,0.40,0.20,0.40,0.00,0.00,0.00,0.20,0.00,0.00,0.00,0.00,0.00,0.00,0.00,0,0,,0,0.00,8,0,0.00,22,0,0.00,9,0,4,1,65,0.00,99,0,2,1.26,70,17,39,10.70,99,0,0.00,99,0,0.00,0,0,0.00,0,1.89,94,1,0.63,31,1,0.63,100.00,0,0.00,0,0,0,0.00,0,2,0.00,19,1.26,69,N/A,N/A,N/A,N/A,0.00,0,0.00,0,0.00,0.00,0,69.23,0.00,22,0,0.80,2.52,4,57,99,0,0,0,0.20,0.63,1,88,26.65,0.20,0.63,1,0,0.00,0.00,99,0.00,0,0,0,0.00,0.00,0,0.00,0.00,0.00,0.00,0,0,0.00,56,0,1,56,19,0.18,59,0.04,0.11,0.00,9,0.00,0.00,64,2,0.40,1.26,1.89,0.60,87,3,0.00,9,1,19,81,0,46,1,0,0.00,99,0,0.00,0.00,9.44,3.00,15,6,20,45,3.78,1.20,40.00,0,0.00,99,0,17.65,0,0.00,99,3,0.60,1.89,97,0,75,16,0,0,0,0,0,41,56,74,68,0,99,69,19,96,1,20,65,28,0,0
Rodrigo Uriel Atencio,24,1025420400,2002/06/30,Primera División,2026,Forward,Independiente Rivadavia,667,326,341,Argentina,16,9,7,0,0,0,4,4,0,0,0,4,1,3,3,1,2,0,0,0.54,0.54,0,0,0,0,0.4,222,42,0,167,0,479,11,-1,21,0,6.42,0.25,99,37.99,17.62,72,282,14.62,234,83,31.53,76,0.00,0.00,0.88,14,0.00,1.25,1.21,0.56,9,0.00,0.75,0.00,0.00,0.00,0.06,0.88,0.19,0.00,1.62,0.69,1.31,0.00,0.06,0.05,0.00,0.25,0.00,0.00,0,0,,12,0.75,70,1,0.13,33,11,1.48,86,1,11,5,33,0.00,99,0,1,0.13,14,20,88,2.69,72,0,0.00,99,0,0.00,0,0,0.00,0,1.89,94,21,2.83,83,14,1.89,66.67,0,0.00,0,0,0,0.00,0,3,0.00,96,0.40,2,N/A,N/A,N/A,N/A,0.00,0,0.00,0,0.74,0.00,0,82.98,8.33,23,47,0.31,0.67,5,93,87,0,0,0,0.00,0.00,0,29,102.70,0.06,0.13,1,0,0.00,0.00,99,0.00,0,0,1,0.06,0.13,0,0.00,0.00,0.13,0.06,1,0,0.00,56,34,88,56,95,3.23,99,0.20,0.44,0.74,54,0.05,0.10,68,10,0.62,1.35,1.08,0.50,49,8,0.10,53,16,3,94,0,63,23,0,0.00,99,4,0.00,0.54,10.91,5.06,81,36,48,63,4.85,2.25,44.44,12,1.62,13,0,45.00,0,0.00,99,9,0.56,1.21,89,18,99,41,0,0,0,0,0,95,56,74,68,0,99,27,15,15,0,0,16,19,0,0
Román Riquelme,24,1021705200,2002/05/18,Primera División,2026,Defender,Argentinos Juniors,1170,810,360,Argentina,13,9,4,1,0,1,1,1,0,0,0,6,5,1,9,4,5,6,0,0.15,0.08,0.08,0,0.25,1170,0.69,130,90,195,1170,0.46,206,167,66,11,0,7.19,0.08,71,63.73,67.00,98,871,58.54,761,96,55.68,99,0.00,0.00,0.23,3,0.00,0.08,1.02,1.08,14,0.00,0.15,0.00,0.00,0.00,1.62,0.31,0.77,10.00,0.73,0.62,0.77,0.00,0.15,0.09,0.00,3.54,0.00,0.00,0,0,,10,0.77,41,2,0.15,36,8,0.59,48,0,0,13,25,0.00,99,0,21,1.54,85,1,28,0.07,16,0,0.00,99,0,0.00,0,0,0.00,0,0.22,21,10,0.73,36,4,0.29,40.00,0,0.00,0,0,0,0.00,0,10,0.00,73,0.73,19,N/A,N/A,N/A,N/A,0.00,0,0.00,0,1.21,0.00,0,87.37,20.00,35,59,0.54,0.51,7,32,43,0,0,0,0.85,0.80,11,94,93.43,5.31,5.05,69,0,0.00,0.00,99,0.00,0,0,0,0.00,0.00,0,0.00,0.00,0.15,0.15,2,0,10.00,72,73,49,94,73,2.33,80,0.18,0.17,1.21,52,0.09,0.09,34,10,0.77,0.73,0.95,1.00,40,13,0.09,51,95,85,81,0,66,93,0,0.00,99,46,0.00,3.37,9.37,9.85,128,73,62,45,5.34,5.62,57.03,2,0.15,83,0,0.00,0,0.00,99,0,0.00,0.00,28,71,30,16,0,0,0,0,0,60,63,87,68,0,99,81,28,87,6,46,98,6,0,0
Ronaldo Dejesús López,25,987836400,2001/04/21,Primera División,2026,Defender,Lanús,542,180,362,Paraguay,9,2,7,0,0,0,0,0,0,0,0,3,2,1,6,0,6,2,0,0,0,0,0,0,0,1,90,60,271,0,0.33,524,520,140,15,0,4.72,0,63,60.39,40.56,97,365,32.67,294,75,48.64,96,0.00,0.00,0.22,2,0.00,0.22,1.16,0.78,7,0.00,0.00,0.00,0.00,0.00,0.78,0.56,0.67,0.00,0.83,0.56,0.56,0.00,0.00,0.03,0.00,2.22,0.00,0.00,0,0,,5,0.56,47,0,0.00,22,5,0.83,60,0,3,6,30,0.00,99,0,7,1.16,66,2,28,0.33,30,0,0.00,99,0,0.00,0,0,0.00,0,0.33,27,5,0.83,38,5,0.83,100.00,0,0.00,0,0,0,0.00,0,6,0.00,41,0.99,48,N/A,N/A,N/A,N/A,0.00,0,0.00,0,0.26,0.00,0,80.55,0.00,22,33,0.56,0.83,5,67,99,0,0,0,0.67,0.99,6,98,42.50,4.56,6.78,41,0,0.00,0.00,99,0.00,0,0,0,0.00,0.00,0,0.00,0.00,0.17,0.11,1,0,0.00,56,22,17,56,41,0.63,54,0.07,0.10,0.26,32,0.03,0.04,42,5,0.56,0.83,0.99,0.67,43,6,0.04,32,0,94,81,0,69,92,0,0.00,99,20,0.00,3.31,8.60,5.78,52,37,80,33,6.12,4.11,71.15,0,0.00,99,0,0.00,0,0.00,99,0,0.00,0.00,28,27,66,16,0,0,0,0,0,41,56,74,68,0,99,54,45,70,2,22,71,35,0,0
Ronaldo Iván Martínez Rolón,30,830415600,1996/04/25,Primera División,2026,Forward,Talleres Córdoba,1307,637,670,Paraguay,17,8,9,3,2,1,1,1,0,0,0,6,3,3,9,4,5,2,0,0.28,0.07,0.21,0.28,0.13,436,0.62,145,77,654,1307,0.14,92,182,-1,3,0,6.84,0.06,69,16.18,13.82,4,235,9.29,158,21,10.88,6,0.00,0.00,0.82,14,0.00,0.47,0.62,0.53,9,0.00,0.41,0.00,0.00,0.00,0.12,0.29,0.59,9.33,1.93,0.82,0.88,0.00,0.82,0.26,0.00,3.06,0.00,0.00,0,0,,28,1.65,78,14,0.96,89,14,0.96,67,2,1,16,13,0.00,99,0,2,0.14,15,8,28,0.55,40,0,0.00,99,0,0.00,0,0,0.00,0,0.96,64,15,1.03,45,5,0.34,33.33,0,0.00,0,0,0,0.00,0,10,0.00,83,0.69,16,N/A,N/A,N/A,N/A,0.00,0,0.00,0,4.39,0.00,0,67.23,50.00,91,79,0.24,0.28,4,37,32,0,0,0,0.18,0.21,3,56,116.24,1.24,1.45,21,0,0.00,0.00,99,0.00,0,0,0,0.00,0.00,0,0.00,0.00,0.34,0.29,5,0,10.71,73,82,94,72,82,1.47,54,0.09,0.10,4.39,87,0.26,0.30,42,12,0.71,0.83,1.24,1.06,58,18,0.30,86,63,48,81,0,84,95,0,0.00,99,52,0.00,3.58,11.29,9.65,164,75,57,68,5.16,4.41,45.73,7,0.48,63,0,0.00,0,0.00,99,0,0.00,0.00,28,93,44,57,0,0,0,0,0,78,85,78,85,0,99,56,86,31,2,12,41,77,0,0
Rubén Alejandro Botta Montero,36,633772800,1990/01/31,Primera División,2026,Midfielder,Defensa y Justicia,861,430,431,Argentina,13,7,6,1,0,1,1,0,1,0,0,5,2,3,7,5,2,4,1,0.21,0.1,0.1,0,0.21,861,0.73,123,66,172,861,0.52,187,138,-1,6,0,6.88,0.08,76,31.46,23.15,51,301,17.77,231,56,24.15,54,0.00,0.00,1.31,17,0.00,1.92,2.09,1.54,20,0.00,1.38,0.00,0.00,0.00,0.62,1.08,0.54,14.00,1.46,0.62,2.31,0.00,0.46,0.14,0.00,0.08,0.00,0.00,0,0,,14,1.08,67,6,0.63,77,8,0.84,61,2,0,13,73,0.00,99,0,8,0.84,49,25,65,2.61,71,0,0.00,99,0,0.00,0,0,0.00,0,1.78,93,30,3.14,86,14,1.46,46.67,0,0.00,0,0,0,0.00,0,7,0.00,69,0.73,19,N/A,N/A,N/A,N/A,0.00,0,0.00,0,1.81,0.00,0,76.74,42.86,77,50,0.46,0.63,6,88,54,0,1,0,0.08,0.10,1,36,89.40,0.38,0.52,5,0,0.00,0.00,99,0.00,0,1,0,0.00,0.00,0,0.00,0.00,0.52,0.38,5,0,7.14,65,50,49,91,69,1.76,81,0.14,0.18,1.11,58,0.09,0.12,81,17,1.31,1.78,0.94,0.69,39,9,0.19,71,69,15,81,0,91,2,0,0.00,99,1,0.00,0.10,11.08,8.15,106,51,62,66,5.33,3.92,48.11,18,1.88,8,0,28.00,0,0.00,99,7,0.54,0.73,76,71,30,57,0,0,0,0,0,71,66,84,68,0,99,65,24,92,3,23,72,20,0,0
Ryoga Kida,21,1121410800,2005/07/15,Primera División,2026,Forward,Argentinos Juniors,89,56,33,Japan,5,3,2,1,1,0,0,0,0,0,0,3,2,1,0,0,0,0,0,1.01,0,1.01,1.61,0,89,0,0,18,0,0,0,-1,-1,-1,12,0,6.64,0,63,24.27,4.80,28,24,4.00,20,84,20.22,40,0.00,0.00,0.00,0,0.00,0.40,0.00,0.00,0,0.00,0.00,0.00,0.00,0.00,0.00,0.00,0.00,4.00,4.04,0.40,0.60,0.00,0.40,0.19,0.00,0.20,0.00,0.00,0,0,,4,0.80,99,2,2.02,99,2,2.02,96,0,5,0,5,0.00,99,0,0,0.00,10,2,28,2.02,63,0,0.00,99,0,0.00,0,0,0.00,0,0.00,8,3,3.03,85,0,0.00,0.00,0,0.00,0,0,0,0.00,0,0,0.00,99,0.00,0,N/A,N/A,N/A,N/A,0.00,0,0.00,0,0.95,0.00,0,83.33,50.00,91,99,0.00,0.00,0,12,12,0,0,0,0.00,0.00,0,29,33.18,0.00,0.00,0,0,0.00,0.00,99,0.00,0,0,0,0.00,0.00,0,0.00,0.00,1.01,0.20,1,0,25.00,95,0,1,56,0,0.04,11,0.01,0.04,0.95,99,0.19,0.96,2,0,0.00,0.00,3.03,0.60,98,3,0.96,99,31,1,81,0,98,42,0,0.00,99,1,0.00,1.01,8.09,1.60,8,1,7,27,1.01,0.20,12.50,0,0.00,99,0,0.00,0,0.00,99,0,0.00,0.00,28,0,82,16,0,0,0,0,0,99,99,74,99,0,99,97,15,15,0,0,16,34,0,0
Santiago Alejandro Rodríguez,28,872319600,1997/08/23,Primera División,2026,Forward,Gimnasia Mendoza,593,282,311,Argentina,11,6,5,1,1,0,1,1,0,0,0,3,1,2,3,1,2,1,0,0.3,0.15,0.15,0.32,0,593,0.46,198,54,593,593,0.15,138,100,-1,8,0,6.64,0.09,83,19.27,11.55,10,127,8.27,91,32,13.81,16,0.00,0.00,0.45,5,0.00,0.91,0.46,0.27,3,0.00,1.36,0.00,0.00,0.00,0.00,0.73,0.27,13.00,1.97,0.91,2.00,0.00,0.27,0.13,0.00,0.27,0.00,0.00,0,0,,13,1.18,79,3,0.46,67,10,1.52,87,2,4,7,11,0.00,99,0,0,0.00,10,10,28,1.52,58,0,0.00,99,0,0.00,0,0,0.00,0,0.76,53,22,3.34,88,8,1.21,36.36,0,0.00,0,0,0,0.00,0,3,0.00,94,0.46,4,N/A,N/A,N/A,N/A,0.00,0,0.00,0,1.48,0.00,0,71.65,23.08,40,88,0.09,0.15,1,84,35,0,0,0,0.00,0.00,0,29,73.05,0.18,0.30,2,0,0.00,0.00,99,0.00,0,0,1,0.09,0.15,0,0.00,0.00,0.61,0.36,4,0,7.69,66,27,31,81,94,0.96,74,0.09,0.15,1.48,78,0.13,0.22,86,13,1.18,1.97,1.37,0.82,65,9,0.22,76,31,8,94,0,93,19,0,0.00,99,3,0.00,0.46,11.23,6.73,74,26,23,67,3.95,2.36,35.14,15,2.28,4,0,0.00,0,0.00,99,0,0.00,0.00,28,33,75,57,0,0,0,0,0,80,76,74,87,0,99,33,83,33,1,9,32,11,0,0
Santiago Arias,34,695289600,1992/01/13,Primera División,2026,Defender,Independiente,911,333,578,Colombia,13,5,8,0,0,0,2,1,1,0,0,3,2,1,15,4,11,1,0,0.2,0.2,0,0,0,0,1.48,61,70,911,456,0.1,269,71,223,13,0,6.70,0.15,89,38.53,30.00,73,390,22.31,290,42,28.65,68,0.00,0.00,0.38,5,0.00,2.08,2.57,2.00,26,0.00,0.31,0.00,0.00,0.00,1.15,0.08,1.23,0.00,0.10,0.08,0.54,0.00,0.00,0.00,0.00,0.54,0.00,0.00,0,0,,1,0.08,9,0,0.00,22,1,0.10,11,2,4,9,86,0.00,99,0,15,1.48,82,27,79,2.67,72,0,0.00,99,0,0.00,0,0,0.00,0,0.49,36,7,0.69,35,1,0.10,14.29,0,0.00,0,0,0,0.00,0,16,0.00,7,1.58,87,N/A,N/A,N/A,N/A,0.00,0,0.00,0,0.05,0.00,0,74.36,0.00,22,62,0.38,0.49,5,17,14,0,0,0,0.23,0.30,3,66,87.06,1.92,2.47,25,0,0.00,0.00,99,0.00,0,0,0,0.00,0.00,0,0.00,0.00,0.10,0.08,1,0,0.00,56,54,49,56,7,1.96,83,0.15,0.19,0.05,9,0.00,0.00,89,21,1.62,2.07,0.69,0.54,24,7,0.00,9,38,68,81,0,57,28,0,0.00,99,7,0.00,0.69,8.50,6.62,86,53,60,32,5.24,4.08,61.63,4,0.40,67,0,33.33,0,0.00,99,9,0.69,0.89,81,48,75,57,0,0,0,0,0,69,56,74,68,0,99,19,92,24,1,8,29,4,0,0
Santiago Ascacibar,29,856857600,1997/02/25,Primera División,2026,Midfielder,Boca Juniors,1001,517,484,Argentina,14,7,7,2,1,1,0,0,0,0,0,7,3,4,7,3,4,3,0,0.18,0,0.18,0.17,0.19,501,0.63,143,72,334,0,0.27,107,511,-1,5,0,6.92,0,63,38.03,30.21,72,423,23.79,333,65,29.94,72,0.00,0.00,0.43,6,0.00,0.57,3.24,2.57,36,0.00,0.57,0.00,0.00,0.00,1.14,0.14,0.50,4.67,1.26,0.64,0.43,0.00,0.36,0.20,0.00,0.86,0.00,0.00,0,0,,14,1.00,62,5,0.45,66,9,0.81,59,5,3,11,97,0.00,99,0,16,1.44,81,8,82,0.72,44,0,0.00,99,0,0.00,0,0,0.00,0,0.54,39,6,0.54,27,2,0.18,33.33,0,0.00,0,0,0,0.00,0,7,0.00,82,0.63,12,N/A,N/A,N/A,N/A,0.00,0,0.00,0,2.83,0.00,0,78.72,35.71,65,13,0.93,1.17,13,22,32,0,0,0,0.21,0.27,3,64,96.85,1.21,1.53,17,0,0.00,0.00,99,0.00,0,0,0,0.00,0.00,0,0.00,0.00,0.18,0.14,2,0,21.43,93,60,61,76,81,1.06,54,0.08,0.10,2.83,82,0.20,0.25,68,15,1.07,1.35,1.17,0.93,54,13,0.25,80,77,50,81,0,69,45,0,0.00,99,12,0.00,1.08,10.97,8.71,122,63,69,64,5.66,4.50,51.64,8,0.72,49,0,37.50,0,0.00,99,3,0.21,0.27,53,59,66,92,0,0,0,0,0,65,81,82,77,0,99,88,56,61,3,21,68,5,0,0
Santiago Beltrán,21,1096873200,2004/10/04,Primera División,2026,Goalkeeper,River Plate,1754,1080,674,Argentina,20,12,8,0,0,0,0,0,0,0,0,9,5,4,15,12,3,0,0,0,0,0,0,0,0,0.77,117,88,0,0,0,497,502,86,30,0,6.88,0,63,19.12,18.95,9,379,13.05,261,25,13.17,13,0.00,0.00,0.00,0,0.00,0.00,0.10,0.10,2,0.00,0.00,0.00,0.00,2.45,0.00,0.00,3.25,0.00,0.00,0.00,0.00,0.00,0.00,0.00,0.00,0.25,0.00,0.00,0,0,,0,0.00,8,0,0.00,22,0,0.00,9,0,1,19,6,0.00,99,0,0,0.00,10,0,28,0.00,12,0,0.00,99,0,0.00,0,0,0.00,0,0.00,8,0,0.00,9,0,0.00,0.00,0,0.00,0,49,64,2.47,31,65,0.00,64,3.28,94,N/A,N/A,N/A,N/A,75.38,0,0.00,0,0.00,0.00,0,68.87,0.00,22,99,0.00,0.00,0,12,12,0,0,34,0.00,0.00,0,29,137.68,0.40,0.40,8,0,0.00,0.00,99,0.00,0,0,0,0.00,0.00,3,0.15,0.15,0.00,0.00,0,0,0.00,56,99,99,56,64,0.47,2,0.02,0.02,0.00,9,0.00,0.00,3,2,0.10,0.10,0.00,0.00,6,0,0.00,9,69,11,81,11,46,8,0,0.00,99,5,0.00,0.25,0.40,0.40,8,8,3,2,0.40,0.40,100.00,0,0.00,99,0,0.00,0,0.00,99,0,0.00,0.00,28,99,44,16,0,0,0,0,0,41,56,74,68,0,99,79,15,15,0,0,16,41,0,0
Santiago Cena,21,1110960000,2005/03/16,Primera División,2026,Defender,Independiente Rivadavia,0,0,0,Argentina,0,0,0,0,0,0,0,0,0,0,0,0,0,0,0,0,0,0,0,0,0,0,0,0,0,0,0,0,0,0,0,-1,-1,-1,-1,N/A,N/A,N/A,N/A,N/A,N/A,N/A,N/A,N/A,N/A,N/A,N/A,N/A,N/A,N/A,N/A,N/A,N/A,N/A,N/A,N/A,N/A,N/A,N/A,N/A,N/A,N/A,N/A,N/A,N/A,N/A,N/A,N/A,N/A,N/A,N/A,N/A,N/A,N/A,N/A,N/A,N/A,N/A,N/A,N/A,N/A,N/A,N/A,N/A,N/A,N/A,N/A,N/A,N/A,N/A,N/A,N/A,N/A,N/A,N/A,N/A,N/A,N/A,N/A,N/A,N/A,N/A,N/A,N/A,N/A,N/A,N/A,N/A,N/A,N/A,N/A,N/A,N/A,N/A,N/A,N/A,N/A,N/A,N/A,N/A,N/A,N/A,N/A,N/A,N/A,N/A,N/A,N/A,N/A,N/A,N/A,N/A,N/A,N/A,N/A,N/A,N/A,N/A,N/A,N/A,N/A,N/A,N/A,N/A,N/A,N/A,N/A,N/A,N/A,N/A,N/A,N/A,N/A,N/A,N/A,N/A,N/A,N/A,N/A,N/A,N/A,N/A,N/A,N/A,N/A,N/A,N/A,N/A,N/A,N/A,N/A,N/A,N/A,N/A,N/A,N/A,N/A,N/A,N/A,N/A,N/A,N/A,N/A,N/A,N/A,N/A,N/A,N/A,N/A,N/A,N/A,N/A,N/A,N/A,N/A,N/A,N/A,N/A,N/A,N/A,N/A,N/A,N/A,N/A,N/A,N/A,N/A,N/A,N/A,N/A,N/A,N/A,N/A,N/A,N/A,N/A,N/A,N/A,N/A,N/A,N/A,N/A,N/A,N/A,N/A,N/A,N/A,N/A,N/A,N/A,N/A,N/A,N/A,N/A,N/A,N/A,N/A,N/A,N/A,N/A,N/A,N/A,N/A,N/A,N/A,N/A,N/A,N/A,N/A,N/A,N/A,N/A,N/A,N/A,N/A,N/A,N/A,N/A,N/A
Santiago Dalmasso,22,1087542000,2004/06/18,Primera División,2026,Midfielder,Platense,113,64,49,Argentina,6,2,4,0,0,0,0,0,0,0,0,4,1,3,0,0,0,2,0,0,0,0,0,0,0,0,0,19,57,0,1.59,-1,-1,-1,17,0,6.49,0,63,62.92,13.17,98,79,10.50,63,70,50.18,96,0.00,0.00,0.00,0,0.00,0.17,0.80,0.17,1,0.00,0.33,0.00,0.00,0.00,0.17,0.17,0.00,0.00,1.59,0.17,0.33,0.00,0.17,0.03,0.00,1.00,0.00,0.00,0,0,,2,0.33,69,1,0.80,85,1,0.80,58,0,6,0,17,0.00,99,0,1,0.80,47,1,28,0.80,46,0,0.00,99,0,0.00,0,0,0.00,0,0.00,8,2,1.59,62,1,0.80,50.00,0,0.00,0,0,0,0.00,0,0,0.00,99,0.00,0,N/A,N/A,N/A,N/A,0.00,0,0.00,0,0.16,0.00,0,79.75,50.00,91,4,0.33,1.59,2,64,66,0,0,0,0.17,0.80,1,94,38.94,0.00,0.00,0,0,0.00,0.00,99,0.00,0,0,0,0.00,0.00,0,0.00,0.00,0.00,0.00,0,0,0.00,56,0,4,56,0,0.14,59,0.02,0.11,0.16,62,0.03,0.13,39,1,0.17,0.80,3.19,0.67,99,4,0.13,60,17,1,81,0,46,98,0,0.00,99,6,0.00,4.78,17.52,3.67,22,9,91,97,7.17,1.50,40.91,2,1.59,14,0,0.00,0,0.00,99,0,0.00,0.00,28,0,88,16,0,0,0,0,0,41,56,74,68,0,99,99,15,99,2,33,92,27,0,0
Santiago Daniele,20,1132646400,2005/11/22,Primera División,2026,Defender,Banfield,248,103,145,Argentina,5,2,3,0,0,0,1,0,1,0,0,2,2,0,2,0,2,1,0,0.36,0.36,0,0,0,0,0.73,124,50,248,248,0.36,-1,-1,-1,13,0,6.99,0.2,97,24.68,13.60,29,68,10.00,50,39,18.15,34,0.00,0.00,0.20,1,0.00,0.00,3.63,2.00,10,0.00,0.00,0.00,0.00,0.00,1.60,0.00,0.40,0.00,0.73,0.40,0.00,0.00,0.00,0.02,0.00,1.80,0.00,0.00,0,0,,2,0.40,41,0,0.00,22,2,0.73,56,0,4,1,98,0.00,99,0,8,2.90,99,0,28,0.00,12,0,0.00,99,0,0.00,0,0,0.00,0,0.36,29,0,0.00,9,0,0.00,0.00,0,0.00,0,0,0,0.00,0,2,0.00,69,0.73,19,N/A,N/A,N/A,N/A,0.00,0,0.00,0,0.09,0.00,0,73.53,0.00,22,73,0.20,0.36,1,12,12,0,0,0,0.80,1.45,4,99,34.95,3.40,6.17,17,0,0.00,0.00,99,0.00,0,0,0,0.00,0.00,0,0.00,0.00,0.00,0.00,0,0,0.00,56,0,1,56,70,0.77,95,0.15,0.28,0.09,26,0.02,0.03,73,4,0.80,1.45,1.45,0.80,70,4,0.03,26,84,90,81,0,46,92,0,0.00,99,9,0.00,3.27,11.25,6.20,31,22,96,67,7.98,4.40,70.97,0,0.00,99,0,0.00,0,0.00,99,0,0.00,0.00,28,0,75,16,0,0,0,0,0,84,56,74,68,0,99,69,41,75,1,20,65,34,0,0
Santiago David Esquivel,22,1073030400,2004/01/02,Primera División,2026,Midfielder,Banfield,442,271,171,Argentina,8,4,4,0,0,0,0,0,0,0,0,1,1,0,4,1,3,3,1,0,0,0,0,0,0,0.81,111,55,147,0,0.61,431,452,-1,22,0,6.49,0,63,29.93,18.38,47,147,14.62,117,69,23.82,53,0.00,0.00,0.38,3,0.00,0.00,3.05,1.88,15,0.00,1.38,0.00,0.00,0.00,0.25,0.38,0.50,0.00,0.81,0.50,0.88,0.00,0.00,0.03,0.00,0.75,0.00,0.00,0,0,,4,0.50,46,0,0.00,22,4,0.81,59,7,2,6,94,0.00,99,0,2,0.41,26,0,28,0.00,12,0,0.00,99,0,0.00,0,0,0.00,0,0.61,44,7,1.43,58,3,0.61,42.86,0,0.00,0,0,0,0.00,0,4,0.00,60,0.81,28,N/A,N/A,N/A,N/A,0.00,0,0.00,0,0.23,0.00,0,79.59,0.00,22,34,0.50,0.81,4,56,48,0,0,0,0.12,0.20,1,55,51.90,0.88,1.43,7,0,0.00,0.00,99,0.00,0,0,0,0.00,0.00,0,0.00,0.00,0.00,0.00,0,0,0.00,56,9,11,56,60,0.39,42,0.05,0.08,0.23,36,0.03,0.05,40,4,0.50,0.81,1.22,0.75,57,6,0.05,36,17,47,81,0,46,52,0,0.00,99,6,0.00,1.22,12.62,7.75,62,27,65,80,5.50,3.38,43.55,11,2.24,4,0,0.00,0,0.00,99,0,0.00,0.00,28,27,57,98,0,0,0,0,0,41,56,74,68,0,99,5,20,95,2,25,79,15,0,0
Santiago Ferez,21,1120806000,2005/07/08,Primera División,2026,Goalkeeper,Belgrano,0,0,0,Argentina,0,0,0,0,0,0,0,0,0,0,0,0,0,0,0,0,0,0,0,0,0,0,0,0,0,0,0,0,0,0,0,-1,-1,-1,-1,N/A,N/A,N/A,N/A,N/A,N/A,N/A,N/A,N/A,N/A,N/A,N/A,N/A,N/A,N/A,N/A,N/A,N/A,N/A,N/A,N/A,N/A,N/A,N/A,N/A,N/A,N/A,N/A,N/A,N/A,N/A,N/A,N/A,N/A,N/A,N/A,N/A,N/A,N/A,N/A,N/A,N/A,N/A,N/A,N/A,N/A,N/A,N/A,N/A,N/A,N/A,N/A,N/A,N/A,N/A,N/A,N/A,N/A,N/A,N/A,N/A,N/A,N/A,N/A,N/A,N/A,N/A,N/A,N/A,N/A,N/A,N/A,N/A,N/A,N/A,N/A,N/A,N/A,N/A,N/A,N/A,N/A,N/A,N/A,N/A,N/A,N/A,N/A,N/A,N/A,N/A,N/A,N/A,N/A,N/A,N/A,N/A,N/A,N/A,N/A,N/A,N/A,N/A,N/A,N/A,N/A,N/A,N/A,N/A,N/A,N/A,N/A,N/A,N/A,N/A,N/A,N/A,N/A,N/A,N/A,N/A,N/A,N/A,N/A,N/A,N/A,N/A,N/A,N/A,N/A,N/A,N/A,N/A,N/A,N/A,N/A,N/A,N/A,N/A,N/A,N/A,N/A,N/A,N/A,N/A,N/A,N/A,N/A,N/A,N/A,N/A,N/A,N/A,N/A,N/A,N/A,N/A,N/A,N/A,N/A,N/A,N/A,N/A,N/A,N/A,N/A,N/A,N/A,N/A,N/A,N/A,N/A,N/A,N/A,N/A,N/A,N/A,N/A,N/A,N/A,N/A,N/A,N/A,N/A,N/A,N/A,N/A,N/A,N/A,N/A,N/A,N/A,N/A,N/A,N/A,N/A,N/A,N/A,N/A,N/A,N/A,N/A,N/A,N/A,N/A,N/A,N/A,N/A,N/A,N/A,N/A,N/A,N/A,N/A,N/A,N/A,N/A,N/A,N/A,N/A,N/A,N/A,N/A,N/A
Santiago Fernández,21,1112169600,2005/03/30,Primera División,2026,Defender,Talleres Córdoba,1126,540,586,Argentina,13,6,7,0,0,0,0,0,0,0,0,6,3,3,7,3,4,1,0,0,0,0,0,0,0,0.56,161,87,1126,0,0.08,546,546,29,13,0,6.85,0,63,45.08,43.38,85,564,36.85,479,92,38.29,87,0.00,0.00,0.00,0,0.00,0.00,1.52,1.46,19,0.00,0.23,0.00,0.00,0.00,0.85,0.23,0.62,0.00,0.40,0.23,0.62,0.00,0.15,0.03,0.00,1.38,0.00,0.00,0,0,,5,0.38,22,2,0.16,37,3,0.24,19,1,0,13,48,0.00,99,0,11,0.88,51,0,28,0.00,12,0,0.00,99,0,0.00,0,0,0.00,0,0.00,8,8,0.64,32,3,0.24,37.50,0,0.00,0,0,0,0.00,0,8,0.00,87,0.64,13,N/A,N/A,N/A,N/A,0.00,0,0.00,0,0.34,0.00,0,84.93,40.00,74,77,0.31,0.32,4,28,38,0,0,0,0.85,0.88,11,96,89.06,5.62,5.83,73,0,0.00,0.00,99,0.00,0,0,0,0.00,0.00,0,0.00,0.00,0.00,0.00,0,0,0.00,56,69,49,56,87,0.84,36,0.06,0.07,0.34,26,0.03,0.03,55,13,1.00,1.04,0.64,0.62,21,8,0.03,26,65,89,81,0,46,59,0,0.00,99,18,0.00,1.44,7.67,7.38,96,53,32,22,4.24,4.08,55.21,3,0.24,77,0,0.00,0,0.00,99,0,0.00,0.00,28,71,30,41,0,0,0,0,0,41,56,74,68,0,99,81,95,21,1,8,29,44,0,0
Santiago Gabriel Montiel,25,974880000,2000/11/22,Primera División,2026,Forward,Independiente,648,414,234,Argentina,12,8,4,1,0,1,1,1,0,0,0,4,3,1,6,4,2,2,1,0.28,0.14,0.14,0,0.38,648,0.83,108,54,216,648,0.42,150,108,-1,9,0,6.65,0.08,82,21.25,12.75,17,153,8.17,98,14,13.61,15,0.00,0.00,0.42,5,0.00,2.58,0.97,0.58,7,0.00,0.92,0.00,0.00,0.00,0.42,0.67,0.58,20.00,2.78,0.83,1.67,0.00,0.83,0.19,0.00,0.33,0.00,0.00,0,0,,20,1.67,94,10,1.39,98,10,1.39,84,4,4,8,22,0.00,99,0,5,0.69,43,31,33,4.31,88,0,0.00,99,0,0.00,0,0,0.00,0,0.69,49,20,2.78,82,8,1.11,40.00,0,0.00,0,0,0,0.00,0,7,0.00,59,0.97,46,N/A,N/A,N/A,N/A,0.00,0,0.00,0,2.32,0.00,0,64.05,50.00,91,56,0.33,0.56,4,80,43,0,0,0,0.00,0.00,0,29,79.84,0.17,0.28,2,0,0.00,0.00,99,0.00,0,0,2,0.17,0.28,0,0.00,0.00,0.28,0.17,2,0,5.00,58,32,39,84,59,0.98,70,0.08,0.14,2.32,88,0.19,0.32,85,14,1.17,1.94,0.42,0.25,11,3,0.32,88,32,8,99,0,79,24,0,0.00,99,4,0.00,0.56,10.28,6.17,74,33,42,55,4.58,2.75,44.59,11,1.53,16,0,12.90,0,0.00,99,4,0.33,0.56,68,40,75,84,0,0,0,0,0,78,74,93,68,0,99,54,33,84,1,8,29,7,0,0
Santiago Grella,21,1110960000,2005/03/16,Primera División,2026,Midfielder,Unión Santa Fe,64,24,40,Argentina,4,2,2,0,0,0,0,0,0,0,0,1,1,0,3,0,3,0,0,0,0,0,0,0,0,4.22,21,16,0,0,0,-1,-1,-1,12,0,6.56,0,63,37.97,6.75,72,27,6.25,25,99,35.16,82,0.00,0.00,0.50,2,0.00,1.00,2.81,0.50,2,0.00,0.25,0.00,0.00,0.00,0.00,0.75,0.75,0.00,2.81,0.50,1.25,0.00,0.00,0.02,0.00,0.25,0.00,0.00,0,0,,2,0.50,94,0,0.00,22,2,2.81,99,0,4,0,91,0.00,99,0,0,0.00,10,4,95,5.62,95,0,0.00,99,0,0.00,0,0,0.00,0,2.81,99,5,7.03,99,3,4.22,60.00,0,0.00,0,0,0,0.00,0,3,0.00,0,4.22,98,N/A,N/A,N/A,N/A,0.00,0,0.00,0,0.08,0.00,0,92.59,0.00,22,7,0.25,1.41,1,99,79,0,0,0,0.00,0.00,0,29,26.23,0.00,0.00,0,0,0.00,0.00,99,0.00,0,0,0,0.00,0.00,0,0.00,0.00,0.00,0.00,0,0,0.00,56,0,0,56,0,0.13,81,0.03,0.18,0.08,55,0.02,0.11,72,1,0.25,1.41,1.41,0.25,66,1,0.11,54,22,1,81,0,46,58,0,0.00,99,1,0.00,1.41,15.47,2.75,11,7,99,93,9.84,1.75,63.64,1,1.41,19,0,50.00,0,0.00,99,2,0.50,2.81,99,0,75,16,0,0,0,0,0,41,56,74,68,0,99,27,15,15,0,0,16,46,0,0
Santiago Lencinas,20,1125817200,2005/09/04,Primera División,2026,Midfielder,River Plate,123,88,35,Argentina,5,3,2,0,0,0,0,0,0,0,0,4,2,2,0,0,0,0,0,0,0,0,0,0,0,0,0,25,0,0,0,-1,-1,-1,24,0,6.61,0,63,43.17,11.80,82,59,10.00,50,90,36.59,84,0.00,0.00,1.00,5,0.00,1.00,2.93,0.80,4,0.00,0.40,0.00,0.00,0.00,0.20,0.40,0.00,0.00,1.46,0.40,1.00,0.00,0.00,0.02,0.00,0.00,0.00,0.00,0,0,,2,0.40,67,0,0.00,22,2,1.46,85,3,4,1,93,0.00,99,0,1,0.73,44,5,45,3.66,82,0,0.00,99,0,0.00,0,0,0.00,0,3.66,99,5,3.66,91,2,1.46,40.00,0,0.00,0,0,0,0.00,0,0,0.00,99,0.00,0,N/A,N/A,N/A,N/A,0.00,0,0.00,0,0.10,0.00,0,84.75,0.00,22,99,0.00,0.00,0,88,43,0,0,0,0.00,0.00,0,29,33.06,0.00,0.00,0,0,0.00,0.00,99,0.00,0,0,0,0.00,0.00,0,0.00,0.00,0.00,0.00,0,0,0.00,56,0,1,56,0,0.26,83,0.05,0.19,0.10,44,0.02,0.07,2,0,0.00,0.00,4.39,1.20,99,6,0.07,44,27,1,81,0,46,1,0,0.00,99,0,0.00,0.00,12.44,3.40,17,5,17,79,3.66,1.00,29.41,2,1.46,18,0,20.00,0,0.00,99,1,0.20,0.73,76,0,75,74,0,0,0,0,0,41,56,74,68,0,99,99,15,15,0,0,16,39,0,0
Santiago Longo,28,892364400,1998/04/12,Primera División,2026,Midfielder,Belgrano,676,206,470,Argentina,13,5,8,0,0,0,0,0,0,0,0,9,5,4,4,0,4,2,0,0,0,0,0,0,0,0.53,169,52,338,0,0.27,358,236,-1,20,0,6.76,0,63,39.94,23.08,76,300,19.46,253,88,33.68,81,0.00,0.00,0.31,4,0.00,0.08,3.33,1.92,25,0.00,0.15,0.00,0.00,0.00,0.62,0.15,0.38,0.00,0.53,0.15,0.38,0.00,0.15,0.03,0.00,0.46,0.00,0.00,0,0,,4,0.31,30,2,0.27,52,2,0.27,21,7,5,8,97,0.00,99,0,8,1.07,62,1,99,0.13,20,0,0.00,99,0,0.00,0,0,0.00,0,0.53,39,5,0.67,33,2,0.27,40.00,0,0.00,0,0,0,0.00,0,5,0.00,89,0.67,15,N/A,N/A,N/A,N/A,0.00,0,0.00,0,0.38,0.00,0,84.33,50.00,91,27,0.54,0.93,7,30,43,0,0,0,0.15,0.27,2,64,87.84,0.85,1.46,11,0,0.00,0.00,99,0.00,0,0,0,0.00,0.00,0,0.00,0.00,0.13,0.08,1,0,0.00,56,34,49,56,89,0.77,54,0.06,0.10,0.38,36,0.03,0.05,11,2,0.15,0.27,1.33,0.77,64,10,0.05,36,49,48,81,0,63,33,0,0.00,99,6,0.00,0.80,7.99,4.62,60,35,43,26,4.66,2.69,58.33,2,0.27,74,0,100.00,0,0.00,99,1,0.08,0.13,38,40,82,98,0,0,0,0,0,41,56,74,68,0,99,99,57,61,2,15,50,5,0,0
Santiago López Garcia,28,881222400,1997/12/04,Primera División,2026,Midfielder,Banfield,1432,720,712,Argentina,16,8,8,2,1,1,4,3,1,0,0,4,4,0,19,6,13,3,0,0.38,0.25,0.13,0.13,0.13,716,1.19,75,90,477,358,0.19,159,42,-1,4,0,7.03,0.25,94,28.66,28.50,42,456,21.50,344,48,21.62,46,0.00,0.00,1.00,16,0.00,3.00,2.26,2.25,36,0.00,0.50,0.00,0.00,0.00,0.94,0.81,1.19,5.50,0.69,0.44,1.50,0.00,0.25,0.13,0.00,0.75,0.00,0.00,0,0,,11,0.69,40,4,0.25,50,7,0.44,36,1,0,16,79,0.00,99,0,15,0.94,54,48,50,3.02,77,0,0.00,99,0,0.00,0,0,0.00,0,1.01,67,24,1.51,61,13,0.82,54.17,0,0.00,0,0,0,0.00,0,19,0.00,25,1.19,65,N/A,N/A,N/A,N/A,0.00,0,0.00,0,2.03,0.00,0,75.44,36.36,66,50,0.62,0.63,10,66,69,0,0,0,0.25,0.25,4,62,112.55,2.06,2.07,33,0,0.00,0.00,99,0.00,0,0,0,0.00,0.00,0,0.00,0.00,0.13,0.12,2,0,18.18,89,91,88,86,24,3.67,90,0.23,0.23,2.03,62,0.13,0.13,71,22,1.38,1.38,0.50,0.50,15,8,0.13,60,87,61,81,0,63,31,0,0.00,99,12,0.00,0.75,8.36,8.31,133,83,59,30,5.22,5.19,62.41,8,0.50,62,0,22.92,0,0.00,99,11,0.69,0.69,74,93,30,41,0,0,0,0,0,86,72,78,71,0,99,27,75,41,3,19,60,24,0,0
Santiago López Grobin,20,1139472000,2006/02/09,Primera División,2026,Forward,Tigre,901,402,499,Argentina,15,7,8,0,0,0,2,2,0,0,0,4,2,2,12,6,6,2,0,0.2,0.2,0,0,0,0,1.2,75,60,451,451,0.2,317,76,-1,15,0,6.80,0.13,89,25.57,17.07,33,256,12.07,181,30,18.08,34,0.00,0.00,1.47,22,0.00,4.47,2.60,1.73,26,0.00,1.87,0.00,0.00,0.00,0.47,1.73,0.80,0.00,1.80,0.87,4.00,0.00,0.33,0.10,0.00,0.13,0.00,0.00,0,0,,18,1.20,75,5,0.50,70,13,1.30,81,1,6,9,86,0.00,99,0,7,0.70,43,67,69,6.69,97,0,0.00,99,0,0.00,0,0,0.00,0,2.20,97,60,5.99,99,26,2.60,43.33,0,0.00,0,0,0,0.00,0,12,0.00,24,1.20,66,N/A,N/A,N/A,N/A,0.00,0,0.00,0,1.47,0.00,0,70.70,27.78,48,44,0.47,0.70,7,99,49,0,0,0,0.07,0.10,1,36,101.98,0.20,0.30,3,0,0.00,0.00,99,0.00,0,0,0,0.00,0.00,0,0.00,0.00,0.40,0.27,4,0,0.00,56,53,73,56,24,2.34,90,0.16,0.23,1.47,66,0.10,0.15,92,23,1.53,2.30,2.40,1.60,94,24,0.15,64,55,8,81,0,86,6,0,0.00,99,2,0.00,0.20,17.68,11.80,177,77,95,98,7.69,5.13,43.50,28,2.80,2,0,29.85,0,0.00,99,20,1.33,2.00,98,48,88,41,0,0,0,0,0,69,56,74,68,0,99,33,73,45,2,13,43,22,0,0
Santiago Morales,24,998895600,2001/08/27,Primera División,2026,Defender,Sarmiento,0,0,0,Argentina,0,0,0,0,0,0,0,0,0,0,0,0,0,0,0,0,0,0,0,0,0,0,0,0,0,0,0,0,0,0,0,-1,-1,-1,-1,N/A,N/A,N/A,N/A,N/A,N/A,N/A,N/A,N/A,N/A,N/A,N/A,N/A,N/A,N/A,N/A,N/A,N/A,N/A,N/A,N/A,N/A,N/A,N/A,N/A,N/A,N/A,N/A,N/A,N/A,N/A,N/A,N/A,N/A,N/A,N/A,N/A,N/A,N/A,N/A,N/A,N/A,N/A,N/A,N/A,N/A,N/A,N/A,N/A,N/A,N/A,N/A,N/A,N/A,N/A,N/A,N/A,N/A,N/A,N/A,N/A,N/A,N/A,N/A,N/A,N/A,N/A,N/A,N/A,N/A,N/A,N/A,N/A,N/A,N/A,N/A,N/A,N/A,N/A,N/A,N/A,N/A,N/A,N/A,N/A,N/A,N/A,N/A,N/A,N/A,N/A,N/A,N/A,N/A,N/A,N/A,N/A,N/A,N/A,N/A,N/A,N/A,N/A,N/A,N/A,N/A,N/A,N/A,N/A,N/A,N/A,N/A,N/A,N/A,N/A,N/A,N/A,N/A,N/A,N/A,N/A,N/A,N/A,N/A,N/A,N/A,N/A,N/A,N/A,N/A,N/A,N/A,N/A,N/A,N/A,N/A,N/A,N/A,N/A,N/A,N/A,N/A,N/A,N/A,N/A,N/A,N/A,N/A,N/A,N/A,N/A,N/A,N/A,N/A,N/A,N/A,N/A,N/A,N/A,N/A,N/A,N/A,N/A,N/A,N/A,N/A,N/A,N/A,N/A,N/A,N/A,N/A,N/A,N/A,N/A,N/A,N/A,N/A,N/A,N/A,N/A,N/A,N/A,N/A,N/A,N/A,N/A,N/A,N/A,N/A,N/A,N/A,N/A,N/A,N/A,N/A,N/A,N/A,N/A,N/A,N/A,N/A,N/A,N/A,N/A,N/A,N/A,N/A,N/A,N/A,N/A,N/A,N/A,N/A,N/A,N/A,N/A,N/A,N/A,N/A,N/A,N/A,N/A,N/A
Santiago Moya,23,1055487600,2003/06/13,Primera División,2026,Defender,Aldosivi,630,270,360,Argentina,7,3,4,1,1,0,0,0,0,0,0,1,1,0,8,2,6,2,0,0.14,0,0.14,0.33,0,630,1.14,79,90,315,0,0.29,152,281,176,4,0,6.91,0,63,27.29,27.29,38,191,21.29,149,62,21.29,45,0.00,0.00,0.43,3,0.00,0.29,1.14,1.14,8,0.00,0.14,0.00,0.00,0.00,1.43,0.29,1.29,4.00,0.57,0.29,0.29,0.00,0.29,0.14,0.00,1.57,0.00,0.00,0,0,,4,0.57,33,2,0.29,53,2,0.29,23,0,0,7,29,0.00,99,0,10,1.43,81,2,28,0.29,28,0,0.00,99,0,0.00,0,0,0.00,0,0.43,34,2,0.29,20,2,0.29,100.00,0,0.00,0,0,0,0.00,0,9,0.00,29,1.29,72,N/A,N/A,N/A,N/A,0.00,0,0.00,0,0.95,0.00,0,78.01,50.00,91,43,0.71,0.71,5,32,99,0,0,0,1.00,1.00,7,99,48.35,6.29,6.29,44,1,0.00,0.14,3,0.14,0,0,0,0.00,0.00,0,0.00,0.00,0.00,0.00,0,0,25.00,95,30,6,83,29,0.44,26,0.06,0.06,0.95,64,0.14,0.14,33,5,0.71,0.71,0.71,0.71,26,5,0.14,63,74,91,81,0,46,63,0,0.00,99,11,0.00,1.57,6.86,6.86,48,26,19,16,3.71,3.71,54.17,1,0.14,83,0,0.00,0,0.00,99,0,0.00,0.00,28,33,30,16,0,0,0,0,0,58,74,74,88,0,99,6,54,64,2,29,85,28,0,0
Santiago Nahuel Sosa Yung,21,1107072000,2005/01/30,Primera División,2026,Midfielder,Defensa y Justicia,1289,714,575,Argentina,15,8,7,0,0,0,0,0,0,0,0,4,2,2,16,9,7,3,1,0,0,0,0,0,0,1.12,81,86,322,0,0.28,419,413,-1,20,0,6.65,0,63,34.49,32.93,64,494,27.13,407,80,28.42,67,0.00,0.00,0.13,2,0.00,0.33,1.68,1.60,24,0.00,0.53,0.00,0.00,0.00,1.27,0.33,1.13,0.00,0.35,0.33,0.87,0.00,0.00,0.01,0.00,0.67,0.00,0.00,0,0,,5,0.33,19,0,0.00,22,5,0.35,28,5,0,15,55,0.00,99,0,19,1.33,75,5,45,0.35,31,0,0.00,99,0,0.00,0,0,0.00,0,0.14,14,13,0.91,41,5,0.35,38.46,0,0.00,0,0,0,0.00,0,17,0.00,31,1.19,65,N/A,N/A,N/A,N/A,0.00,0,0.00,0,0.21,0.00,0,82.39,0.00,22,15,1.07,1.12,16,38,38,0,0,0,0.27,0.28,4,65,99.69,2.13,2.23,32,0,0.00,0.00,99,0.00,0,0,0,0.00,0.00,0,0.00,0.00,0.00,0.00,0,0,0.00,56,80,73,56,32,1.00,36,0.07,0.07,0.21,13,0.01,0.01,83,27,1.80,1.89,1.19,1.13,55,17,0.01,13,32,63,81,0,46,28,0,0.00,99,10,0.00,0.70,8.66,8.27,124,63,36,34,4.40,4.20,50.81,8,0.56,58,0,20.00,0,0.00,99,1,0.07,0.07,31,85,30,92,0,0,0,0,0,41,56,74,68,0,99,33,54,62,2,13,43,15,0,0
Santiago Núñez,26,956991600,2000/04/29,Primera División,2026,Defender,Estudiantes,693,360,333,Argentina,10,4,6,1,1,0,1,0,1,0,0,3,0,3,5,4,1,4,1,0.26,0.13,0.13,0.25,0,693,0.65,139,69,173,693,0.52,155,113,51,6,0,7.03,0.1,81,47.40,36.50,87,365,30.60,306,86,39.74,90,0.00,0.00,0.20,2,0.00,0.00,1.69,1.30,13,0.00,0.00,0.00,0.00,0.00,1.10,0.30,0.60,9.00,1.17,0.70,0.40,0.00,0.20,0.12,0.00,2.20,0.00,0.00,0,0,,9,0.90,58,2,0.26,51,7,0.91,65,0,2,8,55,0.00,99,0,11,1.43,81,0,28,0.00,12,0,0.00,99,0,0.00,0,0,0.00,0,0.26,23,4,0.52,26,3,0.39,75.00,0,0.00,0,0,0,0.00,0,6,0.00,79,0.78,25,N/A,N/A,N/A,N/A,0.00,0,0.00,0,1.21,0.00,0,83.84,22.22,39,71,0.30,0.39,3,43,90,0,0,0,0.70,0.91,7,97,70.31,7.00,9.09,70,0,0.00,0.00,99,0.00,0,0,0,0.00,0.00,0,0.00,0.00,0.00,0.00,0,0,11.11,76,35,23,85,79,1.25,76,0.12,0.16,1.21,68,0.12,0.16,45,7,0.70,0.91,1.04,0.80,46,8,0.16,66,87,99,81,0,46,86,0,0.00,99,22,0.00,2.86,9.61,7.40,74,45,73,47,5.84,4.50,60.81,0,0.00,99,0,0.00,0,0.00,99,0,0.00,0.00,28,40,57,16,0,0,0,0,0,77,72,74,82,0,99,41,25,92,3,30,87,4,0,0
Santiago Roggero,24,1000278000,2001/09/12,Primera División,2026,Goalkeeper,Gimnasia Mendoza,0,0,0,Argentina,0,0,0,0,0,0,0,0,0,0,0,0,0,0,0,0,0,0,0,0,0,0,0,0,0,0,0,0,0,0,0,-1,-1,-1,-1,N/A,N/A,N/A,N/A,N/A,N/A,N/A,N/A,N/A,N/A,N/A,N/A,N/A,N/A,N/A,N/A,N/A,N/A,N/A,N/A,N/A,N/A,N/A,N/A,N/A,N/A,N/A,N/A,N/A,N/A,N/A,N/A,N/A,N/A,N/A,N/A,N/A,N/A,N/A,N/A,N/A,N/A,N/A,N/A,N/A,N/A,N/A,N/A,N/A,N/A,N/A,N/A,N/A,N/A,N/A,N/A,N/A,N/A,N/A,N/A,N/A,N/A,N/A,N/A,N/A,N/A,N/A,N/A,N/A,N/A,N/A,N/A,N/A,N/A,N/A,N/A,N/A,N/A,N/A,N/A,N/A,N/A,N/A,N/A,N/A,N/A,N/A,N/A,N/A,N/A,N/A,N/A,N/A,N/A,N/A,N/A,N/A,N/A,N/A,N/A,N/A,N/A,N/A,N/A,N/A,N/A,N/A,N/A,N/A,N/A,N/A,N/A,N/A,N/A,N/A,N/A,N/A,N/A,N/A,N/A,N/A,N/A,N/A,N/A,N/A,N/A,N/A,N/A,N/A,N/A,N/A,N/A,N/A,N/A,N/A,N/A,N/A,N/A,N/A,N/A,N/A,N/A,N/A,N/A,N/A,N/A,N/A,N/A,N/A,N/A,N/A,N/A,N/A,N/A,N/A,N/A,N/A,N/A,N/A,N/A,N/A,N/A,N/A,N/A,N/A,N/A,N/A,N/A,N/A,N/A,N/A,N/A,N/A,N/A,N/A,N/A,N/A,N/A,N/A,N/A,N/A,N/A,N/A,N/A,N/A,N/A,N/A,N/A,N/A,N/A,N/A,N/A,N/A,N/A,N/A,N/A,N/A,N/A,N/A,N/A,N/A,N/A,N/A,N/A,N/A,N/A,N/A,N/A,N/A,N/A,N/A,N/A,N/A,N/A,N/A,N/A,N/A,N/A,N/A,N/A,N/A,N/A,N/A,N/A
Santiago Salle,22,1086332400,2004/06/04,Primera División,2026,Midfielder,Sarmiento,875,374,501,Argentina,15,8,7,0,0,0,1,1,0,0,0,5,5,0,13,4,9,6,0,0.1,0.1,0,0,0,0,1.34,67,58,146,875,0.62,342,142,-1,26,0,6.65,0.07,76,17.75,11.53,7,173,8.07,121,28,12.42,10,0.00,0.00,0.73,11,0.00,1.93,1.13,0.73,11,0.00,0.53,0.00,0.00,0.00,0.07,1.47,1.00,0.00,0.62,0.13,2.93,0.00,0.27,0.04,0.00,0.73,0.00,0.00,0,0,,6,0.40,36,4,0.41,63,2,0.21,17,1,5,10,29,0.00,99,0,1,0.10,12,29,72,2.98,76,0,0.00,99,0,0.00,0,0,0.00,0,1.13,72,44,4.52,95,22,2.26,50.00,0,0.00,0,0,0,0.00,0,15,0.00,14,1.54,85,N/A,N/A,N/A,N/A,0.00,0,0.00,0,0.56,0.00,0,69.94,66.67,98,92,0.07,0.10,1,96,66,0,0,0,0.07,0.10,1,36,99.82,0.80,1.23,12,0,0.00,0.00,99,0.00,0,0,1,0.07,0.10,0,0.00,0.00,0.31,0.20,3,0,0.00,56,51,73,56,14,1.28,66,0.09,0.13,0.56,42,0.04,0.06,82,18,1.20,1.85,1.64,1.07,80,16,0.06,42,32,41,90,0,81,48,0,0.00,99,11,0.00,1.13,11.39,7.40,111,59,78,70,6.05,3.93,53.15,8,0.82,43,0,31.03,0,0.00,99,9,0.60,0.92,81,52,82,41,0,0,0,0,0,51,56,74,68,0,99,54,20,96,6,40,95,8,0,0
Santiago Segovia,19,1174892400,2007/03/26,Primera División,2026,Midfielder,Rosario Central,76,64,12,Argentina,2,1,1,0,0,0,0,0,0,0,0,1,0,1,0,0,0,0,0,0,0,0,0,0,0,0,0,38,0,0,0,-1,-1,-1,25,0,6.79,0,63,26.05,11.00,34,22,8.00,16,36,18.95,36,0.00,0.00,1.00,2,0.00,3.00,0.00,0.00,0,0.00,0.00,0.00,0.00,0.00,0.00,0.50,0.00,0.00,5.92,2.50,1.00,0.00,0.00,0.12,0.00,0.00,0.00,0.00,0,0,,5,2.50,99,0,0.00,22,5,5.92,99,1,1,1,5,0.00,99,0,0,0.00,10,6,95,7.11,97,0,0.00,99,0,0.00,0,0,0.00,0,2.37,97,2,2.37,77,1,1.18,50.00,0,0.00,0,0,0,0.00,0,0,0.00,99,0.00,0,N/A,N/A,N/A,N/A,0.00,0,0.00,0,0.23,0.00,0,72.73,0.00,22,99,0.00,0.00,0,83,66,0,0,0,0.00,0.00,0,29,13.58,0.00,0.00,0,0,0.00,0.00,99,0.00,0,0,0,0.00,0.00,0,0.00,0.00,0.00,0.00,0,0,0.00,56,0,0,56,0,0.13,74,0.07,0.15,0.23,84,0.12,0.27,99,3,1.50,3.55,1.18,0.50,54,1,0.27,83,53,1,81,0,46,1,0,0.00,99,0,0.00,0.00,9.47,4.00,8,4,45,45,4.74,2.00,50.00,0,0.00,99,0,50.00,0,0.00,99,3,1.50,3.55,99,0,44,41,0,0,0,0,0,41,56,74,68,0,99,88,15,15,0,0,16,10,0,0
Santiago Solari,28,885196800,1998/01/19,Primera División,2026,Forward,Racing Club,1178,510,668,Argentina,17,7,10,2,1,1,3,3,0,0,0,7,2,5,10,5,5,3,0,0.38,0.23,0.15,0.18,0.13,589,0.76,118,69,393,393,0.23,141,56,-1,4,0,6.79,0.18,92,23.53,18.12,26,308,11.82,201,17,15.36,22,0.00,0.00,1.00,17,0.00,1.65,1.30,1.00,17,0.00,1.06,0.00,0.00,0.00,0.18,1.06,0.65,11.50,1.76,1.00,2.35,0.00,0.35,0.16,0.00,1.00,0.00,0.00,0,0,,23,1.35,73,6,0.46,67,17,1.30,81,6,3,14,37,0.00,99,0,3,0.23,19,28,74,2.14,65,0,0.00,99,0,0.00,0,0,0.00,0,1.30,78,40,3.06,85,18,1.38,45.00,0,0.00,0,0,0,0.00,0,11,0.00,65,0.84,32,N/A,N/A,N/A,N/A,0.00,0,0.00,0,2.79,0.00,0,65.26,26.09,45,72,0.29,0.38,5,87,52,0,0,0,0.12,0.15,2,45,115.36,1.06,1.38,18,1,0.00,0.08,7,0.06,0,0,0,0.00,0.00,0,0.00,0.00,0.46,0.35,6,0,8.70,69,73,94,81,65,2.80,87,0.16,0.21,2.79,76,0.16,0.21,26,7,0.41,0.53,1.30,1.00,61,17,0.21,74,53,46,81,0,90,55,0,0.00,99,17,0.00,1.30,11.15,8.59,146,57,35,66,4.35,3.35,39.04,18,1.38,21,0,32.14,0,0.00,99,9,0.53,0.69,74,78,66,96,0,0,0,0,0,86,76,78,77,0,99,71,65,52,3,18,57,28,0,0
Santiago Sosa,27,925714800,1999/05/03,Primera División,2026,Defender,Racing Club,1594,625,969,Argentina,18,7,11,1,0,1,1,0,1,0,0,7,2,5,15,6,9,5,0,0.11,0.06,0.06,0,0.09,1594,0.85,106,89,319,1594,0.28,224,199,101,7,0,7.22,0.06,65,56.19,56.33,95,1014,45.33,816,75,45.22,94,0.00,0.00,0.72,13,0.00,0.33,1.83,1.83,33,0.00,0.33,0.00,0.00,0.00,2.11,0.06,0.94,8.00,0.89,0.61,0.17,0.00,0.28,0.13,0.00,4.67,0.00,0.00,0,0,,16,0.89,50,5,0.28,52,11,0.61,50,4,0,18,63,0.00,99,0,38,2.11,97,6,79,0.33,30,0,0.00,99,0,0.00,0,0,0.00,0,0.72,51,3,0.17,15,1,0.06,33.33,0,0.00,0,0,0,0.00,0,17,0.00,57,0.94,42,N/A,N/A,N/A,N/A,0.00,0,0.00,0,2.36,0.00,0,80.47,31.25,55,37,0.78,0.78,14,13,32,0,0,0,0.33,0.33,6,70,130.00,5.28,5.26,95,0,0.00,0.00,99,0.00,0,0,0,0.00,0.00,0,0.00,0.00,0.00,0.00,0,0,12.50,79,98,98,99,57,2.76,74,0.15,0.15,2.36,62,0.13,0.13,24,9,0.50,0.50,1.33,1.33,64,24,0.13,60,96,87,81,0,46,98,0,0.00,99,84,0.00,4.66,11.53,11.56,208,126,90,71,6.98,7.00,60.58,6,0.33,71,0,33.33,0,0.00,99,2,0.11,0.11,36,98,30,84,0,0,0,0,0,54,59,74,68,0,99,65,54,62,5,28,82,13,0,0
Santiago Toloza,23,1035792000,2002/10/28,Primera División,2026,Midfielder,Defensa y Justicia,44,0,44,Argentina,1,0,1,0,0,0,0,0,0,0,0,0,0,0,1,0,1,0,0,0,0,0,0,0,0,2.05,44,44,0,0,0,-1,-1,-1,13,0,6.60,0,63,32.73,16.00,57,16,14.00,14,96,28.64,68,0.00,0.00,1.00,1,0.00,0.00,6.14,3.00,3,0.00,1.00,0.00,0.00,0.00,0.00,0.00,1.00,0.00,0.00,0.00,2.00,0.00,0.00,0.00,0.00,0.00,0.00,0.00,0,0,,0,0.00,8,0,0.00,22,0,0.00,9,0,1,0,99,0.00,99,0,0,0.00,10,0,28,0.00,12,0,0.00,99,0,0.00,0,0,0.00,0,2.05,95,2,4.09,93,0,0.00,0.00,0,0.00,0,0,0,0.00,0,1,0.00,1,2.05,92,N/A,N/A,N/A,N/A,0.00,0,0.00,0,0.00,0.00,0,87.50,0.00,22,99,0.00,0.00,0,12,12,0,0,0,0.00,0.00,0,29,6.60,1.00,2.05,1,0,0.00,0.00,99,0.00,0,0,0,0.00,0.00,0,0.00,0.00,0.00,0.00,0,0,0.00,56,0,0,56,1,0.08,76,0.08,0.16,0.00,9,0.00,0.00,89,1,1.00,2.05,0.00,0.00,6,0,0.00,9,26,60,81,0,46,1,0,0.00,99,0,0.00,0.00,16.36,8.00,8,4,97,95,8.18,4.00,50.00,1,2.05,6,0,0.00,0,0.00,99,0,0.00,0.00,28,0,44,16,0,0,0,0,0,41,56,74,68,0,99,1,15,15,0,0,16,18,0,0
Santiago Villarreal,20,1132473600,2005/11/20,Primera División,2026,Midfielder,Gimnasia La Plata,51,20,31,Argentina,2,1,1,0,0,0,0,0,0,0,0,0,0,0,2,1,1,0,0,0,0,0,0,0,0,3.53,26,26,0,0,0,-1,-1,-1,17,0,6.61,0,63,12.35,3.50,1,7,2.50,5,31,8.82,2,0.00,0.00,0.00,0,0.00,0.50,8.82,2.50,5,0.00,0.50,0.00,0.00,0.00,1.00,1.00,1.00,0.00,1.76,0.50,2.00,0.00,0.00,0.03,0.00,0.50,0.00,0.00,0,0,,1,0.50,73,0,0.00,22,1,1.76,93,1,2,0,99,0.00,99,0,2,3.53,99,1,28,1.76,60,0,0.00,99,0,0.00,0,0,0.00,0,0.00,8,4,7.06,99,2,3.53,50.00,0,0.00,0,0,0,0.00,0,2,0.00,0,3.53,95,N/A,N/A,N/A,N/A,0.00,0,0.00,0,0.05,0.00,0,71.43,0.00,22,99,0.00,0.00,0,99,66,0,0,0,0.00,0.00,0,29,13.22,0.00,0.00,0,0,0.00,0.00,99,0.00,0,0,0,0.00,0.00,0,0.00,0.00,0.00,0.00,0,0,0.00,56,0,0,56,0,0.01,2,0.01,0.02,0.05,52,0.03,0.09,99,2,1.00,3.53,1.76,0.50,84,1,0.09,51,27,1,81,0,46,67,0,0.00,99,1,0.00,1.76,24.71,7.00,14,10,99,99,17.65,5.00,71.43,1,1.76,10,0,0.00,0,0.00,99,0,0.00,0.00,28,0,57,41,0,0,0,0,0,41,56,74,68,0,99,1,15,15,0,0,16,42,0,0
Santino Barbi,21,1118732400,2005/06/14,Primera División,2026,Goalkeeper,Talleres Córdoba,0,0,0,Argentina,0,0,0,0,0,0,0,0,0,0,0,0,0,0,0,0,0,0,0,0,0,0,0,0,0,0,0,0,0,0,0,-1,-1,-1,-1,N/A,N/A,N/A,N/A,N/A,N/A,N/A,N/A,N/A,N/A,N/A,N/A,N/A,N/A,N/A,N/A,N/A,N/A,N/A,N/A,N/A,N/A,N/A,N/A,N/A,N/A,N/A,N/A,N/A,N/A,N/A,N/A,N/A,N/A,N/A,N/A,N/A,N/A,N/A,N/A,N/A,N/A,N/A,N/A,N/A,N/A,N/A,N/A,N/A,N/A,N/A,N/A,N/A,N/A,N/A,N/A,N/A,N/A,N/A,N/A,N/A,N/A,N/A,N/A,N/A,N/A,N/A,N/A,N/A,N/A,N/A,N/A,N/A,N/A,N/A,N/A,N/A,N/A,N/A,N/A,N/A,N/A,N/A,N/A,N/A,N/A,N/A,N/A,N/A,N/A,N/A,N/A,N/A,N/A,N/A,N/A,N/A,N/A,N/A,N/A,N/A,N/A,N/A,N/A,N/A,N/A,N/A,N/A,N/A,N/A,N/A,N/A,N/A,N/A,N/A,N/A,N/A,N/A,N/A,N/A,N/A,N/A,N/A,N/A,N/A,N/A,N/A,N/A,N/A,N/A,N/A,N/A,N/A,N/A,N/A,N/A,N/A,N/A,N/A,N/A,N/A,N/A,N/A,N/A,N/A,N/A,N/A,N/A,N/A,N/A,N/A,N/A,N/A,N/A,N/A,N/A,N/A,N/A,N/A,N/A,N/A,N/A,N/A,N/A,N/A,N/A,N/A,N/A,N/A,N/A,N/A,N/A,N/A,N/A,N/A,N/A,N/A,N/A,N/A,N/A,N/A,N/A,N/A,N/A,N/A,N/A,N/A,N/A,N/A,N/A,N/A,N/A,N/A,N/A,N/A,N/A,N/A,N/A,N/A,N/A,N/A,N/A,N/A,N/A,N/A,N/A,N/A,N/A,N/A,N/A,N/A,N/A,N/A,N/A,N/A,N/A,N/A,N/A,N/A,N/A,N/A,N/A,N/A,N/A
Sasha Julián Marcich,28,896425200,1998/05/29,Primera División,2026,Defender,Lanús,1313,608,705,Argentina,16,7,9,1,0,1,1,0,1,0,0,6,4,2,13,4,9,4,0,0.14,0.07,0.07,0,0.13,1313,0.89,101,82,328,1313,0.27,220,184,114,6,0,6.85,0.06,69,36.40,33.19,68,531,25.56,409,57,28.04,65,0.00,0.00,1.00,16,0.00,3.75,2.12,1.94,31,0.00,0.50,0.00,0.00,0.00,0.94,0.94,0.94,9.00,0.62,0.44,1.94,0.00,0.12,0.07,0.00,1.00,0.00,0.00,0,0,,9,0.56,36,2,0.14,34,7,0.48,40,5,1,15,75,0.00,99,0,15,1.03,59,60,65,4.11,87,0,0.00,99,0,0.00,0,0,0.00,0,1.10,70,31,2.12,72,15,1.03,48.39,0,0.00,0,0,0,0.00,0,15,0.00,52,1.03,52,N/A,N/A,N/A,N/A,0.00,0,0.00,0,1.17,0.00,0,77.02,22.22,39,80,0.25,0.27,4,78,58,0,0,0,0.12,0.14,2,43,109.63,3.19,3.50,51,0,0.00,0.00,99,0.00,0,0,1,0.06,0.07,0,0.00,0.00,0.00,0.00,0,0,11.11,76,83,88,97,52,2.21,74,0.14,0.15,1.17,48,0.07,0.08,54,15,0.94,1.03,1.58,1.44,77,23,0.08,48,65,77,85,0,46,46,0,0.00,99,16,0.00,1.10,9.25,8.44,135,75,56,43,5.14,4.69,55.56,8,0.55,59,0,28.33,0,0.00,99,17,1.06,1.17,88,85,44,92,0,0,0,0,0,58,61,78,68,0,99,65,55,61,4,25,79,6,0,0
Saúl Salcedo Zárate,28,872838000,1997/08/29,Primera División,2026,Defender,Newell's Old Boys,1260,540,720,Paraguay,14,6,8,0,0,0,1,0,1,0,0,1,1,0,25,8,17,4,0,0.07,0.07,0,0,0,0,1.79,50,90,315,1260,0.29,541,189,233,26,0,6.81,0.07,69,31.14,31.14,50,436,24.57,344,66,24.57,55,0.00,0.00,0.14,2,0.00,0.14,1.07,1.07,15,0.00,0.00,0.00,0.00,0.00,0.93,0.21,1.79,0.00,0.57,0.36,0.21,0.00,0.21,0.05,0.00,2.93,0.00,0.00,0,0,,8,0.57,33,3,0.21,45,5,0.36,30,0,0,14,26,0.00,99,0,13,0.93,53,2,95,0.14,21,0,0.00,99,0,0.00,0,0,0.00,0,0.14,14,3,0.21,17,3,0.21,100.00,0,0.00,0,0,0,0.00,0,25,0.00,2,1.79,92,N/A,N/A,N/A,N/A,0.00,0,0.00,0,0.76,0.00,0,78.90,37.50,68,83,0.21,0.21,3,25,99,0,0,0,0.64,0.64,9,89,95.38,8.29,8.29,116,1,0.00,0.07,10,0.07,0,0,0,0.00,0.00,0,0.00,0.00,0.00,0.00,0,0,0.00,56,80,61,56,2,1.44,54,0.10,0.10,0.76,36,0.05,0.05,16,5,0.36,0.36,0.57,0.57,18,8,0.05,36,57,98,81,0,46,88,0,0.00,99,41,0.00,2.93,7.14,7.14,100,64,41,18,4.57,4.57,64.00,0,0.00,99,0,50.00,0,0.00,99,1,0.07,0.07,31,78,30,16,0,0,0,0,0,46,56,74,68,0,99,2,54,64,4,29,85,15,0,0
Sebastián Driussi,30,823852800,1996/02/09,Primera División,2026,Forward,River Plate,1045,514,531,Argentina,15,8,7,5,3,2,0,0,0,0,0,9,5,4,6,3,3,0,0,0.43,0,0.43,0.53,0.34,209,0.52,174,70,0,0,0,25,480,-1,1,0,7.06,0,63,31.95,24.73,54,371,19.73,296,71,25.49,58,0.00,0.00,0.87,13,0.00,0.27,0.95,0.73,11,0.00,1.27,0.00,0.00,0.00,0.33,0.60,0.40,5.50,2.84,1.33,1.27,0.00,0.87,0.41,0.00,0.60,0.00,0.00,0,0,,33,2.20,95,13,1.12,93,20,1.72,92,2,0,15,22,0.00,99,0,5,0.43,27,4,95,0.34,31,0,0.00,99,0,0.00,0,0,0.00,0,1.12,71,19,1.64,63,9,0.78,47.37,0,0.00,0,0,0,0.00,0,6,0.00,90,0.52,7,N/A,N/A,N/A,N/A,0.00,0,0.00,0,6.14,0.00,0,79.78,39.39,70,53,0.47,0.60,7,64,56,0,0,0,0.07,0.09,1,34,105.92,0.73,0.95,11,0,0.00,0.00,99,0.00,0,0,1,0.07,0.09,0,0.00,0.00,0.34,0.27,4,1,18.18,89,64,73,61,90,1.29,59,0.09,0.11,6.14,99,0.41,0.53,65,15,1.00,1.29,1.12,0.87,51,13,0.53,98,90,32,88,0,84,32,0,0.00,99,9,0.00,0.78,9.13,7.07,106,43,19,41,3.70,2.87,40.57,19,1.64,13,0,50.00,0,0.00,99,2,0.13,0.17,42,85,30,57,0,0,0,0,0,90,96,92,95,0,99,97,15,15,0,0,16,9,0,0
Sebastian Lezcano,19,1170921600,2007/02/08,Primera División,2026,Midfielder,Tigre,0,0,0,Argentina,0,0,0,0,0,0,0,0,0,0,0,0,0,0,0,0,0,0,0,0,0,0,0,0,0,0,0,0,0,0,0,-1,-1,-1,-1,N/A,N/A,N/A,N/A,N/A,N/A,N/A,N/A,N/A,N/A,N/A,N/A,N/A,N/A,N/A,N/A,N/A,N/A,N/A,N/A,N/A,N/A,N/A,N/A,N/A,N/A,N/A,N/A,N/A,N/A,N/A,N/A,N/A,N/A,N/A,N/A,N/A,N/A,N/A,N/A,N/A,N/A,N/A,N/A,N/A,N/A,N/A,N/A,N/A,N/A,N/A,N/A,N/A,N/A,N/A,N/A,N/A,N/A,N/A,N/A,N/A,N/A,N/A,N/A,N/A,N/A,N/A,N/A,N/A,N/A,N/A,N/A,N/A,N/A,N/A,N/A,N/A,N/A,N/A,N/A,N/A,N/A,N/A,N/A,N/A,N/A,N/A,N/A,N/A,N/A,N/A,N/A,N/A,N/A,N/A,N/A,N/A,N/A,N/A,N/A,N/A,N/A,N/A,N/A,N/A,N/A,N/A,N/A,N/A,N/A,N/A,N/A,N/A,N/A,N/A,N/A,N/A,N/A,N/A,N/A,N/A,N/A,N/A,N/A,N/A,N/A,N/A,N/A,N/A,N/A,N/A,N/A,N/A,N/A,N/A,N/A,N/A,N/A,N/A,N/A,N/A,N/A,N/A,N/A,N/A,N/A,N/A,N/A,N/A,N/A,N/A,N/A,N/A,N/A,N/A,N/A,N/A,N/A,N/A,N/A,N/A,N/A,N/A,N/A,N/A,N/A,N/A,N/A,N/A,N/A,N/A,N/A,N/A,N/A,N/A,N/A,N/A,N/A,N/A,N/A,N/A,N/A,N/A,N/A,N/A,N/A,N/A,N/A,N/A,N/A,N/A,N/A,N/A,N/A,N/A,N/A,N/A,N/A,N/A,N/A,N/A,N/A,N/A,N/A,N/A,N/A,N/A,N/A,N/A,N/A,N/A,N/A,N/A,N/A,N/A,N/A,N/A,N/A,N/A,N/A,N/A,N/A,N/A,N/A
Sebastián Luciano Emanuel Medina,26,953107200,2000/03/15,Primera División,2026,Midfielder,Tigre,312,207,105,Argentina,11,6,5,0,0,0,0,0,0,0,0,2,0,2,5,3,2,0,0,0,0,0,0,0,0,1.44,62,28,0,0,0,318,297,-1,17,0,5.33,0,63,18.17,5.73,7,63,3.36,37,6,10.67,5,0.00,0.00,0.18,2,0.00,1.18,1.44,0.45,5,0.00,0.55,0.00,0.00,0.00,0.27,0.18,0.45,0.00,2.31,0.64,0.36,0.00,0.09,0.05,0.00,0.91,0.00,0.00,0,0,,8,0.73,88,1,0.29,53,7,2.02,96,4,8,3,43,0.00,99,0,3,0.87,50,13,29,3.75,83,0,0.00,99,0,0.00,0,0,0.00,0,0.58,41,4,1.15,48,2,0.58,50.00,0,0.00,0,0,0,0.00,0,5,0.00,9,1.44,81,N/A,N/A,N/A,N/A,0.00,0,0.00,0,0.55,0.00,0,58.73,12.50,25,79,0.09,0.29,1,54,66,0,0,0,0.00,0.00,0,29,58.66,0.27,0.87,3,0,0.00,0.00,99,0.00,0,0,0,0.00,0.00,0,0.00,0.00,0.00,0.00,0,0,0.00,56,0,31,56,8,0.14,11,0.01,0.04,0.55,68,0.05,0.16,73,5,0.45,1.44,1.73,0.55,83,6,0.16,66,1,30,81,0,46,86,0,0.00,99,10,0.00,2.88,11.83,3.73,41,21,79,74,6.06,1.91,51.22,6,1.73,10,0,7.69,0,0.00,99,1,0.09,0.29,54,3,95,84,0,0,0,0,0,41,56,74,68,0,99,10,15,15,0,0,16,21,0,0
Sebastián Prieto,33,734338800,1993/04/09,Primera División,2026,Defender,Argentinos Juniors,1406,882,524,Argentina,18,11,7,1,0,1,2,1,1,0,0,9,7,2,13,4,9,3,0,0.19,0.13,0.06,0,0.17,1406,0.83,108,78,469,703,0.19,225,109,99,8,0,7.04,0.11,81,47.95,43.39,88,781,35.00,630,75,38.68,89,0.00,0.00,1.11,20,0.00,3.67,1.78,1.61,29,0.00,0.28,0.00,0.00,0.00,1.00,1.17,0.78,19.00,1.17,0.83,1.83,0.00,0.22,0.10,0.00,0.72,0.00,0.00,0,0,,19,1.06,58,4,0.25,50,15,0.92,66,2,1,17,61,0.00,99,0,18,1.11,64,66,64,4.05,86,0,0.00,99,0,0.00,0,0,0.00,0,1.23,76,33,2.03,70,21,1.29,63.64,0,0.00,0,0,0,0.00,0,14,0.00,59,0.86,34,N/A,N/A,N/A,N/A,0.00,0,0.00,0,1.85,0.00,0,80.67,21.05,36,23,0.89,0.98,16,85,82,0,0,0,0.17,0.18,3,50,126.77,2.28,2.52,41,0,0.00,0.00,99,0.00,0,0,0,0.00,0.00,0,0.00,0.00,0.12,0.11,2,0,5.26,60,89,98,98,59,3.35,87,0.19,0.21,1.85,55,0.10,0.11,49,16,0.89,0.98,1.11,1.00,50,18,0.11,54,88,68,81,0,60,33,0,0.00,99,13,0.00,0.80,8.84,8.00,144,79,48,38,4.85,4.39,54.86,5,0.31,72,0,27.27,0,0.00,99,18,1.00,1.11,86,95,44,57,0,0,0,0,0,67,59,81,68,0,99,88,75,41,3,17,53,20,0,0
Sebastián Tomás Meza,26,953020800,2000/03/14,Primera División,2026,Goalkeeper,Huracán,90,90,0,Argentina,1,1,0,0,0,0,0,0,0,0,0,1,1,0,0,0,0,1,0,0,0,0,0,0,0,0,0,90,90,0,1,-1,-1,-1,14,0,13.31,0,63,10.00,10.00,0,10,10.00,10,99,10.00,4,0.00,0.00,0.00,0,0.00,0.00,0.00,0.00,0,0.00,0.00,0.00,0.00,1.00,0.00,0.00,1.00,0.00,0.00,0.00,0.00,0.00,0.00,0.00,0.00,0.00,0.00,0.00,0,0,,0,0.00,8,0,0.00,22,0,0.00,9,0,0,1,5,0.00,99,0,0,0.00,10,0,28,0.00,12,0,0.00,99,0,0.00,0,0,0.00,0,0.00,8,0,0.00,9,0,0.00,0.00,0,0.00,0,1,99,1.00,0,1,0.00,99,1.00,50,N/A,N/A,N/A,N/A,100.00,0,0.00,0,0.00,0.00,0,100.00,0.00,22,99,0.00,0.00,0,12,12,0,0,0,0.00,0.00,0,29,13.31,1.00,1.00,1,0,0.00,0.00,99,0.00,0,0,0,0.00,0.00,0,0.00,0.00,0.00,0.00,0,0,0.00,56,0,0,56,0,0.02,2,0.02,0.02,0.00,9,0.00,0.00,2,0,0.00,0.00,0.00,0.00,6,0,0.00,9,99,35,81,0,46,1,0,0.00,99,0,0.00,0.00,0.00,0.00,0,0,0,0,0.00,0.00,0.00,0,0.00,99,0,0.00,0,0.00,99,0,0.00,0.00,28,0,30,16,0,0,0,0,0,41,56,74,68,0,99,99,16,99,0,0,16,32,0,0
Sebastián Valdez,30,815644800,1995/11/06,Primera División,2026,Defender,Independiente,1172,540,632,Argentina,14,6,8,0,0,0,0,0,0,0,0,3,2,1,17,5,12,4,1,0,0,0,0,0,0,1.31,69,84,293,0,0.31,516,516,202,18,0,6.25,0,63,42.08,39.14,80,548,33.00,462,88,35.48,82,0.00,0.00,0.00,0,0.00,0.07,1.77,1.64,23,0.00,0.29,0.00,0.00,0.00,1.43,0.14,1.29,0.00,0.38,0.21,0.36,0.00,0.14,0.02,0.00,2.21,0.00,0.00,0,0,,5,0.36,21,2,0.15,36,3,0.23,18,0,1,13,60,0.00,99,0,20,1.54,85,1,28,0.08,17,0,0.00,99,0,0.00,0,0,0.00,0,0.00,8,5,0.38,23,2,0.15,40.00,0,0.00,0,0,0,0.00,0,18,0.00,15,1.38,77,N/A,N/A,N/A,N/A,0.00,0,0.00,0,0.35,0.00,0,84.31,40.00,74,57,0.50,0.54,7,20,43,0,0,0,0.43,0.46,6,80,87.48,6.93,7.45,97,2,0.00,0.15,2,0.14,0,0,0,0.00,0.00,0,0.00,0.00,0.15,0.14,2,0,0.00,56,73,61,56,16,1.14,47,0.08,0.09,0.35,26,0.02,0.03,46,12,0.86,0.92,0.61,0.57,19,8,0.03,26,11,96,81,0,66,78,0,0.00,99,31,0.00,2.38,8.83,8.21,115,68,59,37,5.22,4.86,59.13,4,0.31,72,0,0.00,0,0.00,99,0,0.00,0.00,28,71,44,16,0,0,0,0,0,41,56,74,68,0,99,17,50,67,3,21,68,36,0,0
Sebastián Villa Cano,30,832489200,1996/05/19,Primera División,2026,Forward,Independiente Rivadavia,1129,743,386,Colombia,14,9,5,0,0,0,6,3,3,0,0,4,1,3,13,10,3,2,0,0.48,0.48,0,0,0,0,1.04,87,81,565,188,0.16,305,14,-1,15,0,7.53,0.43,99,34.36,30.79,63,431,23.93,335,60,26.71,62,0.00,0.00,3.43,48,0.00,10.57,0.88,0.79,11,0.00,0.64,0.00,0.00,0.00,0.21,2.36,0.93,0.00,2.47,1.57,3.86,0.00,0.64,0.17,0.00,0.14,0.00,0.00,0,0,,31,2.21,90,9,0.72,81,22,1.75,93,0,2,12,20,0.00,99,0,3,0.24,20,148,65,11.80,99,0,0.00,99,0,0.00,0,0,0.00,0,3.83,99,54,4.30,95,33,2.63,61.11,0,0.00,0,0,0,0.00,0,13,0.00,37,1.04,53,N/A,N/A,N/A,N/A,0.00,0,0.00,0,2.42,0.00,0,77.73,29.03,51,70,0.36,0.40,5,99,79,0,0,0,0.00,0.00,0,29,105.37,0.00,0.00,0,0,0.00,0.00,99,0.00,0,0,1,0.07,0.08,0,0.00,0.00,0.32,0.29,4,0,0.00,56,69,61,56,38,6.00,99,0.43,0.48,2.42,72,0.17,0.19,69,17,1.21,1.36,0.80,0.71,31,10,0.19,71,99,1,87,0,82,4,0,0.00,99,2,0.00,0.16,8.85,7.93,111,62,50,38,4.94,4.43,55.86,9,0.72,49,0,28.38,0,0.00,99,42,3.00,3.35,99,65,57,16,0,0,0,0,0,93,56,74,68,0,99,39,81,35,2,14,47,22,0,0
Segundo Fernández Daponte,20,1138003200,2006/01/23,Primera División,2026,Midfielder,Aldosivi,0,0,0,Argentina,0,0,0,0,0,0,0,0,0,0,0,0,0,0,0,0,0,0,0,0,0,0,0,0,0,0,0,0,0,0,0,-1,-1,-1,-1,N/A,N/A,N/A,N/A,N/A,N/A,N/A,N/A,N/A,N/A,N/A,N/A,N/A,N/A,N/A,N/A,N/A,N/A,N/A,N/A,N/A,N/A,N/A,N/A,N/A,N/A,N/A,N/A,N/A,N/A,N/A,N/A,N/A,N/A,N/A,N/A,N/A,N/A,N/A,N/A,N/A,N/A,N/A,N/A,N/A,N/A,N/A,N/A,N/A,N/A,N/A,N/A,N/A,N/A,N/A,N/A,N/A,N/A,N/A,N/A,N/A,N/A,N/A,N/A,N/A,N/A,N/A,N/A,N/A,N/A,N/A,N/A,N/A,N/A,N/A,N/A,N/A,N/A,N/A,N/A,N/A,N/A,N/A,N/A,N/A,N/A,N/A,N/A,N/A,N/A,N/A,N/A,N/A,N/A,N/A,N/A,N/A,N/A,N/A,N/A,N/A,N/A,N/A,N/A,N/A,N/A,N/A,N/A,N/A,N/A,N/A,N/A,N/A,N/A,N/A,N/A,N/A,N/A,N/A,N/A,N/A,N/A,N/A,N/A,N/A,N/A,N/A,N/A,N/A,N/A,N/A,N/A,N/A,N/A,N/A,N/A,N/A,N/A,N/A,N/A,N/A,N/A,N/A,N/A,N/A,N/A,N/A,N/A,N/A,N/A,N/A,N/A,N/A,N/A,N/A,N/A,N/A,N/A,N/A,N/A,N/A,N/A,N/A,N/A,N/A,N/A,N/A,N/A,N/A,N/A,N/A,N/A,N/A,N/A,N/A,N/A,N/A,N/A,N/A,N/A,N/A,N/A,N/A,N/A,N/A,N/A,N/A,N/A,N/A,N/A,N/A,N/A,N/A,N/A,N/A,N/A,N/A,N/A,N/A,N/A,N/A,N/A,N/A,N/A,N/A,N/A,N/A,N/A,N/A,N/A,N/A,N/A,N/A,N/A,N/A,N/A,N/A,N/A,N/A,N/A,N/A,N/A,N/A,N/A
Sergio Javier Vittor,37,613378800,1989/06/09,Primera División,2026,Defender,Banfield,1014,488,526,Argentina,13,6,7,0,0,0,0,0,0,0,0,2,2,0,16,6,10,3,0,0,0,0,0,0,0,1.42,63,78,338,0,0.27,410,441,217,23,0,6.79,0,63,36.44,31.62,69,411,22.77,296,33,26.25,61,0.00,0.00,0.15,2,0.00,0.23,1.51,1.31,17,0.00,0.38,0.00,0.00,0.00,1.85,0.38,1.23,0.00,0.27,0.15,0.46,0.00,0.08,0.02,0.00,2.00,0.00,0.00,0,0,,3,0.23,15,1,0.09,27,2,0.18,15,1,0,13,48,0.00,99,0,24,2.13,98,3,28,0.27,27,0,0.00,99,0,0.00,0,0,0.00,0,0.18,18,6,0.53,27,5,0.44,83.33,0,0.00,0,0,0,0.00,0,16,0.00,9,1.42,80,N/A,N/A,N/A,N/A,0.00,0,0.00,0,0.26,0.00,0,72.02,33.33,62,51,0.54,0.62,7,47,92,0,0,0,1.23,1.42,16,99,88.33,5.23,6.03,68,0,0.00,0.00,99,0.00,0,0,0,0.00,0.00,0,0.00,0.00,0.09,0.08,1,0,0.00,56,61,49,56,9,0.80,36,0.06,0.07,0.26,20,0.02,0.02,11,3,0.23,0.27,0.98,0.85,42,11,0.02,20,53,90,81,0,55,77,0,0.00,99,26,0.00,2.31,8.07,7.00,91,51,39,27,4.52,3.92,56.04,5,0.44,66,0,0.00,0,0.00,99,0,0.00,0.00,28,71,30,41,0,0,0,0,0,41,56,74,68,0,99,7,57,61,3,23,72,14,0,0
Sergio Maximiliano Ojeda,34,694512000,1992/01/04,Primera División,2026,Defender,Estudiantes Río Cuarto,720,540,180,Argentina,8,6,2,0,0,0,0,0,0,0,0,1,1,0,11,8,3,2,0,0,0,0,0,0,0,1.38,65,90,360,0,0.25,333,299,214,25,0,6.61,0,63,29.88,29.88,46,239,23.62,189,66,23.62,52,0.00,0.00,0.25,2,0.00,0.75,1.75,1.75,14,0.00,0.25,0.00,0.00,0.00,1.38,0.00,1.50,0.00,0.25,0.25,0.00,0.00,0.00,0.01,0.00,1.25,0.00,0.00,0,0,,2,0.25,15,0,0.00,22,2,0.25,20,0,0,8,60,0.00,99,0,11,1.38,78,6,39,0.75,45,0,0.00,99,0,0.00,0,0,0.00,0,0.25,22,0,0.00,9,0,0.00,0.00,0,0.00,0,0,0,0.00,0,12,0.00,11,1.50,84,N/A,N/A,N/A,N/A,0.00,0,0.00,0,0.12,0.00,0,79.08,0.00,22,72,0.38,0.38,3,12,12,0,0,0,0.75,0.75,6,92,52.85,3.12,3.12,25,0,0.00,0.00,99,0.00,0,0,0,0.00,0.00,0,0.00,0.00,0.25,0.25,2,0,0.00,56,38,11,56,11,0.49,26,0.06,0.06,0.12,13,0.01,0.01,71,11,1.38,1.38,0.75,0.75,28,6,0.01,13,27,75,81,0,76,53,0,0.00,99,10,0.00,1.25,7.50,7.50,60,35,35,21,4.38,4.38,58.33,2,0.25,76,0,16.67,0,0.00,99,1,0.12,0.12,37,40,30,16,0,0,0,0,0,41,56,74,68,0,99,5,60,57,2,25,79,30,0,0
Sheyko Darko Studer,23,1037088000,2002/11/12,Primera División,2026,Defender,Independiente Rivadavia,1260,810,450,Argentina,14,9,5,2,1,1,0,0,0,0,0,3,1,2,15,11,4,2,0,0.14,0,0.14,0.11,0.2,630,1.07,84,90,630,0,0.14,145,475,154,5,0,6.83,0,63,33.93,33.93,62,475,24.93,349,38,24.93,56,0.00,0.00,0.64,9,0.00,0.14,1.00,1.00,14,0.00,0.29,0.00,0.00,0.00,1.43,0.21,1.07,4.00,0.57,0.29,0.29,0.00,0.29,0.13,0.00,1.57,0.00,0.00,0,0,,8,0.57,33,4,0.29,53,4,0.29,23,0,0,14,24,0.00,99,0,20,1.43,81,2,95,0.14,21,0,0.00,99,0,0.00,0,0,0.00,0,0.64,45,4,0.29,20,3,0.21,75.00,0,0.00,0,0,0,0.00,0,15,0.00,36,1.07,55,N/A,N/A,N/A,N/A,0.00,0,0.00,0,1.87,0.00,0,73.47,50.00,91,68,0.43,0.43,6,25,90,0,0,0,0.36,0.36,5,73,95.65,4.57,4.57,64,0,0.00,0.00,99,0.00,0,0,0,0.00,0.00,0,0.00,0.00,0.00,0.00,0,0,25.00,95,80,61,83,36,1.02,36,0.07,0.07,1.87,62,0.13,0.13,73,20,1.43,1.43,0.79,0.79,30,11,0.13,60,62,83,81,0,46,63,0,0.00,99,22,0.00,1.57,6.21,6.21,87,57,26,12,4.07,4.07,65.52,4,0.29,73,0,50.00,0,0.00,99,1,0.07,0.07,31,78,30,16,0,0,0,0,0,58,74,84,69,0,99,17,85,31,2,14,47,42,0,0
Silvio Alejandro Martínez,29,861174000,1997/04/16,Primera División,2026,Forward,Huracán,372,228,144,Argentina,10,5,5,0,0,0,0,0,0,0,0,5,3,2,2,1,1,1,0,0,0,0,0,0,0,0.48,186,37,372,0,0.24,286,322,-1,12,0,6.57,0,63,21.27,9.50,17,95,6.70,67,29,15.00,21,0.00,0.00,0.40,4,0.00,1.80,2.24,1.00,10,0.00,0.40,0.00,0.00,0.00,0.40,0.90,0.30,0.00,1.12,0.50,2.10,0.00,0.00,0.03,0.00,0.20,0.00,0.00,0,0,,5,0.50,56,0,0.00,22,5,1.12,73,3,5,5,77,0.00,99,0,4,0.90,52,18,49,4.03,86,0,0.00,99,0,0.00,0,0,0.00,0,0.90,62,21,4.70,96,9,2.01,42.86,0,0.00,0,0,0,0.00,0,3,0.00,93,0.67,15,N/A,N/A,N/A,N/A,0.00,0,0.00,0,0.28,0.00,0,70.53,0.00,22,15,0.50,1.12,5,94,48,0,0,0,0.00,0.00,0,29,65.73,0.30,0.67,3,0,0.00,0.00,99,0.00,0,0,0,0.00,0.00,0,0.00,0.00,0.00,0.00,0,0,0.00,56,2,23,56,92,0.27,26,0.03,0.06,0.28,42,0.03,0.06,44,4,0.40,0.90,0.90,0.40,37,4,0.06,42,23,21,81,0,46,18,0,0.00,99,2,0.00,0.45,12.09,5.40,54,25,67,77,5.60,2.50,46.30,4,0.90,39,0,22.22,0,0.00,99,4,0.40,0.90,81,18,82,74,0,0,0,0,0,41,56,74,68,0,99,88,62,54,1,10,34,14,0,0
Simón Bodnar,18,1187766000,2007/08/22,Primera División,2026,Forward,Independiente,0,0,0,Hungary,0,0,0,0,0,0,0,0,0,0,0,0,0,0,0,0,0,0,0,0,0,0,0,0,0,0,0,0,0,0,0,-1,-1,-1,-1,N/A,N/A,N/A,N/A,N/A,N/A,N/A,N/A,N/A,N/A,N/A,N/A,N/A,N/A,N/A,N/A,N/A,N/A,N/A,N/A,N/A,N/A,N/A,N/A,N/A,N/A,N/A,N/A,N/A,N/A,N/A,N/A,N/A,N/A,N/A,N/A,N/A,N/A,N/A,N/A,N/A,N/A,N/A,N/A,N/A,N/A,N/A,N/A,N/A,N/A,N/A,N/A,N/A,N/A,N/A,N/A,N/A,N/A,N/A,N/A,N/A,N/A,N/A,N/A,N/A,N/A,N/A,N/A,N/A,N/A,N/A,N/A,N/A,N/A,N/A,N/A,N/A,N/A,N/A,N/A,N/A,N/A,N/A,N/A,N/A,N/A,N/A,N/A,N/A,N/A,N/A,N/A,N/A,N/A,N/A,N/A,N/A,N/A,N/A,N/A,N/A,N/A,N/A,N/A,N/A,N/A,N/A,N/A,N/A,N/A,N/A,N/A,N/A,N/A,N/A,N/A,N/A,N/A,N/A,N/A,N/A,N/A,N/A,N/A,N/A,N/A,N/A,N/A,N/A,N/A,N/A,N/A,N/A,N/A,N/A,N/A,N/A,N/A,N/A,N/A,N/A,N/A,N/A,N/A,N/A,N/A,N/A,N/A,N/A,N/A,N/A,N/A,N/A,N/A,N/A,N/A,N/A,N/A,N/A,N/A,N/A,N/A,N/A,N/A,N/A,N/A,N/A,N/A,N/A,N/A,N/A,N/A,N/A,N/A,N/A,N/A,N/A,N/A,N/A,N/A,N/A,N/A,N/A,N/A,N/A,N/A,N/A,N/A,N/A,N/A,N/A,N/A,N/A,N/A,N/A,N/A,N/A,N/A,N/A,N/A,N/A,N/A,N/A,N/A,N/A,N/A,N/A,N/A,N/A,N/A,N/A,N/A,N/A,N/A,N/A,N/A,N/A,N/A,N/A,N/A,N/A,N/A,N/A,N/A
Simón Valentín Escobar,17,1247814000,2009/07/17,Primera División,2026,Left Back,Vélez Sarsfield,90,90,0,Argentina,1,1,0,0,0,0,0,0,0,0,0,0,0,0,1,1,0,0,0,0,0,0,0,0,0,1,90,90,0,0,0,-1,-1,-1,14,0,7.02,0,63,48.00,48.00,89,48,38.00,38,67,38.00,86,0.00,0.00,0.00,0,0.00,5.00,7.00,7.00,7,0.00,2.00,0.00,0.00,0.00,0.00,1.00,2.00,0.00,2.00,2.00,3.00,0.00,0.00,0.10,0.00,1.00,0.00,0.00,0,0,,2,2.00,80,0,0.00,22,2,2.00,96,0,0,1,99,0.00,99,0,0,0.00,10,5,28,5.00,93,0,0.00,99,0,0.00,0,0,0.00,0,0.00,8,3,3.00,85,1,1.00,33.33,0,0.00,0,0,0,0.00,0,2,0.00,41,2.00,92,N/A,N/A,N/A,N/A,0.00,0,0.00,0,0.10,0.00,0,79.17,0.00,22,99,0.00,0.00,0,76,32,0,0,0,0.00,0.00,0,29,7.02,0.00,0.00,0,0,0.00,0.00,99,0.00,0,0,0,0.00,0.00,0,0.00,0.00,0.00,0.00,0,0,0.00,56,0,0,56,41,0.08,42,0.08,0.08,0.10,54,0.10,0.10,88,2,2.00,2.00,1.00,1.00,44,1,0.10,53,86,1,81,0,46,41,0,0.00,99,1,0.00,1.00,16.00,16.00,16,11,99,94,11.00,11.00,68.75,2,2.00,7,0,0.00,0,0.00,99,0,0.00,0.00,28,0,30,16,0,0,0,0,0,41,56,74,68,0,99,1,15,15,0,0,16,18,0,0
Siro Rosane,26,960361200,2000/06/07,Primera División,2026,Midfielder,Estudiantes Río Cuarto,720,374,346,Argentina,14,7,7,0,0,0,1,1,0,0,0,3,2,1,11,5,6,1,0,0.13,0.13,0,0,0,0,1.38,65,51,720,720,0.13,355,110,-1,22,0,6.85,0.07,81,40.50,23.14,77,324,17.93,251,59,31.38,76,0.00,0.00,0.43,6,0.00,0.71,2.12,1.21,17,0.00,0.64,0.00,0.00,0.00,0.79,0.57,0.79,0.00,1.38,0.64,0.93,0.00,0.14,0.04,0.00,1.57,0.00,0.00,0,0,,11,0.79,65,2,0.25,50,9,1.12,73,7,7,7,75,0.00,99,0,11,1.38,78,10,45,1.25,54,0,0.00,99,0,0.00,0,0,0.00,0,0.75,52,13,1.62,63,8,1.00,61.54,0,0.00,0,0,0,0.00,0,11,0.00,11,1.38,77,N/A,N/A,N/A,N/A,0.00,0,0.00,0,0.62,0.00,0,77.47,18.18,32,61,0.29,0.50,4,76,80,0,0,0,0.00,0.00,0,29,95.83,1.43,2.50,20,0,0.00,0.00,99,0.00,0,0,0,0.00,0.00,0,0.00,0.00,0.00,0.00,0,0,0.00,56,38,61,56,11,1.31,76,0.09,0.16,0.62,48,0.04,0.08,98,24,1.71,3.00,1.75,1.00,84,14,0.08,48,65,68,81,0,46,84,0,0.00,99,22,0.00,2.75,14.50,8.29,116,70,98,90,8.75,5.00,60.34,9,1.12,28,0,20.00,0,0.00,99,2,0.14,0.25,51,33,92,98,0,0,0,0,0,56,56,74,68,0,99,17,88,29,1,7,25,8,0,0
Stéfano Nahuel Moreyra,25,979891200,2001/01/19,Primera División,2026,Midfielder,Independiente Rivadavia,85,8,77,Argentina,6,2,4,0,0,0,0,0,0,0,0,2,0,2,0,0,0,1,0,0,0,0,0,0,0,0,0,14,85,0,1.06,-1,-1,-1,12,0,4.32,0,63,49.76,7.83,91,47,4.83,29,9,30.71,75,0.00,0.00,0.17,1,0.00,0.33,6.35,1.00,6,0.00,0.33,0.00,0.00,0.00,0.17,0.00,0.00,0.00,1.06,0.17,0.33,0.00,0.00,0.01,0.00,0.83,0.00,0.00,0,0,,1,0.17,55,0,0.00,22,1,1.06,71,2,5,1,99,0.00,99,0,1,1.06,61,2,95,2.12,64,0,0.00,99,0,0.00,0,0,0.00,0,1.06,69,2,2.12,72,0,0.00,0.00,0,0.00,0,0,0,0.00,0,0,0.00,99,0.00,0,N/A,N/A,N/A,N/A,0.00,0,0.00,0,0.05,0.00,0,61.70,0.00,22,0,0.33,2.12,2,12,12,0,0,0,0.17,1.06,1,99,25.90,0.33,2.12,2,0,0.00,0.00,99,0.00,0,0,0,0.00,0.00,0,0.00,0.00,0.00,0.00,0,0,0.00,56,0,4,56,0,0.11,63,0.02,0.12,0.05,36,0.01,0.05,2,0,0.00,0.00,3.18,0.50,99,3,0.05,36,0,61,81,0,46,99,0,0.00,99,5,0.00,5.29,31.76,5.00,30,11,99,99,11.65,1.83,36.67,2,2.12,6,0,50.00,0,0.00,99,1,0.17,1.06,85,0,82,57,0,0,0,0,0,41,56,74,68,0,99,54,15,99,1,17,53,34,0,0
Teo Rodríguez Pagano,20,1129100400,2005/10/12,Primera División,2026,Defender,San Lorenzo,577,265,312,Argentina,9,4,5,0,0,0,0,0,0,0,0,5,2,3,7,5,2,1,0,0,0,0,0,0,0,1.09,82,64,577,0,0.16,393,383,156,19,0,6.42,0,63,28.70,20.44,42,184,13.78,124,21,19.34,37,0.00,0.00,0.11,1,0.00,1.89,1.72,1.22,11,0.00,0.33,0.00,0.00,0.00,0.78,0.78,0.89,0.00,0.78,0.56,2.33,0.00,0.00,0.03,0.00,0.67,0.00,0.00,0,0,,5,0.56,44,0,0.00,22,5,0.78,57,4,4,5,58,0.00,99,0,7,1.09,63,17,32,2.65,72,0,0.00,99,0,0.00,0,0,0.00,0,0.16,16,21,3.28,87,7,1.09,33.33,0,0.00,0,0,0,0.00,0,8,0.00,34,1.25,68,N/A,N/A,N/A,N/A,0.00,0,0.00,0,0.28,0.00,0,67.39,0.00,22,37,0.56,0.78,5,80,32,0,0,0,0.11,0.16,1,47,57.77,1.89,2.65,17,0,0.00,0.00,99,0.00,0,0,0,0.00,0.00,0,0.00,0.00,0.00,0.00,0,0,0.00,56,25,17,56,34,0.30,18,0.03,0.05,0.28,32,0.03,0.04,57,7,0.78,1.09,1.25,0.89,59,8,0.04,32,16,70,81,0,46,38,0,0.00,99,6,0.00,0.94,9.98,7.11,64,31,47,53,4.84,3.44,48.44,3,0.47,64,0,11.76,0,0.00,99,2,0.22,0.31,56,18,75,84,0,0,0,0,0,41,56,74,68,0,99,96,82,35,1,11,37,3,0,0
Thaiel Ezequiel Peralta Ortiz,17,1221980400,2008/09/21,Primera División,2026,Midfielder,Huracán,463,246,217,Argentina,9,4,5,2,2,0,0,0,0,0,0,3,1,2,4,2,2,2,1,0.39,0,0.39,0.73,0,232,0.78,116,51,154,0,0.58,32,444,-1,4,0,5.87,0,63,20.56,11.78,14,106,9.00,81,54,15.71,24,0.00,0.00,0.67,6,0.00,0.78,1.16,0.67,6,0.00,0.89,0.00,0.00,0.00,0.33,0.78,0.44,3.50,1.36,0.33,2.44,0.00,0.44,0.20,0.00,0.22,0.00,0.00,0,0,,7,0.78,65,4,0.78,84,3,0.58,47,3,2,7,30,0.00,99,0,3,0.58,34,7,68,1.36,56,0,0.00,99,0,0.00,0,0,0.00,0,1.16,72,22,4.27,95,7,1.36,31.82,0,0.00,0,0,0,0.00,0,4,0.00,63,0.78,25,N/A,N/A,N/A,N/A,0.00,0,0.00,0,1.84,0.00,0,76.42,57.14,93,24,0.56,0.97,5,86,27,0,0,0,0.00,0.00,0,29,52.80,0.44,0.78,4,0,0.00,0.00,99,0.00,0,0,0,0.00,0.00,0,0.00,0.00,0.19,0.11,1,0,28.57,96,13,17,63,63,0.45,47,0.05,0.09,1.84,93,0.20,0.36,48,5,0.56,0.97,0.58,0.33,18,3,0.36,91,5,24,81,0,70,13,0,0.00,99,2,0.00,0.39,10.47,6.00,54,20,22,58,3.88,2.22,37.04,8,1.55,16,0,28.57,0,0.00,99,2,0.22,0.39,60,33,57,74,0,1,0,11,0,87,94,74,98,0,99,54,22,94,1,11,37,10,0,0
Thiago Aguirre,17,1234598400,2009/02/14,Primera División,2026,Forward,Vélez Sarsfield,0,0,0,Argentina,0,0,0,0,0,0,0,0,0,0,0,0,0,0,0,0,0,0,0,0,0,0,0,0,0,0,0,0,0,0,0,-1,-1,-1,-1,N/A,N/A,N/A,N/A,N/A,N/A,N/A,N/A,N/A,N/A,N/A,N/A,N/A,N/A,N/A,N/A,N/A,N/A,N/A,N/A,N/A,N/A,N/A,N/A,N/A,N/A,N/A,N/A,N/A,N/A,N/A,N/A,N/A,N/A,N/A,N/A,N/A,N/A,N/A,N/A,N/A,N/A,N/A,N/A,N/A,N/A,N/A,N/A,N/A,N/A,N/A,N/A,N/A,N/A,N/A,N/A,N/A,N/A,N/A,N/A,N/A,N/A,N/A,N/A,N/A,N/A,N/A,N/A,N/A,N/A,N/A,N/A,N/A,N/A,N/A,N/A,N/A,N/A,N/A,N/A,N/A,N/A,N/A,N/A,N/A,N/A,N/A,N/A,N/A,N/A,N/A,N/A,N/A,N/A,N/A,N/A,N/A,N/A,N/A,N/A,N/A,N/A,N/A,N/A,N/A,N/A,N/A,N/A,N/A,N/A,N/A,N/A,N/A,N/A,N/A,N/A,N/A,N/A,N/A,N/A,N/A,N/A,N/A,N/A,N/A,N/A,N/A,N/A,N/A,N/A,N/A,N/A,N/A,N/A,N/A,N/A,N/A,N/A,N/A,N/A,N/A,N/A,N/A,N/A,N/A,N/A,N/A,N/A,N/A,N/A,N/A,N/A,N/A,N/A,N/A,N/A,N/A,N/A,N/A,N/A,N/A,N/A,N/A,N/A,N/A,N/A,N/A,N/A,N/A,N/A,N/A,N/A,N/A,N/A,N/A,N/A,N/A,N/A,N/A,N/A,N/A,N/A,N/A,N/A,N/A,N/A,N/A,N/A,N/A,N/A,N/A,N/A,N/A,N/A,N/A,N/A,N/A,N/A,N/A,N/A,N/A,N/A,N/A,N/A,N/A,N/A,N/A,N/A,N/A,N/A,N/A,N/A,N/A,N/A,N/A,N/A,N/A,N/A,N/A,N/A,N/A,N/A,N/A,N/A
Thiago Agustín Yánez,18,1204790400,2008/03/06,Primera División,2026,Defender,Argentinos Juniors,0,0,0,Argentina,0,0,0,0,0,0,0,0,0,0,0,0,0,0,0,0,0,0,0,0,0,0,0,0,0,0,0,0,0,0,0,-1,-1,-1,-1,N/A,N/A,N/A,N/A,N/A,N/A,N/A,N/A,N/A,N/A,N/A,N/A,N/A,N/A,N/A,N/A,N/A,N/A,N/A,N/A,N/A,N/A,N/A,N/A,N/A,N/A,N/A,N/A,N/A,N/A,N/A,N/A,N/A,N/A,N/A,N/A,N/A,N/A,N/A,N/A,N/A,N/A,N/A,N/A,N/A,N/A,N/A,N/A,N/A,N/A,N/A,N/A,N/A,N/A,N/A,N/A,N/A,N/A,N/A,N/A,N/A,N/A,N/A,N/A,N/A,N/A,N/A,N/A,N/A,N/A,N/A,N/A,N/A,N/A,N/A,N/A,N/A,N/A,N/A,N/A,N/A,N/A,N/A,N/A,N/A,N/A,N/A,N/A,N/A,N/A,N/A,N/A,N/A,N/A,N/A,N/A,N/A,N/A,N/A,N/A,N/A,N/A,N/A,N/A,N/A,N/A,N/A,N/A,N/A,N/A,N/A,N/A,N/A,N/A,N/A,N/A,N/A,N/A,N/A,N/A,N/A,N/A,N/A,N/A,N/A,N/A,N/A,N/A,N/A,N/A,N/A,N/A,N/A,N/A,N/A,N/A,N/A,N/A,N/A,N/A,N/A,N/A,N/A,N/A,N/A,N/A,N/A,N/A,N/A,N/A,N/A,N/A,N/A,N/A,N/A,N/A,N/A,N/A,N/A,N/A,N/A,N/A,N/A,N/A,N/A,N/A,N/A,N/A,N/A,N/A,N/A,N/A,N/A,N/A,N/A,N/A,N/A,N/A,N/A,N/A,N/A,N/A,N/A,N/A,N/A,N/A,N/A,N/A,N/A,N/A,N/A,N/A,N/A,N/A,N/A,N/A,N/A,N/A,N/A,N/A,N/A,N/A,N/A,N/A,N/A,N/A,N/A,N/A,N/A,N/A,N/A,N/A,N/A,N/A,N/A,N/A,N/A,N/A,N/A,N/A,N/A,N/A,N/A,N/A
Thiago Ariel Silvero,20,1145343600,2006/04/18,Primera División,2026,Defender,Vélez Sarsfield,194,14,180,Argentina,4,2,2,0,0,0,0,0,0,0,0,2,1,1,1,0,1,1,0,0,0,0,0,0,0,0.46,194,49,194,0,0.46,-1,-1,-1,13,0,5.17,0,63,45.46,24.50,86,98,17.00,68,25,31.55,76,0.00,0.00,0.75,3,0.00,2.25,1.86,1.00,4,0.00,0.50,0.00,0.00,0.00,1.00,0.50,0.25,0.00,1.39,0.75,0.50,0.00,0.00,0.03,0.00,1.00,0.00,0.00,0,0,,3,0.75,65,0,0.00,22,3,1.39,84,0,2,2,64,0.00,99,0,4,1.86,92,9,49,4.18,87,0,0.00,99,0,0.00,0,0,0.00,0,1.39,81,2,0.93,41,2,0.93,100.00,0,0.00,0,0,0,0.00,0,1,0.00,94,0.46,4,N/A,N/A,N/A,N/A,0.00,0,0.00,0,0.13,0.00,0,69.39,0.00,22,8,0.75,1.39,3,72,99,0,0,0,0.25,0.46,1,80,20.69,2.25,4.18,9,0,0.00,0.00,99,0.00,0,0,0,0.00,0.00,0,0.00,0.00,0.46,0.25,1,0,0.00,56,0,0,56,93,0.30,70,0.07,0.14,0.13,42,0.03,0.06,71,3,0.75,1.39,0.93,0.50,39,2,0.06,42,1,81,81,0,90,69,0,0.00,99,4,0.00,1.86,13.92,7.50,30,13,77,88,6.03,3.25,43.33,2,0.93,37,0,22.22,0,0.00,99,2,0.50,0.93,82,0,57,16,0,0,0,0,0,41,56,74,68,0,99,88,28,87,1,25,79,32,0,0
Thiago Ezequiel Laplace,20,1144047600,2006/04/03,Primera División,2026,Midfielder,Lanús,0,0,0,Argentina,0,0,0,0,0,0,0,0,0,0,0,0,0,0,0,0,0,0,0,0,0,0,0,0,0,0,0,0,0,0,0,-1,-1,-1,-1,N/A,N/A,N/A,N/A,N/A,N/A,N/A,N/A,N/A,N/A,N/A,N/A,N/A,N/A,N/A,N/A,N/A,N/A,N/A,N/A,N/A,N/A,N/A,N/A,N/A,N/A,N/A,N/A,N/A,N/A,N/A,N/A,N/A,N/A,N/A,N/A,N/A,N/A,N/A,N/A,N/A,N/A,N/A,N/A,N/A,N/A,N/A,N/A,N/A,N/A,N/A,N/A,N/A,N/A,N/A,N/A,N/A,N/A,N/A,N/A,N/A,N/A,N/A,N/A,N/A,N/A,N/A,N/A,N/A,N/A,N/A,N/A,N/A,N/A,N/A,N/A,N/A,N/A,N/A,N/A,N/A,N/A,N/A,N/A,N/A,N/A,N/A,N/A,N/A,N/A,N/A,N/A,N/A,N/A,N/A,N/A,N/A,N/A,N/A,N/A,N/A,N/A,N/A,N/A,N/A,N/A,N/A,N/A,N/A,N/A,N/A,N/A,N/A,N/A,N/A,N/A,N/A,N/A,N/A,N/A,N/A,N/A,N/A,N/A,N/A,N/A,N/A,N/A,N/A,N/A,N/A,N/A,N/A,N/A,N/A,N/A,N/A,N/A,N/A,N/A,N/A,N/A,N/A,N/A,N/A,N/A,N/A,N/A,N/A,N/A,N/A,N/A,N/A,N/A,N/A,N/A,N/A,N/A,N/A,N/A,N/A,N/A,N/A,N/A,N/A,N/A,N/A,N/A,N/A,N/A,N/A,N/A,N/A,N/A,N/A,N/A,N/A,N/A,N/A,N/A,N/A,N/A,N/A,N/A,N/A,N/A,N/A,N/A,N/A,N/A,N/A,N/A,N/A,N/A,N/A,N/A,N/A,N/A,N/A,N/A,N/A,N/A,N/A,N/A,N/A,N/A,N/A,N/A,N/A,N/A,N/A,N/A,N/A,N/A,N/A,N/A,N/A,N/A,N/A,N/A,N/A,N/A,N/A,N/A
Thiago Gael Gigena Ruíz,20,1128063600,2005/09/30,Primera División,2026,Forward,Newell's Old Boys,0,0,0,Argentina,0,0,0,0,0,0,0,0,0,0,0,0,0,0,0,0,0,0,0,0,0,0,0,0,0,0,0,0,0,0,0,-1,-1,-1,-1,N/A,N/A,N/A,N/A,N/A,N/A,N/A,N/A,N/A,N/A,N/A,N/A,N/A,N/A,N/A,N/A,N/A,N/A,N/A,N/A,N/A,N/A,N/A,N/A,N/A,N/A,N/A,N/A,N/A,N/A,N/A,N/A,N/A,N/A,N/A,N/A,N/A,N/A,N/A,N/A,N/A,N/A,N/A,N/A,N/A,N/A,N/A,N/A,N/A,N/A,N/A,N/A,N/A,N/A,N/A,N/A,N/A,N/A,N/A,N/A,N/A,N/A,N/A,N/A,N/A,N/A,N/A,N/A,N/A,N/A,N/A,N/A,N/A,N/A,N/A,N/A,N/A,N/A,N/A,N/A,N/A,N/A,N/A,N/A,N/A,N/A,N/A,N/A,N/A,N/A,N/A,N/A,N/A,N/A,N/A,N/A,N/A,N/A,N/A,N/A,N/A,N/A,N/A,N/A,N/A,N/A,N/A,N/A,N/A,N/A,N/A,N/A,N/A,N/A,N/A,N/A,N/A,N/A,N/A,N/A,N/A,N/A,N/A,N/A,N/A,N/A,N/A,N/A,N/A,N/A,N/A,N/A,N/A,N/A,N/A,N/A,N/A,N/A,N/A,N/A,N/A,N/A,N/A,N/A,N/A,N/A,N/A,N/A,N/A,N/A,N/A,N/A,N/A,N/A,N/A,N/A,N/A,N/A,N/A,N/A,N/A,N/A,N/A,N/A,N/A,N/A,N/A,N/A,N/A,N/A,N/A,N/A,N/A,N/A,N/A,N/A,N/A,N/A,N/A,N/A,N/A,N/A,N/A,N/A,N/A,N/A,N/A,N/A,N/A,N/A,N/A,N/A,N/A,N/A,N/A,N/A,N/A,N/A,N/A,N/A,N/A,N/A,N/A,N/A,N/A,N/A,N/A,N/A,N/A,N/A,N/A,N/A,N/A,N/A,N/A,N/A,N/A,N/A,N/A,N/A,N/A,N/A,N/A,N/A
Thiago Gastón Cardozo Brugman,29,838796400,1996/07/31,Primera División,2026,Goalkeeper,Belgrano,1800,810,990,Uruguay,20,9,11,0,0,0,0,0,0,0,0,10,5,5,15,5,10,0,0,0,0,0,0,0,0,0.75,120,90,0,0,0,237,214,77,23,0,7.04,0,63,27.10,27.55,38,551,14.90,298,4,14.66,20,0.00,0.00,0.10,2,0.00,0.00,0.15,0.15,3,0.00,0.00,0.00,0.00,3.00,0.00,0.00,3.80,0.00,0.00,0.00,0.00,0.00,0.00,0.00,0.00,0.35,0.00,0.00,0,0,,0,0.00,8,0,0.00,22,0,0.00,9,0,0,20,7,0.00,99,0,0,0.00,10,0,28,0.00,12,0,0.00,99,0,0.00,0,0,0.00,0,0.10,12,0,0.00,9,0,0.00,0.00,0,0.00,0,60,86,2.95,67,76,0.00,67,3.74,96,N/A,N/A,N/A,N/A,78.95,0,0.00,0,0.00,0.00,0,54.08,0.00,22,94,0.05,0.05,1,12,12,0,0,36,0.00,0.00,0,29,140.79,0.80,0.79,16,1,0.00,0.05,11,0.05,0,0,0,0.00,0.00,7,0.35,0.34,0.00,0.00,0,0,0.00,56,99,99,56,67,0.69,6,0.03,0.03,0.00,9,0.00,0.00,15,7,0.35,0.34,0.05,0.05,6,1,0.00,9,88,25,81,40,46,11,0,0.00,99,7,0.00,0.34,0.93,0.95,19,15,6,6,0.74,0.75,78.95,0,0.00,99,0,0.00,0,0.00,99,0,0.00,0.00,28,99,30,16,0,0,0,0,0,41,56,74,68,0,99,88,15,15,0,0,16,25,0,0
Thiago Omar Pérez,20,1140422400,2006/02/20,Primera División,2026,Midfielder,Huracán,0,0,0,Argentina,0,0,0,0,0,0,0,0,0,0,0,0,0,0,0,0,0,0,0,0,0,0,0,0,0,0,0,0,0,0,0,-1,-1,-1,-1,N/A,N/A,N/A,N/A,N/A,N/A,N/A,N/A,N/A,N/A,N/A,N/A,N/A,N/A,N/A,N/A,N/A,N/A,N/A,N/A,N/A,N/A,N/A,N/A,N/A,N/A,N/A,N/A,N/A,N/A,N/A,N/A,N/A,N/A,N/A,N/A,N/A,N/A,N/A,N/A,N/A,N/A,N/A,N/A,N/A,N/A,N/A,N/A,N/A,N/A,N/A,N/A,N/A,N/A,N/A,N/A,N/A,N/A,N/A,N/A,N/A,N/A,N/A,N/A,N/A,N/A,N/A,N/A,N/A,N/A,N/A,N/A,N/A,N/A,N/A,N/A,N/A,N/A,N/A,N/A,N/A,N/A,N/A,N/A,N/A,N/A,N/A,N/A,N/A,N/A,N/A,N/A,N/A,N/A,N/A,N/A,N/A,N/A,N/A,N/A,N/A,N/A,N/A,N/A,N/A,N/A,N/A,N/A,N/A,N/A,N/A,N/A,N/A,N/A,N/A,N/A,N/A,N/A,N/A,N/A,N/A,N/A,N/A,N/A,N/A,N/A,N/A,N/A,N/A,N/A,N/A,N/A,N/A,N/A,N/A,N/A,N/A,N/A,N/A,N/A,N/A,N/A,N/A,N/A,N/A,N/A,N/A,N/A,N/A,N/A,N/A,N/A,N/A,N/A,N/A,N/A,N/A,N/A,N/A,N/A,N/A,N/A,N/A,N/A,N/A,N/A,N/A,N/A,N/A,N/A,N/A,N/A,N/A,N/A,N/A,N/A,N/A,N/A,N/A,N/A,N/A,N/A,N/A,N/A,N/A,N/A,N/A,N/A,N/A,N/A,N/A,N/A,N/A,N/A,N/A,N/A,N/A,N/A,N/A,N/A,N/A,N/A,N/A,N/A,N/A,N/A,N/A,N/A,N/A,N/A,N/A,N/A,N/A,N/A,N/A,N/A,N/A,N/A,N/A,N/A,N/A,N/A,N/A,N/A
Thiago Ramiro Gonzalez,19,1179298800,2007/05/16,Primera División,2026,Midfielder,Estudiantes,0,0,0,Argentina,0,0,0,0,0,0,0,0,0,0,0,0,0,0,0,0,0,0,0,0,0,0,0,0,0,0,0,0,0,0,0,-1,-1,-1,-1,N/A,N/A,N/A,N/A,N/A,N/A,N/A,N/A,N/A,N/A,N/A,N/A,N/A,N/A,N/A,N/A,N/A,N/A,N/A,N/A,N/A,N/A,N/A,N/A,N/A,N/A,N/A,N/A,N/A,N/A,N/A,N/A,N/A,N/A,N/A,N/A,N/A,N/A,N/A,N/A,N/A,N/A,N/A,N/A,N/A,N/A,N/A,N/A,N/A,N/A,N/A,N/A,N/A,N/A,N/A,N/A,N/A,N/A,N/A,N/A,N/A,N/A,N/A,N/A,N/A,N/A,N/A,N/A,N/A,N/A,N/A,N/A,N/A,N/A,N/A,N/A,N/A,N/A,N/A,N/A,N/A,N/A,N/A,N/A,N/A,N/A,N/A,N/A,N/A,N/A,N/A,N/A,N/A,N/A,N/A,N/A,N/A,N/A,N/A,N/A,N/A,N/A,N/A,N/A,N/A,N/A,N/A,N/A,N/A,N/A,N/A,N/A,N/A,N/A,N/A,N/A,N/A,N/A,N/A,N/A,N/A,N/A,N/A,N/A,N/A,N/A,N/A,N/A,N/A,N/A,N/A,N/A,N/A,N/A,N/A,N/A,N/A,N/A,N/A,N/A,N/A,N/A,N/A,N/A,N/A,N/A,N/A,N/A,N/A,N/A,N/A,N/A,N/A,N/A,N/A,N/A,N/A,N/A,N/A,N/A,N/A,N/A,N/A,N/A,N/A,N/A,N/A,N/A,N/A,N/A,N/A,N/A,N/A,N/A,N/A,N/A,N/A,N/A,N/A,N/A,N/A,N/A,N/A,N/A,N/A,N/A,N/A,N/A,N/A,N/A,N/A,N/A,N/A,N/A,N/A,N/A,N/A,N/A,N/A,N/A,N/A,N/A,N/A,N/A,N/A,N/A,N/A,N/A,N/A,N/A,N/A,N/A,N/A,N/A,N/A,N/A,N/A,N/A,N/A,N/A,N/A,N/A,N/A,N/A
Thiago Santamaría,23,1049443200,2003/04/04,Primera División,2026,Defender,Sarmiento,844,499,345,Argentina,12,7,5,0,0,0,1,0,1,0,0,5,5,0,7,1,6,3,0,0.11,0.11,0,0,0,0,0.75,121,70,281,844,0.32,273,133,78,14,0,6.62,0.08,77,33.44,26.17,59,314,18.17,218,26,23.22,51,0.00,0.00,0.83,10,0.00,1.75,1.92,1.50,18,0.00,1.08,0.00,0.00,0.00,1.25,0.33,0.75,0.00,0.75,0.50,0.75,0.00,0.08,0.03,0.00,0.25,0.00,0.00,0,0,,7,0.58,42,1,0.11,30,6,0.64,52,1,1,11,66,0.00,99,0,15,1.60,87,21,79,2.24,66,0,0.00,99,0,0.00,0,0,0.00,0,1.07,70,9,0.96,43,4,0.43,44.44,0,0.00,0,0,0,0.00,0,9,0.00,67,0.96,45,N/A,N/A,N/A,N/A,0.00,0,0.00,0,0.40,0.00,0,69.43,14.29,27,6,1.17,1.49,14,46,52,0,0,0,0.08,0.11,1,38,79.48,2.17,2.77,26,0,0.00,0.00,99,0.00,0,0,0,0.00,0.00,0,0.00,0.00,0.11,0.08,1,0,0.00,56,48,39,56,68,1.44,74,0.12,0.15,0.40,32,0.03,0.04,57,10,0.83,1.07,0.96,0.75,40,9,0.04,32,29,72,81,0,58,11,0,0.00,99,3,0.00,0.32,9.16,7.17,86,35,19,42,3.73,2.92,40.70,13,1.38,21,0,33.33,0,0.00,99,7,0.58,0.75,77,59,44,41,0,0,0,0,0,54,56,74,68,0,99,73,47,69,3,25,79,29,0,0
Thiago Yair Balbuena,20,1142496000,2006/03/16,Primera División,2026,Midfielder,Lanús,0,0,0,Argentina,0,0,0,0,0,0,0,0,0,0,0,0,0,0,0,0,0,0,0,0,0,0,0,0,0,0,0,0,0,0,0,-1,-1,-1,-1,N/A,N/A,N/A,N/A,N/A,N/A,N/A,N/A,N/A,N/A,N/A,N/A,N/A,N/A,N/A,N/A,N/A,N/A,N/A,N/A,N/A,N/A,N/A,N/A,N/A,N/A,N/A,N/A,N/A,N/A,N/A,N/A,N/A,N/A,N/A,N/A,N/A,N/A,N/A,N/A,N/A,N/A,N/A,N/A,N/A,N/A,N/A,N/A,N/A,N/A,N/A,N/A,N/A,N/A,N/A,N/A,N/A,N/A,N/A,N/A,N/A,N/A,N/A,N/A,N/A,N/A,N/A,N/A,N/A,N/A,N/A,N/A,N/A,N/A,N/A,N/A,N/A,N/A,N/A,N/A,N/A,N/A,N/A,N/A,N/A,N/A,N/A,N/A,N/A,N/A,N/A,N/A,N/A,N/A,N/A,N/A,N/A,N/A,N/A,N/A,N/A,N/A,N/A,N/A,N/A,N/A,N/A,N/A,N/A,N/A,N/A,N/A,N/A,N/A,N/A,N/A,N/A,N/A,N/A,N/A,N/A,N/A,N/A,N/A,N/A,N/A,N/A,N/A,N/A,N/A,N/A,N/A,N/A,N/A,N/A,N/A,N/A,N/A,N/A,N/A,N/A,N/A,N/A,N/A,N/A,N/A,N/A,N/A,N/A,N/A,N/A,N/A,N/A,N/A,N/A,N/A,N/A,N/A,N/A,N/A,N/A,N/A,N/A,N/A,N/A,N/A,N/A,N/A,N/A,N/A,N/A,N/A,N/A,N/A,N/A,N/A,N/A,N/A,N/A,N/A,N/A,N/A,N/A,N/A,N/A,N/A,N/A,N/A,N/A,N/A,N/A,N/A,N/A,N/A,N/A,N/A,N/A,N/A,N/A,N/A,N/A,N/A,N/A,N/A,N/A,N/A,N/A,N/A,N/A,N/A,N/A,N/A,N/A,N/A,N/A,N/A,N/A,N/A,N/A,N/A,N/A,N/A,N/A,N/A
Thomas De Martis,18,1214463600,2008/06/26,Primera División,2026,Forward,Lanús,85,51,34,Argentina,5,2,3,0,0,0,0,0,0,0,0,2,1,1,1,1,0,0,0,0,0,0,0,0,0,1.06,85,17,0,0,0,-1,-1,-1,13,0,6.46,0,63,14.82,2.80,3,14,1.80,9,14,9.53,3,0.00,0.00,0.00,0,0.00,0.40,0.00,0.00,0,0.00,0.40,0.00,0.00,0.00,0.00,0.00,0.20,0.00,1.06,0.20,0.00,0.00,0.00,0.01,0.00,0.20,0.00,0.00,0,0,,1,0.20,55,0,0.00,22,1,1.06,71,0,5,0,5,0.00,99,0,0,0.00,10,2,28,2.12,64,0,0.00,99,0,0.00,0,0,0.00,0,0.00,8,0,0.00,9,0,0.00,0.00,0,0.00,0,0,0,0.00,0,1,0.00,36,1.06,54,N/A,N/A,N/A,N/A,0.00,0,0.00,0,0.04,0.00,0,64.29,0.00,22,99,0.00,0.00,0,12,12,0,0,0,0.00,0.00,0,29,32.28,0.00,0.00,0,0,0.00,0.00,99,0.00,0,0,0,0.00,0.00,0,0.00,0.00,1.06,0.20,1,0,0.00,56,0,1,56,36,0.02,2,0.00,0.02,0.04,32,0.01,0.04,56,1,0.20,1.06,3.18,0.60,99,3,0.04,32,17,1,81,0,98,44,0,0.00,99,1,0.00,1.06,11.65,2.20,11,2,8,71,2.12,0.40,18.18,2,2.12,6,0,0.00,0,0.00,99,0,0.00,0.00,28,0,82,16,0,0,0,0,0,41,56,74,68,0,99,69,15,15,0,0,16,37,0,0
Thomas Rodríguez,30,828691200,1996/04/05,Primera División,2026,Forward,Banfield,16,16,0,Argentina,2,2,0,0,0,0,0,0,0,0,0,2,2,0,0,0,0,0,0,0,0,0,0,0,0,0,0,8,0,0,0,-1,-1,-1,8,0,6.50,0,63,22.50,2.00,23,4,1.00,2,2,11.25,8,0.00,0.00,0.00,0,0.00,0.50,11.25,1.00,2,0.00,0.00,0.00,0.00,0.00,0.00,0.00,0.00,0.00,0.00,0.00,0.00,0.00,0.00,0.00,0.00,0.00,0.00,0.00,0,0,,0,0.00,8,0,0.00,22,0,0.00,9,0,2,0,99,0.00,99,0,0,0.00,10,1,28,5.62,95,0,0.00,99,0,0.00,0,0,0.00,0,0.00,8,0,0.00,9,0,0.00,0.00,0,0.00,0,0,0,0.00,0,0,0.00,99,0.00,0,N/A,N/A,N/A,N/A,0.00,0,0.00,0,0.00,0.00,0,50.00,0.00,22,99,0.00,0.00,0,12,12,0,0,0,0.00,0.00,0,29,13.01,0.00,0.00,0,0,0.00,0.00,99,0.00,0,0,0,0.00,0.00,0,0.00,0.00,0.00,0.00,0,0,0.00,56,0,0,56,0,0.00,0,0.00,0.00,0.00,9,0.00,0.00,2,0,0.00,0.00,11.25,1.00,99,2,0.00,9,17,1,81,0,46,1,0,0.00,99,0,0.00,0.00,39.38,3.50,7,2,99,99,11.25,1.00,28.57,0,0.00,99,0,0.00,0,0.00,99,0,0.00,0.00,28,0,57,16,0,0,0,0,0,41,56,74,68,0,99,99,15,15,0,0,16,77,0,0
Thyago Ayala,24,999846000,2001/09/07,Primera División,2026,Goalkeeper,Sarmiento,0,0,0,Argentina,0,0,0,0,0,0,0,0,0,0,0,0,0,0,0,0,0,0,0,0,0,0,0,0,0,0,0,0,0,0,0,-1,-1,-1,-1,N/A,N/A,N/A,N/A,N/A,N/A,N/A,N/A,N/A,N/A,N/A,N/A,N/A,N/A,N/A,N/A,N/A,N/A,N/A,N/A,N/A,N/A,N/A,N/A,N/A,N/A,N/A,N/A,N/A,N/A,N/A,N/A,N/A,N/A,N/A,N/A,N/A,N/A,N/A,N/A,N/A,N/A,N/A,N/A,N/A,N/A,N/A,N/A,N/A,N/A,N/A,N/A,N/A,N/A,N/A,N/A,N/A,N/A,N/A,N/A,N/A,N/A,N/A,N/A,N/A,N/A,N/A,N/A,N/A,N/A,N/A,N/A,N/A,N/A,N/A,N/A,N/A,N/A,N/A,N/A,N/A,N/A,N/A,N/A,N/A,N/A,N/A,N/A,N/A,N/A,N/A,N/A,N/A,N/A,N/A,N/A,N/A,N/A,N/A,N/A,N/A,N/A,N/A,N/A,N/A,N/A,N/A,N/A,N/A,N/A,N/A,N/A,N/A,N/A,N/A,N/A,N/A,N/A,N/A,N/A,N/A,N/A,N/A,N/A,N/A,N/A,N/A,N/A,N/A,N/A,N/A,N/A,N/A,N/A,N/A,N/A,N/A,N/A,N/A,N/A,N/A,N/A,N/A,N/A,N/A,N/A,N/A,N/A,N/A,N/A,N/A,N/A,N/A,N/A,N/A,N/A,N/A,N/A,N/A,N/A,N/A,N/A,N/A,N/A,N/A,N/A,N/A,N/A,N/A,N/A,N/A,N/A,N/A,N/A,N/A,N/A,N/A,N/A,N/A,N/A,N/A,N/A,N/A,N/A,N/A,N/A,N/A,N/A,N/A,N/A,N/A,N/A,N/A,N/A,N/A,N/A,N/A,N/A,N/A,N/A,N/A,N/A,N/A,N/A,N/A,N/A,N/A,N/A,N/A,N/A,N/A,N/A,N/A,N/A,N/A,N/A,N/A,N/A,N/A,N/A,N/A,N/A,N/A,N/A
Tiago Cravero,32,749631600,1993/10/03,Primera División,2026,Midfielder,Central Córdoba SdE,625,245,380,Argentina,12,5,7,0,0,0,0,0,0,0,0,5,3,2,10,5,5,2,0,0,0,0,0,0,0,1.44,63,52,313,0,0.29,360,399,-1,18,0,5.98,0,63,30.18,18.67,48,168,13.00,117,27,21.02,44,0.00,0.00,0.11,1,0.00,0.00,2.87,1.78,16,0.00,0.22,0.00,0.00,0.00,2.44,0.22,1.11,0.00,0.54,0.33,0.22,0.00,0.00,0.02,0.00,0.89,0.00,0.00,0,0,,3,0.33,31,0,0.00,22,3,0.54,43,2,6,6,92,0.00,99,0,22,3.95,99,0,28,0.00,12,0,0.00,99,0,0.00,0,0,0.00,0,0.18,18,2,0.36,22,2,0.36,100.00,0,0.00,0,0,0,0.00,0,10,0.00,9,1.80,92,N/A,N/A,N/A,N/A,0.00,0,0.00,0,0.14,0.00,0,69.64,0.00,22,17,0.67,1.08,6,40,99,0,0,0,0.00,0.00,0,29,53.81,1.89,3.05,17,0,0.00,0.00,99,0.00,0,0,0,0.00,0.00,0,0.00,0.00,0.00,0.00,0,0,0.00,56,30,39,56,9,0.31,26,0.03,0.06,0.14,26,0.02,0.03,34,4,0.44,0.72,1.26,0.78,59,7,0.03,26,6,74,81,0,46,59,0,0.00,99,8,0.00,1.44,8.80,5.44,49,30,63,37,5.39,3.33,61.22,2,0.36,70,0,0.00,0,0.00,99,0,0.00,0.00,28,27,88,57,0,0,0,0,0,41,56,74,68,0,99,73,52,64,2,17,53,5,0,0
Tiago Palacios,25,985766400,2001/03/28,Primera División,2026,Forward,Estudiantes,735,393,342,Argentina,13,7,6,3,0,3,2,2,0,0,0,8,4,4,4,2,2,2,0,0.61,0.24,0.37,0,0.79,245,0.49,184,57,368,368,0.24,41,54,-1,1,0,7.15,0.15,93,37.42,23.54,71,306,19.15,249,77,30.45,74,0.00,0.00,1.31,17,0.00,2.31,1.35,0.85,11,0.00,0.77,0.00,0.00,0.00,0.31,1.46,0.31,6.67,2.45,1.08,2.54,0.00,0.46,0.25,0.00,0.38,0.00,0.00,0,0,,20,1.54,90,6,0.73,81,14,1.71,92,2,6,7,40,0.00,99,0,4,0.49,30,30,82,3.67,82,0,0.00,99,0,0.00,0,0,0.00,0,2.08,95,33,4.04,93,19,2.32,57.58,0,0.00,0,0,0,0.00,0,4,0.00,92,0.49,5,N/A,N/A,N/A,N/A,0.00,0,0.00,0,3.25,0.00,0,81.37,30.00,53,41,0.46,0.73,6,97,75,0,0,0,0.00,0.00,0,29,92.90,0.08,0.12,1,0,0.00,0.00,99,0.00,0,0,0,0.00,0.00,0,0.00,0.00,0.12,0.08,1,0,15.00,83,40,49,64,92,2.28,95,0.18,0.28,3.25,95,0.25,0.40,86,16,1.23,1.96,1.47,0.92,71,12,0.40,93,94,3,81,0,60,26,0,0.00,99,5,0.00,0.61,12.47,7.85,102,50,80,79,6.11,3.85,49.02,10,1.22,25,0,36.67,0,0.00,99,11,0.85,1.35,93,33,88,57,0,1,0,8,0,97,93,99,68,0,99,98,62,54,2,15,50,10,0,0
Tiago Serrago,21,1107590400,2005/02/05,Primera División,2026,Midfielder,Tigre,602,277,325,Argentina,12,6,6,1,0,1,0,0,0,0,0,4,2,2,5,4,1,0,0,0.15,0,0.15,0,0.28,602,0.75,120,50,0,0,0,135,310,-1,5,0,6.55,0,63,21.83,12.17,20,146,7.67,92,11,13.75,16,0.00,0.00,0.42,5,0.00,1.17,1.35,0.75,9,0.00,0.92,0.00,0.00,0.00,0.33,0.50,0.42,12.00,1.79,0.67,1.42,0.00,0.33,0.12,0.00,0.50,0.00,0.00,0,0,,12,1.00,75,4,0.60,76,8,1.20,77,5,5,7,40,0.00,99,0,4,0.60,36,14,81,2.09,64,0,0.00,99,0,0.00,0,0,0.00,0,0.75,52,17,2.54,80,6,0.90,35.29,0,0.00,0,0,0,0.00,0,5,0.00,67,0.75,22,N/A,N/A,N/A,N/A,0.00,0,0.00,0,1.46,0.00,0,63.01,33.33,62,13,0.67,1.20,8,71,34,0,0,0,0.08,0.15,1,45,78.57,0.42,0.75,5,0,0.00,0.00,99,0.00,0,0,0,0.00,0.00,0,0.00,0.00,0.00,0.00,0,0,8.33,69,28,39,82,67,0.38,26,0.03,0.06,1.46,78,0.12,0.22,44,6,0.50,0.90,1.20,0.67,56,8,0.22,76,21,23,81,0,46,36,0,0.00,99,6,0.00,0.90,10.76,6.00,72,27,25,61,4.04,2.25,37.50,11,1.64,13,0,35.71,0,0.00,99,5,0.42,0.75,77,33,82,92,0,0,0,0,0,60,76,88,68,0,99,54,15,15,0,0,16,11,0,0
Tiago Tomás Palacios,23,1051513200,2003/04/28,Primera División,2026,Defender,Estudiantes,1017,630,387,Argentina,12,7,5,0,0,0,0,0,0,0,0,7,4,3,5,3,2,5,1,0,0,0,0,0,0,0.44,203,85,170,0,0.53,274,267,10,12,0,7.05,0,63,53.98,50.83,95,610,44.50,534,97,47.26,95,0.00,0.00,0.17,2,0.00,0.42,1.50,1.42,17,0.00,0.92,0.00,0.00,0.00,1.08,1.00,0.50,7.00,0.62,0.58,1.17,0.00,0.00,0.08,0.00,2.58,0.00,0.00,0,0,,7,0.58,36,0,0.00,22,7,0.62,50,0,1,11,48,0.00,99,0,13,1.15,65,5,45,0.44,36,0,0.00,99,0,0.00,0,0,0.00,0,0.18,18,14,1.24,51,12,1.06,85.71,0,0.00,0,0,0,0.00,0,6,0.00,95,0.53,7,N/A,N/A,N/A,N/A,0.00,0,0.00,0,0.93,0.00,0,87.54,0.00,22,85,0.17,0.18,2,79,93,0,0,0,0.50,0.53,6,84,84.61,4.92,5.22,59,0,0.00,0.00,99,0.00,0,0,1,0.08,0.09,0,0.00,0.00,0.00,0.00,0,0,14.29,83,61,39,56,94,1.84,76,0.15,0.16,0.93,48,0.08,0.08,88,23,1.92,2.04,0.71,0.67,26,8,0.08,48,89,86,88,0,46,84,0,0.00,99,31,0.00,2.74,10.62,10.00,120,82,92,59,7.26,6.83,68.33,11,0.97,35,0,20.00,0,0.00,99,1,0.08,0.09,34,59,44,16,0,0,0,0,0,41,56,74,68,0,99,96,23,92,4,33,92,24,0,0
Timoteo Chamorro,20,1139385600,2006/02/08,Primera División,2026,Defender,Talleres Córdoba,76,44,32,Argentina,3,1,2,0,0,0,0,0,0,0,0,1,1,0,1,0,1,0,0,0,0,0,0,0,0,1.18,76,25,0,0,0,-1,-1,-1,12,0,6.43,0,63,23.68,6.67,26,20,3.67,11,4,13.03,12,0.00,0.00,0.67,2,0.00,2.33,1.18,0.33,1,0.00,0.00,0.00,0.00,0.00,0.67,0.33,0.33,0.00,1.18,0.00,1.00,0.00,0.33,0.05,0.00,0.33,0.00,0.00,0,0,,1,0.33,59,1,1.18,94,0,0.00,9,0,3,0,32,0.00,99,0,2,2.37,98,7,95,8.29,98,0,0.00,99,0,0.00,0,0,0.00,0,2.37,97,3,3.55,90,1,1.18,33.33,0,0.00,0,0,0,0.00,0,1,0.00,26,1.18,63,N/A,N/A,N/A,N/A,0.00,0,0.00,0,0.14,0.00,0,55.00,100.00,99,13,0.33,1.18,1,83,32,0,0,0,0.00,0.00,0,29,19.29,0.67,2.37,2,0,0.00,0.00,99,0.00,0,0,0,0.00,0.00,0,0.00,0.00,0.00,0.00,0,0,0.00,56,0,0,56,26,0.10,63,0.03,0.12,0.14,69,0.05,0.17,2,0,0.00,0.00,3.55,1.00,99,3,0.17,68,16,65,81,0,46,49,0,0.00,99,1,0.00,1.18,13.03,3.67,11,3,16,83,3.55,1.00,27.27,0,0.00,99,0,57.14,0,0.00,99,4,1.33,4.74,99,0,66,16,0,0,0,0,0,41,56,74,68,0,99,54,15,15,0,0,16,45,0,0
Tiziano Perrotta,19,1164441600,2006/11/25,Primera División,2026,Forward,Banfield,831,421,410,Argentina,13,7,6,4,3,1,1,0,1,0,0,4,4,0,13,4,9,0,0,0.54,0.11,0.43,0.64,0.22,208,1.41,64,64,0,831,0,22,129,-1,2,0,6.37,0.08,77,20.23,14.38,11,187,9.31,121,15,13.09,13,0.00,0.00,0.85,11,0.00,0.46,1.19,0.85,11,0.00,0.77,0.00,0.00,0.00,0.00,0.38,1.00,7.00,3.03,1.38,2.23,0.00,0.77,0.34,0.00,3.00,0.00,0.00,0,0,,28,2.15,97,10,1.08,92,18,1.95,96,6,2,11,32,0.00,99,0,0,0.00,10,6,79,0.65,42,0,0.00,99,0,0.00,0,0,0.00,0,1.19,74,29,3.14,86,5,0.54,17.24,0,0.00,0,0,0,0.00,0,13,0.00,10,1.41,79,N/A,N/A,N/A,N/A,0.00,0,0.00,0,4.48,0.00,0,64.71,35.71,65,68,0.31,0.43,4,53,15,0,0,0,0.15,0.22,2,58,82.87,0.15,0.22,2,1,0.00,0.11,5,0.08,0,0,0,0.00,0.00,0,0.00,0.00,0.54,0.38,5,0,14.29,83,47,49,60,10,1.22,66,0.09,0.13,4.48,98,0.34,0.48,61,11,0.85,1.19,1.08,0.77,49,10,0.48,97,14,6,81,0,92,96,0,0.00,99,39,0.00,4.22,15.79,11.23,146,64,89,94,6.92,4.92,43.84,10,1.08,30,0,33.33,0,0.00,99,2,0.15,0.22,49,59,57,96,0,1,0,8,0,95,96,84,97,0,99,47,15,15,0,0,16,17,0,0
Tobías Andrada,19,1170403200,2007/02/02,Primera División,2026,Midfielder,Vélez Sarsfield,1440,720,720,Argentina,16,8,8,1,0,1,0,0,0,0,0,7,3,4,10,5,5,4,0,0.06,0,0.06,0,0.13,1440,0.63,144,90,360,0,0.25,229,358,-1,7,0,6.91,0,63,43.72,43.69,83,699,35.62,570,78,35.65,83,0.00,0.00,0.94,15,0.00,1.94,2.63,2.62,42,0.00,1.06,0.00,0.00,0.00,0.62,1.12,0.75,17.00,1.06,0.69,2.75,0.00,0.38,0.12,0.00,0.44,0.00,0.00,0,0,,17,1.06,55,6,0.38,60,11,0.69,54,2,0,16,87,0.00,99,0,10,0.63,38,31,42,1.94,63,0,0.00,99,0,0.00,0,0,0.00,0,0.94,64,44,2.75,81,18,1.13,40.91,0,0.00,0,0,0,0.00,0,12,0.00,82,0.75,22,N/A,N/A,N/A,N/A,0.00,0,0.00,0,1.86,0.00,0,81.55,35.29,64,3,1.62,1.63,26,81,45,0,0,0,0.06,0.06,1,30,110.57,0.88,0.88,14,0,0.00,0.00,99,0.00,0,0,0,0.00,0.00,0,0.00,0.00,0.00,0.00,0,0,5.88,61,93,88,98,82,1.56,54,0.10,0.10,1.86,58,0.12,0.12,85,31,1.94,1.94,1.44,1.44,69,23,0.12,57,74,31,81,0,46,18,0,0.00,99,7,0.00,0.44,12.95,12.94,207,97,79,83,6.07,6.06,46.86,17,1.06,31,0,19.35,0,0.00,99,6,0.38,0.38,60,93,30,57,0,0,0,0,0,43,59,78,68,0,99,78,60,57,4,25,79,50,0,0
Tobías Ariel Cervera Cadi,23,1028617200,2002/08/06,Primera División,2026,Forward,Gimnasia Mendoza,0,0,0,Argentina,0,0,0,0,0,0,0,0,0,0,0,0,0,0,0,0,0,0,0,0,0,0,0,0,0,0,0,0,0,0,0,-1,-1,-1,-1,N/A,N/A,N/A,N/A,N/A,N/A,N/A,N/A,N/A,N/A,N/A,N/A,N/A,N/A,N/A,N/A,N/A,N/A,N/A,N/A,N/A,N/A,N/A,N/A,N/A,N/A,N/A,N/A,N/A,N/A,N/A,N/A,N/A,N/A,N/A,N/A,N/A,N/A,N/A,N/A,N/A,N/A,N/A,N/A,N/A,N/A,N/A,N/A,N/A,N/A,N/A,N/A,N/A,N/A,N/A,N/A,N/A,N/A,N/A,N/A,N/A,N/A,N/A,N/A,N/A,N/A,N/A,N/A,N/A,N/A,N/A,N/A,N/A,N/A,N/A,N/A,N/A,N/A,N/A,N/A,N/A,N/A,N/A,N/A,N/A,N/A,N/A,N/A,N/A,N/A,N/A,N/A,N/A,N/A,N/A,N/A,N/A,N/A,N/A,N/A,N/A,N/A,N/A,N/A,N/A,N/A,N/A,N/A,N/A,N/A,N/A,N/A,N/A,N/A,N/A,N/A,N/A,N/A,N/A,N/A,N/A,N/A,N/A,N/A,N/A,N/A,N/A,N/A,N/A,N/A,N/A,N/A,N/A,N/A,N/A,N/A,N/A,N/A,N/A,N/A,N/A,N/A,N/A,N/A,N/A,N/A,N/A,N/A,N/A,N/A,N/A,N/A,N/A,N/A,N/A,N/A,N/A,N/A,N/A,N/A,N/A,N/A,N/A,N/A,N/A,N/A,N/A,N/A,N/A,N/A,N/A,N/A,N/A,N/A,N/A,N/A,N/A,N/A,N/A,N/A,N/A,N/A,N/A,N/A,N/A,N/A,N/A,N/A,N/A,N/A,N/A,N/A,N/A,N/A,N/A,N/A,N/A,N/A,N/A,N/A,N/A,N/A,N/A,N/A,N/A,N/A,N/A,N/A,N/A,N/A,N/A,N/A,N/A,N/A,N/A,N/A,N/A,N/A,N/A,N/A,N/A,N/A,N/A,N/A
Tobías Javier Rubio,21,1090911600,2004/07/27,Primera División,2026,Defender,Racing Club,27,16,11,Argentina,2,1,1,0,0,0,0,0,0,0,0,1,1,0,0,0,0,1,0,0,0,0,0,0,0,0,0,14,27,0,3.33,-1,-1,-1,16,0,6.39,0,63,40.00,6.00,76,12,4.50,9,46,30.00,72,0.00,0.00,0.00,0,0.00,0.00,3.33,0.50,1,0.00,0.00,0.00,0.00,0.00,0.00,0.50,0.00,0.00,0.00,0.00,1.00,0.00,0.00,0.00,0.00,1.00,0.00,0.00,0,0,,0,0.00,8,0,0.00,22,0,0.00,9,0,2,0,97,0.00,99,0,0,0.00,10,0,28,0.00,12,0,0.00,99,0,0.00,0,0,0.00,0,0.00,8,2,6.67,99,1,3.33,50.00,0,0.00,0,0,0,0.00,0,0,0.00,99,0.00,0,N/A,N/A,N/A,N/A,0.00,0,0.00,0,0.00,0.00,0,75.00,0.00,22,0,0.50,3.33,1,99,66,0,0,0,0.00,0.00,0,29,12.78,0.00,0.00,0,0,0.00,0.00,99,0.00,0,0,0,0.00,0.00,0,0.00,0.00,0.00,0.00,0,0,0.00,56,0,0,56,0,0.02,36,0.01,0.07,0.00,9,0.00,0.00,2,0,0.00,0.00,6.67,1.00,99,2,0.00,9,15,1,81,0,46,99,0,0.00,99,2,0.00,6.67,26.67,4.00,8,4,99,99,13.33,2.00,50.00,0,0.00,99,0,0.00,0,0.00,99,0,0.00,0.00,28,0,57,16,0,0,0,0,0,41,56,74,68,0,99,88,15,99,1,50,99,34,0,0
Tobías Leiva,22,1076313600,2004/02/09,Primera División,2026,Midfielder,Estudiantes Río Cuarto,79,13,66,Argentina,3,1,2,0,0,0,0,0,0,0,0,1,1,0,1,0,1,0,0,0,0,0,0,0,0,1.14,79,26,0,0,0,-1,-1,-1,13,0,6.32,0,63,25.06,7.33,31,22,5.00,15,23,17.09,30,0.00,0.00,0.00,0,0.00,0.33,2.28,0.67,2,0.00,0.67,0.00,0.00,0.00,0.00,0.33,0.67,0.00,1.14,0.33,1.00,0.00,0.00,0.02,0.00,0.00,0.00,0.00,0,0,,1,0.33,57,0,0.00,22,1,1.14,74,4,3,0,79,0.00,99,0,0,0.00,10,1,28,1.14,52,0,0.00,99,0,0.00,0,0,0.00,0,0.00,8,3,3.42,89,1,1.14,33.33,0,0.00,0,0,0,0.00,0,2,0.00,29,2.28,93,N/A,N/A,N/A,N/A,0.00,0,0.00,0,0.05,0.00,0,68.18,0.00,22,14,0.33,1.14,1,82,32,0,0,0,0.00,0.00,0,29,18.97,0.00,0.00,0,0,0.00,0.00,99,0.00,0,0,0,0.00,0.00,0,0.00,0.00,0.00,0.00,0,0,0.00,56,0,0,56,29,0.03,6,0.01,0.03,0.05,42,0.02,0.06,60,1,0.33,1.14,0.00,0.00,6,0,0.06,42,13,1,81,0,46,1,0,0.00,99,0,0.00,0.00,10.25,3.00,9,3,15,55,3.42,1.00,33.33,2,2.28,4,0,0.00,0,0.00,99,0,0.00,0.00,28,0,66,84,0,0,0,0,0,41,56,74,68,0,99,54,15,15,0,0,16,79,0,0
Tobías Ostchega,27,904028400,1998/08/25,Primera División,2026,Defender,Estudiantes Río Cuarto,798,287,511,Argentina,11,4,7,0,0,0,0,0,0,0,0,3,2,1,13,1,12,2,0,0,0,0,0,0,0,1.47,61,73,399,0,0.23,312,304,222,29,0,6.56,0,63,30.23,24.36,48,268,16.91,186,26,20.98,43,0.00,0.00,0.36,4,0.00,2.64,1.69,1.36,15,0.00,0.64,0.00,0.00,0.00,0.91,1.45,1.27,0.00,1.24,0.82,2.09,0.00,0.18,0.07,0.00,0.73,0.00,0.00,0,0,,11,1.00,61,2,0.23,47,9,1.02,69,2,2,9,55,0.00,99,0,10,1.13,64,29,54,3.27,79,0,0.00,99,0,0.00,0,0,0.00,0,0.45,35,23,2.59,80,16,1.80,69.57,0,0.00,0,0,0,0.00,0,14,0.00,7,1.58,87,N/A,N/A,N/A,N/A,0.00,0,0.00,0,0.82,0.00,0,69.40,18.18,32,28,0.73,0.90,8,92,87,0,0,0,0.09,0.11,1,38,72.13,2.91,3.61,32,0,0.00,0.00,99,0.00,0,0,0,0.00,0.00,0,0.00,0.00,0.00,0.00,0,0,0.00,56,45,31,56,7,0.51,26,0.05,0.06,0.82,52,0.07,0.09,38,7,0.64,0.79,1.47,1.18,71,13,0.09,51,22,78,81,0,46,36,0,0.00,99,8,0.00,0.90,10.26,8.27,91,45,54,55,5.08,4.09,49.45,7,0.79,45,0,24.14,0,0.00,99,7,0.64,0.79,78,48,57,57,0,0,0,0,0,41,56,74,68,0,99,33,65,52,2,18,57,16,0,0
Tobías Palacio,19,1163232000,2006/11/11,Primera División,2026,Defender,River Plate,136,90,46,Argentina,2,1,1,0,0,0,0,0,0,0,0,2,1,1,0,0,0,2,0,0,0,0,0,0,0,0,0,68,68,0,1.32,-1,-1,-1,23,0,6.82,0,63,57.57,43.50,95,87,37.50,75,94,49.63,96,0.00,0.00,0.00,0,0.00,0.00,1.99,1.50,3,0.00,0.00,0.00,0.00,0.00,0.00,0.50,0.00,0.00,1.32,0.50,1.50,0.00,0.50,0.07,0.00,1.50,0.00,0.00,0,0,,2,1.00,64,1,0.66,79,1,0.66,52,1,0,2,69,0.00,99,0,0,0.00,10,0,28,0.00,12,0,0.00,99,0,0.00,0,0,0.00,0,0.00,8,3,1.99,69,1,0.66,33.33,0,0.00,0,0,0,0.00,0,0,0.00,99,0.00,0,N/A,N/A,N/A,N/A,0.00,0,0.00,0,0.15,0.00,0,86.21,50.00,91,47,0.50,0.66,1,58,32,0,0,0,0.50,0.66,1,89,13.65,3.50,4.63,7,0,0.00,0.00,99,0.00,0,0,0,0.00,0.00,0,0.00,0.00,0.66,0.50,1,0,0.00,56,0,0,56,0,0.17,59,0.09,0.11,0.15,54,0.07,0.10,2,0,0.00,0.00,1.99,1.50,89,3,0.10,53,59,83,81,0,94,71,0,0.00,99,3,0.00,1.99,10.59,8.00,16,7,42,58,4.63,3.50,43.75,0,0.00,99,0,0.00,0,0.00,99,0,0.00,0.00,28,0,30,41,0,0,0,0,0,41,56,74,68,0,99,99,15,99,2,100,99,2,0,0
Tomás Agustín Pérez,20,1146121200,2006/04/27,Primera División,2026,Forward,Racing Club,50,30,20,Argentina,2,1,1,0,0,0,0,0,0,0,0,1,1,0,0,0,0,0,0,0,0,0,0,0,0,0,0,25,0,0,0,-1,-1,-1,11,0,6.53,0,63,21.60,6.00,18,12,3.00,6,2,10.80,6,0.00,0.00,0.00,0,0.00,0.50,0.00,0.00,0,0.00,0.00,0.00,0.00,0.00,0.00,0.00,0.00,0.00,1.80,0.00,0.00,0.00,0.50,0.06,0.00,0.00,0.00,0.00,0,0,,1,0.50,75,1,1.80,99,0,0.00,9,0,2,0,5,0.00,99,0,0,0.00,10,1,28,1.80,61,0,0.00,99,0,0.00,0,0,0.00,0,0.00,8,0,0.00,9,0,0.00,0.00,0,0.00,0,0,0,0.00,0,0,0.00,99,0.00,0,N/A,N/A,N/A,N/A,0.00,0,0.00,0,0.12,0.00,0,50.00,100.00,99,2,0.50,1.80,1,12,12,0,0,0,0.00,0.00,0,29,13.06,0.00,0.00,0,0,0.00,0.00,99,0.00,0,0,0,0.00,0.00,0,0.00,0.00,0.00,0.00,0,0,0.00,56,0,0,56,0,0.01,2,0.01,0.02,0.12,78,0.06,0.22,2,0,0.00,0.00,3.60,1.00,99,2,0.22,76,19,1,81,0,46,1,0,0.00,99,0,0.00,0.00,5.40,1.50,3,0,0,9,0.00,0.00,0.00,0,0.00,99,0,0.00,0,0.00,99,0,0.00,0.00,28,0,57,16,0,0,0,0,0,41,56,74,68,0,99,88,15,15,0,0,16,58,0,0
Tomas Alejandro Castro,23,1031036400,2002/09/03,Primera División,2026,Midfielder,Belgrano,0,0,0,Argentina,0,0,0,0,0,0,0,0,0,0,0,0,0,0,0,0,0,0,0,0,0,0,0,0,0,0,0,0,0,0,0,-1,-1,-1,-1,N/A,N/A,N/A,N/A,N/A,N/A,N/A,N/A,N/A,N/A,N/A,N/A,N/A,N/A,N/A,N/A,N/A,N/A,N/A,N/A,N/A,N/A,N/A,N/A,N/A,N/A,N/A,N/A,N/A,N/A,N/A,N/A,N/A,N/A,N/A,N/A,N/A,N/A,N/A,N/A,N/A,N/A,N/A,N/A,N/A,N/A,N/A,N/A,N/A,N/A,N/A,N/A,N/A,N/A,N/A,N/A,N/A,N/A,N/A,N/A,N/A,N/A,N/A,N/A,N/A,N/A,N/A,N/A,N/A,N/A,N/A,N/A,N/A,N/A,N/A,N/A,N/A,N/A,N/A,N/A,N/A,N/A,N/A,N/A,N/A,N/A,N/A,N/A,N/A,N/A,N/A,N/A,N/A,N/A,N/A,N/A,N/A,N/A,N/A,N/A,N/A,N/A,N/A,N/A,N/A,N/A,N/A,N/A,N/A,N/A,N/A,N/A,N/A,N/A,N/A,N/A,N/A,N/A,N/A,N/A,N/A,N/A,N/A,N/A,N/A,N/A,N/A,N/A,N/A,N/A,N/A,N/A,N/A,N/A,N/A,N/A,N/A,N/A,N/A,N/A,N/A,N/A,N/A,N/A,N/A,N/A,N/A,N/A,N/A,N/A,N/A,N/A,N/A,N/A,N/A,N/A,N/A,N/A,N/A,N/A,N/A,N/A,N/A,N/A,N/A,N/A,N/A,N/A,N/A,N/A,N/A,N/A,N/A,N/A,N/A,N/A,N/A,N/A,N/A,N/A,N/A,N/A,N/A,N/A,N/A,N/A,N/A,N/A,N/A,N/A,N/A,N/A,N/A,N/A,N/A,N/A,N/A,N/A,N/A,N/A,N/A,N/A,N/A,N/A,N/A,N/A,N/A,N/A,N/A,N/A,N/A,N/A,N/A,N/A,N/A,N/A,N/A,N/A,N/A,N/A,N/A,N/A,N/A,N/A
Tomás Alexander Adoryán,24,1001142000,2001/09/22,Primera División,2026,Midfielder,Banfield,540,256,284,Argentina,11,6,5,0,0,0,1,0,1,0,0,2,2,0,6,1,5,4,0,0.17,0.17,0,0,0,0,1,90,49,135,540,0.67,420,91,-1,21,0,6.89,0.09,85,31.00,16.91,50,186,12.55,138,41,23.00,50,0.00,0.00,1.18,13,0.00,2.64,4.00,2.18,24,0.00,1.55,0.00,0.00,0.00,0.27,0.64,0.55,0.00,2.17,0.82,1.27,0.00,0.36,0.10,0.00,0.91,0.00,0.00,0,0,,13,1.18,84,4,0.67,80,9,1.50,87,5,6,5,99,0.00,99,0,3,0.50,31,29,72,4.83,92,0,0.00,99,0,0.00,0,0,0.00,0,2.17,96,14,2.33,76,7,1.17,50.00,0,0.00,0,0,0,0.00,0,6,0.00,41,1.00,50,N/A,N/A,N/A,N/A,0.00,0,0.00,0,1.14,0.00,0,74.19,30.77,54,61,0.27,0.50,3,83,66,0,0,0,0.09,0.17,1,49,75.82,0.45,0.83,5,0,0.00,0.00,99,0.00,0,0,0,0.00,0.00,0,0.00,0.00,0.33,0.18,2,0,0.00,56,21,31,56,41,1.42,92,0.13,0.24,1.14,72,0.10,0.19,98,18,1.64,3.00,3.17,1.73,99,19,0.19,71,70,28,81,0,83,65,0,0.00,99,10,0.00,1.67,19.17,10.45,115,58,99,98,9.67,5.27,50.43,17,2.83,1,0,31.03,0,0.00,99,9,0.82,1.50,95,18,88,92,0,0,0,0,0,65,56,74,68,0,99,10,18,97,4,36,93,20,0,0
Tomás Aranda,19,1178694000,2007/05/09,Primera División,2026,Midfielder,Boca Juniors,734,348,386,Argentina,14,6,8,1,1,0,2,0,2,0,0,7,3,4,3,2,1,2,0,0.37,0.25,0.12,0.26,0,734,0.37,245,52,367,367,0.25,172,46,-1,11,0,7.04,0.14,94,45.89,29.85,86,388,25.77,335,95,39.62,89,0.00,0.00,1.15,15,0.00,1.08,1.30,0.85,11,0.00,1.31,0.00,0.00,0.00,0.31,1.69,0.38,18.00,2.13,1.08,2.77,0.00,0.31,0.15,0.00,0.38,0.00,0.00,0,0,,18,1.38,83,4,0.47,67,14,1.66,91,4,7,7,37,0.00,99,0,4,0.47,29,14,87,1.66,60,0,0.00,99,0,0.00,0,0,0.00,0,1.77,93,36,4.26,94,22,2.60,61.11,0,0.00,0,0,0,0.00,0,5,0.00,98,0.59,10,N/A,N/A,N/A,N/A,0.00,0,0.00,0,1.89,0.00,0,86.34,22.22,39,5,1.00,1.54,13,99,79,0,0,0,0.00,0.00,0,29,91.47,0.46,0.71,6,0,0.00,0.00,99,0.00,0,0,0,0.00,0.00,0,0.00,0.00,0.00,0.00,0,0,5.56,61,40,61,87,98,2.45,96,0.19,0.29,1.89,78,0.15,0.22,90,18,1.38,2.13,0.83,0.54,33,7,0.22,76,88,22,81,0,46,25,0,0.00,99,5,0.00,0.59,13.13,8.54,111,56,86,84,6.62,4.31,50.45,17,2.01,7,0,42.86,0,0.00,99,6,0.46,0.71,75,33,92,84,0,0,0,0,0,85,70,74,83,0,99,88,61,57,2,14,47,36,0,0
Tomás Belmonte,28,896252400,1998/05/27,Primera División,2026,Midfielder,Boca Juniors,598,262,336,Argentina,10,4,6,0,0,0,0,0,0,0,0,7,3,4,4,1,3,2,0,0,0,0,0,0,0,0.6,150,60,299,0,0.3,252,213,-1,26,0,5.52,0,63,47.05,32.10,87,321,27.20,272,90,39.87,90,0.00,0.00,0.20,2,0.00,0.00,1.61,1.10,11,0.00,0.50,0.00,0.00,0.00,1.40,0.10,0.40,0.00,1.17,0.70,0.10,0.00,0.10,0.06,0.00,2.00,0.00,0.00,0,0,,8,0.80,58,1,0.15,36,7,1.03,70,5,3,7,52,0.00,99,0,14,2.05,97,0,28,0.00,12,0,0.00,99,0,0.00,0,0,0.00,0,0.29,25,1,0.15,13,1,0.15,100.00,0,0.00,0,0,0,0.00,0,4,0.00,84,0.59,10,N/A,N/A,N/A,N/A,0.00,0,0.00,0,0.56,0.00,0,84.74,12.50,25,67,0.30,0.44,3,20,99,0,0,0,0.10,0.15,1,45,55.15,1.20,1.76,12,0,0.00,0.00,99,0.00,0,0,0,0.00,0.00,0,0.00,0.00,0.15,0.10,1,0,0.00,56,28,23,56,84,0.64,47,0.06,0.09,0.56,48,0.06,0.08,84,13,1.30,1.91,1.61,1.10,79,11,0.08,48,2,56,81,0,66,88,0,0.00,99,20,0.00,2.93,10.70,7.30,73,44,84,60,6.45,4.40,60.27,5,0.73,47,0,0.00,0,0.00,99,0,0.00,0.00,28,33,66,92,0,0,0,0,0,41,56,74,68,0,99,99,51,65,2,20,65,30,0,0
Tomás Bottari,25,988268400,2001/04/26,Primera División,2026,Midfielder,Independiente Rivadavia,847,577,270,Argentina,11,7,4,0,0,0,0,0,0,0,0,3,1,2,10,7,3,2,0,0,0,0,0,0,0,1.06,85,77,424,0,0.21,508,507,-1,26,0,6.74,0,63,33.79,28.91,62,318,25.36,279,97,29.65,71,0.00,0.00,0.45,5,0.00,0.00,2.34,2.00,22,0.00,0.45,0.00,0.00,0.00,0.82,0.18,0.91,0.00,0.21,0.09,0.55,0.00,0.09,0.01,0.00,1.09,0.00,0.00,0,0,,2,0.18,12,1,0.11,30,1,0.11,11,2,1,10,80,0.00,99,0,9,0.96,55,0,28,0.00,12,0,0.00,99,0,0.00,0,0,0.00,0,0.53,39,6,0.64,32,2,0.21,33.33,0,0.00,0,0,0,0.00,0,10,0.00,36,1.06,54,N/A,N/A,N/A,N/A,0.00,0,0.00,0,0.16,0.00,0,87.74,50.00,91,6,1.27,1.49,14,25,32,0,0,0,0.27,0.32,3,69,74.14,1.45,1.70,16,0,0.00,0.00,99,0.00,0,0,0,0.00,0.00,0,0.00,0.00,0.00,0.00,0,0,0.00,56,49,31,56,36,0.91,54,0.08,0.10,0.16,20,0.01,0.02,76,15,1.36,1.59,0.74,0.64,27,7,0.02,20,46,54,81,0,46,54,0,0.00,99,12,0.00,1.28,9.88,8.45,93,51,64,51,5.42,4.64,54.84,5,0.53,60,0,0.00,0,0.00,99,0,0.00,0.00,28,52,44,57,0,0,0,0,0,41,56,74,68,0,99,33,69,47,2,18,57,5,0,0
Tomás Durso,27,920016000,1999/02/26,Primera División,2026,Goalkeeper,Atlético Tucumán,0,0,0,Argentina,0,0,0,0,0,0,0,0,0,0,0,0,0,0,0,0,0,0,0,0,0,0,0,0,0,0,0,0,0,0,0,-1,-1,-1,-1,N/A,N/A,N/A,N/A,N/A,N/A,N/A,N/A,N/A,N/A,N/A,N/A,N/A,N/A,N/A,N/A,N/A,N/A,N/A,N/A,N/A,N/A,N/A,N/A,N/A,N/A,N/A,N/A,N/A,N/A,N/A,N/A,N/A,N/A,N/A,N/A,N/A,N/A,N/A,N/A,N/A,N/A,N/A,N/A,N/A,N/A,N/A,N/A,N/A,N/A,N/A,N/A,N/A,N/A,N/A,N/A,N/A,N/A,N/A,N/A,N/A,N/A,N/A,N/A,N/A,N/A,N/A,N/A,N/A,N/A,N/A,N/A,N/A,N/A,N/A,N/A,N/A,N/A,N/A,N/A,N/A,N/A,N/A,N/A,N/A,N/A,N/A,N/A,N/A,N/A,N/A,N/A,N/A,N/A,N/A,N/A,N/A,N/A,N/A,N/A,N/A,N/A,N/A,N/A,N/A,N/A,N/A,N/A,N/A,N/A,N/A,N/A,N/A,N/A,N/A,N/A,N/A,N/A,N/A,N/A,N/A,N/A,N/A,N/A,N/A,N/A,N/A,N/A,N/A,N/A,N/A,N/A,N/A,N/A,N/A,N/A,N/A,N/A,N/A,N/A,N/A,N/A,N/A,N/A,N/A,N/A,N/A,N/A,N/A,N/A,N/A,N/A,N/A,N/A,N/A,N/A,N/A,N/A,N/A,N/A,N/A,N/A,N/A,N/A,N/A,N/A,N/A,N/A,N/A,N/A,N/A,N/A,N/A,N/A,N/A,N/A,N/A,N/A,N/A,N/A,N/A,N/A,N/A,N/A,N/A,N/A,N/A,N/A,N/A,N/A,N/A,N/A,N/A,N/A,N/A,N/A,N/A,N/A,N/A,N/A,N/A,N/A,N/A,N/A,N/A,N/A,N/A,N/A,N/A,N/A,N/A,N/A,N/A,N/A,N/A,N/A,N/A,N/A,N/A,N/A,N/A,N/A,N/A,N/A
Tomás Ezequiel Galván,26,955436400,2000/04/11,Primera División,2026,Midfielder,River Plate,1488,946,542,Argentina,20,12,8,3,3,0,2,2,0,0,0,9,5,4,16,12,4,0,0,0.3,0.12,0.18,0.29,0,496,0.97,93,74,0,744,0,110,127,-1,5,0,7.07,0.1,79,41.85,34.60,79,692,29.70,594,94,35.93,84,0.00,0.00,1.40,28,0.00,1.40,2.12,1.75,35,0.00,0.85,0.00,0.00,0.00,0.65,0.75,0.80,7.00,1.27,0.55,2.00,0.00,0.50,0.18,0.00,0.45,0.00,0.00,0,0,,21,1.05,63,10,0.60,76,11,0.67,53,3,0,20,75,0.00,99,0,13,0.79,46,28,68,1.69,60,0,0.00,99,0,0.00,0,0,0.00,0,1.69,91,40,2.42,78,15,0.91,37.50,0,0.00,0,0,0,0.00,0,16,0.00,44,0.97,46,N/A,N/A,N/A,N/A,0.00,0,0.00,0,3.57,0.00,0,85.84,47.62,83,73,0.30,0.36,6,71,38,0,0,0,0.05,0.06,1,30,141.48,0.10,0.12,2,0,0.00,0.00,99,0.00,0,0,2,0.10,0.12,0,0.00,0.00,0.00,0.00,0,0,14.29,83,95,99,76,44,3.65,88,0.18,0.22,3.57,78,0.18,0.22,94,41,2.05,2.48,0.97,0.80,41,16,0.22,76,91,3,93,0,46,23,0,0.00,99,9,0.00,0.54,10.83,8.95,179,99,76,62,5.99,4.95,55.31,17,1.03,33,0,28.57,0,0.00,99,8,0.40,0.48,64,99,30,74,0,1,0,5,0,80,81,74,86,0,99,79,15,15,0,0,16,26,0,0
Tomás Ezequiel Guidara,30,826704000,1996/03/13,Primera División,2026,Defender,Lanús,1199,545,654,Argentina,15,7,8,0,0,0,1,0,1,0,0,6,4,2,12,4,8,5,0,0.08,0.08,0,0,0,0,0.9,100,80,240,1199,0.38,530,159,120,25,0,6.63,0.07,71,39.63,35.20,76,528,28.07,421,70,31.60,76,0.00,0.00,0.27,4,0.00,1.27,2.18,1.93,29,0.00,0.67,0.00,0.00,0.00,0.80,0.20,0.93,0.00,0.08,0.07,0.53,0.00,0.00,0.00,0.00,1.27,0.00,0.00,0,0,,1,0.07,9,0,0.00,22,1,0.08,10,4,1,14,76,0.00,99,0,12,0.90,52,19,37,1.43,57,0,0.00,99,0,0.00,0,0,0.00,0,0.30,26,8,0.60,30,3,0.23,37.50,0,0.00,0,0,0,0.00,0,14,0.00,50,1.05,53,N/A,N/A,N/A,N/A,0.00,0,0.00,0,0.04,0.00,0,79.73,0.00,22,53,0.53,0.60,8,27,38,0,0,0,0.40,0.45,6,80,99.43,3.60,4.05,54,1,0.00,0.08,7,0.07,0,0,0,0.00,0.00,0,0.00,0.00,0.08,0.07,1,0,0.00,56,75,73,56,50,1.73,66,0.12,0.13,0.04,9,0.00,0.00,55,14,0.93,1.05,1.50,1.33,73,20,0.00,9,29,80,81,0,54,58,0,0.00,99,19,0.00,1.43,8.86,7.87,118,64,47,38,4.80,4.27,54.24,10,0.75,47,0,15.79,0,0.00,99,3,0.20,0.23,50,78,44,84,0,0,0,0,0,48,56,74,68,0,99,69,39,78,5,33,92,33,0,0
Tomás Fernández,27,902559600,1998/08/08,Primera División,2026,Forward,Aldosivi,421,264,157,Argentina,9,5,4,1,0,1,0,0,0,0,0,3,3,0,6,2,4,3,0,0.21,0,0.21,0,0.57,421,1.28,70,47,140,0,0.64,93,416,-1,2,0,6.63,0,63,17.32,9.00,6,81,5.78,52,14,11.12,7,0.00,0.00,1.11,10,0.00,2.56,2.78,1.44,13,0.00,0.89,0.00,0.00,0.00,0.33,0.44,0.78,9.00,1.92,0.78,1.44,0.00,0.22,0.13,0.00,0.33,0.00,0.00,0,0,,9,1.00,77,2,0.43,65,7,1.50,87,2,6,3,91,0.00,99,0,3,0.64,39,23,80,4.92,93,0,0.00,99,0,0.00,0,0,0.00,0,2.14,96,13,2.78,82,4,0.86,30.77,0,0.00,0,0,0,0.00,0,7,0.00,17,1.50,84,N/A,N/A,N/A,N/A,0.00,0,0.00,0,1.16,0.00,0,64.20,22.22,39,30,0.44,0.86,4,69,26,0,0,0,0.00,0.00,0,29,59.65,0.00,0.00,0,0,0.00,0.00,99,0.00,0,0,0,0.00,0.00,0,0.00,0.00,0.21,0.11,1,0,11.11,76,7,17,72,17,0.56,63,0.06,0.12,1.16,82,0.13,0.25,42,4,0.44,0.86,2.99,1.56,98,14,0.25,80,29,1,81,0,73,27,0,0.00,99,3,0.00,0.64,13.25,6.89,62,23,49,85,4.92,2.56,37.10,8,1.71,10,0,34.78,0,0.00,99,8,0.89,1.71,97,3,88,57,0,0,0,0,0,71,85,98,68,0,99,54,18,97,3,33,92,27,0,0
Tomás González,23,1053241200,2003/05/18,Primera División,2026,Forward,Unión Santa Fe,38,17,21,Argentina,2,1,1,0,0,0,0,0,0,0,0,0,0,0,0,0,0,0,0,0,0,0,0,0,0,0,0,19,0,0,0,-1,-1,-1,16,0,6.46,0,63,35.53,7.50,66,15,3.50,7,2,16.58,28,0.00,0.00,0.00,0,0.00,1.50,0.00,0.00,0,0.00,2.00,0.00,0.00,0.00,0.00,2.00,0.50,0.00,2.37,0.50,2.50,0.00,0.00,0.03,0.00,1.00,0.00,0.00,0,0,,1,0.50,88,0,0.00,22,1,2.37,99,0,2,0,5,0.00,99,0,0,0.00,10,3,28,7.11,97,0,0.00,99,0,0.00,0,0,0.00,0,0.00,8,5,11.84,99,4,9.47,80.00,0,0.00,0,0,0,0.00,0,1,0.00,99,2.37,93,N/A,N/A,N/A,N/A,0.00,0,0.00,0,0.05,0.00,0,46.67,0.00,22,99,0.00,0.00,0,99,91,0,0,0,0.00,0.00,0,29,12.93,0.50,2.37,1,0,0.00,0.00,99,0.00,0,0,0,0.00,0.00,0,0.00,0.00,0.00,0.00,0,0,0.00,56,0,0,56,0,0.02,18,0.01,0.05,0.05,58,0.03,0.12,99,2,1.00,4.74,0.00,0.00,6,0,0.12,57,17,65,81,0,46,98,0,0.00,99,2,0.00,4.74,35.53,7.50,15,8,99,99,18.95,4.00,53.33,4,9.47,0,0,0.00,0,0.00,99,0,0.00,0.00,28,0,57,16,0,0,0,0,0,41,56,74,68,0,99,1,15,15,0,0,16,10,0,0
Tomás González,27,909907200,1998/11/01,Primera División,2026,Midfielder,Estudiantes Río Cuarto,1138,542,596,Argentina,15,7,8,0,0,0,0,0,0,0,0,3,2,1,15,5,10,6,0,0,0,0,0,0,0,1.19,76,76,190,0,0.47,313,305,-1,30,0,6.80,0,63,31.00,26.13,50,392,19.40,291,41,23.01,50,0.00,0.00,1.40,21,0.00,1.20,2.45,2.07,31,0.00,0.93,0.00,0.00,0.00,0.60,0.80,1.07,0.00,1.11,0.73,1.67,0.00,0.20,0.06,0.00,1.67,0.00,0.00,0,0,,14,0.93,56,3,0.24,49,11,0.87,63,7,1,14,84,0.00,99,0,9,0.71,43,18,39,1.42,57,0,0.00,99,0,0.00,0,0,0.00,0,1.66,90,25,1.98,69,12,0.95,48.00,0,0.00,0,0,0,0.00,0,16,0.00,25,1.27,70,N/A,N/A,N/A,N/A,0.00,0,0.00,0,0.84,0.00,0,74.23,21.43,36,20,0.87,1.03,13,73,57,0,0,0,0.27,0.32,4,69,102.04,1.13,1.34,17,0,0.00,0.00,99,0.00,0,0,1,0.07,0.08,0,0.00,0.00,0.32,0.27,4,0,0.00,56,70,73,56,26,1.67,66,0.11,0.13,0.84,44,0.06,0.07,75,20,1.33,1.58,2.29,1.93,93,29,0.07,44,55,45,87,0,82,71,0,0.00,99,25,0.00,1.98,13.92,11.73,176,86,88,88,6.80,5.73,48.86,14,1.11,29,0,16.67,0,0.00,99,3,0.20,0.24,50,78,44,98,0,0,0,0,0,41,56,74,68,0,99,15,28,87,6,40,95,10,0,0
Tomás Ignacio Marchiori Carreño,31,803631600,1995/06/20,Primera División,2026,Goalkeeper,Vélez Sarsfield,0,0,0,Argentina,0,0,0,0,0,0,0,0,0,0,0,0,0,0,0,0,0,0,0,0,0,0,0,0,0,0,0,0,0,0,0,-1,-1,-1,-1,N/A,N/A,N/A,N/A,N/A,N/A,N/A,N/A,N/A,N/A,N/A,N/A,N/A,N/A,N/A,N/A,N/A,N/A,N/A,N/A,N/A,N/A,N/A,N/A,N/A,N/A,N/A,N/A,N/A,N/A,N/A,N/A,N/A,N/A,N/A,N/A,N/A,N/A,N/A,N/A,N/A,N/A,N/A,N/A,N/A,N/A,N/A,N/A,N/A,N/A,N/A,N/A,N/A,N/A,N/A,N/A,N/A,N/A,N/A,N/A,N/A,N/A,N/A,N/A,N/A,N/A,N/A,N/A,N/A,N/A,N/A,N/A,N/A,N/A,N/A,N/A,N/A,N/A,N/A,N/A,N/A,N/A,N/A,N/A,N/A,N/A,N/A,N/A,N/A,N/A,N/A,N/A,N/A,N/A,N/A,N/A,N/A,N/A,N/A,N/A,N/A,N/A,N/A,N/A,N/A,N/A,N/A,N/A,N/A,N/A,N/A,N/A,N/A,N/A,N/A,N/A,N/A,N/A,N/A,N/A,N/A,N/A,N/A,N/A,N/A,N/A,N/A,N/A,N/A,N/A,N/A,N/A,N/A,N/A,N/A,N/A,N/A,N/A,N/A,N/A,N/A,N/A,N/A,N/A,N/A,N/A,N/A,N/A,N/A,N/A,N/A,N/A,N/A,N/A,N/A,N/A,N/A,N/A,N/A,N/A,N/A,N/A,N/A,N/A,N/A,N/A,N/A,N/A,N/A,N/A,N/A,N/A,N/A,N/A,N/A,N/A,N/A,N/A,N/A,N/A,N/A,N/A,N/A,N/A,N/A,N/A,N/A,N/A,N/A,N/A,N/A,N/A,N/A,N/A,N/A,N/A,N/A,N/A,N/A,N/A,N/A,N/A,N/A,N/A,N/A,N/A,N/A,N/A,N/A,N/A,N/A,N/A,N/A,N/A,N/A,N/A,N/A,N/A,N/A,N/A,N/A,N/A,N/A,N/A
Tomás José Conechny,28,891244800,1998/03/30,Primera División,2026,Forward,Racing Club,928,317,611,Argentina,18,7,11,3,2,1,2,0,2,0,0,7,2,5,7,3,4,2,0,0.48,0.19,0.29,0.57,0.15,309,0.68,133,52,464,464,0.19,65,81,-1,2,0,6.74,0.11,86,27.83,15.94,40,287,10.89,196,23,19.01,36,0.00,0.00,0.72,13,0.00,1.17,1.65,0.94,17,0.00,0.67,0.00,0.00,0.00,0.33,0.06,0.44,4.00,1.16,0.28,0.83,0.00,0.39,0.16,0.00,2.11,0.00,0.00,0,0,,12,0.67,57,7,0.68,80,5,0.48,40,7,10,8,54,0.00,99,0,6,0.58,34,21,35,2.04,63,0,0.00,99,0,0.00,0,0,0.00,0,1.26,77,15,1.45,59,1,0.10,6.67,0,0.00,0,0,0,0.00,0,8,0.00,74,0.78,25,N/A,N/A,N/A,N/A,0.00,0,0.00,0,2.91,0.00,0,68.29,58.33,94,37,0.44,0.78,8,17,13,0,0,0,0.06,0.10,1,36,121.29,0.89,1.55,16,0,0.00,0.00,99,0.00,0,0,0,0.00,0.00,0,0.00,0.00,1.07,0.61,11,0,25.00,95,55,98,68,74,2.07,85,0.11,0.20,2.91,85,0.16,0.28,23,5,0.28,0.48,1.94,1.11,88,20,0.28,84,46,51,81,0,98,95,0,0.00,99,38,0.00,3.69,14.55,8.33,150,59,71,90,5.72,3.28,39.33,12,1.16,26,0,14.29,0,0.00,99,3,0.17,0.29,54,40,98,98,0,0,0,0,0,93,89,80,96,0,99,65,75,41,2,11,37,17,0,0
Tomás Lavezzi,21,1115794800,2005/05/11,Primera División,2026,Midfielder,Barracas Central,0,0,0,Argentina,0,0,0,0,0,0,0,0,0,0,0,0,0,0,0,0,0,0,0,0,0,0,0,0,0,0,0,0,0,0,0,-1,-1,-1,-1,N/A,N/A,N/A,N/A,N/A,N/A,N/A,N/A,N/A,N/A,N/A,N/A,N/A,N/A,N/A,N/A,N/A,N/A,N/A,N/A,N/A,N/A,N/A,N/A,N/A,N/A,N/A,N/A,N/A,N/A,N/A,N/A,N/A,N/A,N/A,N/A,N/A,N/A,N/A,N/A,N/A,N/A,N/A,N/A,N/A,N/A,N/A,N/A,N/A,N/A,N/A,N/A,N/A,N/A,N/A,N/A,N/A,N/A,N/A,N/A,N/A,N/A,N/A,N/A,N/A,N/A,N/A,N/A,N/A,N/A,N/A,N/A,N/A,N/A,N/A,N/A,N/A,N/A,N/A,N/A,N/A,N/A,N/A,N/A,N/A,N/A,N/A,N/A,N/A,N/A,N/A,N/A,N/A,N/A,N/A,N/A,N/A,N/A,N/A,N/A,N/A,N/A,N/A,N/A,N/A,N/A,N/A,N/A,N/A,N/A,N/A,N/A,N/A,N/A,N/A,N/A,N/A,N/A,N/A,N/A,N/A,N/A,N/A,N/A,N/A,N/A,N/A,N/A,N/A,N/A,N/A,N/A,N/A,N/A,N/A,N/A,N/A,N/A,N/A,N/A,N/A,N/A,N/A,N/A,N/A,N/A,N/A,N/A,N/A,N/A,N/A,N/A,N/A,N/A,N/A,N/A,N/A,N/A,N/A,N/A,N/A,N/A,N/A,N/A,N/A,N/A,N/A,N/A,N/A,N/A,N/A,N/A,N/A,N/A,N/A,N/A,N/A,N/A,N/A,N/A,N/A,N/A,N/A,N/A,N/A,N/A,N/A,N/A,N/A,N/A,N/A,N/A,N/A,N/A,N/A,N/A,N/A,N/A,N/A,N/A,N/A,N/A,N/A,N/A,N/A,N/A,N/A,N/A,N/A,N/A,N/A,N/A,N/A,N/A,N/A,N/A,N/A,N/A,N/A,N/A,N/A,N/A,N/A,N/A
Tomás Molina,31,797670000,1995/04/12,Primera División,2026,Forward,Argentinos Juniors,1133,755,378,Argentina,14,9,5,4,3,1,1,1,0,0,0,9,7,2,6,1,5,3,0,0.4,0.08,0.32,0.36,0.24,283,0.48,189,81,378,1133,0.24,56,163,-1,1,0,6.98,0.07,71,18.43,16.57,8,232,11.14,156,21,12.39,10,0.00,0.00,0.64,9,0.00,0.64,0.87,0.79,11,0.00,1.00,0.00,0.00,0.00,0.29,0.93,0.43,9.25,2.94,1.64,2.64,0.00,1.00,0.38,0.00,4.21,0.00,0.00,0,0,,37,2.64,96,14,1.11,92,23,1.83,94,1,2,12,19,0.00,99,0,4,0.32,23,9,49,0.71,44,0,0.00,99,0,0.00,0,0,0.00,0,0.71,50,37,2.94,84,13,1.03,35.14,0,0.00,0,0,0,0.00,0,6,0.00,93,0.48,4,N/A,N/A,N/A,N/A,0.00,0,0.00,0,5.29,0.00,0,67.24,37.84,68,77,0.29,0.32,4,78,33,0,1,0,0.14,0.16,2,47,97.75,0.79,0.87,11,0,0.00,0.00,99,0.00,0,1,2,0.14,0.16,0,0.00,0.00,0.79,0.71,10,0,10.81,74,70,61,66,93,1.25,54,0.09,0.10,4.59,93,0.33,0.36,58,14,1.00,1.11,1.27,1.14,60,16,0.42,94,83,30,95,0,96,98,0,0.00,99,59,0.00,4.69,16.05,14.43,202,97,95,95,7.71,6.93,48.02,14,1.11,29,0,22.22,0,0.00,99,2,0.14,0.16,41,65,57,41,0,0,0,0,0,87,91,86,89,0,99,98,63,54,3,21,68,27,0,0
Tomás Muro,24,1020582000,2002/05/05,Primera División,2026,Midfielder,Independiente Rivadavia,0,0,0,Argentina,0,0,0,0,0,0,0,0,0,0,0,0,0,0,0,0,0,0,0,0,0,0,0,0,0,0,0,0,0,0,0,-1,-1,-1,-1,N/A,N/A,N/A,N/A,N/A,N/A,N/A,N/A,N/A,N/A,N/A,N/A,N/A,N/A,N/A,N/A,N/A,N/A,N/A,N/A,N/A,N/A,N/A,N/A,N/A,N/A,N/A,N/A,N/A,N/A,N/A,N/A,N/A,N/A,N/A,N/A,N/A,N/A,N/A,N/A,N/A,N/A,N/A,N/A,N/A,N/A,N/A,N/A,N/A,N/A,N/A,N/A,N/A,N/A,N/A,N/A,N/A,N/A,N/A,N/A,N/A,N/A,N/A,N/A,N/A,N/A,N/A,N/A,N/A,N/A,N/A,N/A,N/A,N/A,N/A,N/A,N/A,N/A,N/A,N/A,N/A,N/A,N/A,N/A,N/A,N/A,N/A,N/A,N/A,N/A,N/A,N/A,N/A,N/A,N/A,N/A,N/A,N/A,N/A,N/A,N/A,N/A,N/A,N/A,N/A,N/A,N/A,N/A,N/A,N/A,N/A,N/A,N/A,N/A,N/A,N/A,N/A,N/A,N/A,N/A,N/A,N/A,N/A,N/A,N/A,N/A,N/A,N/A,N/A,N/A,N/A,N/A,N/A,N/A,N/A,N/A,N/A,N/A,N/A,N/A,N/A,N/A,N/A,N/A,N/A,N/A,N/A,N/A,N/A,N/A,N/A,N/A,N/A,N/A,N/A,N/A,N/A,N/A,N/A,N/A,N/A,N/A,N/A,N/A,N/A,N/A,N/A,N/A,N/A,N/A,N/A,N/A,N/A,N/A,N/A,N/A,N/A,N/A,N/A,N/A,N/A,N/A,N/A,N/A,N/A,N/A,N/A,N/A,N/A,N/A,N/A,N/A,N/A,N/A,N/A,N/A,N/A,N/A,N/A,N/A,N/A,N/A,N/A,N/A,N/A,N/A,N/A,N/A,N/A,N/A,N/A,N/A,N/A,N/A,N/A,N/A,N/A,N/A,N/A,N/A,N/A,N/A,N/A,N/A
Tomás Nasif,22,1073030400,2004/01/02,Primera División,2026,Forward,Platense,522,350,172,Argentina,12,7,5,2,2,0,1,0,1,0,0,5,2,3,7,6,1,0,0,0.52,0.17,0.34,0.51,0,261,1.21,75,44,0,522,0,47,90,-1,3,0,6.66,0.08,85,22.41,10.83,22,130,6.83,82,11,14.14,17,0.00,0.00,0.50,6,0.00,0.17,0.69,0.33,4,0.00,1.67,0.00,0.00,0.00,0.00,0.42,0.58,7.00,2.41,0.58,0.83,0.00,0.58,0.20,0.00,1.83,0.00,0.00,0,0,,14,1.17,89,7,1.21,94,7,1.21,78,2,8,4,15,0.00,99,0,0,0.00,10,2,28,0.34,31,0,0.00,99,0,0.00,0,0,0.00,0,1.03,68,10,1.72,65,5,0.86,50.00,0,0.00,0,0,0,0.00,0,7,0.00,22,1.21,66,N/A,N/A,N/A,N/A,0.00,0,0.00,0,2.45,0.00,0,63.08,50.00,91,86,0.08,0.17,1,69,66,0,0,0,0.00,0.00,0,29,79.96,0.58,1.21,7,0,0.00,0.00,99,0.00,0,0,0,0.00,0.00,0,0.00,0.00,0.34,0.17,2,0,14.29,83,19,39,65,24,0.98,80,0.08,0.17,2.45,96,0.20,0.42,62,7,0.58,1.21,1.21,0.58,56,7,0.42,94,34,40,81,0,84,96,0,0.00,99,22,0.00,3.79,19.48,9.42,113,37,83,99,6.38,3.08,32.74,20,3.45,1,0,0.00,0,0.00,99,0,0.00,0.00,28,8,95,57,0,0,0,0,0,94,91,74,94,0,99,73,15,15,0,0,16,9,0,0
Tomás O'Connor,22,1080201600,2004/03/25,Primera División,2026,Midfielder,Gimnasia Mendoza,124,36,88,Argentina,4,2,2,0,0,0,0,0,0,0,0,2,2,0,2,0,2,0,0,0,0,0,0,0,0,1.45,62,31,0,0,0,-1,-1,-1,16,0,6.62,0,63,50.08,17.25,92,69,13.75,55,70,39.92,90,0.00,0.00,0.00,0,0.00,0.25,5.08,1.75,7,0.00,0.75,0.00,0.00,0.00,0.75,0.25,0.50,0.00,0.00,0.00,1.00,0.00,0.00,0.00,0.00,0.25,0.00,0.00,0,0,,0,0.00,8,0,0.00,22,0,0.00,9,0,4,0,99,0.00,99,0,3,2.18,98,1,28,0.73,44,0,0.00,99,0,0.00,0,0,0.00,0,0.00,8,4,2.90,84,1,0.73,25.00,0,0.00,0,0,0,0.00,0,2,0.00,8,1.45,82,N/A,N/A,N/A,N/A,0.00,0,0.00,0,0.00,0.00,0,79.71,0.00,22,41,0.25,0.73,1,62,21,0,0,0,0.00,0.00,0,29,26.47,0.25,0.73,1,0,0.00,0.00,99,0.00,0,0,0,0.00,0.00,0,0.00,0.00,0.00,0.00,0,0,0.00,56,0,0,56,8,0.12,47,0.03,0.09,0.00,9,0.00,0.00,97,4,1.00,2.90,1.45,0.50,70,2,0.00,9,29,22,81,0,46,30,0,0.00,99,1,0.00,0.73,17.42,6.00,24,13,99,97,9.44,3.25,54.17,3,2.18,5,0,0.00,0,0.00,99,0,0.00,0.00,28,0,75,16,0,0,0,0,0,41,56,74,68,0,99,88,15,15,0,0,16,28,0,0
Tomás Olmos,21,1106380800,2005/01/22,Primera División,2026,Defender,Estudiantes Río Cuarto,165,75,90,Argentina,3,1,2,0,0,0,0,0,0,0,0,0,0,0,4,1,3,1,0,0,0,0,0,0,0,2.18,41,55,165,0,0.55,-1,-1,-1,16,0,6.13,0,63,24.00,14.67,27,44,10.00,30,23,16.36,27,0.00,0.00,0.00,0,0.00,0.67,0.55,0.33,1,0.00,1.00,0.00,0.00,0.00,0.67,0.00,1.33,0.00,0.00,0.00,0.00,0.00,0.00,0.00,0.00,1.33,0.00,0.00,0,0,,0,0.00,8,0,0.00,22,0,0.00,9,2,1,2,12,0.00,99,0,2,1.09,63,2,28,1.09,51,0,0.00,99,0,0.00,0,0,0.00,0,0.00,8,0,0.00,9,0,0.00,0.00,0,0.00,0,0,0,0.00,0,4,0.00,0,2.18,92,N/A,N/A,N/A,N/A,0.00,0,0.00,0,0.00,0.00,0,68.18,0.00,22,57,0.33,0.55,1,12,12,0,0,0,0.00,0.00,0,29,18.40,0.33,0.55,1,0,0.00,0.00,99,0.00,0,0,0,0.00,0.00,0,0.00,0.00,0.00,0.00,0,0,0.00,56,0,0,56,0,0.06,6,0.02,0.03,0.00,9,0.00,0.00,2,0,0.00,0.00,0.55,0.33,16,1,0.00,9,9,16,81,0,46,75,0,0.00,99,4,0.00,2.18,7.09,4.33,13,5,9,18,2.73,1.67,38.46,3,1.64,13,0,0.00,0,0.00,99,0,0.00,0.00,28,0,44,57,0,0,0,0,0,41,56,74,68,0,99,1,23,93,1,33,92,25,0,0
Tomás Ortiz,26,952675200,2000/03/10,Primera División,2026,Midfielder,Gimnasia Mendoza,18,18,0,Argentina,1,1,0,0,0,0,0,0,0,0,0,0,0,0,0,0,0,0,0,0,0,0,0,0,0,0,0,18,0,0,0,-1,-1,-1,21,0,6.49,0,63,45.00,9.00,85,9,7.00,7,60,35.00,82,0.00,0.00,0.00,0,0.00,0.00,0.00,0.00,0,0.00,1.00,0.00,0.00,0.00,0.00,0.00,0.00,0.00,5.00,1.00,0.00,0.00,0.00,0.05,0.00,0.00,0.00,0.00,0,0,,1,1.00,99,0,0.00,22,1,5.00,99,0,1,0,5,0.00,99,0,0,0.00,10,0,28,0.00,12,0,0.00,99,0,0.00,0,0,0.00,0,0.00,8,0,0.00,9,0,0.00,0.00,0,0.00,0,0,0,0.00,0,0,0.00,99,0.00,0,N/A,N/A,N/A,N/A,0.00,0,0.00,0,0.05,0.00,0,77.78,0.00,22,99,0.00,0.00,0,12,12,0,0,0,0.00,0.00,0,29,6.49,0.00,0.00,0,0,0.00,0.00,99,0.00,0,0,0,0.00,0.00,0,0.00,0.00,0.00,0.00,0,0,0.00,56,0,0,56,0,0.01,18,0.01,0.05,0.05,82,0.05,0.25,2,0,0.00,0.00,0.00,0.00,6,0,0.25,80,17,1,81,0,46,1,0,0.00,99,0,0.00,0.00,10.00,2.00,2,0,0,53,0.00,0.00,0.00,1,5.00,0,0,0.00,0,0.00,99,0,0.00,0.00,28,0,44,16,0,0,0,0,0,41,56,74,68,0,99,1,15,15,0,0,16,20,0,0
Tomás Parmo,18,1199779200,2008/01/08,Primera División,2026,Midfielder,Independiente,0,0,0,Argentina,0,0,0,0,0,0,0,0,0,0,0,0,0,0,0,0,0,0,0,0,0,0,0,0,0,0,0,0,0,0,0,-1,-1,-1,-1,N/A,N/A,N/A,N/A,N/A,N/A,N/A,N/A,N/A,N/A,N/A,N/A,N/A,N/A,N/A,N/A,N/A,N/A,N/A,N/A,N/A,N/A,N/A,N/A,N/A,N/A,N/A,N/A,N/A,N/A,N/A,N/A,N/A,N/A,N/A,N/A,N/A,N/A,N/A,N/A,N/A,N/A,N/A,N/A,N/A,N/A,N/A,N/A,N/A,N/A,N/A,N/A,N/A,N/A,N/A,N/A,N/A,N/A,N/A,N/A,N/A,N/A,N/A,N/A,N/A,N/A,N/A,N/A,N/A,N/A,N/A,N/A,N/A,N/A,N/A,N/A,N/A,N/A,N/A,N/A,N/A,N/A,N/A,N/A,N/A,N/A,N/A,N/A,N/A,N/A,N/A,N/A,N/A,N/A,N/A,N/A,N/A,N/A,N/A,N/A,N/A,N/A,N/A,N/A,N/A,N/A,N/A,N/A,N/A,N/A,N/A,N/A,N/A,N/A,N/A,N/A,N/A,N/A,N/A,N/A,N/A,N/A,N/A,N/A,N/A,N/A,N/A,N/A,N/A,N/A,N/A,N/A,N/A,N/A,N/A,N/A,N/A,N/A,N/A,N/A,N/A,N/A,N/A,N/A,N/A,N/A,N/A,N/A,N/A,N/A,N/A,N/A,N/A,N/A,N/A,N/A,N/A,N/A,N/A,N/A,N/A,N/A,N/A,N/A,N/A,N/A,N/A,N/A,N/A,N/A,N/A,N/A,N/A,N/A,N/A,N/A,N/A,N/A,N/A,N/A,N/A,N/A,N/A,N/A,N/A,N/A,N/A,N/A,N/A,N/A,N/A,N/A,N/A,N/A,N/A,N/A,N/A,N/A,N/A,N/A,N/A,N/A,N/A,N/A,N/A,N/A,N/A,N/A,N/A,N/A,N/A,N/A,N/A,N/A,N/A,N/A,N/A,N/A,N/A,N/A,N/A,N/A,N/A,N/A
Tomás Silva,26,939970800,1999/10/15,Primera División,2026,Defender,Platense,1170,450,720,Argentina,13,5,8,0,0,0,0,0,0,0,0,6,2,4,9,3,6,2,0,0,0,0,0,0,0,0.69,130,90,585,0,0.15,443,434,67,7,0,6.94,0,63,36.46,36.46,69,474,26.38,343,33,26.38,61,0.00,0.00,1.00,13,0.00,3.08,3.31,3.31,43,0.00,0.77,0.00,0.00,0.00,1.31,0.85,0.77,0.00,0.54,0.54,1.62,0.00,0.00,0.03,0.00,1.00,0.00,0.00,0,0,,7,0.54,31,0,0.00,22,7,0.54,43,0,0,13,97,0.00,99,0,17,1.31,73,40,49,3.08,78,0,0.00,99,0,0.00,0,0,0.00,0,1.00,67,21,1.62,63,11,0.85,52.38,0,0.00,0,0,0,0.00,0,10,0.00,73,0.77,23,N/A,N/A,N/A,N/A,0.00,0,0.00,0,0.37,0.00,0,72.36,0.00,22,5,1.54,1.54,20,69,67,0,0,0,0.54,0.54,7,84,90.28,2.62,2.62,34,0,0.00,0.00,99,0.00,0,0,0,0.00,0.00,0,0.00,0.00,0.15,0.15,2,0,0.00,56,73,49,56,73,1.36,54,0.10,0.10,0.37,26,0.03,0.03,28,8,0.62,0.62,0.92,0.92,38,12,0.03,26,79,70,81,0,66,41,0,0.00,99,13,0.00,1.00,10.77,10.77,140,74,70,61,5.69,5.69,52.86,10,0.77,46,0,22.50,0,0.00,99,9,0.69,0.69,74,71,30,16,0,0,0,0,0,41,56,74,68,0,99,81,82,33,2,15,50,3,0,0
Tomás Sultani,28,898498800,1998/06/22,Primera División,2026,Goalkeeper,Tigre,90,0,90,Argentina,1,0,1,0,0,0,0,0,0,0,0,0,0,0,2,0,2,0,0,0,0,0,0,0,0,2,45,90,0,0,0,-1,-1,-1,14,0,6.49,0,63,12.00,12.00,1,12,7.00,7,5,7.00,1,0.00,0.00,0.00,0,0.00,0.00,0.00,0.00,0,0.00,0.00,0.00,0.00,3.00,0.00,0.00,5.00,0.00,0.00,0.00,0.00,0.00,0.00,0.00,0.00,0.00,0.00,0.00,0,0,,0,0.00,8,0,0.00,22,0,0.00,9,0,0,1,5,0.00,99,0,0,0.00,10,0,28,0.00,12,0,0.00,99,0,0.00,0,0,0.00,0,0.00,8,0,0.00,9,0,0.00,0.00,0,0.00,0,3,3,3.00,69,5,0.00,1,5.00,99,N/A,N/A,N/A,N/A,60.00,0,0.00,0,0.00,0.00,0,58.33,0.00,22,99,0.00,0.00,0,12,12,0,0,2,0.00,0.00,0,29,6.49,1.00,1.00,1,0,0.00,0.00,99,0.00,0,0,0,0.00,0.00,1,1.00,1.00,0.00,0.00,0,0,0.00,56,0,0,56,1,0.02,2,0.02,0.02,0.00,9,0.00,0.00,2,0,0.00,0.00,0.00,0.00,6,0,0.00,9,17,35,81,94,46,1,0,0.00,99,0,0.00,0.00,0.00,0.00,0,0,0,0,0.00,0.00,0.00,0,0.00,99,0,0.00,0,0.00,99,0,0.00,0.00,28,0,30,16,0,0,0,0,0,41,56,74,68,0,99,1,15,15,0,0,16,26,0,0
Tomás Uriel Porra,22,1073635200,2004/01/09,Primera División,2026,Midfielder,Barracas Central,1257,627,630,Argentina,16,8,8,0,0,0,3,1,2,0,0,4,2,2,9,5,4,4,0,0.21,0.21,0,0,0,0,0.64,140,79,314,419,0.29,466,66,-1,24,0,6.78,0.19,90,33.37,29.12,59,466,21.38,342,38,24.49,54,0.00,0.00,1.31,21,0.00,1.56,1.65,1.44,23,0.00,1.81,0.00,0.00,0.00,1.06,1.38,0.62,0.00,0.86,0.56,3.25,0.00,0.19,0.05,0.00,1.00,0.00,0.00,0,0,,12,0.75,48,3,0.21,45,9,0.64,52,1,1,15,54,0.00,99,0,17,1.22,68,25,65,1.79,61,0,0.00,99,0,0.00,0,0,0.00,0,1.50,85,52,3.72,91,22,1.58,42.31,0,0.00,0,0,0,0.00,0,10,0.00,80,0.72,19,N/A,N/A,N/A,N/A,0.00,0,0.00,0,0.83,0.00,0,73.39,25.00,45,61,0.44,0.50,7,90,46,0,0,0,0.19,0.21,3,56,108.44,0.75,0.86,12,0,0.00,0.00,99,0.00,0,0,0,0.00,0.00,0,0.00,0.00,0.00,0.00,0,0,0.00,56,79,88,56,79,3.28,90,0.20,0.23,0.83,42,0.05,0.06,78,23,1.44,1.65,1.07,0.94,48,15,0.06,42,51,30,81,0,46,49,0,0.00,99,16,0.00,1.15,13.03,11.38,182,81,72,83,5.80,5.06,44.51,29,2.08,6,0,28.00,0,0.00,99,7,0.44,0.50,66,85,44,41,0,0,0,0,0,71,56,74,68,0,99,27,53,64,4,25,79,8,0,0
Ulises Giménez,20,1136102400,2006/01/01,Primera División,2026,Defender,River Plate,15,15,0,Argentina,1,1,0,0,0,0,0,0,0,0,0,1,1,0,0,0,0,0,0,0,0,0,0,0,0,0,0,15,0,0,0,-1,-1,-1,25,0,6.28,0,63,60.00,10.00,97,10,7.00,7,28,42.00,92,0.00,0.00,0.00,0,0.00,0.00,0.00,0.00,0,0.00,0.00,0.00,0.00,0.00,0.00,1.00,0.00,0.00,0.00,0.00,2.00,0.00,0.00,0.00,0.00,0.00,0.00,0.00,0,0,,0,0.00,8,0,0.00,22,0,0.00,9,0,1,0,5,0.00,99,0,0,0.00,10,0,28,0.00,12,0,0.00,99,0,0.00,0,0,0.00,0,0.00,8,2,12.00,99,1,6.00,50.00,0,0.00,0,0,0,0.00,0,0,0.00,99,0.00,0,N/A,N/A,N/A,N/A,0.00,0,0.00,0,0.00,0.00,0,70.00,0.00,22,0,1.00,6.00,1,99,66,0,0,0,0.00,0.00,0,29,6.28,0.00,0.00,0,0,0.00,0.00,99,0.00,0,0,0,0.00,0.00,0,0.00,0.00,0.00,0.00,0,0,0.00,56,0,0,56,0,0.02,63,0.02,0.12,0.00,9,0.00,0.00,2,0,0.00,0.00,6.00,1.00,99,1,0.00,9,12,1,81,0,46,1,0,0.00,99,0,0.00,0.00,30.00,5.00,5,1,77,99,6.00,1.00,20.00,0,0.00,99,0,0.00,0,0.00,99,0,0.00,0.00,28,0,44,16,0,0,0,0,0,41,56,74,68,0,99,99,15,15,0,0,16,36,0,0
Ulises Piedrabuena,18,1205391600,2008/03/13,Primera División,2026,Defender,Vélez Sarsfield,0,0,0,Argentina,0,0,0,0,0,0,0,0,0,0,0,0,0,0,0,0,0,0,0,0,0,0,0,0,0,0,0,0,0,0,0,-1,-1,-1,-1,N/A,N/A,N/A,N/A,N/A,N/A,N/A,N/A,N/A,N/A,N/A,N/A,N/A,N/A,N/A,N/A,N/A,N/A,N/A,N/A,N/A,N/A,N/A,N/A,N/A,N/A,N/A,N/A,N/A,N/A,N/A,N/A,N/A,N/A,N/A,N/A,N/A,N/A,N/A,N/A,N/A,N/A,N/A,N/A,N/A,N/A,N/A,N/A,N/A,N/A,N/A,N/A,N/A,N/A,N/A,N/A,N/A,N/A,N/A,N/A,N/A,N/A,N/A,N/A,N/A,N/A,N/A,N/A,N/A,N/A,N/A,N/A,N/A,N/A,N/A,N/A,N/A,N/A,N/A,N/A,N/A,N/A,N/A,N/A,N/A,N/A,N/A,N/A,N/A,N/A,N/A,N/A,N/A,N/A,N/A,N/A,N/A,N/A,N/A,N/A,N/A,N/A,N/A,N/A,N/A,N/A,N/A,N/A,N/A,N/A,N/A,N/A,N/A,N/A,N/A,N/A,N/A,N/A,N/A,N/A,N/A,N/A,N/A,N/A,N/A,N/A,N/A,N/A,N/A,N/A,N/A,N/A,N/A,N/A,N/A,N/A,N/A,N/A,N/A,N/A,N/A,N/A,N/A,N/A,N/A,N/A,N/A,N/A,N/A,N/A,N/A,N/A,N/A,N/A,N/A,N/A,N/A,N/A,N/A,N/A,N/A,N/A,N/A,N/A,N/A,N/A,N/A,N/A,N/A,N/A,N/A,N/A,N/A,N/A,N/A,N/A,N/A,N/A,N/A,N/A,N/A,N/A,N/A,N/A,N/A,N/A,N/A,N/A,N/A,N/A,N/A,N/A,N/A,N/A,N/A,N/A,N/A,N/A,N/A,N/A,N/A,N/A,N/A,N/A,N/A,N/A,N/A,N/A,N/A,N/A,N/A,N/A,N/A,N/A,N/A,N/A,N/A,N/A,N/A,N/A,N/A,N/A,N/A,N/A
Ulises Sánchez,28,898844400,1998/06/26,Primera División,2026,Forward,Gimnasia Mendoza,751,433,318,Argentina,12,6,6,0,0,0,0,0,0,0,0,2,1,1,13,7,6,3,0,0,0,0,0,0,0,1.56,58,63,250,0,0.36,283,269,-1,15,0,6.82,0,63,32.12,22.33,54,268,16.17,194,34,23.25,51,0.00,0.00,1.08,13,0.00,2.08,2.52,1.75,21,0.00,1.25,0.00,0.00,0.00,0.17,0.67,1.08,0.00,1.80,0.92,1.17,0.00,0.33,0.08,0.00,0.50,0.00,0.00,0,0,,15,1.25,75,4,0.48,68,11,1.32,81,1,2,10,85,0.00,99,0,2,0.24,20,25,37,3.00,76,0,0.00,99,0,0.00,0,0,0.00,0,1.56,87,14,1.68,65,8,0.96,57.14,0,0.00,0,0,0,0.00,0,13,0.00,5,1.56,86,N/A,N/A,N/A,N/A,0.00,0,0.00,0,0.91,0.00,0,72.39,26.67,46,7,1.00,1.44,12,74,75,0,0,0,0.17,0.24,2,60,81.79,1.00,1.44,12,1,0.00,0.12,3,0.08,0,0,1,0.08,0.12,0,0.00,0.00,0.00,0.00,0,0,0.00,56,42,39,56,6,0.75,47,0.06,0.09,0.91,55,0.08,0.11,88,17,1.42,2.04,1.20,0.83,56,10,0.11,54,59,47,93,0,46,29,0,0.00,99,6,0.00,0.72,11.86,8.25,99,52,82,75,6.23,4.33,52.53,15,1.80,9,0,16.00,0,0.00,99,4,0.33,0.48,64,52,57,41,0,0,0,0,0,41,56,74,68,0,99,8,41,75,3,25,79,15,0,0
Valente Pierani,20,1140595200,2006/02/22,Primera División,2026,Defender,Estudiantes,0,0,0,Argentina,0,0,0,0,0,0,0,0,0,0,0,0,0,0,0,0,0,0,0,0,0,0,0,0,0,0,0,0,0,0,0,-1,-1,-1,-1,N/A,N/A,N/A,N/A,N/A,N/A,N/A,N/A,N/A,N/A,N/A,N/A,N/A,N/A,N/A,N/A,N/A,N/A,N/A,N/A,N/A,N/A,N/A,N/A,N/A,N/A,N/A,N/A,N/A,N/A,N/A,N/A,N/A,N/A,N/A,N/A,N/A,N/A,N/A,N/A,N/A,N/A,N/A,N/A,N/A,N/A,N/A,N/A,N/A,N/A,N/A,N/A,N/A,N/A,N/A,N/A,N/A,N/A,N/A,N/A,N/A,N/A,N/A,N/A,N/A,N/A,N/A,N/A,N/A,N/A,N/A,N/A,N/A,N/A,N/A,N/A,N/A,N/A,N/A,N/A,N/A,N/A,N/A,N/A,N/A,N/A,N/A,N/A,N/A,N/A,N/A,N/A,N/A,N/A,N/A,N/A,N/A,N/A,N/A,N/A,N/A,N/A,N/A,N/A,N/A,N/A,N/A,N/A,N/A,N/A,N/A,N/A,N/A,N/A,N/A,N/A,N/A,N/A,N/A,N/A,N/A,N/A,N/A,N/A,N/A,N/A,N/A,N/A,N/A,N/A,N/A,N/A,N/A,N/A,N/A,N/A,N/A,N/A,N/A,N/A,N/A,N/A,N/A,N/A,N/A,N/A,N/A,N/A,N/A,N/A,N/A,N/A,N/A,N/A,N/A,N/A,N/A,N/A,N/A,N/A,N/A,N/A,N/A,N/A,N/A,N/A,N/A,N/A,N/A,N/A,N/A,N/A,N/A,N/A,N/A,N/A,N/A,N/A,N/A,N/A,N/A,N/A,N/A,N/A,N/A,N/A,N/A,N/A,N/A,N/A,N/A,N/A,N/A,N/A,N/A,N/A,N/A,N/A,N/A,N/A,N/A,N/A,N/A,N/A,N/A,N/A,N/A,N/A,N/A,N/A,N/A,N/A,N/A,N/A,N/A,N/A,N/A,N/A,N/A,N/A,N/A,N/A,N/A,N/A
Valentín Carboni,21,1110009600,2005/03/05,Primera División,2026,Midfielder,Racing Club,203,60,143,Argentina,5,2,3,0,0,0,0,0,0,0,0,1,0,1,5,2,3,1,0,0,0,0,0,0,0,2.22,41,41,203,0,0.44,-1,-1,-1,25,0,5.16,0,63,22.50,10.20,23,51,8.80,44,94,19.41,37,0.00,0.00,0.40,2,0.00,0.20,1.32,0.60,3,0.00,0.60,0.00,0.00,0.00,0.00,0.20,1.00,0.00,1.32,0.60,1.40,0.00,0.00,0.03,0.00,0.20,0.00,0.00,0,0,,3,0.60,64,0,0.00,22,3,1.32,81,3,2,3,38,0.00,99,0,0,0.00,10,1,28,0.44,36,0,0.00,99,0,0.00,0,0,0.00,0,0.88,61,7,3.09,85,1,0.44,14.29,0,0.00,0,0,0,0.00,0,5,0.00,0,2.21,93,N/A,N/A,N/A,N/A,0.00,0,0.00,0,0.15,0.00,0,86.27,0.00,22,9,0.60,1.32,3,47,14,0,0,0,0.00,0.00,0,29,25.81,0.40,0.88,2,0,0.00,0.00,99,0.00,0,0,0,0.00,0.00,0,0.00,0.00,0.00,0.00,0,0,0.00,56,0,1,56,0,0.20,47,0.04,0.09,0.15,44,0.03,0.07,43,2,0.40,0.88,0.88,0.40,36,2,0.07,44,1,31,81,0,46,18,0,0.00,99,1,0.00,0.44,11.03,5.00,25,7,11,65,3.09,1.40,28.00,3,1.32,22,0,0.00,0,0.00,99,0,0.00,0.00,28,3,57,74,0,0,0,0,0,41,56,74,68,0,99,15,29,86,1,20,65,21,0,0
Valentín Dávila,19,1169193600,2007/01/19,Primera División,2026,Forward,Talleres Córdoba,553,284,269,Argentina,16,7,9,4,3,1,0,0,0,0,0,6,3,3,4,2,2,0,0,0.65,0,0.65,0.95,0.33,138,0.65,138,35,0,0,0,5,535,-1,1,0,6.37,0,63,18.23,7.00,7,112,4.50,72,14,11.72,8,0.00,0.00,0.25,4,0.00,0.31,1.79,0.69,11,0.00,0.50,0.00,0.00,0.00,0.06,0.38,0.31,4.00,2.60,0.38,1.25,0.00,0.62,0.25,0.00,1.12,0.00,0.00,0,0,,16,1.00,93,10,1.63,99,6,0.98,68,2,12,4,61,0.00,99,0,1,0.16,16,5,28,0.81,47,0,0.00,99,0,0.00,0,0,0.00,0,0.65,46,20,3.25,87,6,0.98,30.00,0,0.00,0,0,0,0.00,0,5,0.00,79,0.81,28,N/A,N/A,N/A,N/A,0.00,0,0.00,0,3.93,0.00,0,64.29,62.50,96,88,0.06,0.16,1,75,24,0,0,0,0.00,0.00,0,29,101.91,0.50,1.30,8,0,0.00,0.00,99,0.00,0,0,0,0.00,0.00,0,0.00,0.00,0.16,0.06,1,0,25.00,95,23,88,57,77,0.27,11,0.02,0.04,3.93,99,0.25,0.64,81,11,0.69,1.79,2.44,0.94,95,15,0.64,99,14,42,81,0,67,88,0,0.00,99,18,0.00,2.93,16.93,6.50,104,45,93,96,7.32,2.81,43.27,8,1.30,23,0,0.00,0,0.00,99,0,0.00,0.00,28,8,99,57,0,1,0,6,0,98,99,91,99,0,99,65,15,15,0,0,16,49,0,0
Valentín Demian Fascendini,23,1047542400,2003/03/13,Primera División,2026,Defender,Unión Santa Fe,275,90,185,Argentina,5,2,3,0,0,0,0,0,0,0,0,2,2,0,1,0,1,1,1,0,0,0,0,0,0,0.33,275,55,138,0,0.65,449,439,3,25,0,5.21,0,63,35.54,21.80,66,109,17.20,86,66,28.04,65,0.00,0.00,0.00,0,0.00,0.00,0.33,0.20,1,0.00,0.20,0.00,0.00,0.00,0.60,0.00,0.40,0.00,0.33,0.20,0.20,0.00,0.00,0.01,0.00,3.00,0.00,0.00,0,0,,1,0.20,18,0,0.00,22,1,0.33,26,1,2,3,9,0.00,99,0,3,0.98,56,0,28,0.00,12,0,0.00,99,0,0.00,0,0,0.00,0,0.00,8,1,0.33,21,0,0.00,0.00,0,0.00,0,0,0,0.00,0,2,0.00,98,0.65,14,N/A,N/A,N/A,N/A,0.00,0,0.00,0,0.05,0.00,0,78.90,0.00,22,99,0.00,0.00,0,12,12,0,0,0,0.20,0.33,1,70,26.06,5.40,8.80,27,0,0.00,0.00,99,0.00,0,0,0,0.00,0.00,0,0.00,0.00,0.00,0.00,0,0,0.00,56,0,1,56,98,0.21,36,0.04,0.07,0.05,20,0.01,0.02,30,2,0.40,0.65,0.98,0.60,42,3,0.02,20,1,99,81,0,46,98,0,0.00,99,15,0.00,4.89,9.46,5.80,29,18,74,45,5.87,3.60,62.07,1,0.33,71,0,0.00,0,0.00,99,0,0.00,0.00,28,3,57,41,0,0,0,0,0,41,56,74,68,0,99,69,18,97,0,0,16,13,0,0
Valentín Depietri,25,972979200,2000/10/31,Primera División,2026,Forward,Talleres Córdoba,381,170,211,Argentina,10,5,5,1,1,0,0,0,0,0,0,2,1,1,4,2,2,1,0,0.24,0,0.24,0.53,0,381,0.94,95,38,381,0,0.24,80,549,-1,6,0,6.92,0,63,36.38,15.40,68,154,12.40,124,75,29.29,70,0.00,0.00,1.10,11,0.00,0.80,1.65,0.70,7,0.00,0.60,0.00,0.00,0.00,0.30,1.40,0.50,13.00,3.07,0.90,2.90,0.00,0.40,0.15,0.00,0.40,0.00,0.00,0,0,,13,1.30,97,4,0.94,87,9,2.13,98,6,7,3,54,0.00,99,0,3,0.71,43,8,82,1.89,62,0,0.00,99,0,0.00,0,0,0.00,0,2.60,98,29,6.85,99,14,3.31,48.28,0,0.00,0,0,0,0.00,0,5,0.00,47,1.18,63,N/A,N/A,N/A,N/A,0.00,0,0.00,0,1.49,0.00,0,80.52,30.77,54,64,0.20,0.47,2,99,58,0,0,0,0.00,0.00,0,29,69.17,0.00,0.00,0,0,0.00,0.00,99,0.00,0,0,0,0.00,0.00,0,0.00,0.00,0.47,0.20,2,0,7.69,66,2,23,70,46,0.69,76,0.07,0.16,1.49,91,0.15,0.35,47,4,0.40,0.94,1.65,0.70,81,7,0.35,90,77,1,81,0,90,38,0,0.00,99,4,0.00,0.94,15.83,6.70,67,29,88,94,6.85,2.90,43.28,6,1.42,19,0,37.50,0,0.00,99,3,0.30,0.71,75,3,92,96,0,0,0,0,0,75,87,74,95,0,99,15,63,54,1,10,34,11,0,0
Valentín Javier Moreno,23,1045641600,2003/02/19,Primera División,2026,Defender,Tigre,730,406,324,Argentina,9,5,4,0,0,0,0,0,0,0,0,3,1,2,5,4,1,4,0,0,0,0,0,0,0,0.62,146,81,183,0,0.49,320,311,40,21,0,6.82,0,63,22.07,19.89,21,179,14.22,128,31,15.78,25,0.00,0.00,1.11,10,0.00,1.78,2.71,2.44,22,0.00,0.33,0.00,0.00,0.00,1.00,0.22,0.56,0.00,0.49,0.22,0.78,0.00,0.22,0.04,0.00,1.22,0.00,0.00,0,0,,4,0.44,28,2,0.25,50,2,0.25,20,1,0,9,90,0.00,99,0,9,1.11,64,16,73,1.97,63,0,0.00,99,0,0.00,0,0,0.00,0,1.23,76,7,0.86,39,2,0.25,28.57,0,0.00,0,0,0,0.00,0,5,0.00,83,0.62,12,N/A,N/A,N/A,N/A,0.00,0,0.00,0,0.32,0.00,0,71.51,50.00,91,22,0.89,0.99,8,29,23,0,0,0,0.11,0.12,1,41,61.34,3.78,4.19,34,0,0.00,0.00,99,0.00,0,0,0,0.00,0.00,0,0.00,0.00,0.00,0.00,0,0,0.00,56,39,17,56,83,0.69,47,0.08,0.09,0.32,32,0.04,0.04,35,6,0.67,0.74,1.23,1.11,57,10,0.04,32,59,81,81,0,46,57,0,0.00,99,11,0.00,1.36,8.75,7.89,71,40,50,36,4.93,4.44,56.34,3,0.37,69,0,31.25,0,0.00,99,5,0.56,0.62,71,48,30,41,0,0,0,0,0,41,56,74,68,0,99,54,27,89,4,44,97,4,0,0
Valentín Pucheta Loza,19,1171267200,2007/02/12,Primera División,2026,Centre Back,Defensa y Justicia,0,0,0,Argentina,0,0,0,0,0,0,0,0,0,0,0,0,0,0,0,0,0,0,0,0,0,0,0,0,0,0,0,0,0,0,0,-1,-1,-1,-1,N/A,N/A,N/A,N/A,N/A,N/A,N/A,N/A,N/A,N/A,N/A,N/A,N/A,N/A,N/A,N/A,N/A,N/A,N/A,N/A,N/A,N/A,N/A,N/A,N/A,N/A,N/A,N/A,N/A,N/A,N/A,N/A,N/A,N/A,N/A,N/A,N/A,N/A,N/A,N/A,N/A,N/A,N/A,N/A,N/A,N/A,N/A,N/A,N/A,N/A,N/A,N/A,N/A,N/A,N/A,N/A,N/A,N/A,N/A,N/A,N/A,N/A,N/A,N/A,N/A,N/A,N/A,N/A,N/A,N/A,N/A,N/A,N/A,N/A,N/A,N/A,N/A,N/A,N/A,N/A,N/A,N/A,N/A,N/A,N/A,N/A,N/A,N/A,N/A,N/A,N/A,N/A,N/A,N/A,N/A,N/A,N/A,N/A,N/A,N/A,N/A,N/A,N/A,N/A,N/A,N/A,N/A,N/A,N/A,N/A,N/A,N/A,N/A,N/A,N/A,N/A,N/A,N/A,N/A,N/A,N/A,N/A,N/A,N/A,N/A,N/A,N/A,N/A,N/A,N/A,N/A,N/A,N/A,N/A,N/A,N/A,N/A,N/A,N/A,N/A,N/A,N/A,N/A,N/A,N/A,N/A,N/A,N/A,N/A,N/A,N/A,N/A,N/A,N/A,N/A,N/A,N/A,N/A,N/A,N/A,N/A,N/A,N/A,N/A,N/A,N/A,N/A,N/A,N/A,N/A,N/A,N/A,N/A,N/A,N/A,N/A,N/A,N/A,N/A,N/A,N/A,N/A,N/A,N/A,N/A,N/A,N/A,N/A,N/A,N/A,N/A,N/A,N/A,N/A,N/A,N/A,N/A,N/A,N/A,N/A,N/A,N/A,N/A,N/A,N/A,N/A,N/A,N/A,N/A,N/A,N/A,N/A,N/A,N/A,N/A,N/A,N/A,N/A,N/A,N/A,N/A,N/A,N/A,N/A
Valentino Acuña,20,1138348800,2006/01/27,Primera División,2026,Midfielder,Newell's Old Boys,296,194,102,Argentina,5,3,2,0,0,0,0,0,0,0,0,0,0,0,6,4,2,1,0,0,0,0,0,0,0,1.82,49,59,296,0,0.3,543,542,-1,28,0,6.67,0,63,23.11,15.20,24,76,12.00,60,66,18.24,34,0.00,0.00,1.80,9,0.00,3.20,2.13,1.40,7,0.00,0.60,0.00,0.00,0.00,1.00,0.40,1.20,0.00,0.00,-0.20,1.20,0.00,0.20,0.02,0.00,0.40,0.00,0.00,0,0,,0,0.00,8,1,0.30,54,-1,-0.30,0,4,1,4,75,0.00,99,0,5,1.52,84,16,95,4.86,92,0,0.00,99,0,0.00,0,0,0.00,0,2.74,99,6,1.82,67,2,0.61,33.33,0,0.00,0,0,0,0.00,0,6,0.00,2,1.82,92,N/A,N/A,N/A,N/A,0.00,0,0.00,0,0.09,0.00,0,78.95,0.00,22,78,0.20,0.30,1,56,32,0,0,0,0.40,0.61,2,87,33.36,0.60,0.91,3,0,0.00,0.00,99,0.00,0,0,0,0.00,0.00,0,0.00,0.00,0.00,0.00,0,0,0.00,56,0,1,56,2,0.43,66,0.09,0.13,0.09,26,0.02,0.03,82,6,1.20,1.82,1.22,0.80,57,4,0.03,26,35,32,81,0,46,26,0,0.00,99,2,0.00,0.61,8.21,5.40,27,14,33,29,4.26,2.80,51.85,3,0.91,38,0,56.25,0,0.00,99,9,1.80,2.74,99,8,44,84,0,0,0,0,0,41,56,74,68,0,99,1,50,65,1,20,65,10,0,0
Valentino Gandín,19,1179817200,2007/05/22,Primera División,2026,Forward,Barracas Central,0,0,0,Argentina,0,0,0,0,0,0,0,0,0,0,0,0,0,0,0,0,0,0,0,0,0,0,0,0,0,0,0,0,0,0,0,-1,-1,-1,-1,N/A,N/A,N/A,N/A,N/A,N/A,N/A,N/A,N/A,N/A,N/A,N/A,N/A,N/A,N/A,N/A,N/A,N/A,N/A,N/A,N/A,N/A,N/A,N/A,N/A,N/A,N/A,N/A,N/A,N/A,N/A,N/A,N/A,N/A,N/A,N/A,N/A,N/A,N/A,N/A,N/A,N/A,N/A,N/A,N/A,N/A,N/A,N/A,N/A,N/A,N/A,N/A,N/A,N/A,N/A,N/A,N/A,N/A,N/A,N/A,N/A,N/A,N/A,N/A,N/A,N/A,N/A,N/A,N/A,N/A,N/A,N/A,N/A,N/A,N/A,N/A,N/A,N/A,N/A,N/A,N/A,N/A,N/A,N/A,N/A,N/A,N/A,N/A,N/A,N/A,N/A,N/A,N/A,N/A,N/A,N/A,N/A,N/A,N/A,N/A,N/A,N/A,N/A,N/A,N/A,N/A,N/A,N/A,N/A,N/A,N/A,N/A,N/A,N/A,N/A,N/A,N/A,N/A,N/A,N/A,N/A,N/A,N/A,N/A,N/A,N/A,N/A,N/A,N/A,N/A,N/A,N/A,N/A,N/A,N/A,N/A,N/A,N/A,N/A,N/A,N/A,N/A,N/A,N/A,N/A,N/A,N/A,N/A,N/A,N/A,N/A,N/A,N/A,N/A,N/A,N/A,N/A,N/A,N/A,N/A,N/A,N/A,N/A,N/A,N/A,N/A,N/A,N/A,N/A,N/A,N/A,N/A,N/A,N/A,N/A,N/A,N/A,N/A,N/A,N/A,N/A,N/A,N/A,N/A,N/A,N/A,N/A,N/A,N/A,N/A,N/A,N/A,N/A,N/A,N/A,N/A,N/A,N/A,N/A,N/A,N/A,N/A,N/A,N/A,N/A,N/A,N/A,N/A,N/A,N/A,N/A,N/A,N/A,N/A,N/A,N/A,N/A,N/A,N/A,N/A,N/A,N/A,N/A,N/A
Valentino Simoni,22,1083308400,2004/04/30,Primera División,2026,Forward,Gimnasia Mendoza,597,350,247,Argentina,14,8,6,1,0,1,0,0,0,0,0,4,2,2,8,4,4,1,0,0.15,0,0.15,0,0.36,597,1.21,75,43,597,0,0.15,133,390,-1,5,0,6.68,0,63,21.56,10.21,18,143,6.86,96,20,14.47,19,0.00,0.00,0.71,10,0.00,0.14,0.90,0.43,6,0.00,0.50,0.00,0.00,0.00,0.07,0.29,0.57,8.00,1.21,0.07,0.71,0.00,0.50,0.12,0.00,1.79,0.00,0.00,0,0,,8,0.57,60,7,1.06,91,1,0.15,13,1,6,8,21,0.00,99,0,1,0.15,15,2,28,0.30,29,0,0.00,99,0,0.00,0,0,0.00,0,1.51,86,10,1.51,61,4,0.60,40.00,0,0.00,0,0,0,0.00,0,8,0.00,22,1.21,66,N/A,N/A,N/A,N/A,0.00,0,0.00,0,1.63,0.00,0,67.13,87.50,99,66,0.21,0.45,3,56,43,0,0,0,0.00,0.00,0,29,93.51,0.79,1.66,11,0,0.00,0.00,99,0.00,0,0,0,0.00,0.00,0,0.00,0.00,0.15,0.07,1,0,12.50,79,28,61,81,24,0.51,42,0.04,0.08,1.63,82,0.12,0.25,35,5,0.36,0.75,0.75,0.36,28,5,0.25,80,36,54,81,0,66,96,0,0.00,99,25,0.00,3.77,15.83,7.50,105,38,72,94,5.73,2.71,36.19,7,1.06,31,0,0.00,0,0.00,99,0,0.00,0.00,28,40,88,41,0,0,0,0,0,60,76,93,68,0,99,39,83,33,1,7,25,35,0,0
Valentino Torrente,20,1124953200,2005/08/25,Primera División,2026,Defender,Newell's Old Boys,0,0,0,Argentina,0,0,0,0,0,0,0,0,0,0,0,0,0,0,0,0,0,0,0,0,0,0,0,0,0,0,0,0,0,0,0,-1,-1,-1,-1,N/A,N/A,N/A,N/A,N/A,N/A,N/A,N/A,N/A,N/A,N/A,N/A,N/A,N/A,N/A,N/A,N/A,N/A,N/A,N/A,N/A,N/A,N/A,N/A,N/A,N/A,N/A,N/A,N/A,N/A,N/A,N/A,N/A,N/A,N/A,N/A,N/A,N/A,N/A,N/A,N/A,N/A,N/A,N/A,N/A,N/A,N/A,N/A,N/A,N/A,N/A,N/A,N/A,N/A,N/A,N/A,N/A,N/A,N/A,N/A,N/A,N/A,N/A,N/A,N/A,N/A,N/A,N/A,N/A,N/A,N/A,N/A,N/A,N/A,N/A,N/A,N/A,N/A,N/A,N/A,N/A,N/A,N/A,N/A,N/A,N/A,N/A,N/A,N/A,N/A,N/A,N/A,N/A,N/A,N/A,N/A,N/A,N/A,N/A,N/A,N/A,N/A,N/A,N/A,N/A,N/A,N/A,N/A,N/A,N/A,N/A,N/A,N/A,N/A,N/A,N/A,N/A,N/A,N/A,N/A,N/A,N/A,N/A,N/A,N/A,N/A,N/A,N/A,N/A,N/A,N/A,N/A,N/A,N/A,N/A,N/A,N/A,N/A,N/A,N/A,N/A,N/A,N/A,N/A,N/A,N/A,N/A,N/A,N/A,N/A,N/A,N/A,N/A,N/A,N/A,N/A,N/A,N/A,N/A,N/A,N/A,N/A,N/A,N/A,N/A,N/A,N/A,N/A,N/A,N/A,N/A,N/A,N/A,N/A,N/A,N/A,N/A,N/A,N/A,N/A,N/A,N/A,N/A,N/A,N/A,N/A,N/A,N/A,N/A,N/A,N/A,N/A,N/A,N/A,N/A,N/A,N/A,N/A,N/A,N/A,N/A,N/A,N/A,N/A,N/A,N/A,N/A,N/A,N/A,N/A,N/A,N/A,N/A,N/A,N/A,N/A,N/A,N/A,N/A,N/A,N/A,N/A,N/A,N/A
Vicente Pizarro,23,1036483200,2002/11/05,Primera División,2026,Midfielder,Rosario Central,1568,804,764,Chile,18,9,9,1,1,0,1,0,1,0,0,4,2,2,16,8,8,4,0,0.11,0.06,0.06,0.11,0,1568,0.92,98,87,392,1568,0.23,230,194,-1,9,0,7.06,0.06,65,49.76,48.17,91,867,41.06,739,93,42.42,92,0.00,0.00,1.44,26,0.00,1.78,1.38,1.33,24,0.00,0.50,0.00,0.00,0.00,1.28,1.00,0.89,9.00,0.52,0.28,1.33,0.00,0.22,0.08,0.00,0.94,0.00,0.00,0,0,,9,0.50,29,4,0.23,47,5,0.29,23,1,0,18,41,0.00,99,0,23,1.32,74,32,85,1.84,61,0,0.00,99,0,0.00,0,0,0.00,0,1.49,85,24,1.38,55,18,1.03,75.00,0,0.00,0,0,0,0.00,0,16,0.00,48,0.92,40,N/A,N/A,N/A,N/A,0.00,0,0.00,0,1.38,0.00,0,85.24,44.44,80,50,0.61,0.63,11,78,90,0,0,0,0.11,0.11,2,38,127.12,0.89,0.92,16,0,0.00,0.00,99,0.00,0,0,0,0.00,0.00,0,0.00,0.00,0.00,0.00,0,0,11.11,76,97,98,99,49,3.07,81,0.17,0.18,1.38,48,0.08,0.08,39,14,0.78,0.80,0.98,0.94,42,17,0.08,48,90,32,81,0,46,40,0,0.00,99,17,0.00,0.98,7.92,7.67,138,73,30,25,4.19,4.06,52.90,9,0.52,61,0,40.62,0,0.00,99,13,0.72,0.75,77,98,30,41,0,0,0,0,0,54,59,74,69,0,99,18,65,52,4,22,71,20,0,0
Víctor Ignacio Malcorra,38,554108400,1987/07/24,Primera División,2026,Midfielder,Independiente,1211,625,586,Argentina,15,8,7,1,0,1,3,3,0,0,0,4,3,1,15,8,7,3,0,0.3,0.22,0.07,0,0.15,1211,1.11,81,81,404,404,0.22,218,59,-1,6,0,6.91,0.2,91,28.76,25.80,42,387,18.73,281,36,20.88,43,0.00,0.00,1.67,25,0.00,6.53,0.89,0.80,12,0.00,0.80,0.00,0.00,0.00,0.20,0.33,1.00,29.00,2.16,1.40,0.67,0.00,0.53,0.17,0.00,0.53,0.00,0.00,0,0,,29,1.93,83,8,0.59,75,21,1.56,88,3,1,14,20,0.00,99,0,3,0.22,19,98,48,7.28,98,0,0.00,99,0,0.00,0,0,0.00,0,1.86,94,10,0.74,36,5,0.37,50.00,0,0.00,0,0,0,0.00,0,15,0.00,32,1.11,58,N/A,N/A,N/A,N/A,0.00,0,0.00,0,2.52,0.00,0,72.61,27.59,47,29,0.80,0.89,12,41,66,0,0,0,0.20,0.22,3,58,103.66,0.93,1.04,14,0,0.00,0.00,99,0.00,0,0,1,0.07,0.07,0,0.00,0.00,0.07,0.07,1,0,3.45,56,75,73,95,32,3.31,93,0.22,0.25,2.52,72,0.17,0.19,72,19,1.27,1.41,0.59,0.53,18,8,0.19,71,74,36,85,0,51,25,0,0.00,99,8,0.00,0.59,6.61,5.93,89,42,11,14,3.12,2.80,47.19,12,0.89,40,0,21.43,0,0.00,99,21,1.40,1.56,95,78,44,74,0,0,0,0,0,80,61,80,68,0,99,33,66,50,3,20,65,40,0,0
Víctor Leandro Cuesta,37,595929600,1988/11/19,Primera División,2026,Defender,Platense,810,450,360,Argentina,9,5,4,0,0,0,0,0,0,0,0,4,2,2,6,5,1,5,0,0,0,0,0,0,0,0.67,135,90,162,0,0.56,265,249,56,11,0,7.02,0,63,33.11,33.11,58,298,28.89,260,96,28.89,69,0.00,0.00,0.00,0,0.00,0.44,1.11,1.11,10,0.00,0.22,0.00,0.00,0.00,1.67,0.00,0.78,0.00,0.78,0.56,0.11,0.00,0.22,0.05,0.00,2.67,0.00,0.00,0,0,,7,0.78,44,2,0.22,46,5,0.56,45,0,0,9,28,0.00,99,0,15,1.67,89,4,57,0.44,36,0,0.00,99,0,0.00,0,0,0.00,0,0.00,8,1,0.11,11,0,0.00,0.00,0,0.00,0,0,0,0.00,0,7,0.00,77,0.78,25,N/A,N/A,N/A,N/A,0.00,0,0.00,0,0.46,0.00,0,87.25,28.57,50,83,0.22,0.22,2,12,12,0,0,0,1.00,1.00,9,99,63.15,7.00,7.00,63,0,0.00,0.00,99,0.00,0,0,0,0.00,0.00,0,0.00,0.00,0.00,0.00,0,0,0.00,56,46,17,56,77,0.57,26,0.06,0.06,0.46,36,0.05,0.05,58,10,1.11,1.11,1.33,1.33,64,12,0.05,36,86,94,81,0,46,83,0,0.00,99,24,0.00,2.67,7.33,7.33,66,43,46,20,4.78,4.78,65.15,2,0.22,78,0,25.00,0,0.00,99,1,0.11,0.11,36,48,30,16,0,0,0,0,0,41,56,74,68,0,99,78,23,94,5,56,99,31,0,0
Victorio Gabriel Ramis,32,773564400,1994/07/07,Primera División,2026,Forward,Independiente Rivadavia,61,13,48,Argentina,4,2,2,0,0,0,0,0,0,0,0,0,0,0,1,0,1,0,0,0,0,0,0,0,0,1.48,61,15,0,0,0,-1,-1,-1,23,0,5.00,0,63,23.61,4.00,26,16,3.50,14,96,20.66,42,0.00,0.00,0.25,1,0.00,0.00,1.48,0.25,1,0.00,0.00,0.00,0.00,0.00,0.25,0.00,0.25,0.00,1.48,0.00,0.00,0.00,0.25,0.04,0.00,0.25,0.00,0.00,0,0,,1,0.25,67,1,1.48,98,0,0.00,9,1,3,1,46,0.00,99,0,1,1.48,82,0,28,0.00,12,0,0.00,99,0,0.00,0,0,0.00,0,1.48,84,0,0.00,9,0,0.00,0.00,0,0.00,0,0,0,0.00,0,1,0.00,7,1.48,83,N/A,N/A,N/A,N/A,0.00,0,0.00,0,0.16,0.00,0,87.50,100.00,99,99,0.00,0.00,0,12,12,0,0,0,0.00,0.00,0,29,19.99,0.00,0.00,0,0,0.00,0.00,99,0.00,0,0,0,0.00,0.00,0,0.00,0.00,0.00,0.00,0,0,0.00,56,0,0,56,7,0.06,47,0.01,0.09,0.16,80,0.04,0.24,74,1,0.25,1.48,1.48,0.25,72,1,0.24,78,1,1,81,0,46,60,0,0.00,99,1,0.00,1.48,7.38,1.25,5,3,37,20,4.43,0.75,60.00,0,0.00,99,0,0.00,0,0.00,99,0,0.00,0.00,28,0,66,41,0,0,0,0,0,41,56,74,68,0,99,1,15,15,0,0,16,7,0,0
Walter Ariel Bou,32,746262000,1993/08/25,Primera División,2026,Forward,Lanús,589,230,359,Argentina,11,5,6,2,1,1,0,0,0,0,0,4,2,2,8,3,5,1,0,0.31,0,0.31,0.39,0.25,295,1.22,74,54,589,0,0.15,62,524,-1,4,0,6.11,0,63,25.17,15.00,32,165,11.18,123,43,18.76,36,0.00,0.00,0.45,5,0.00,0.27,1.07,0.64,7,0.00,0.55,0.00,0.00,0.00,0.36,0.18,0.82,5.50,1.68,0.55,0.73,0.00,0.45,0.19,0.00,0.55,0.00,0.00,0,0,,11,1.00,72,5,0.76,83,6,0.92,66,3,3,8,26,0.00,99,0,4,0.61,37,3,79,0.46,36,0,0.00,99,0,0.00,0,0,0.00,0,0.76,53,8,1.22,50,2,0.31,25.00,0,0.00,0,0,0,0.00,0,9,0.00,20,1.37,77,N/A,N/A,N/A,N/A,0.00,0,0.00,0,2.10,0.00,0,74.55,45.45,80,88,0.09,0.15,1,34,21,1,0,0,0.00,0.00,0,29,67.19,0.82,1.37,9,0,0.00,0.00,99,0.00,0,1,0,0.00,0.00,0,0.00,0.00,0.92,0.55,6,0,18.18,89,27,31,67,21,0.50,42,0.05,0.08,1.40,76,0.13,0.21,28,4,0.36,0.61,1.37,0.82,65,9,0.32,88,9,45,81,0,97,37,0,0.00,99,6,0.00,0.92,8.85,5.27,58,18,9,38,2.75,1.64,31.03,6,0.92,38,0,33.33,0,0.00,99,1,0.09,0.15,40,40,66,74,0,0,0,0,0,81,90,87,90,0,99,59,83,33,1,9,32,9,0,0
Walter Mazzantti,29,841906800,1996/09/05,Primera División,2026,Forward,Newell's Old Boys,755,317,438,Argentina,14,6,8,1,1,0,1,0,1,0,0,4,3,1,13,2,11,1,0,0.24,0.12,0.12,0.28,0,755,1.55,58,54,755,755,0.12,165,117,-1,3,0,5.41,0.07,79,22.41,13.43,22,188,10.50,147,63,17.52,31,0.00,0.00,0.86,12,0.00,1.43,2.26,1.36,19,0.00,0.79,0.00,0.00,0.00,0.14,0.86,0.93,7.00,0.83,0.21,1.36,0.00,0.29,0.09,0.00,0.43,0.00,0.00,0,0,,7,0.50,47,4,0.48,68,3,0.36,30,3,6,8,79,0.00,99,0,2,0.24,20,20,57,2.38,67,0,0.00,99,0,0.00,0,0,0.00,0,1.43,83,19,2.26,75,12,1.43,63.16,0,0.00,0,0,0,0.00,0,13,0.00,6,1.55,85,N/A,N/A,N/A,N/A,0.00,0,0.00,0,1.26,0.00,0,78.19,57.14,93,7,0.86,1.43,12,88,81,0,0,0,0.07,0.12,1,41,75.79,0.29,0.48,4,0,0.00,0.00,99,0.00,0,0,0,0.00,0.00,0,0.00,0.00,0.95,0.57,8,0,14.29,83,43,61,88,6,1.36,76,0.10,0.16,1.26,66,0.09,0.15,67,11,0.79,1.31,1.19,0.71,55,10,0.15,64,2,14,81,0,98,29,0,0.00,99,6,0.00,0.72,11.68,7.00,98,48,71,72,5.72,3.43,48.98,11,1.31,23,0,25.00,0,0.00,99,5,0.36,0.60,69,40,88,74,0,0,0,0,0,75,70,74,85,0,99,39,90,27,1,7,25,17,0,0
Walter Núñez,23,1045123200,2003/02/13,Primera División,2026,Forward,Newell's Old Boys,767,519,248,Argentina,15,8,7,1,0,1,1,1,0,0,0,2,2,0,11,6,5,2,0,0.23,0.12,0.12,0,0.36,767,1.29,70,51,384,767,0.23,166,121,-1,5,0,6.74,0.07,79,20.30,11.53,12,173,8.47,127,38,14.90,21,0.00,0.00,0.73,11,0.00,2.07,2.35,1.33,20,0.00,2.27,0.00,0.00,0.00,0.53,1.20,0.73,16.00,1.88,0.73,2.73,0.00,0.33,0.12,0.00,0.53,0.00,0.00,0,0,,16,1.07,77,5,0.59,75,11,1.29,80,2,6,9,81,0.00,99,0,8,0.94,54,31,58,3.64,82,0,0.00,99,0,0.00,0,0,0.00,0,1.29,77,41,4.81,97,18,2.11,43.90,0,0.00,0,0,0,0.00,0,11,0.00,16,1.29,72,N/A,N/A,N/A,N/A,0.00,0,0.00,0,1.76,0.00,0,73.41,31.25,55,64,0.27,0.47,4,96,50,0,0,0,0.07,0.12,1,41,101.10,0.27,0.47,4,0,0.00,0.00,99,0.00,0,0,1,0.07,0.12,0,0.00,0.00,0.00,0.00,0,0,6.25,62,44,73,88,17,1.24,74,0.08,0.15,1.76,76,0.12,0.21,77,14,0.93,1.64,1.88,1.07,86,16,0.21,74,46,13,93,0,46,38,0,0.00,99,8,0.00,0.94,17.48,9.93,149,59,89,97,6.92,3.93,39.60,34,3.99,0,0,25.81,0,0.00,99,8,0.53,0.94,82,48,88,57,0,0,0,0,0,73,70,93,68,0,99,5,64,52,2,13,43,33,0,0
Wilfredo Rivera,22,1066114800,2003/10/14,Primera División,2026,Forward,Barracas Central,0,0,0,Puerto Rico,0,0,0,0,0,0,0,0,0,0,0,0,0,0,0,0,0,0,0,0,0,0,0,0,0,0,0,0,0,0,0,-1,-1,-1,-1,N/A,N/A,N/A,N/A,N/A,N/A,N/A,N/A,N/A,N/A,N/A,N/A,N/A,N/A,N/A,N/A,N/A,N/A,N/A,N/A,N/A,N/A,N/A,N/A,N/A,N/A,N/A,N/A,N/A,N/A,N/A,N/A,N/A,N/A,N/A,N/A,N/A,N/A,N/A,N/A,N/A,N/A,N/A,N/A,N/A,N/A,N/A,N/A,N/A,N/A,N/A,N/A,N/A,N/A,N/A,N/A,N/A,N/A,N/A,N/A,N/A,N/A,N/A,N/A,N/A,N/A,N/A,N/A,N/A,N/A,N/A,N/A,N/A,N/A,N/A,N/A,N/A,N/A,N/A,N/A,N/A,N/A,N/A,N/A,N/A,N/A,N/A,N/A,N/A,N/A,N/A,N/A,N/A,N/A,N/A,N/A,N/A,N/A,N/A,N/A,N/A,N/A,N/A,N/A,N/A,N/A,N/A,N/A,N/A,N/A,N/A,N/A,N/A,N/A,N/A,N/A,N/A,N/A,N/A,N/A,N/A,N/A,N/A,N/A,N/A,N/A,N/A,N/A,N/A,N/A,N/A,N/A,N/A,N/A,N/A,N/A,N/A,N/A,N/A,N/A,N/A,N/A,N/A,N/A,N/A,N/A,N/A,N/A,N/A,N/A,N/A,N/A,N/A,N/A,N/A,N/A,N/A,N/A,N/A,N/A,N/A,N/A,N/A,N/A,N/A,N/A,N/A,N/A,N/A,N/A,N/A,N/A,N/A,N/A,N/A,N/A,N/A,N/A,N/A,N/A,N/A,N/A,N/A,N/A,N/A,N/A,N/A,N/A,N/A,N/A,N/A,N/A,N/A,N/A,N/A,N/A,N/A,N/A,N/A,N/A,N/A,N/A,N/A,N/A,N/A,N/A,N/A,N/A,N/A,N/A,N/A,N/A,N/A,N/A,N/A,N/A,N/A,N/A,N/A,N/A,N/A,N/A,N/A,N/A
William Héctor Alarcón Cepeda,25,974707200,2000/11/20,Primera División,2026,Midfielder,Boca Juniors,327,205,122,Chile,5,3,2,0,0,0,1,0,1,0,0,2,2,0,4,1,3,1,0,0.28,0.28,0,0,0,0,1.1,82,65,327,327,0.28,256,33,-1,29,0,6.88,0.2,95,43.76,31.80,83,159,28.80,144,99,39.63,89,0.00,0.00,1.20,6,0.00,1.00,1.65,1.20,6,0.00,0.60,0.00,0.00,0.00,1.00,0.60,0.80,0.00,0.83,0.40,1.40,0.00,0.20,0.04,0.00,0.40,0.00,0.00,0,0,,3,0.60,47,1,0.28,52,2,0.55,44,3,0,5,54,0.00,99,0,5,1.38,78,5,85,1.38,56,0,0.00,99,0,0.00,0,0,0.00,0,1.65,89,7,1.93,68,3,0.83,42.86,0,0.00,0,0,0,0.00,0,4,0.00,34,1.10,58,N/A,N/A,N/A,N/A,0.00,0,0.00,0,0.21,0.00,0,90.57,33.33,62,57,0.40,0.55,2,67,48,0,0,0,0.40,0.55,2,85,34.40,1.00,1.38,5,0,0.00,0.00,99,0.00,0,0,0,0.00,0.00,0,0.00,0.00,0.28,0.20,1,0,0.00,56,0,1,56,34,1.12,97,0.22,0.31,0.21,42,0.04,0.06,71,5,1.00,1.38,1.10,0.80,50,4,0.06,42,69,46,81,0,79,23,0,0.00,99,2,0.00,0.55,8.53,6.20,31,16,36,32,4.40,3.20,51.61,3,0.83,42,0,40.00,0,0.00,99,2,0.40,0.55,68,18,30,74,0,0,0,0,0,78,56,74,68,0,99,69,55,62,1,20,65,15,0,0
Williams Barlasina,28,899103600,1998/06/29,Primera División,2026,Goalkeeper,Newell's Old Boys,377,287,90,Argentina,5,4,1,0,0,0,0,0,0,0,0,1,1,0,9,4,5,0,0,0,0,0,0,0,0,2.15,42,75,0,0,0,537,537,242,22,0,6.79,0,63,20.77,17.40,15,87,11.00,55,11,13.13,13,0.00,0.00,0.00,0,0.00,0.00,0.00,0.00,0,0.00,0.00,0.00,0.00,3.40,0.00,0.00,5.20,0.00,0.00,0.00,0.00,0.00,0.00,0.00,0.00,0.00,0.00,0.00,0,0,,0,0.00,8,0,0.00,22,0,0.00,9,0,1,4,5,0.00,99,0,0,0.00,10,0,28,0.00,12,0,0.00,99,0,0.00,0,0,0.00,0,0.00,8,0,0.00,9,0,0.00,0.00,0,0.00,0,17,17,4.06,92,26,0.00,0,6.21,99,N/A,N/A,N/A,N/A,65.38,0,0.00,0,0.00,0.00,0,63.22,0.00,22,99,0.00,0.00,0,12,12,0,0,15,0.00,0.00,0,29,33.96,0.20,0.24,1,0,0.00,0.00,99,0.00,0,0,0,0.00,0.00,0,0.00,0.00,0.00,0.00,0,0,0.00,56,2,1,56,0,0.11,6,0.02,0.03,0.00,9,0.00,0.00,9,1,0.20,0.24,0.00,0.00,6,0,0.00,9,53,7,81,0,46,1,0,0.00,99,0,0.00,0.00,0.24,0.20,1,1,1,0,0.24,0.20,100.00,0,0.00,99,0,0.00,0,0.00,99,0,0.00,0.00,28,8,44,16,0,0,0,0,0,41,56,74,68,0,99,15,15,15,0,0,16,1,0,0
Yair Ezequiel Arismendi,28,891763200,1998/04/05,Primera División,2026,Forward,Sarmiento,597,295,302,Argentina,10,5,5,0,0,0,0,0,0,0,0,2,2,0,7,3,4,3,0,0,0,0,0,0,0,1.06,85,60,199,0,0.45,340,331,-1,18,0,6.65,0,63,21.71,14.40,19,144,9.70,97,21,14.62,20,0.00,0.00,0.50,5,0.00,1.60,1.36,0.90,9,0.00,0.30,0.00,0.00,0.00,0.70,0.90,0.90,0.00,1.21,0.80,1.20,0.00,0.00,0.04,0.00,0.40,0.00,0.00,0,0,,8,0.80,60,0,0.00,22,8,1.21,78,1,4,6,40,0.00,99,0,7,1.06,61,16,57,2.41,67,0,0.00,99,0,0.00,0,0,0.00,0,0.75,52,12,1.81,67,9,1.36,75.00,0,0.00,0,0,0,0.00,0,9,0.00,36,1.36,75,N/A,N/A,N/A,N/A,0.00,0,0.00,0,0.37,0.00,0,67.36,0.00,22,53,0.40,0.60,4,86,90,0,0,0,0.10,0.15,1,45,66.51,2.40,3.62,24,0,0.00,0.00,99,0.00,0,0,1,0.10,0.15,0,0.00,0.00,0.15,0.10,1,0,0.00,56,28,23,56,36,0.41,26,0.04,0.06,0.37,42,0.04,0.06,92,15,1.50,2.26,1.36,0.90,64,9,0.06,42,32,79,94,0,66,25,0,0.00,99,4,0.00,0.60,9.65,6.40,64,37,67,47,5.58,3.70,57.81,3,0.45,65,0,25.00,0,0.00,99,4,0.40,0.60,69,27,75,41,0,0,0,0,0,41,56,74,68,0,99,15,29,87,3,30,87,26,0,0
Yeison Stiven Gordillo Vargas,34,709455600,1992/06/25,Primera División,2026,Midfielder,Barracas Central,0,0,0,Colombia,0,0,0,0,0,0,0,0,0,0,0,0,0,0,0,0,0,0,0,0,0,0,0,0,0,0,0,0,0,0,0,-1,-1,-1,-1,N/A,N/A,N/A,N/A,N/A,N/A,N/A,N/A,N/A,N/A,N/A,N/A,N/A,N/A,N/A,N/A,N/A,N/A,N/A,N/A,N/A,N/A,N/A,N/A,N/A,N/A,N/A,N/A,N/A,N/A,N/A,N/A,N/A,N/A,N/A,N/A,N/A,N/A,N/A,N/A,N/A,N/A,N/A,N/A,N/A,N/A,N/A,N/A,N/A,N/A,N/A,N/A,N/A,N/A,N/A,N/A,N/A,N/A,N/A,N/A,N/A,N/A,N/A,N/A,N/A,N/A,N/A,N/A,N/A,N/A,N/A,N/A,N/A,N/A,N/A,N/A,N/A,N/A,N/A,N/A,N/A,N/A,N/A,N/A,N/A,N/A,N/A,N/A,N/A,N/A,N/A,N/A,N/A,N/A,N/A,N/A,N/A,N/A,N/A,N/A,N/A,N/A,N/A,N/A,N/A,N/A,N/A,N/A,N/A,N/A,N/A,N/A,N/A,N/A,N/A,N/A,N/A,N/A,N/A,N/A,N/A,N/A,N/A,N/A,N/A,N/A,N/A,N/A,N/A,N/A,N/A,N/A,N/A,N/A,N/A,N/A,N/A,N/A,N/A,N/A,N/A,N/A,N/A,N/A,N/A,N/A,N/A,N/A,N/A,N/A,N/A,N/A,N/A,N/A,N/A,N/A,N/A,N/A,N/A,N/A,N/A,N/A,N/A,N/A,N/A,N/A,N/A,N/A,N/A,N/A,N/A,N/A,N/A,N/A,N/A,N/A,N/A,N/A,N/A,N/A,N/A,N/A,N/A,N/A,N/A,N/A,N/A,N/A,N/A,N/A,N/A,N/A,N/A,N/A,N/A,N/A,N/A,N/A,N/A,N/A,N/A,N/A,N/A,N/A,N/A,N/A,N/A,N/A,N/A,N/A,N/A,N/A,N/A,N/A,N/A,N/A,N/A,N/A,N/A,N/A,N/A,N/A,N/A,N/A
Yonatthan Nicolás Rak Barragán,32,745657200,1993/08/18,Primera División,2026,Defender,Barracas Central,189,189,0,Uruguay,4,4,0,0,0,0,0,0,0,0,0,0,0,0,3,3,0,0,0,0,0,0,0,0,0,1.43,63,47,0,0,0,-1,-1,-1,18,0,5.18,0,63,62.38,32.75,98,131,29.25,117,99,55.71,99,0.00,0.00,0.25,1,0.00,0.00,1.43,0.75,3,0.00,0.00,0.00,0.00,0.00,0.75,0.00,0.75,0.00,0.48,0.25,0.00,0.00,0.00,0.01,0.00,0.75,0.00,0.00,0,0,,1,0.25,27,0,0.00,22,1,0.48,40,0,2,2,43,0.00,99,0,3,1.43,81,0,28,0.00,12,0,0.00,99,0,0.00,0,0,0.00,0,0.48,36,0,0.00,9,0,0.00,0.00,0,0.00,0,0,0,0.00,0,3,0.00,9,1.43,80,N/A,N/A,N/A,N/A,0.00,0,0.00,0,0.05,0.00,0,89.31,0.00,22,26,0.50,0.95,2,12,12,0,0,0,1.00,1.90,4,99,20.72,2.25,4.29,9,0,0.00,0.00,99,0.00,0,0,0,0.00,0.00,0,0.00,0.00,0.00,0.00,0,0,0.00,56,0,0,56,9,0.30,70,0.07,0.14,0.05,20,0.01,0.02,47,2,0.50,0.95,0.48,0.25,13,1,0.02,20,1,82,81,0,46,58,0,0.00,99,3,0.00,1.43,6.67,3.50,14,8,21,14,3.81,2.00,57.14,0,0.00,99,0,0.00,0,0.00,99,0,0.00,0.00,28,0,57,16,0,0,0,0,0,41,56,74,68,0,99,1,15,15,0,0,16,15,0,0
Yoshan Stiven Valois Murillo,21,1096873200,2004/10/04,Primera División,2026,Forward,Lanús,394,257,137,Colombia,9,5,4,1,1,0,0,0,0,0,0,6,5,1,1,0,1,0,0,0.23,0,0.23,0.35,0,394,0.23,394,44,0,0,0,83,274,-1,7,0,6.73,0,63,20.56,10.00,14,90,7.56,68,49,15.53,23,0.00,0.00,0.67,6,0.00,0.22,0.23,0.11,1,0.00,0.89,0.00,0.00,0.00,0.00,0.33,0.22,7.00,1.60,0.56,0.78,0.00,0.22,0.12,0.00,1.56,0.00,0.00,0,0,,7,0.78,70,2,0.46,67,5,1.14,74,1,5,4,8,0.00,99,0,0,0.00,10,2,95,0.46,36,0,0.00,99,0,0.00,0,0,0.00,0,1.37,80,7,1.60,62,3,0.69,42.86,0,0.00,0,0,0,0.00,0,2,0.00,99,0.46,4,N/A,N/A,N/A,N/A,0.00,0,0.00,0,1.08,0.00,0,75.56,28.57,50,99,0.00,0.00,0,60,48,0,0,0,0.22,0.46,2,80,60.54,0.33,0.69,3,0,0.00,0.00,99,0.00,0,0,0,0.00,0.00,0,0.00,0.00,0.46,0.22,2,0,14.29,83,4,17,70,99,0.31,36,0.03,0.07,1.08,82,0.12,0.25,76,7,0.78,1.60,2.97,1.44,98,13,0.25,80,44,21,81,0,90,91,0,0.00,99,14,0.00,3.20,13.93,6.78,61,25,70,88,5.71,2.78,40.98,8,1.83,9,0,50.00,0,0.00,99,1,0.11,0.23,50,8,82,41,0,0,0,0,0,73,86,74,88,0,99,99,15,15,0,0,16,19,0,0
Yuri Casermeiro,24,1015920000,2002/03/12,Primera División,2026,Defender,Central Córdoba SdE,526,302,224,Argentina,8,5,3,0,0,0,0,0,0,0,0,3,2,1,6,5,1,2,0,0,0,0,0,0,0,1.03,88,66,263,0,0.34,370,398,149,7,0,6.78,0,63,31.48,23.00,52,184,16.25,130,29,22.24,48,0.00,0.00,0.00,0,0.00,0.38,3.08,2.25,18,0.00,0.38,0.00,0.00,0.00,1.38,0.25,0.88,0.00,0.34,0.00,0.50,0.00,0.25,0.03,0.00,2.38,0.00,0.00,0,0,,2,0.25,19,2,0.34,58,0,0.00,9,1,3,5,95,0.00,99,0,11,1.88,93,3,28,0.51,39,0,0.00,99,0,0.00,0,0,0.00,0,0.00,8,4,0.68,34,2,0.34,50.00,0,0.00,0,0,0,0.00,0,7,0.00,38,1.20,66,N/A,N/A,N/A,N/A,0.00,0,0.00,0,0.22,0.00,0,70.65,100.00,99,46,0.50,0.68,4,37,66,0,0,0,0.62,0.86,5,96,54.22,4.38,5.99,35,0,0.00,0.00,99,0.00,0,0,0,0.00,0.00,0,0.00,0.00,0.34,0.25,2,0,0.00,56,20,11,56,39,0.25,11,0.03,0.04,0.22,32,0.03,0.04,25,3,0.38,0.51,0.68,0.50,23,4,0.04,32,51,89,81,0,84,91,0,0.00,99,19,0.00,3.25,10.95,8.00,64,42,91,64,7.19,5.25,65.62,3,0.51,62,0,0.00,0,0.00,99,0,0.00,0.00,28,18,66,41,0,0,0,0,0,41,56,74,68,0,99,65,44,72,2,25,79,17,0,0
Zahir Facundo Mansilla,27,920102400,1999/02/27,Primera División,2026,Defender,Central Córdoba SdE,1115,496,619,Argentina,13,6,7,0,0,0,0,0,0,0,0,5,4,1,11,3,8,1,0,0,0,0,0,0,0,0.89,101,86,1115,0,0.08,367,354,115,22,0,6.96,0,63,38.34,36.54,72,475,30.46,396,85,31.96,77,0.00,0.00,0.08,1,0.00,0.15,1.78,1.69,22,0.00,0.23,0.00,0.00,0.00,2.54,0.31,0.92,0.00,0.24,0.15,0.31,0.00,0.08,0.02,0.00,2.31,0.00,0.00,0,0,,3,0.23,14,1,0.08,26,2,0.16,14,3,0,13,61,0.00,99,0,33,2.66,99,2,28,0.16,22,0,0.00,99,0,0.00,0,0,0.00,0,0.08,11,4,0.32,21,4,0.32,100.00,0,0.00,0,0,0,0.00,0,12,0.00,52,0.97,46,N/A,N/A,N/A,N/A,0.00,0,0.00,0,0.23,0.00,0,83.37,33.33,62,41,0.69,0.73,9,36,99,0,0,0,0.85,0.89,11,97,90.51,6.15,6.46,80,0,0.00,0.00,99,0.00,0,0,0,0.00,0.00,0,0.00,0.00,0.08,0.08,1,0,0.00,56,68,49,56,52,0.77,26,0.06,0.06,0.23,20,0.02,0.02,30,8,0.62,0.65,1.37,1.31,65,17,0.02,20,81,93,81,0,54,79,0,0.00,99,30,0.00,2.42,8.80,8.38,109,63,55,37,5.09,4.85,57.80,3,0.24,77,0,0.00,0,0.00,99,0,0.00,0.00,28,71,30,74,0,0,0,0,0,41,56,74,68,0,99,65,95,21,1,8,29,6,0,0
